protein,gene,n_precursors,prop_observed,mean_log2,mean_standard_error,mean_n_observations
A0A0B4J2F0,PIGBOS1,1,0.5343511450381679,17.42484191990907,1.131822486936476,0.5343511450381679
A0A0U1RRL7,MMP24OS,1,0.7404580152671756,16.82861180297213,0.96753019408729,0.7404580152671756
A0AVT1,UBA6,20,0.21984732824427483,16.698284583421287,0.4459617652559981,4.396946564885496
A0FGR8,ESYT2,14,0.33478735005452565,16.53374289668967,0.45161873238201383,4.687022900763359
A1A4S6,ARHGAP10,1,0.35877862595419846,13.586227228856831,1.381874725665663,0.35877862595419846
A1IGU5,ARHGEF37,1,0.2595419847328244,14.9942681011373,1.4492481812931002,0.2595419847328244
A1L0T0,ILVBL,6,0.4376590330788804,17.212632178907423,0.5793317923331393,2.6259541984732824
A1L4K1,FSD2,10,0.3709923664122138,16.535071617997026,0.5247622872759531,3.7099236641221376
A2RRP1,NBAS,4,0.16603053435114504,15.517463527835766,1.0439207969484414,0.6641221374045801
A2RTX5,TARS3,9,0.4351145038167939,17.113266646963194,0.5025978543233965,3.9160305343511452
A3KMH1,VWA8,6,0.22010178117048348,15.463434785334325,0.8292834488780094,1.3206106870229009
A4UGR9,XIRP2,45,0.10059372349448685,14.200732989965307,0.4999629042705301,4.526717557251908
A5D6W6,FITM1,5,0.5435114503816794,18.826472925062042,0.620029639910829,2.717557251908397
A5D8V6,VPS37C,2,0.4389312977099237,16.13763977604873,0.9555540646265221,0.8778625954198473
A5YM72,CARNS1,25,0.4570992366412214,17.758088757914493,0.31105366894773606,11.427480916030534
A6NDG6,PGP,24,0.491412213740458,19.24866800779253,0.3439659785407005,11.793893129770993
A6NGB9,WIPF3,3,0.26717557251908397,13.983235792092325,1.0403884335213787,0.8015267175572519
A6NHZ5,LRRC14B,2,0.4312977099236641,16.397688472454,0.8749996950855606,0.8625954198473282
A6NNS2,DHRS7C,22,0.553088133240805,19.406170660690044,0.3138866325721503,12.16793893129771
A8MU46,SMTNL1,40,0.46087786259541985,18.632314642246083,0.27327985277393874,18.435114503816795
A8MXV4,NUDT19,7,0.4591057797164667,17.32886358645257,0.5875373866461203,3.213740458015267
A8MZF0,PRR33,11,0.3566967383761277,16.635665302687283,0.45120995831002353,3.9236641221374047
B0YJ81,HACD1,5,0.47022900763358777,17.488976361791675,0.6530226016401143,2.351145038167939
B4DJY2,TMEM233,2,0.25572519083969464,15.42573557615822,1.2296730794160373,0.5114503816793893
C9JRZ8,AKR1B15,1,0.2595419847328244,15.401648555565215,1.4353304386648866,0.2595419847328244
D6RIA3,C4orf54,7,0.18974918211559433,14.53875237511651,0.7749368503025134,1.3282442748091603
E7EW31,PROB1,14,0.5458015267175572,17.629017892501615,0.3858631087738587,7.641221374045801
E9PAV3,NACA,103,0.6163936856147633,19.472397747685875,0.13445631299223681,63.48854961832061
E9PB15,PTGES3L,2,0.37786259541984735,17.038371319455695,1.102894615821809,0.7557251908396947
L0R6Q1,SLC35A4,3,0.51653944020356235,18.3748134639135,0.9155784424318945,1.549618320610687
O00116,AGPS,3,0.22137404580152673,15.526163435413771,1.0800021226383387,0.6641221374045801
O00151,PDLIM1,25,0.4537404580152672,18.12471251842257,0.3132858641184676,11.34351145038168
O00159,MYO1C,34,0.4072743601257297,17.52699046747975,0.2566565865556168,13.84732824427481
O00161,SNAP23,3,0.3053435114503817,15.558843533295535,1.029424727092471,0.916030534351145
O00165,HAX1,3,0.3536895674300255,15.875582449658923,0.9395985856923071,1.0610687022900764
O00168,FXYD1,1,0.9770992366412213,22.018309179580505,0.7663411733968948,0.9770992366412213
O00170,AIP,3,0.3384223918575064,15.938183833329942,0.9919361836868343,1.015267175572519
O00178,GTPBP1,2,0.4122137404580153,15.585910039524652,0.9488960188274136,0.8244274809160306
O00186,STXBP3,14,0.40567066521264994,17.1559026128139,0.423629161807035,5.679389312977099
O00193,SMAP,5,0.5725190839694656,16.217945535747614,0.5753389964198364,2.8625954198473282
O00217,NDUFS8,13,0.46271285965942455,18.24977941251581,0.43041811761948934,6.015267175572519
O00231,PSMD11,36,0.5648854961832062,18.595706314580347,0.25459236942602,20.33587786259542
O00232,PSMD12,26,0.41603053435114506,17.583339055558167,0.3194678451521528,10.816793893129772
O00233,PSMD9,9,0.5716709075487701,17.532324774578317,0.4587510580019954,5.145038167938932
O00244,ATOX1,7,0.4634678298800436,17.845957233845787,0.6223304851727797,3.2442748091603053
O00264,PGRMC1,3,0.3231552162849873,16.403138603579286,0.9602285901698713,0.9694656488549618
O00273,DFFA,3,0.1679389312977099,14.551897639363558,1.1837270057827884,0.5038167938931297
O00299,CLIC1,8,0.4360687022900763,17.96470391333768,0.5208299237815848,3.4885496183206106
O00303,EIF3F,14,0.46946564885496184,18.024751173043992,0.4197902676145963,6.572519083969466
O00330,PDHX,32,0.7313931297709924,20.207121366285396,0.230202828717197,23.404580152671755
O00399,DCTN6,3,0.3155216284987277,16.401129094513323,1.0340500507111539,0.9465648854961832
O00401,WASL,2,0.3893129770992366,14.94943830663524,1.0689177728395316,0.7786259541984732
O00410,IPO5,47,0.5133993828163067,18.12303235988073,0.21974579912116976,24.129770992366414
O00418,EEF2K,8,0.2919847328244275,16.541343059121584,0.6102996323223974,2.33587786259542
O00423,EML1,23,0.4221705940922668,17.714248354734433,0.3220606586726625,9.709923664122137
O00429,DNM1L,41,0.49283187488363434,18.01951829429275,0.23070751225088543,20.206106870229007
O00442,RTCA,18,0.4923664122137405,18.967170217221835,0.38507237951226186,8.86259541984733
O00479,HMGN4,1,0.5419847328244275,18.444707390221872,1.1119442006774403,0.5419847328244275
O00483,NDUFA4,7,0.6619411123227917,21.878031761047964,0.6254483601877291,4.633587786259542
O00487,PSMD14,10,0.43664122137404576,19.039927365621686,0.4638920894744538,4.366412213740458
O00499,BIN1,47,0.6728926425207081,21.78692185782749,0.22066100482640946,31.625954198473284
O00505,KPNA3,14,0.5774263904034896,18.715754657046926,0.369987238820433,8.083969465648854
O00560,SDCBP,5,0.3648854961832061,17.015976768765768,0.6913424135283432,1.8244274809160306
O00571,DDX3X,5,0.6656488549618321,18.168403108495113,0.5639720124288776,3.3282442748091605
O00629,KPNA4,13,0.5437463300058719,18.52466800985915,0.3854213005550211,7.068702290076335
O00743,PPP6C,5,0.19083969465648856,15.252636808483187,0.9181660117900097,0.9541984732824428
O00748,CES2,13,0.3417498532002349,16.587009397415976,0.40863757804872547,4.442748091603053
O00757,FBP2,29,0.7186101605685707,22.474242131688808,0.27320256517405217,20.83969465648855
O00763,ACACB,16,0.23282442748091603,16.046188699369903,0.4957048516993133,3.7251908396946565
O00764,PDXK,12,0.4592875318066158,17.95530685712485,0.43710146048334464,5.511450381679389
O14521,SDHD,5,0.383206106870229,19.56762318331543,0.784884338320995,1.916030534351145
O14548,COX7A2L,4,0.2595419847328244,16.04561962661351,0.9577354601572281,1.0381679389312977
O14558,HSPB6,17,0.8230803771890436,23.723134832898495,0.3169550730904775,13.992366412213741
O14561,NDUFAB1,10,0.6442748091603053,21.106749816735935,0.5943745570402545,6.442748091603053
O14562,UBFD1,8,0.2824427480916031,16.981502101755975,0.6888600145572273,2.2595419847328246
O14579,COPE,5,0.33282442748091606,16.53148802025471,0.7550454887984108,1.6641221374045803
O14602,EIF1AY,2,0.22137404580152673,15.747263005180622,1.3053122024068713,0.44274809160305345
O14618,CCS,5,0.2595419847328244,16.805158245185815,0.8201891465051921,1.297709923664122
O14653,GOSR2,5,0.3282442748091603,16.110564135025562,0.7993115622118113,1.6412213740458015
O14657,TOR1B,3,0.23918575063613232,15.972251551483325,1.0527401705907795,0.7175572519083969
O14732,IMPA2,15,0.41017811704834606,18.49850314552523,0.4127072010143781,6.152671755725191
O14735,CDIPT,3,0.3536895674300255,15.89246980252344,0.987918631264778,1.0610687022900764
O14737,PDCD5,11,0.7814018043025677,20.67259925683004,0.39536532074783776,8.595419847328245
O14744,PRMT5,18,0.3689567430025445,17.624310518524798,0.3989357325100673,6.641221374045801
O14773,TPP1,4,0.2900763358778626,17.060256275728165,0.9180577223649254,1.1603053435114503
O14786,NRP1,3,0.3002544529262086,15.7603647631977,0.9843730078919268,0.9007633587786259
O14787,TNPO2,3,0.2569974554707379,15.86977359944591,1.0314651601655578,0.7709923664122137
O14818,PSMA7,12,0.5127226463104325,19.744225787499897,0.4432870712464263,6.152671755725191
O14828,SCAMP3,5,0.3450381679389313,16.66029794649496,0.6894051615337076,1.7251908396946565
O14832,PHYH,2,0.2786259541984733,16.358205487615702,1.205366384364016,0.5572519083969466
O14841,OPLAH,40,0.47309160305343506,17.40063195938958,0.23238095781991747,18.923664122137403
O14874,BCKDK,3,0.6234096692111959,17.066098190239646,0.7062353737373553,1.8702290076335877
O14880,MGST3,8,0.4360687022900763,18.327827643871426,0.5934328121018112,3.4885496183206106
O14907,TAX1BP3,1,0.4732824427480916,16.02672568553143,1.2167645700038339,0.4732824427480916
O14908,GIPC1,1,0.3969465648854962,15.697485367875146,1.2961277529876105,0.3969465648854962
O14949,UQCRQ,10,0.8320610687022901,22.694094115885356,0.36898221128417913,8.320610687022901
O14957,UQCR11,2,0.6183206106870229,19.276863543558573,0.7501329204524481,1.2366412213740459
O14958,CASQ2,28,0.6112322791712105,20.942509723626998,0.27838943741945993,17.114503816793892
O14964,HGS,4,0.26717557251908397,15.942859723981416,0.688902479457002,1.0687022900763359
O14979,HNRNPDL,5,0.4320610687022901,16.95422288506873,0.49171776682636037,2.1603053435114505
O14980,XPO1,28,0.4179389312977099,17.79097398981016,0.3070341236660992,11.702290076335878
O14983,ATP2A1,69,0.8018586126783936,24.178848123326826,0.1812717580342931,55.32824427480916
O15027,SEC16A,3,0.2188295165394402,14.442372124381743,1.1372544469942247,0.6564885496183206
O15061,SYNM,68,0.32184553210597217,17.420078309834125,0.20494479934442494,21.885496183206108
O15067,PFAS,4,0.10687022900763359,15.487067820373305,1.1557586707020404,0.42748091603053434
O15120,AGPAT2,1,0.2595419847328244,16.899048549588557,1.3776810176523666,0.2595419847328244
O15126,SCAMP1,1,0.5267175572519084,16.75441961511859,1.1512444882902009,0.5267175572519084
O15143,ARPC1B,6,0.33715012722646315,16.447407510020604,0.6296486426067094,2.0229007633587788
O15144,ARPC2,12,0.3199745547073791,16.398932928594835,0.5155794593887073,3.8396946564885495
O15145,ARPC3,11,0.24149895905621097,16.1376012451492,0.5444026964603144,2.6564885496183206
O15173,PGRMC2,11,0.5128383067314365,18.93071478514493,0.4197505785772778,5.641221374045801
O15211,RGL2,1,0.5954198473282443,15.232822903477766,1.1229248067268351,0.5954198473282443
O15212,PFDN6,8,0.5372137404580153,18.551826359943167,0.4562455411690632,4.297709923664122
O15228,GNPAT,1,0.7557251908396947,15.885467263746039,0.9661261112849004,0.7557251908396947
O15239,NDUFA1,2,0.22900763358778625,16.352076467248775,1.2733253889749154,0.4580152671755725
O15247,CLIC2,3,0.3206106870229008,15.393898858193896,0.9737159226855601,0.9618320610687023
O15260,SURF4,4,0.2862595419847328,17.124165354828946,0.9430203087073465,1.1450381679389312
O15273,TCAP,14,0.5883315158124318,19.265158259718834,0.364489150124171,8.236641221374045
O15294,OGT,4,0.21755725190839695,15.206166132624638,1.0008654180832988,0.8702290076335878
O15305,PMM2,5,0.4656488549618321,17.237222944198564,0.566679880419,2.3282442748091605
O15327,INPP4B,1,0.3511450381679389,14.521494393005243,1.371815640427163,0.3511450381679389
O15347,HMGB3,1,0.3969465648854962,19.89834121293374,1.2199667309837847,0.3969465648854962
O15355,PPM1G,2,0.20229007633587787,14.508376768673742,1.289973218088206,0.40458015267175573
O15357,INPPL1,10,0.2282442748091603,15.955216495966186,0.6033937388149164,2.282442748091603
O15371,EIF3D,15,0.35826972010178115,16.67274014344616,0.4379189341195451,5.374045801526718
O15372,EIF3H,6,0.44656488549618323,17.18257733955924,0.5583958986178147,2.6793893129770994
O15382,BCAT2,14,0.5370774263904036,18.922890857451712,0.4141273091279692,7.519083969465649
O15400,STX7,4,0.5152671755725191,17.77341338844276,0.6726425063237564,2.0610687022900764
O15427,SLC16A3,7,0.4798255179934569,17.691024421143513,0.5017224360994296,3.3587786259541983
O15498,YKT6,8,0.3368320610687023,17.57904512775758,0.5887115925253752,2.6946564885496183
O15511,ARPC5,4,0.21183206106870228,15.381988755422459,0.9983627049617974,0.8473282442748091
O15533,TAPBP,5,0.2641221374045802,15.597742377155832,0.7891221260703971,1.3206106870229009
O43143,DHX15,6,0.3486005089058524,16.39147497595997,0.7047996527592493,2.0916030534351147
O43169,CYB5B,5,0.6015267175572518,20.07440353062435,0.5267705852467358,3.0076335877862594
O43175,PHGDH,9,0.11365564037319761,14.538938442521095,0.7698014436889811,1.0229007633587786
O43181,NDUFS4,9,0.6140797285835453,19.875004228312704,0.4587145807501024,5.526717557251908
O43237,DYNC1LI2,5,0.21221374045801528,15.746166630316656,0.9362511429323154,1.0610687022900764
O43242,PSMD3,33,0.5033541522091141,17.621949156747288,0.25199285466921323,16.610687022900763
O43264,ZW10,7,0.21592148309705564,15.214611227270108,0.7136229841939505,1.5114503816793894
O43301,HSPA12A,7,0.15485278080697928,14.942611617667218,0.8241250562810867,1.083969465648855
O43324,EEF1E1,3,0.2544529262086514,15.829579459672775,1.092465947008005,0.7633587786259542
O43374,RASA4,1,0.6793893129770993,17.746350294784474,1.0082277522600678,0.6793893129770993
O43390,HNRNPR,3,0.23409669211195927,15.940768984345857,1.0743304416044708,0.7022900763358778
O43396,TXNL1,22,0.536086051353227,18.547655356100147,0.3031720364161415,11.793893129770993
O43399,TPD52L2,11,0.5176960444136017,17.75096090497415,0.43579697891040103,5.694656488549619
O43402,EMC8,2,0.2595419847328244,14.438645069291816,1.200771181554681,0.5190839694656488
O43414,ERI3,6,0.44274809160305345,17.233150077820486,0.6051423892382465,2.6564885496183206
O43447,PPIH,2,0.3549618320610687,17.511920374918255,1.1366314007968037,0.7099236641221374
O43464,HTRA2,5,0.2946564885496183,16.717533530879262,0.7835354658773804,1.4732824427480915
O43488,AKR7A2,14,0.60796074154852775,19.843388301129153,0.39674942006519565,8.5114503816793885
O43491,EPB41L2,20,0.30419847328244276,16.19345303541252,0.348097921817124,6.083969465648855
O43493,TGOLN2,1,0.4122137404580153,13.847769234959646,1.3239310343489274,0.4122137404580153
O43504,LAMTOR5,4,0.24618320610687022,16.83687287412074,1.004320324152177,0.9847328244274809
O43583,DENR,9,0.621713316369805,18.108298869840052,0.4720724602114378,5.595419847328245
O43598,DNPH1,5,0.517557251908397,19.612955101724744,0.6878451861573021,2.5877862595419847
O43615,TIMM44,24,0.3374681933842239,17.316794410507097,0.3477673861524064,8.099236641221374
O43617,TRAPPC3,2,0.6030534351145038,18.239086570003913,0.8351491721184744,1.2061068702290076
O43633,CHMP2A,6,0.4389312977099236,16.911977144719344,0.6610216120680392,2.633587786259542
O43639,NCK2,3,0.3384223918575064,16.363462153789815,0.9868954481766793,1.015267175572519
O43670,ZNF207,1,0.40458015267175573,15.047897744844317,1.3070611430281722,0.40458015267175573
O43674,NDUFB5,6,0.594147582697201,20.143705295339103,0.6696006853859188,3.564885496183206
O43676,NDUFB3,5,0.6503816793893129,20.564665716821484,0.6237160457580175,3.2519083969465647
O43677,NDUFC1,1,0.8320610687022901,19.553322795418467,0.8785699606341602,0.8320610687022901
O43678,NDUFA2,7,0.39912758996728465,18.419368451796252,0.55242859346299,2.7938931297709924
O43681,ASNA1,12,0.3505089058524173,17.959515913422877,0.4536540687726986,4.206106870229007
O43684,BUB3,3,0.3715012722646311,16.131429056579172,0.8943141928439673,1.1145038167938932
O43707,ACTN4,37,0.23787910047452032,16.510850223949756,0.31376113534142197,8.801526717557252
O43708,GSTZ1,11,0.41290770298403884,18.67672692780887,0.504115735359935,4.541984732824427
O43715,TRIAP1,2,0.21374045801526717,16.319220774654987,1.230841155815065,0.42748091603053434
O43716,GATC,2,0.2366412213740458,14.633868254460012,1.224721440133693,0.4732824427480916
O43719,HTATSF1,5,0.14961832061068703,14.479775509426494,1.0727950970445088,0.7480916030534351
O43741,PRKAB2,20,0.467175572519084,17.807200642419353,0.35918491958348825,9.34351145038168
O43747,AP1G1,7,0.3675027262813523,16.493583557867513,0.5882338352395567,2.572519083969466
O43759,SYNGR1,2,0.20229007633587787,15.800672541581699,1.267812378104308,0.40458015267175573
O43760,SYNGR2,2,0.8358778625954199,21.0138191591647,0.7958690311799606,1.6717557251908397
O43765,SGTA,10,0.6221374045801527,18.43409147794204,0.3520000976902682,6.221374045801527
O43768,ENSA,6,0.5508905852417303,18.51793370414494,0.6608230566318625,3.3053435114503817
O43772,SLC25A20,13,0.47915443335290664,18.32011559122895,0.4384457505416831,6.229007633587786
O43776,NARS1,19,0.4604258738449176,18.16265013273407,0.36061522186739164,8.748091603053435
O43813,LANCL1,26,0.502348796241926,18.911377964660968,0.30543554614353324,13.061068702290076
O43819,SCO2,4,0.18702290076335878,15.244804173441675,1.0133226505490185,0.7480916030534351
O43826,SLC37A4,8,0.4551526717557252,17.488581655585563,0.5622235617790503,3.6412213740458017
O43837,IDH3B,31,0.5035705491258311,19.69548697372305,0.28470721878420885,15.610687022900763
O43847,NRDC,6,0.3002544529262086,16.439490443190174,0.7164881557970262,1.8015267175572518
O43852,CALU,22,0.6106870229007634,19.165379890478725,0.29325828201717147,13.435114503816793
O43865,AHCYL1,5,0.3709923664122138,16.60491980993761,0.6827228440069733,1.8549618320610688
O43866,CD5L,10,0.19083969465648856,15.949329985579869,0.7214074454344497,1.9083969465648856
O43920,NDUFS5,10,0.9076335877862596,21.949702276228475,0.2910981399338111,9.076335877862595
O60220,TIMM8A,2,0.7404580152671756,20.55824558473523,0.9128101523459007,1.4809160305343512
O60237,PPP1R12B,15,0.19338422391857507,15.755494307363355,0.5483331983508775,2.900763358778626
O60240,PLIN1,43,0.10438487484466537,14.617101177796478,0.593698013385633,4.488549618320611
O60256,PRPSAP2,12,0.2919847328244275,16.694333640590123,0.5095571519165656,3.50381679389313
O60260,PRKN,10,0.2984732824427481,16.004478814620068,0.5291310074034902,2.984732824427481
O60262,GNG7,1,0.48091603053435117,16.4998003339551,1.1969538029451463,0.48091603053435117
O60271,SPAG9,7,0.40567066521264994,15.568466765117181,0.5702667830784415,2.8396946564885495
O60313,OPA1,40,0.4364503816793893,17.695006325619666,0.2510362729996336,17.458015267175572
O60333,KIF1B,3,0.2900763358778626,16.227811252457357,1.0174220057083607,0.8702290076335878
O60343,TBC1D4,23,0.30003318951211416,15.964764771472009,0.3462781920077848,6.900763358778626
O60488,ACSL4,3,0.26208651399491095,15.421182670041782,1.0829800497659294,0.7862595419847328
O60493,SNX3,8,0.5448473282442748,19.36051147657229,0.49539425377462315,4.358778625954199
O60506,SYNCRIP,14,0.4574700109051254,17.715691302444093,0.41668394774366985,6.404580152671755
O60551,NMT2,1,0.3435114503816794,14.465979989857116,1.3806563550730053,0.3435114503816794
O60610,DIAPH1,4,0.1450381679389313,15.312794732216426,1.128736818283262,0.5801526717557252
O60613,SELENOF,1,0.6335877862595419,15.1859317865537,1.0880624168198192,0.6335877862595419
O60662,KLHL41,57,0.6518012588723718,21.38379519515897,0.19613271975740496,37.152671755725194
O60664,PLIN3,33,0.636826278047652,20.170139502875195,0.2426821744388684,21.015267175572518
O60684,KPNA6,2,0.6335877862595419,17.374050410148747,0.9053548393626796,1.2671755725190839
O60701,UGDH,8,0.22423664122137404,15.484150525522525,0.7147208550362786,1.7938931297709924
O60706,ABCC9,4,0.16984732824427481,15.229280813828058,1.0139971753511663,0.6793893129770993
O60716,CTNND1,5,0.22900763358778625,15.590504290877707,0.8966352932802402,1.1450381679389312
O60749,SNX2,18,0.37319762510602206,16.970253326720275,0.3906526178582786,6.717557251908397
O60763,USO1,36,0.4168787107718405,17.68297673859772,0.26290002557987024,15.007633587786259
O60783,MRPS14,3,0.11450381679389314,14.709160227914017,1.2670574121787017,0.3435114503816794
O60784,TOM1,23,0.5101228011948225,18.150051349460355,0.32330282353314926,11.732824427480915
O60826,CCDC22,3,0.42493638676844786,15.597830461254716,0.7753242780017388,1.2748091603053435
O60841,EIF5B,9,0.28922815945716707,15.422368242212267,0.5300409303620222,2.6030534351145036
O60869,EDF1,10,0.4595419847328245,17.48324055051676,0.4964579070563445,4.595419847328245
O60884,DNAJA2,19,0.635998392928887,19.573868915286067,0.31772280504145384,12.083969465648854
O60888,CUTA,7,0.4569247546346783,18.699295433418985,0.5883646295090731,3.198473282442748
O60925,PFDN1,6,0.4961832061068702,17.570598555309537,0.5156561702958818,2.9770992366412212
O60936,NOL3,11,0.5551700208188758,19.815137218687706,0.4539105966560745,6.106870229007634
O75027,ABCB7,5,0.12061068702290076,15.554315064116686,1.0499253353357807,0.6030534351145038
O75083,WDR1,38,0.7505022097227801,21.28608884460897,0.213285081512108,28.519083969465647
O75112,LDB3,57,0.719967858577742,22.922237013102663,0.2214964592662443,41.038167938931295
O75116,ROCK2,5,0.44122137404580153,15.759192661213492,0.637545015100186,2.2061068702290076
O75122,CLASP2,13,0.4098649442160892,16.140188730288028,0.3883928134106491,5.32824427480916
O75128,COBL,16,0.36211832061068705,16.660729277477863,0.4217540915465635,5.793893129770993
O75131,CPNE3,17,0.44858554108666365,17.505748223284336,0.35961617991142564,7.625954198473282
O75153,CLUH,12,0.49300254452926207,16.69755715661647,0.4109185346111924,5.916030534351145
O75155,CAND2,57,0.5192178920583903,19.04776017788203,0.19662051167070824,29.595419847328245
O75170,PPP6R2,1,0.5190839694656488,16.92909679460437,1.1540363929956718,0.5190839694656488
O75190,DNAJB6,4,0.2729007633587786,15.769648355754667,0.621812618092504,1.0916030534351144
O75208,COQ9,27,0.611817924795024,20.447567007323208,0.3113219766199334,16.519083969465647
O75223,GGCT,13,0.59659424544920725,19.413363242073594,0.34572582675761176,7.755725190839694
O75251,NDUFS7,12,0.6094147582697201,19.70110576792822,0.43097227057680737,7.312977099236641
O75298,RTN2,13,0.7903699354081033,22.582353876280838,0.33823350975777944,10.274809160305344
O75306,NDUFS2,36,0.5137828668363019,19.727359933242422,0.274785482258097,18.49618320610687
O75323,NIPSNAP2,18,0.6853265479219677,22.239289992655966,0.3362540403852785,12.335877862595419
O75340,PDCD6,5,0.3694656488549618,17.340655003477163,0.7842304550776685,1.8473282442748091
O75347,TBCA,12,0.583969465648855,19.32285332018205,0.42281820481899896,7.00763358778626
O75348,ATP6V1G1,2,0.5458015267175572,18.46817791554026,0.7878922359831011,1.0916030534351144
O75351,VPS4B,2,0.33969465648854963,15.969692628956233,1.1315733860858872,0.6793893129770993
O75352,MPDU1,1,0.7557251908396947,16.75582030192391,0.9553623400244798,0.7557251908396947
O75365,PTP4A3,1,0.6106870229007634,16.25717717342149,1.0888304220455554,0.6106870229007634
O75367,MACROH2A1,4,0.2385496183206107,17.286853019537517,0.9815337734862126,0.9541984732824428
O75368,SH3BGRL,5,0.6229007633587786,17.787681671485146,0.5450917476995847,3.114503816793893
O75369,FLNB,33,0.2701827434651862,15.864128908517811,0.3052953694955503,8.916030534351146
O75380,NDUFS6,8,0.8816793893129771,22.020994844672188,0.3698670511872857,7.0534351145038165
O75390,CS,34,0.6964526268522677,22.469101086720816,0.28181803715630704,23.6793893129771
O75391,SPAG7,4,0.40458015267175573,17.166589694003342,0.8304104445964315,1.618320610687023
O75394,MRPL33,2,0.5076335877862596,16.479872051394555,0.9327188635607628,1.015267175572519
O75396,SEC22B,8,0.3893129770992366,18.291462511876894,0.5942370041001547,3.114503816793893
O75431,MTX2,9,0.49703138252756573,18.4356135875367,0.5427141489370108,4.473282442748092
O75436,VPS26A,11,0.2678695350451075,16.709816885596407,0.5314023085340956,2.946564885496183
O75438,NDUFB1,2,0.5458015267175572,19.203718988268765,0.6596971198552117,1.0916030534351144
O75439,PMPCB,8,0.5114503816793893,17.45126911302613,0.5120000206485548,4.091603053435114
O75477,ERLIN1,2,0.12595419847328243,15.214960388565364,1.3967053657624593,0.25190839694656486
O75487,GPC4,3,0.3689567430025445,15.256847505588718,0.9356457955007791,1.1068702290076335
O75489,NDUFS3,22,0.6495489243580846,19.481871709972946,0.2866849042569391,14.290076335877863
O75521,ECI2,25,0.5822900763358778,19.531052297968547,0.2925562603617452,14.557251908396946
O75531,BANF1,11,0.5482303955586398,19.584177215678046,0.4658184550375547,6.030534351145038
O75533,SF3B1,4,0.18129770992366412,14.173360232980945,1.0627804939191765,0.7251908396946565
O75534,CSDE1,25,0.5291603053435114,17.528081350225836,0.28813799373815496,13.229007633587786
O75569,PRKRA,5,0.5419847328244275,17.196032088237217,0.6058556275227058,2.7099236641221376
O75608,LYPLA1,9,0.640373197625106,19.74257131947144,0.45427013016112344,5.763358778625954
O75663,TIPRL,13,0.4803288314738697,17.679831123344773,0.44073473238834265,6.244274809160306
O75688,PPM1B,15,0.3928753180661577,16.432742779436616,0.39071705099755294,5.893129770992366
O75694,NUP155,7,0.14285714285714285,14.458155316137159,0.9601444618871693,1
O75746,SLC25A12,45,0.680576759966073,21.04948048154237,0.18738367883398058,30.625954198473284
O75764,TCEA3,6,0.31679389312977096,16.173724027696558,0.652069728635992,1.900763358778626
O75821,EIF3G,7,0.5136314067611777,16.77908241234792,0.5342059837782983,3.595419847328244
O75822,EIF3J,14,0.5992366412213741,19.08413622463045,0.3568174643703126,8.389312977099237
O75828,CBR3,3,0.32569974554707376,16.405125977227584,0.944608633772026,0.9770992366412213
O75832,PSMD10,14,0.5528898582333697,18.205013795237402,0.3896552678012956,7.740458015267175
O75844,ZMPSTE24,2,0.2366412213740458,15.550305935827115,1.2378227425827022,0.4732824427480916
O75874,IDH1,35,0.48222464558342426,18.84786599035017,0.2586938371559066,16.87786259541985
O75880,SCO1,3,0.6234096692111959,17.74614015712038,0.5992634753906615,1.8702290076335877
O75882,ATRN,6,0.1094147582697201,14.19197567345124,0.9825447676168797,0.6564885496183206
O75884,RBBP9,4,0.183206106870229,15.243608790821389,0.9915130029244087,0.732824427480916
O75891,ALDH1L1,62,0.5554050726422063,18.667848559705703,0.1785013998969611,34.43511450381679
O75915,ARL6IP5,14,0.4749182115594329,19.662698006177006,0.47909972673221074,6.648854961832061
O75923,DYSF,138,0.5380019913707268,19.078477457040794,0.12946898680082344,74.2442748091603
O75935,DCTN3,6,0.4491094147582697,16.961484454205117,0.6668721196607087,2.6946564885496183
O75947,ATP5PD,17,0.8536147283340817,23.49179234220871,0.31327344723040274,14.511450381679388
O75955,FLOT1,18,0.34987277353689566,16.8867040788597,0.37125592238679384,6.297709923664122
O75964,ATP5MG,11,0.7328244274809159,22.804176130011605,0.2683820813434163,8.061068702290076
O76003,GLRX3,16,0.4145992366412214,17.50186854676567,0.4045311972734034,6.633587786259542
O76031,CLPX,3,0.27735368956743006,16.265815260362686,1.0402940795219284,0.8320610687022901
O76070,SNCG,6,0.26208651399491095,15.836510929789503,0.621932202657552,1.5725190839694656
O76071,CIAO1,6,0.5267175572519084,16.458336515817766,0.5513670348818968,3.1603053435114505
O76094,SRP72,6,0.2786259541984733,16.200852628354713,0.7629921071021173,1.6717557251908397
O94760,DDAH1,36,0.5301102629346904,19.266934225566228,0.24232047771174478,19.083969465648856
O94788,ALDH1A2,4,0.3053435114503817,17.015317898952443,0.8851831462398229,1.2213740458015268
O94811,TPPP,3,0.5725190839694657,17.531730318508764,0.817524078795663,1.717557251908397
O94826,TOMM70,22,0.3178348369188064,16.92633633243153,0.3572031293115676,6.99236641221374
O94829,IPO13,2,0.15267175572519084,15.15545959360973,1.358467756546332,0.3053435114503817
O94874,UFL1,14,0.3446019629225736,16.327615708848715,0.4187795535246468,4.824427480916031
O94901,SUN1,7,0.13631406761177753,14.883164607325563,0.9441322192754437,0.9541984732824428
O94903,PLPBP,13,0.5419847328244275,18.950265240579586,0.39743796009057725,7.0458015267175576
O94905,ERLIN2,18,0.5046649703138253,18.464269060962074,0.3683838350687227,9.083969465648854
O94911,ABCA8,5,0.16641221374045803,15.330254440263245,1.0024989060955798,0.8320610687022901
O94919,ENDOD1,17,0.5127974854063764,18.44966536565302,0.34939208167360664,8.717557251908397
O94925,GLS,2,0.18702290076335878,15.808890806450279,1.2930106859888133,0.37404580152671757
O94966,USP19,5,0.383206106870229,16.080548333656786,0.6946505070522925,1.916030534351145
O94973,AP2A2,3,0.3384223918575064,16.20044456965916,0.9746977980012751,1.015267175572519
O94979,SEC31A,19,0.32663720369626353,16.344808957717262,0.3890161152296432,6.206106870229007
O95070,YIF1A,2,0.2480916030534351,14.914363266806134,1.2107057819652807,0.4961832061068702
O95139,NDUFB6,13,0.46095126247798,18.76495524660554,0.4877893377273483,5.99236641221374
O95140,MFN2,23,0.309658148025224,16.64026932864783,0.36151511951465376,7.122137404580153
O95155,UBE4B,5,0.2809160305343511,15.465148828946287,0.7499130451941064,1.4045801526717556
O95167,NDUFA3,5,0.4458015267175573,17.253221715024132,0.6275181350207205,2.2290076335877864
O95168,NDUFB4,8,0.42366412213740456,18.752333160460882,0.5066267646407533,3.3893129770992365
O95169,NDUFB8,9,0.4809160305343511,18.974265433069398,0.5339424638847372,4.32824427480916
O95182,NDUFA7,12,0.7461832061068702,20.624178710600315,0.3461635528856741,8.954198473282442
O95183,VAMP5,5,0.33129770992366414,16.871106629951232,0.8033550192223892,1.6564885496183206
O95197,RTN3,6,0.4338422391857506,17.469486876896628,0.66148704989582,2.6030534351145036
O95202,LETM1,19,0.40699075934110085,17.177509775302862,0.36180601410512864,7.732824427480916
O95208,EPN2,2,0.18702290076335878,14.222840404257802,1.305223178663839,0.37404580152671757
O95210,STBD1,29,0.4861805738352198,18.597491278776815,0.27960119266187466,14.099236641221374
O95260,ATE1,6,0.21501272264631044,15.351888569146013,0.7701394465625067,1.2900763358778626
O95273,CCNDBP1,1,0.32061068702290074,15.51439076357107,1.373243679245082,0.32061068702290074
O95278,EPM2A,13,0.39518496770405165,17.818717769120408,0.5022668520335944,5.137404580152672
O95292,VAPB,17,0.5419847328244275,18.77163359668346,0.3619331884537839,9.213740458015268
O95295,SNAPIN,2,0.3931297709923664,16.506897358102268,1.097653441050668,0.7862595419847328
O95298,NDUFC2,4,0.6526717557251909,20.00544602129952,0.6655233154732942,2.6106870229007635
O95299,NDUFA10,24,0.6593511450381679,20.692509593088886,0.2768414803425321,15.82442748091603
O95336,PGLS,13,0.34879624192601294,17.166437253467148,0.48795386221887826,4.534351145038168
O95352,ATG7,8,0.22614503816793893,15.610733102779378,0.6818599463589514,1.8091603053435115
O95359,TACC2,60,0.37837150127226465,16.034570995139376,0.1915666488843788,22.702290076335878
O95372,LYPLA2,8,0.42938931297709926,18.37851393113156,0.5867145672525258,3.435114503816794
O95373,IPO7,15,0.5236641221374045,18.045830136474624,0.3743790065178134,7.854961832061068
O95376,ARIH2,7,0.52453653217012,16.637098611819606,0.5002018295543976,3.6717557251908395
O95394,PGM3,9,0.28074639525021206,16.17913984703314,0.6285324863384345,2.5267175572519083
O95396,MOCS3,2,0.5076335877862596,17.641816670584024,0.8151774438328321,1.015267175572519
O95425,SVIL,50,0.20870229007633587,15.637940177214302,0.2677007150738829,10.435114503816793
O95433,AHSA1,10,0.32519083969465645,16.965344880731912,0.5425056572799367,3.2519083969465647
O95479,H6PD,21,0.3584151217739004,16.99993337542596,0.3688331791430177,7.526717557251908
O95487,SEC24B,1,0.44274809160305345,16.008405497118087,1.2448155616763543,0.44274809160305345
O95563,MPC2,10,0.4343511450381679,18.19560304277635,0.4890867292522055,4.343511450381679
O95571,ETHE1,15,0.3938931297709924,17.465374826333395,0.4260972654886049,5.908396946564886
O95573,ACSL3,33,0.45523941707147814,18.177770806049725,0.2595573979442659,15.022900763358779
O95628,CNOT4,1,0.7099236641221374,15.657331704149671,1.010586245173738,0.7099236641221374
O95630,STAMBP,4,0.30916030534351147,16.48429882541406,0.8783937081515995,1.2366412213740459
O95671,ASMTL,6,0.19465648854961834,15.41360308344438,0.8482918836940543,1.16793893129771
O95674,CDS2,2,0.8053435114503816,16.432964163559404,0.6898143057196146,1.6106870229007633
O95677,EYA4,1,0.3282442748091603,12.976982688127151,1.4213159682388743,0.3282442748091603
O95721,SNAP29,2,0.2900763358778626,16.05847061482559,1.1893264906565837,0.5801526717557252
O95747,OXSR1,16,0.5892175572519084,19.16878259741125,0.3206421427425215,9.427480916030534
O95749,GGPS1,4,0.37786259541984735,16.600553776708573,0.7705094357129414,1.5114503816793894
O95757,HSPA4L,2,0.21755725190839695,15.681832146999124,1.2623612401668085,0.4351145038167939
O95777,LSM8,2,0.25190839694656486,16.648508751906867,1.2152485433838027,0.5038167938931297
O95782,AP2A1,15,0.27735368956743006,16.54277044552253,0.4674554195160316,4.1603053435114505
O95793,STAU1,1,0.366412213740458,15.740192601944061,1.3229955301241079,0.366412213740458
O95810,CAVIN2,19,0.37123342707914825,16.772644437746496,0.38841642059691306,7.0534351145038165
O95816,BAG2,5,0.4870229007633588,17.470115254767023,0.6870373755529918,2.435114503816794
O95817,BAG3,44,0.4769257460097155,17.980575303115266,0.22026103279802003,20.984732824427482
O95822,MLYCD,11,0.4843858431644691,16.690970604216815,0.4262174599888921,5.32824427480916
O95825,CRYZL1,4,0.10687022900763359,14.866273951609285,1.218789976191636,0.42748091603053434
O95831,AIFM1,42,0.7490003635041803,21.078319870323185,0.20866133534616715,31.458015267175572
O95834,EML2,13,0.4603640634174985,16.992416461233965,0.41597332729375786,5.984732824427481
O95848,NUDT14,4,0.09732824427480916,14.761708116648304,1.2432680221167782,0.3893129770992366
O95861,BPNT1,13,0.4697592483852026,17.935545366301767,0.41842347801015684,6.106870229007634
O95865,DDAH2,8,0.48759541984732824,17.48814216032958,0.4460551732066211,3.900763358778626
O95870,ABHD16A,8,0.4083969465648855,16.549519654597283,0.5235765453236192,3.267175572519084
O95881,TXNDC12,6,0.40330788804071244,17.350822589754763,0.6372999275211924,2.4198473282442747
O95989,NUDT3,4,0.6679389312977099,18.98753068012961,0.6486079869039563,2.6717557251908395
O96000,NDUFB10,17,0.6537943421643467,20.705335274681644,0.3689080052740004,11.114503816793894
O96005,CLPTM1,2,0.3969465648854962,15.228101468268076,0.9698244977161558,0.7938931297709924
O96007,MOCS2,5,0.36335877862595417,17.358877816922522,0.7947136042373973,1.816793893129771
O96008,TOMM40,6,0.2964376590330789,16.7341608768171,0.732946580128516,1.7786259541984732
O96011,PEX11B,5,0.2961832061068702,15.884014294203594,0.7630983112148623,1.4809160305343512
O96033,MOCS2,3,0.4860050890585242,18.700106819219165,0.90919482683538555,1.4580152671755726
P00156,MT-CYB,2,0.4351145038167939,18.766399073207094,1.0433972078425557,0.8702290076335878
P00167,CYB5A,6,0.3104325699745547,17.779439981322128,0.8105495014426854,1.8625954198473282
P00325,ADH1B,9,0.3460559796437659,17.225675088067955,0.6342510582366215,3.114503816793893
P00326,ADH1C,3,0.26717557251908397,16.441488846570987,1.0321012254949038,0.8015267175572519
P00338,LDHA,54,0.6330223353124117,22.89348812392484,0.2334296266517783,34.18320610687023
P00352,ALDH1A1,37,0.6663915824221167,20.452657288534247,0.2203723585105649,24.65648854961832
P00367,GLUD1,5,0.5572519083969466,18.79811754688563,0.6602547217561163,2.786259541984733
P00387,CYB5R3,27,0.6214305908962398,20.787517019340083,0.28588165017352346,16.778625954198475
P00390,GSR,24,0.5346692111959287,18.950482251175508,0.25341477083138614,12.83206106870229
P00395,MT-CO1,2,0.17938931297709923,16.057837494688055,1.2874399313923501,0.35877862595419846
P00403,MT-CO2,15,0.5272264631043257,21.263605065656296,0.44508939119147084,7.908396946564886
P00414,MT-CO3,9,0.361323155216285,17.344463176905016,0.5264744736393383,3.2519083969465647
P00441,SOD1,11,0.7189451769604441,24.324375935870183,0.4711308529016754,7.908396946564886
P00491,PNP,22,0.1839000693962526,16.6343853316794,0.4618952110352366,4.0458015267175576
P00492,HPRT1,11,0.40735600277585005,17.622065924566293,0.4699767803542907,4.480916030534351
P00505,GOT2,57,0.792419981250837,23.753122158355875,0.19697979715844138,45.16793893129771
P00558,PGK1,67,0.7534465079184232,23.69560673324975,0.19923143660265957,50.48091603053435
P00568,AK1,39,0.8003523194362889,24.313671443689046,0.28409543334408754,31.213740458015266
P00813,ADA,5,0.25801526717557255,15.266239546778655,0.795785557187763,1.2900763358778626
P00846,MT-ATP6,4,0.5896946564885496,20.869002557322812,0.6349189544760321,2.3587786259541983
P00918,CA2,19,0.7223784652470872,24.545675391529457,0.36453960448475387,13.725190839694656
P00966,ASS1,8,0.2881679389312977,17.090110427346872,0.6746454565016764,2.3053435114503817
P01023,A2M,111,0.5874424042362973,20.039918493098604,0.13684678270948353,65.20610687022901
P01034,CST3,5,0.32519083969465645,17.674611833807663,0.7563746629840944,1.6259541984732824
P01112,HRAS,2,0.4198473282442748,18.599344828440504,1.0892686223370411,0.8396946564885496
P01889,HLA-B,2,0.5725190839694656,17.499086490964935,0.7981638951991052,1.1450381679389312
P01903,HLA-DRA,4,0.3187022900763359,16.917391619050534,0.9019518436904775,1.2748091603053435
P01911,HLA-DRB1,2,0.2633587786259542,16.03898321885358,1.1969486441991872,0.5267175572519084
P02144,MB,49,0.6837513631406761,24.785039652795692,0.30245012537452515,33.50381679389313
P02452,COL1A1,28,0.22191930207197383,15.815402570344668,0.38145373035183555,6.213740458015267
P02461,COL3A1,9,0.2171331636980492,16.35478114261277,0.6872108261599339,1.9541984732824427
P02462,COL4A1,4,0.42938931297709926,17.172140712561593,0.754870691538439,1.717557251908397
P02511,CRYAB,36,0.6632739609838847,22.850466263597436,0.24399586928404468,23.87786259541985
P02545,LMNA,57,0.5269854024373912,18.545666357790232,0.18879041151759784,30.0381679389313
P02585,TNNC2,33,0.7078417765440665,22.811162407615875,0.2593433363369762,23.358778625954198
P02751,FN1,37,0.2950278522797607,16.18205803960693,0.2958186834994372,10.916030534351146
P02786,TFRC,14,0.2262813522355507,16.216094333448773,0.552010689841066,3.16793893129771
P02792,FTL,10,0.43969465648854966,19.169244451509265,0.5200715094468247,4.396946564885496
P02794,FTH1,25,0.7908396946564885,22.30306003487823,0.2659026679990139,19.770992366412212
P03886,MT-ND1,3,0.47837150127226463,20.176701998596737,0.969514877231998,1.4351145038167938
P03891,MT-ND2,2,0.5267175572519084,18.98199144628828,0.9112086033628723,1.0534351145038168
P03897,MT-ND3,2,0.8396946564885496,19.638801866611985,1.0562705243747705,1.6793893129770991
P03905,MT-ND4,9,0.49194232400339266,18.413695815058894,0.5516801586652413,4.427480916030534
P03915,MT-ND5,6,0.6692111959287531,19.367476560813508,0.5063173196409121,4.015267175572519
P03928,MT-ATP8,5,0.8396946564885497,23.322981611554923,0.666367681814224,4.198473282442748
P03950,ANG,3,0.18829516539440205,15.00227367337155,1.1106692745130962,0.5648854961832062
P04040,CAT,48,0.6237277353689568,21.924520255936706,0.24064991121969928,29.938931297709924
P04049,RAF1,4,0.10305343511450382,14.817888110500489,1.2192057978939503,0.4122137404580153
P04075,ALDOA,19,0.9003615910004017,26.053682830198184,0.3263499993201712,17.106870229007633
P04080,CSTB,17,0.738212842388864,21.975816143563787,0.3475228290384687,12.549618320610687
P04083,ANXA1,35,0.46543075245365323,18.294841430840766,0.23533975310087496,16.290076335877863
P04156,PRNP,2,0.31297709923664124,16.107949849004306,1.1716279257042093,0.6259541984732825
P04179,SOD2,20,0.8812977099236642,24.14247273057235,0.25515283854860465,17.625954198473284
P04181,OAT,2,0.3435114503816794,16.176553446515307,1.0645391483776294,0.6870229007633588
P04216,THY1,6,0.3015267175572519,16.777289470368224,0.6714571775618866,1.8091603053435115
P04233,CD74,2,0.16793893129770993,13.960343045084263,1.3386891124397389,0.33587786259541985
P04350,TUBB4A,3,0.3282442748091603,16.193945064372713,0.8824716617486885,0.9847328244274809
P04406,GAPDH,82,0.7740644200335134,25.315715747805193,0.20685167511826355,63.47328244274809
P04439,HLA-A,3,0.42493638676844786,16.81484360759677,0.8795374901848116,1.2748091603053435
P04632,CAPNS1,16,0.6145038167938931,19.963960868220692,0.3796655411683745,9.83206106870229
P04792,HSPB1,32,0.8163167938931297,23.899386969196502,0.23463556033390534,26.12213740458015
P04839,CYBB,2,0.29389312977099236,14.551993243546907,1.1456565450584228,0.5877862595419847
P04843,RPN1,30,0.5982188295165395,18.479257636202227,0.2531874778924164,17.946564885496183
P04844,RPN2,15,0.5623409669211196,18.090660646431026,0.3657753522035954,8.435114503816793
P04899,GNAI2,10,0.4549618320610687,17.401281324017752,0.4341577939018837,4.549618320610687
P05023,ATP1A1,14,0.3446019629225736,16.355908113889612,0.4452737296329762,4.824427480916031
P05026,ATP1B1,17,0.5850920520880107,19.45023003147432,0.33181135981917304,9.946564885496183
P05091,ALDH2,30,0.5936386768447837,20.377367588247218,0.2519805042752623,17.80916030534351
P05106,ITGB3,7,0.08396946564885496,14.215756351408292,1.0095257846415315,0.5877862595419847
P05114,HMGN1,1,0.40458015267175573,15.292920796859331,1.3006276902504321,0.40458015267175573
P05141,SLC25A5,3,0.6106870229007634,17.775407960566127,0.8036119024224216,1.83206106870229
P05165,PCCA,24,0.3756361323155217,17.728029740990177,0.3330708485532633,9.01526717557252
P05166,PCCB,19,0.4564081960626758,17.59966785749575,0.3100471540634759,8.67175572519084
P05198,EIF2S1,21,0.6088695019992729,18.902000857969806,0.2868938592348573,12.786259541984732
P05386,RPLP1,3,0.6157760814249363,18.29816653624191,0.7342076580802002,1.8473282442748091
P05387,RPLP2,7,0.5648854961832062,19.8452780817038,0.5329923896792577,3.954198473282443
P05388,RPLP0,5,0.43816793893129774,17.23376571963281,0.7190067348159754,2.1908396946564888
P05413,FABP3,30,0.8427480916030535,26.537157411413297,0.27632775410021854,25.282442748091604
P05455,SSB,10,0.33969465648854963,16.377170302685677,0.4968245423250631,3.3969465648854964
P05556,ITGB1,27,0.4710206389595703,17.641849103510598,0.30252517978117377,12.717557251908397
P05976,MYL1,34,0.6683879658733723,22.479050062515924,0.30231783377781685,22.72519083969466
P06132,UROD,3,0.4300254452926209,17.180657666072747,0.7880492212816805,1.2900763358778626
P06213,INSR,1,0.5419847328244275,14.34462782428579,1.1884465243416151,0.5419847328244275
P06396,GSN,52,0.5813270698766883,21.641684501406164,0.247780058266832,30.229007633587788
P06454,PTMA,6,0.7061068702290076,16.674416914354378,0.46359406472773107,4.236641221374046
P06576,ATP5F1B,71,0.7498118481883668,23.257601970699245,0.19389280277277426,53.23664122137404
P06703,S100A6,13,0.4263065179095713,19.41119369923769,0.47539581811699644,5.541984732824427
P06730,EIF4E,10,0.5862595419847328,18.599615044829175,0.4163200593192832,5.862595419847328
P06732,CKM,75,0.7804580152671755,26.785024076902808,0.2342137503391326,58.534351145038165
P06733,ENO1,44,0.7831367106176267,22.327590736173583,0.22039716754011326,34.458015267175576
P06737,PYGL,8,0.1650763358778626,15.960448108248297,0.7927124264183278,1.3206106870229009
P06744,GPI,65,0.7611274221961245,23.30462127696515,0.18422045149525,49.47328244274809
P06748,NPM1,10,0.4526717557251908,17.932626533008943,0.4976370779106421,4.526717557251908
P06753,TPM3,25,0.638473282442748,22.244359429145884,0.3088178046226131,15.961832061068701
P06865,HEXA,2,0.17557251908396945,14.84823637201661,1.3234934259350064,0.3511450381679389
P07099,EPHX1,31,0.506771731100714,19.842820597234176,0.2847518830571889,15.709923664122137
P07108,DBI,16,0.6030534351145038,20.876928463696586,0.4032810525615377,9.648854961832061
P07195,LDHB,36,0.5884223918575064,21.380744446704544,0.2704999676968875,21.18320610687023
P07203,GPX1,12,0.6704834605597965,20.60944431304355,0.3862696466650384,8.045801526717558
P07205,PGK2,3,0.18829516539440205,16.705472664291154,1.168151372943529,0.5648854961832062
P07237,P4HB,49,0.5997818974918212,20.335275758229134,0.21268984264664073,29.389312977099237
P07305,H1-0,7,0.5070883315158125,19.703407323020524,0.5824131649141019,3.549618320610687
P07311,ACYP1,1,0.7099236641221374,17.782934566154317,0.983005715251415,0.7099236641221374
P07339,CTSD,22,0.5832755031228314,20.99579631988452,0.36864473642098433,12.83206106870229
P07355,ANXA2,12,0.6781170483460559,21.06481698075377,0.398120449961033,8.13740458015267
P07384,CAPN1,43,0.569146103319723,19.48798160316956,0.22083828499963745,24.47328244274809
P07437,TUBB,4,0.7729007633587787,23.532227415069613,0.6436891743553722,3.0916030534351147
P07451,CA3,44,0.8438584316446911,25.582167403580254,0.24021186081792392,37.12977099236641
P07585,DCN,17,0.4714863044454423,19.006913318366255,0.38920666928665953,8.01526717557252
P07602,PSAP,10,0.3931297709923664,19.029237089743233,0.4540313022240368,3.931297709923664
P07686,HEXB,4,0.12786259541984732,15.335863326831534,1.162277760387067,0.5114503816793893
P07711,CTSL,1,0.6870229007633588,17.478968046967257,1.0048082950485109,0.6870229007633588
P07737,PFN1,23,0.7066047129107202,21.749740650425785,0.3059116542483648,16.251908396946565
P07738,BPGM,18,0.5971162001696353,19.760498693072336,0.32626727194985167,10.748091603053435
P07741,APRT,8,0.35877862595419846,18.787910868176837,0.6041511813978602,2.8702290076335877
P07814,EPRS1,67,0.5299077133416885,17.69860009896246,0.17770459489011298,35.50381679389313
P07858,CTSB,13,0.4204345273047563,17.238476497103154,0.4635452396532145,5.465648854961832
P07900,HSP90AA1,35,0.5821155943293347,19.838490085886022,0.2589576833076963,20.374045801526716
P07902,GALT,1,0.3969465648854962,16.80903759289861,1.2615241345835755,0.3969465648854962
P07910,HNRNPC,5,0.3755725190839695,16.840885044765194,0.6639631749833599,1.8778625954198473
P07919,UQCRH,5,0.9374045801526718,24.211193277826297,0.48897666653300903,4.687022900763359
P07942,LAMB1,18,0.2616624257845632,15.88132005853011,0.42762173999250486,4.709923664122138
P07951,TPM2,30,0.5849872773536896,21.049965214254797,0.3226627327475524,17.549618320610687
P07954,FH,48,0.7107188295165394,22.11375012147175,0.21599514961560506,34.11450381679389
P07996,THBS1,31,0.07559714356069934,13.865861440305745,0.7234094167131283,2.3435114503816794
P08123,COL1A2,25,0.23297709923664123,15.471566321775779,0.3973780544149769,5.824427480916031
P08133,ANXA6,102,0.6528214339170783,21.617201050536096,0.14929370213557774,66.58778625954199
P08134,RHOC,1,0.7480916030534351,18.40290797948281,0.9478208660253084,0.7480916030534351
P08237,PFKM,92,0.7538167938931298,23.32271499543144,0.15783138724642964,69.35114503816794
P08238,HSP90AB1,29,0.7007107133456172,21.505716371089026,0.27716049792116193,20.3206106870229
P08240,SRPRA,3,0.2544529262086514,15.206783666559714,0.9489900701880729,0.7633587786259542
P08294,SOD3,13,0.3270698766881973,17.13228750481402,0.4539757727216359,4.251908396946565
P08397,HMBS,11,0.28521859819569745,16.369475982821093,0.5183651987596063,3.1374045801526718
P08473,MME,12,0.3212468193384224,16.433975846654533,0.47510507338467634,3.854961832061069
P08559,PDHA1,31,0.6419601083476976,21.51503352591267,0.2894016827499732,19.900763358778626
P08572,COL4A2,18,0.3346055979643766,16.443710732622165,0.4088840636084123,6.022900763358779
P08574,CYC1,21,0.7004725554343875,21.84040441914956,0.3667445300745366,14.709923664122137
P08579,SNRPB2,1,0.6106870229007634,14.92162728106848,1.1137551289340997,0.6106870229007634
P08590,MYL3,32,0.6784351145038168,22.651896664738945,0.27940858272371966,21.709923664122137
P08621,SNRNP70,3,0.14758269720101783,14.796287800956186,1.2199167853126778,0.44274809160305345
P08651,NFIC,2,0.35877862595419846,15.190561848213822,1.1328498293935807,0.7175572519083969
P08670,VIM,45,0.4670059372349448,18.742791583796702,0.2267828596664384,21.015267175572518
P08708,RPS17,9,0.3443596268023749,17.847795380766893,0.5805422349425214,3.099236641221374
P08754,GNAI3,2,0.6374045801526718,15.954204253923294,0.7364451498913896,1.2748091603053435
P08758,ANXA5,34,0.6281993713515941,21.96729032177205,0.29137705059436997,21.358778625954198
P08865,RPSA,15,0.4173027989821883,18.934231368913466,0.4146762005114515,6.259541984732825
P08962,CD63,2,0.4580152671755725,18.0041504486607,1.1772530448807943,0.916030534351145
P09012,SNRPA,1,0.7175572519083969,18.628023113091263,0.9708782969265856,0.7175572519083969
P09104,ENO2,10,0.26259541984732826,16.960180186054686,0.5021108790948479,2.6259541984732824
P09110,ACAA1,14,0.4487459105779717,18.079451371998346,0.41786763551606443,6.282442748091603
P09211,GSTP1,23,0.8114835711915035,24.64696744165725,0.29705794849313844,18.66412213740458
P09382,LGALS1,19,0.7713941341904379,22.87750007860707,0.2664353972813905,14.65648854961832
P09417,QDPR,28,0.6155943293347874,21.062663321746943,0.31459676730270997,17.236641221374047
P09429,HMGB1,4,0.42938931297709926,18.064085356428553,0.7612924089765127,1.717557251908397
P09455,RBP1,10,0.08549618320610687,15.383353790385842,0.9718655207233322,0.8549618320610687
P09486,SPARC,7,0.173391494002181,15.87940429781154,0.809606058967836,1.213740458015267
P09488,GSTM1,4,0.20229007633587787,16.935883577227575,1.0835091345899388,0.8091603053435115
P09493,TPM1,25,0.7343511450381679,22.844613358621405,0.35107925379941185,18.358778625954198
P09496,CLTA,3,0.1603053435114504,15.805156557228733,1.1570891579433011,0.48091603053435117
P09497,CLTB,6,0.4872773536895674,17.357898236345697,0.6227725862675725,2.9236641221374047
P09525,ANXA4,22,0.5138792505204719,18.597891491471568,0.3184486395658725,11.305343511450381
P09543,CNP,4,0.32251908396946566,16.712458895357816,0.8916801040660746,1.2900763358778626
P09601,HMOX1,5,0.21832061068702288,15.781202926534407,0.9180128704805912,1.0916030534351144
P09622,DLD,36,0.6522476675148431,21.340695749065382,0.256560024710027,23.480916030534353
P09651,HNRNPA1,4,0.2729007633587786,15.190507721143174,0.7340755023878918,1.0916030534351144
P09669,COX6C,6,0.5050890585241731,21.748682682645022,0.6071766353811903,3.030534351145038
P09874,PARP1,25,0.33404580152671753,17.019492459553057,0.34339768595455034,8.351145038167939
P09936,UCHL1,17,0.5316569375841941,19.504312499130258,0.3700852926387136,9.038167938931299
P09960,LTA4H,49,0.5323259074622215,19.330760421202086,0.22468571721722555,26.083969465648856
P09972,ALDOC,15,0.2340966921119593,17.085306735298307,0.3760724592155074,3.5114503816793894
P0C7P0,CISD3,2,0.1717557251908397,15.36338001298499,1.3196800109714821,0.3435114503816794
P0C870,JMJD7,1,0.26717557251908397,14.19496112752749,1.4639421271528335,0.26717557251908397
P0DJ93,SMIM13,2,0.22519083969465647,14.690921116700958,1.2745620894496192,0.45038167938931295
P10109,FDX1,2,0.6412213740458015,17.493389837744587,0.8303485132234137,1.282442748091603
P10155,RO60,5,0.2824427480916031,16.338467272240806,0.841237884029929,1.4122137404580153
P10176,COX8A,2,0.9351145038167938,21.079990108766424,0.49863739288228714,1.8702290076335877
P10253,GAA,9,0.448685326547922,16.66274383423832,0.4832466302897756,4.038167938931298
P10301,RRAS,10,0.4694656488549619,17.265331541879473,0.4276376239895788,4.694656488549619
P10321,HLA-C,3,0.366412213740458,16.06546590684177,0.9761096965808231,1.099236641221374
P10398,ARAF,6,0.4491094147582697,16.065968649393,0.6321576966344818,2.6946564885496183
P10412,H1-4,1,0.7175572519083969,16.283641533131554,0.9944527794151906,0.7175572519083969
P10415,BCL2,2,0.5610687022900763,16.758396809233172,0.883161186271714,1.1221374045801527
P10515,DLAT,38,0.7028927280032141,21.133955283920034,0.22149923906566002,26.709923664122137
P10599,TXN,9,0.6089906700593724,23.009151388958422,0.5719042849863243,5.480916030534351
P10606,COX5B,14,0.7742639040348964,22.902531843877696,0.3577497506284754,10.83969465648855
P10619,CTSA,2,0.3702290076335878,16.335736289747203,1.086329298744318,0.7404580152671756
P10620,MGST1,1,0.6030534351145038,18.30304696463001,1.0644227113263045,0.6030534351145038
P10636,MAPT,43,0.46280845020415406,19.209570975417694,0.2740546106985859,19.900763358778626
P10644,PRKAR1A,27,0.6301950805767599,20.32428756472543,0.28240789999645,17.015267175572518
P10746,UROS,4,0.5629770992366412,15.82067035854841,0.610761920972216,2.2519083969465647
P10768,ESD,25,0.641526717557252,21.504088380666328,0.2944966934702351,16.0381679389313
P10809,HSPD1,62,0.6754493967003201,20.98463478676643,0.17938861036226852,41.87786259541985
P10916,MYL2,30,0.6111959287531807,22.300096524459864,0.3167594014105125,18.33587786259542
P11021,HSPA5,48,0.6159351145038168,19.857161706726075,0.20333341602283253,29.564885496183205
P11047,LAMC1,40,0.36412213740458016,16.56618482192757,0.24242927697296623,14.564885496183207
P11055,MYH3,3,0.08651399491094147,15.184758680119064,1.3743127047144195,0.2595419847328244
P11142,HSPA8,52,0.7278332354668232,22.25823073513965,0.2019153386471585,37.847328244274806
P11166,SLC2A1,10,0.3053435114503817,17.092556111203226,0.6337039782643427,3.053435114503817
P11171,EPB41,25,0.3245801526717558,16.709784435376,0.35672103843262837,8.114503816793894
P11177,PDHB,48,0.6280216284987278,20.70492206383603,0.23315329153578346,30.14503816793893
P11182,DBT,18,0.4177268871925361,17.06515721848814,0.3753256049543021,7.519083969465649
P11216,PYGB,16,0.35591603053435117,18.517076853702875,0.5242938401128128,5.694656488549619
P11217,PYGM,106,0.8360939075327668,24.794371670903033,0.1406042586453486,88.62595419847328
P11233,RALA,6,0.6564885496183206,17.81325186046719,0.5205870312691097,3.9389312977099236
P11234,RALB,2,0.2786259541984733,16.353226757320204,1.1859108724724237,0.5572519083969466
P11277,SPTB,114,0.369961162448105,17.295744760004784,0.14445454190780496,42.17557251908397
P11279,LAMP1,5,0.42900763358778626,16.81193688099312,0.6268010346516041,2.145038167938931
P11310,ACADM,37,0.6626779451206932,20.72871669270076,0.247368963671002,24.519083969465647
P11413,G6PD,12,0.05470737913486005,14.567304042551319,0.9864347963879773,0.6564885496183206
P11441,UBL4A,2,0.5152671755725191,16.661157696021085,0.9374720771479893,1.0305343511450382
P11498,PC,16,0.04961832061068702,14.136308160384239,0.9216241465067901,0.7938931297709924
P11532,DMD,187,0.5005510878883128,18.2901679009233,0.11230034408809023,93.6030534351145
P11586,MTHFD1,66,0.5592181355540135,19.026075425732397,0.17521307355656818,36.908396946564885
P11717,IGF2R,5,0.2961832061068702,15.626205000197809,0.8391713664951259,1.4809160305343512
P11766,ADH5,26,0.6374045801526717,20.30997239882851,0.27985584975960875,16.572519083969464
P11940,PABPC1,2,0.3244274809160305,15.773675705511014,1.1085740174316139,0.648854961832061
P12004,PCNA,5,0.3450381679389313,16.34596917178054,0.7738283881933662,1.7251908396946565
P12081,HARS1;HARS,9,0.41984732824427484,18.77586652946362,0.5926680477795508,3.7786259541984735
P12109,COL6A1,35,0.36837513631406765,17.454837253960708,0.2835460865852969,12.893129770992367
P12110,COL6A2,28,0.25817884405670666,16.66916844538554,0.42010639195096844,7.229007633587786
P12111,COL6A3,102,0.38325101032779524,17.59330404077427,0.15875331812184898,39.091603053435115
P12235,SLC25A4,11,0.6731436502428868,23.24705301941703,0.28563130986464363,7.404580152671755
P12236,SLC25A6,2,0.3053435114503817,16.83408284977726,1.1171331004712308,0.6106870229007634
P12268,IMPDH2,25,0.5105343511450382,17.919516222630214,0.2770851331227114,12.763358778625955
P12270,TPR,7,0.16466739367502728,14.899981857870895,0.8903822759990897,1.1526717557251909
P12277,CKB,34,0.48607992815446793,19.470974275065494,0.28753920899339136,16.52671755725191
P12429,ANXA3,20,0.4679389312977099,18.018580692799578,0.3164669031136994,9.358778625954198
P12532,CKMT1A,1,0.8549618320610687,20.372103621399493,0.861163753744959,0.8549618320610687
P12694,BCKDHA,16,0.23998091603053434,16.15849255524954,0.46284483763037915,3.8396946564885495
P12814,ACTN1,17,0.09429726088908846,14.899549058389683,0.7049080657064811,1.6030534351145038
P12821,ACE,2,0.18702290076335878,15.435459606840746,1.3093460187257437,0.37404580152671757
P12829,MYL4,3,0.4122137404580153,18.776529113574536,0.9553807897331158,1.2366412213740459
P12882,MYH1,80,0.5948473282442748,21.27783585354705,0.1885608287005128,47.587786259541986
P12883,MYH7,123,0.6129833054055731,21.297387854798394,0.14701293943724328,75.3969465648855
P12955,PEPD,18,0.4626802374893978,17.870524109577165,0.3763584888779955,8.32824427480916
P12956,XRCC6,24,0.4586513994910941,17.280033991327063,0.30098440057536113,11.007633587786259
P13010,XRCC5,23,0.4055758380351809,17.41645297734654,0.32388785702186734,9.32824427480916
P13073,COX4I1,20,0.732824427480916,22.232913971540526,0.30207992470736744,14.65648854961832
P13473,LAMP2,5,0.3816793893129771,17.58208256854413,0.8292670731077861,1.9083969465648856
P13489,RNH1,33,0.7258848022206801,21.66284339227275,0.2261629176740109,23.954198473282442
P13533,MYH6,6,0.17302798982188294,16.31121416633895,0.9357012536967608,1.0381679389312977
P13535,MYH8,14,0.3222464558342421,17.58499645126958,0.6185394385830522,4.511450381679389
P13611,VCAN,8,0.19942748091603055,16.265394404068868,0.7440129076865784,1.5954198473282444
P13639,EEF2,79,0.6416078848197894,20.930016800592394,0.1710888790487766,50.68702290076336
P13667,PDIA4,18,0.2972858354537744,15.906232462031738,0.38844000790811567,5.351145038167939
P13674,P4HA1,4,0.12786259541984732,14.30741566114271,1.2280356013209286,0.5114503816793893
P13693,TPT1,19,0.6621132985134592,20.95964404391003,0.35938008141078986,12.580152671755725
P13716,ALAD,25,0.3551145038167939,17.994019421565287,0.362992086118448,8.877862595419847
P13797,PLS3,19,0.35114503816793896,17.323071207579396,0.3696451860955519,6.67175572519084
P13798,APEH,30,0.6768447837150127,20.71017091127562,0.2625675087167938,20.30534351145038
P13804,ETFA,33,0.7978255840851262,22.104940236472967,0.2138368199848196,26.328244274809162
P13805,TNNT1,23,0.6435446398937935,21.40624227625231,0.3025582985891705,14.801526717557252
P13807,GYS1,53,0.5440011522396658,19.497155408685675,0.21739390388332877,28.83206106870229
P13861,PRKAR2A,36,0.6539440203562341,20.859541135866174,0.24222600155388882,23.541984732824428
P13929,ENO3,59,0.7409755466425152,24.22962346003627,0.23012095883651076,43.717557251908396
P13987,CD59,8,0.7557251908396947,21.4695360463444,0.41136116587517674,6.0458015267175576
P14174,MIF,6,0.6908396946564886,21.57905314582266,0.6189557212621608,4.145038167938932
P14209,CD99,5,0.42442748091603055,16.578236631033768,0.5887988599620579,2.122137404580153
P14314,PRKCSH,22,0.49757113115891743,18.29765766884742,0.31833250466136265,10.946564885496183
P14324,FDPS,8,0.42748091603053434,18.625015971144173,0.5456116327525489,3.4198473282442747
P14406,COX7A2,3,0.8600508905852418,22.106772221024624,0.6307202052023883,2.5801526717557253
P14543,NID1,30,0.300763358778626,16.373177292805323,0.30790895390727835,9.022900763358779
P14550,AKR1A1,21,0.5459832788077064,19.303697458810188,0.3377191521644514,11.465648854961833
P14618,PKM,109,0.7771552629735976,23.403194998787946,0.16120788379537082,84.70992366412214
P14621,ACYP2,17,0.6246070947462955,21.444173484993396,0.356131487378219,10.618320610687023
P14625,HSP90B1,34,0.3834755276156264,17.712214182938904,0.29027983106144384,13.038167938931299
P14649,MYL6B,19,0.45680996384089995,18.599063641597883,0.4023495033076465,8.679389312977099
P14672,SLC2A4,4,0.47900763358778625,16.980245284745997,0.6799381078507906,1.916030534351145
P14735,IDE,27,0.3644331354255019,17.070137644694828,0.3221914501387139,9.83969465648855
P14854,COX6B1,12,0.7188295165394402,21.830646561692785,0.3871999738126192,8.625954198473282
P14866,HNRNPL,11,0.2956280360860513,16.546136381070475,0.48235284272270273,3.2519083969465647
P14868,DARS1,30,0.549618320610687,18.350677476784124,0.2647423326811574,16.48854961832061
P14927,UQCRB,14,0.72082878953107965,21.77439907302188,0.40708973815437255,10.091603053435115
P15088,CPA3,8,0.3282442748091603,18.217245365874685,0.5842743656356825,2.6259541984732824
P15090,FABP4,11,0.7092297015961138,21.046334011667483,0.4688171482290632,7.801526717557252
P15104,GLUL,9,0.38592027141645463,17.283960785755273,0.5105677872898358,3.4732824427480917
P15121,AKR1B1,35,0.7836423118865867,23.87786600285215,0.21131019168423712,27.427480916030536
P15170,GSPT1,11,0.47328244274809156,17.269496815129926,0.4772730004961723,5.206106870229007
P15259,PGAM2,37,0.6909428512481948,22.516054569204293,0.2660953802470853,25.564885496183205
P15311,EZR,22,0.28417765440666204,16.70646891984996,0.3938527315250263,6.251908396946565
P15374,UCHL3,23,0.6415532691669432,19.733926973911895,0.3116228401382134,14.755725190839694
P15531,NME1,9,0.5716709075487701,19.899251734043638,0.5350148783754056,5.145038167938932
P15880,RPS2,22,0.5673143650242887,18.911232342990402,0.323459065654774,12.48091603053435
P15927,RPA2,4,0.34923664122137404,16.633167706646628,0.8912391240798494,1.3969465648854962
P15954,COX7C,3,0.648854961832061,22.376219335291,0.8711988323259522,1.9465648854961832
P16070,CD44,8,0.1316793893129771,15.187769413347942,0.887959482003359,1.0534351145038168
P16083,NQO2,14,0.5921483097055616,21.854143710364305,0.4305908947616512,8.290076335877863
P16118,PFKFB1,16,0.4360687022900763,17.88089908966476,0.41641095673977013,6.977099236641221
P16152,CBR1,30,0.6501272264631043,20.543228406053206,0.275941119004557,19.50381679389313
P16157,ANK1,86,0.318835434049352,16.822494225641563,0.1785687668279261,27.419847328244273
P16219,ACADS,35,0.5227917121046892,20.123204124129643,0.28502299967680367,18.297709923664122
P16284,PECAM1,8,0.3139312977099237,16.38778325009618,0.628412910903333,2.5114503816793894
P16298,PPP3CB,17,0.7831162999550966,19.63863748764721,0.2874014644780199,13.312977099236642
P16333,NCK1,4,0.25190839694656486,15.754059160131325,0.9224334744062205,1.0076335877862594
P16401,H1-5,2,0.37404580152671757,16.41085561765264,1.006688420954196,0.7480916030534351
P16435,POR,3,0.40712468193384227,16.476157858637862,0.8715948115921933,1.2213740458015268
P16615,ATP2A2,83,0.6787455164168122,21.71799394843431,0.17593107829936336,56.33587786259542
P16671,CD36,14,0.5528898582333697,19.414201062473225,0.3608453628215177,7.740458015267175
P16930,FAH,17,0.549618320610687,18.394735749782,0.3536893626571965,9.34351145038168
P16949,STMN1,3,0.14249363867684478,15.131967951728146,1.2412884317666266,0.42748091603053434
P16989,YBX3,7,0.7764449291166848,20.587659901076346,0.4416312104577778,5.435114503816794
P17152,TMEM11,8,0.7051526717557252,20.809876644667213,0.4619077597160401,5.641221374045801
P17174,GOT1,47,0.743868767256781,23.598522415732376,0.21087825792320167,34.961832061068705
P17540,CKMT2,50,0.7812213740458016,23.933365147640817,0.2085022882088394,39.06106870229008
P17568,NDUFB7,16,0.5477099236641222,18.68657410613125,0.40748730569393393,8.763358778625955
P17612,PRKACA,8,0.48282442748091603,19.837033723806922,0.5571058883638701,3.8625954198473282
P17655,CAPN2,37,0.4823602228182381,18.910720673311648,0.2581648437717776,17.84732824427481
P17661,DES,59,0.5452193039203002,20.39474884808403,0.19619390494657785,32.16793893129771
P17812,CTPS1,6,0.3244274809160305,16.916054110747975,0.7477221385868297,1.9465648854961832
P17813,ENG,1,0.549618320610687,16.90017618788672,1.1286433511981502,0.549618320610687
P17858,PFKL,10,0.18167938931297709,17.078395444050717,0.6895740732388599,1.816793893129771
P17931,LGALS3,9,0.4402035623409669,18.253967065539623,0.5319296940857614,3.9618320610687023
P17936,IGFBP3,1,0.3511450381679389,15.8631745179801,1.332919398525801,0.3511450381679389
P17980,PSMC3,30,0.47480916030534354,18.56113813665168,0.30015507605203073,14.244274809160306
P17987,TCP1,45,0.5106022052586938,18.808033270441083,0.2195305014396384,22.977099236641223
P18031,PTPN1,6,0.13104325699745548,15.746634067889834,0.9946051822390282,0.7862595419847328
P18077,RPL35A,4,0.14885496183206107,15.934554719322547,1.0840782053527787,0.5954198473282443
P18085,ARF4,5,0.3893129770992366,17.173553839426326,0.7271495360695022,1.9465648854961832
P18124,RPL7,12,0.5012722646310432,18.934035462017338,0.4270914462234873,6.015267175572519
P18206,VCL,130,0.6165002935995303,20.089734758461063,0.13376721808405617,80.14503816793894
P18621,RPL17,7,0.623773173391494,18.14316222649542,0.514017898729328,4.366412213740458
P18669,PGAM1,8,0.47900763358778625,19.610360561790078,0.5839729989041228,3.83206106870229
P18754,RCC1,3,0.17557251908396945,15.59337886237481,1.146900364121809,0.5267175572519084
P18859,ATP5PF,12,0.799618320610687,23.52129307938183,0.4112608403341985,9.595419847328245
P19237,TNNI1,26,0.6467997651203757,21.07207857422165,0.3065336225141891,16.81679389312977
P19256,CD58,1,0.25190839694656486,15.652633243302855,1.433278714747495,0.25190839694656486
P19338,NCL,19,0.5178786661309763,18.683294180979644,0.36214908879955954,9.83969465648855
P19367,HK1,55,0.6131852879944483,20.493365078099117,0.2038831939732423,33.725190839694655
P19404,NDUFV2,26,0.6280093951849678,20.022571438061068,0.3074172617231612,16.328244274809162
P19623,SRM,5,0.4320610687022901,17.10242711693339,0.7402891489789192,2.1603053435114505
P19823,ITIH2,24,0.27162849872773537,17.139857591299684,0.4010623261919259,6.519083969465649
P19838,NFKB1,2,0.26717557251908397,14.39806018273228,1.1887593653478379,0.5343511450381679
P19971,TYMP,8,0.44561068702290074,17.03581690606656,0.4562861792744841,3.564885496183206
P20020,ATP2B1,6,0.5432569974554707,16.440334506969613,0.4719919140717477,3.2595419847328246
P20042,EIF2S2,14,0.6057797164667393,17.351773688044755,0.3506244244586482,8.48091603053435
P20073,ANXA7,38,0.6301727601446364,20.0536860353784,0.2436282063671032,23.946564885496183
P20290,BTF3,5,0.4106870229007634,17.186868934655692,0.7925601636870466,2.053435114503817
P20339,RAB5A,3,0.42493638676844786,16.274879265071622,0.7550241611637487,1.2748091603053435
P20340,RAB6A,5,0.3816793893129771,17.78929514124229,0.758596128138419,1.9083969465648856
P20472,PVALB,22,0.2383761276891048,16.010959947789377,0.5615656535580242,5.244274809160306
P20618,PSMB1,19,0.6179188429087987,20.691046621929374,0.3604434336275268,11.740458015267176
P20674,COX5A,9,0.7065309584393554,22.83510262011912,0.5135222838162218,6.358778625954199
P20774,OGN,11,0.4115197779319917,18.352886369501554,0.5055250594144638,4.526717557251908
P20807,CAPN3,51,0.48914833108816047,18.36367510358166,0.2184084725767319,24.946564885496183
P20810,CAST,33,0.3976405274115198,17.33829195273203,0.2765655928271782,13.122137404580153
P20929,NEB,847,0.44564110421154146,18.922488362456324,0.06274159177480736,377.4580152671756
P20962,PTMS,6,0.5432569974554707,18.609645672251823,0.5723969639085018,3.2595419847328246
P21266,GSTM3,39,0.5188882364454884,19.250567264621292,0.25600576995236957,20.236641221374047
P21281,ATP6V1B2,9,0.4156064461407973,17.713283879105866,0.47445444119983354,3.7404580152671754
P21291,CSRP1,15,0.5221374045801527,19.054381772606945,0.3912884098572062,7.8320610687022905
P21333,FLNA,125,0.34961832061068704,17.38650022408393,0.14121200280852048,43.70229007633588
P21397,MAOA,17,0.22496632240682532,16.471038756850295,0.5315556843093666,3.8244274809160306
P21399,ACO1,45,0.5253604749787956,18.918628475353405,0.23292224943460782,23.641221374045802
P21589,NT5E,5,0.12213740458015268,14.932970474047737,1.0814216750260628,0.6106870229007634
P21695,GPD1,51,0.7766801377039365,23.08065425760379,0.2070036532907841,39.61068702290076
P21796,VDAC1,39,0.7447641417107066,22.594188419755582,0.2172891162114057,29.045801526717558
P21810,BGN,7,0.07742639040348964,15.654618986213277,1.0383624919694605,0.5419847328244275
P21817,RYR1,327,0.5868758316408712,19.679000832018748,0.08647879595033431,191.9083969465649
P21912,SDHB,42,0.564521992002908,20.06708709704334,0.26244847760630113,23.709923664122137
P21926,CD9,5,0.2885496183206107,16.290555349881647,0.7477211460139971,1.4427480916030535
P21953,BCKDHB,7,0.292257360959651,16.523989761260903,0.6768842119345558,2.045801526717557
P21964,COMT,19,0.4893531538770591,18.61363957128485,0.3471978548236654,9.297709923664122
P21980,TGM2,11,0.5572519083969465,17.099264493922167,0.40619793502522306,6.129770992366412
P22033,MMUT,16,0.32013358778625955,16.996601232642526,0.415190464051486,5.122137404580153
P22059,OSBP,20,0.5217557251908397,17.547889510150867,0.3073336307198295,10.435114503816793
P22061,PCMT1,31,0.6688007879832554,20.9199020539252,0.274004469649525,20.732824427480917
P22102,GART,18,0.43341815097540287,17.224415224417054,0.3410963778288607,7.801526717557252
P22105,TNXB,41,0.07242599143548688,14.467031468743398,0.4677576156495295,2.969465648854962
P22234,PAICS,15,0.51653944020356235,18.708263139299255,0.4009181968968971,7.748091603053435
P22307,SCP2,13,0.5073399882560188,18.11449486411908,0.40853566096320043,6.595419847328245
P22314,UBA1,87,0.6085812055804158,20.0848850731464,0.15526653536608065,52.94656488549618
P22352,GPX3,7,0.5332606324972737,19.040406353961142,0.5694188326004925,3.732824427480916
P22392,NME2,3,0.6183206106870229,19.594849530717987,0.6233172192599497,1.8549618320610688
P22570,FDXR,4,0.2729007633587786,15.50831146697166,0.6554984274913175,1.0916030534351144
P22612,PRKACG,1,0.2900763358778626,19.086681999179564,1.306970911993938,0.2900763358778626
P22626,HNRNPA2B1,24,0.48155216284987273,17.71825051326876,0.2782849139353026,11.557251908396946
P22694,PRKACB,1,0.366412213740458,17.54304863233449,1.26904133419227,0.366412213740458
P22695,UQCRC2,50,0.7018320610687023,22.260439411385867,0.2134115502765083,35.091603053435115
P22748,CA4,2,0.42366412213740456,17.358534102072372,1.0079550269468422,0.8473282442748091
P22830,FECH,25,0.5013740458015267,18.228224202996284,0.2906306468440606,12.534351145038167
P22897,MRC1,7,0.05234460196292257,14.196761383923455,1.208634547572835,0.366412213740458
P23109,AMPD1,77,0.6193119857241994,20.92680195706394,0.18375357230605716,47.68702290076336
P23141,CES1,17,0.05837449483610238,14.65925939538691,0.7599253090449635,0.9923664122137404
P23142,FBLN1,15,0.42137404580152676,17.055816642010495,0.3611420915703786,6.320610687022901
P23229,ITGA6,6,0.19974554707379136,14.847049416061255,0.7666011944073693,1.1984732824427482
P23246,SFPQ,10,0.20152671755725188,15.768052242466219,0.6955115416574981,2.015267175572519
P23284,PPIB,10,0.583969465648855,18.98697777034356,0.44240432475693986,5.8396946564885495
P23297,S100A1,11,0.5405968077723803,21.10337745505232,0.5110210015129791,5.9465648854961835
P23327,HRC,44,0.46478140180430255,16.985735878783302,0.2214599632373638,20.450381679389313
P23352,ANOS1,1,0.6717557251908397,16.69735397621388,1.027906058482437,0.6717557251908397
P23368,ME2,24,0.3753180661577608,17.89891408449971,0.34571792013274416,9.007633587786259
P23381,WARS1,26,0.5422783323546683,18.691923586278282,0.3009574134919592,14.099236641221374
P23396,RPS3,26,0.5255431591309454,18.890990216729197,0.3019584337367389,13.664122137404581
P23434,GCSH,3,0.3994910941475827,18.889982321494276,0.9604108552915638,1.1984732824427482
P23443,RPS6KB1,2,0.2748091603053435,15.639203141275429,1.1871842408492022,0.549618320610687
P23526,AHCY,30,0.5636132315521628,19.933243359376,0.2857746845779413,16.908396946564885
P23528,CFL1,15,0.7318066157760814,21.474297874685004,0.33446794458463963,10.977099236641221
P23588,EIF4B,14,0.3511450381679389,16.830623963113815,0.4403172301901442,4.916030534351145
P23634,ATP2B4,7,0.15921483097055616,15.62252199292714,0.8103332904494525,1.1145038167938932
P23786,CPT2,41,0.4371625395643269,17.814529551525226,0.25967658306317226,17.923664122137403
P23921,RRM1,1,0.26717557251908397,14.480066062090348,1.456760647534031,0.26717557251908397
P23946,CMA1,14,0.40021810250817885,17.815721177679674,0.43834531669840515,5.603053435114504
P24043,LAMA2,80,0.24942748091603054,16.242550339341847,0.20918552626265038,19.954198473282442
P24298,GPT,27,0.6378286683630194,20.731172681954604,0.2928982596705387,17.221374045801525
P24310,COX7A1,3,0.8295165394402035,23.907869460796686,0.8024938734167736,2.4885496183206106
P24311,COX7B,3,0.816793893129771,21.318830945889005,0.665717354043847,2.450381679389313
P24534,EEF1B2,9,0.7387616624257846,20.691673843138776,0.4398494098397453,6.648854961832061
P24539,ATP5PB,38,0.5821615106468461,20.795092489049548,0.2773485043943576,22.12213740458015
P24592,IGFBP6,2,0.2099236641221374,15.579872670782624,1.2309604391137317,0.4198473282442748
P24593,IGFBP5,3,0.4045801526717557,16.706045425517615,0.8936103334223615,1.213740458015267
P24666,ACP1,12,0.5826972010178116,19.582840870164013,0.3825920696389404,6.99236641221374
P24752,ACAT1,49,0.7857921794672067,22.48508188183333,0.20263060150369366,38.50381679389313
P24844,MYL9,5,0.33435114503816793,17.604074184091747,0.7304723730898769,1.6717557251908397
P25325,MPST,12,0.4840966921119593,18.338556569631013,0.48423612672993804,5.809160305343512
P25398,RPS12,7,0.8898582333696837,21.594902369526835,0.3748593607611912,6.229007633587786
P25686,DNAJB2,6,0.3944020356234097,16.065224662654256,0.6759171399628466,2.366412213740458
P25705,ATP5F1A,64,0.7739742366412213,23.52244830518255,0.17272970629832574,49.534351145038165
P25786,PSMA1,34,0.5348001796138303,19.084139030689425,0.25262684283097,18.18320610687023
P25787,PSMA2,18,0.49872773536895676,18.889473116079067,0.38558089268035584,8.977099236641221
P25788,PSMA3,16,0.683206106870229,20.24420713068203,0.32462610738449865,10.931297709923664
P25789,PSMA4,12,0.755089058524173,21.129721565444736,0.40080551497139444,9.061068702290076
P26038,MSN,41,0.4650902997579594,18.6243914267036,0.2563280119850796,19.068702290076335
P26196,DDX6,15,0.3791348600508906,16.77100414630278,0.4022469671458878,5.687022900763359
P26368,U2AF2,5,0.3847328244274809,17.11154811035,0.7363203547089923,1.9236641221374047
P26373,RPL13,6,0.5,18.40081949731703,0.5876516401296316,3
P26440,IVD,20,0.4805343511450381,18.18393329942757,0.3091571053843407,9.610687022900763
P26447,S100A4,10,0.6206106870229007,20.808179517369886,0.5286018684980839,6.206106870229007
P26583,HMGB2,4,0.601145038167939,18.532787089108112,0.6318326643300689,2.404580152671756
P26599,PTBP1,7,0.2050163576881134,15.8959819274748,0.7063199695462753,1.4351145038167938
P26639,TARS1,15,0.3155216284987278,16.65276379558058,0.45334556477017474,4.732824427480916
P26640,VARS1,32,0.38740458015267176,16.893248323801348,0.2556928225715987,12.396946564885496
P26641,EEF1G,27,0.7268871925360476,21.108284566215193,0.261320741605265,19.625954198473284
P26678,PLN,4,0.5954198473282443,20.64354341314768,0.7573804064152838,2.381679389312977
P26885,FKBP2,6,0.46564885496183206,17.407242800970362,0.5251190416572528,2.7938931297709924
P27105,STOM,15,0.3877862595419847,17.845156870575234,0.44324335237993834,5.816793893129771
P27338,MAOB,37,0.5743759026201775,19.514464545410434,0.24570976034268585,21.251908396946565
P27348,YWHAQ,8,0.4933206106870229,17.60727747376675,0.40443072278827735,3.946564885496183
P27361,MAPK3,8,0.17080152671755724,16.318173601540185,0.7853613478593334,1.366412213740458
P27448,MARK3,3,0.1094147582697201,14.979207409873469,1.2844094847781957,0.3282442748091603
P27635,RPL10,5,0.2595419847328244,16.820450214406584,0.8340721106858585,1.297709923664122
P27694,RPA1,10,0.32213740458015266,16.34875964610977,0.5112994253442913,3.2213740458015265
P27695,APEX1,13,0.4873752201996477,18.004169106182413,0.42982457182754286,6.33587786259542
P27797,CALR,16,0.5963740458015268,19.07162100578118,0.36666465491036715,9.541984732824428
P27816,MAP4,52,0.5027891955372872,18.446458553841303,0.20767423003940474,26.14503816793893
P27824,CANX,35,0.5123227917121047,18.73883909644803,0.2622155316702436,17.931297709923665
P27986,PIK3R1,2,0.48091603053435117,14.877365663958624,0.9473018875919101,0.9618320610687023
P28066,PSMA5,16,0.6364503816793893,20.506888285104974,0.37200944019734045,10.183206106870228
P28070,PSMB4,12,0.566793893129771,20.02724416094831,0.44431163981229527,6.801526717557252
P28072,PSMB6,6,0.7786259541984734,21.645938156886398,0.4501951907277493,4.67175572519084
P28074,PSMB5,18,0.6505513146734521,20.165674332363462,0.3351855908895356,11.709923664122137
P28161,GSTM2,25,0.5990839694656489,20.678451839389748,0.3108471739235846,14.977099236641221
P28289,TMOD1,13,0.4010569583088667,17.126244078994464,0.4306983448299659,5.213740458015267
P28331,NDUFS1,58,0.6700447486180574,20.952521623799754,0.2005388756087059,38.86259541984733
P28482,MAPK1,12,0.5699745547073791,19.161021335666177,0.43230128883864943,6.8396946564885495
P28799,GRN,2,0.12595419847328243,14.20148797688961,1.4277086788753641,0.25190839694656486
P28838,LAP3,43,0.5107402804899698,18.59018549756507,0.24170864456099103,21.9618320610687
P28906,CD34,2,0.2748091603053435,15.368283885740864,1.1945400084880597,0.549618320610687
P28907,CD38,12,0.3110687022900763,16.264543558720472,0.4668659321261493,3.732824427480916
P29144,TPP2,33,0.37774693499884343,17.72146861928056,0.28631561815716516,12.465648854961833
P29218,IMPA1,17,0.713515940727436,20.47025459980598,0.3263069494493996,12.129770992366412
P29401,TKT,20,0.2534351145038168,16.751667480247818,0.34962394809299463,5.068702290076335
P29475,NOS1,8,0.20896946564885496,15.933557301498563,0.6899752966387377,1.6717557251908397
P29536,LMOD1,2,0.33587786259541985,16.401486457110362,1.0375403462700927,0.6717557251908397
P29692,EEF1D,20,0.6778625954198473,19.998830282047443,0.2997503941260697,13.557251908396946
P29966,MARCKS,14,0.42202835332606325,16.22947349755152,0.3746896967703273,5.908396946564886
P29972,AQP1,2,0.25572519083969464,15.572497249382657,1.2406543130819614,0.5114503816793893
P29992,GNA11,6,0.3791348600508906,16.185455604395216,0.612949014042774,2.2748091603053435
P30038,ALDH4A1,35,0.6261723009814613,20.76165621487708,0.24613232323566395,21.916030534351144
P30040,ERP29,8,0.5992366412213741,18.642884034329757,0.5235716841294646,4.793893129770993
P30041,PRDX6,41,0.6782722025693539,22.195008340254486,0.22543692180125927,27.80916030534351
P30043,BLVRB,25,0.7523664122137405,22.87998774895847,0.295188760249246,18.80916030534351
P30044,PRDX5,17,0.7139649753030983,22.17569820402231,0.33383838727173176,12.13740458015267
P30046,DDT,3,0.5419847328244275,19.23047489029251,0.7542148731649382,1.6259541984732824
P30048,PRDX3,17,0.9196228109564436,23.983545183312387,0.29357850706392347,15.633587786259541
P30049,ATP5F1D,4,0.950381679389313,24.325935985808687,0.43903983452682444,3.801526717557252
P30050,RPL12,9,0.43935538592027146,18.103098271239002,0.5150117606896237,3.954198473282443
P30084,ECHS1,34,0.5947462954647508,20.81236033521449,0.28213120679518333,20.221374045801525
P30085,CMPK1,13,0.5854374633000587,17.901164633969234,0.3870871251407729,7.6106870229007635
P30086,PEBP1,26,0.7727539635936582,23.1722590858411,0.2516486109954952,20.091603053435115
P30101,PDIA3,32,0.5472328244274809,18.950995013767255,0.2579428409003593,17.51145038167939
P30153,PPP2R1A,42,0.6948382406397674,20.644177429058665,0.221981759427524,29.18320610687023
P30405,PPIF,10,0.6259541984732825,19.750948968084607,0.48650022545244875,6.259541984732825
P30419,NMT1,5,0.499236641221374,17.235958342681865,0.6619589790186959,2.49618320610687
P30519,HMOX2,4,0.1946564885496183,15.913821049272928,1.0341863257612975,0.7786259541984732
P30520,ADSS2,2,0.2786259541984733,16.17836622408846,1.1900217961059052,0.5572519083969466
P30533,LRPAP1,13,0.4327657075748679,16.748944776533786,0.41890883534045553,5.625954198473282
P30536,TSPO,6,0.4707379134860051,18.564334587479124,0.6746844487545731,2.8244274809160306
P30566,ADSL,39,0.5623409669211197,19.772896357625417,0.25801680610025685,21.931297709923665
P30613,PKLR,10,0.16641221374045803,15.360704837927525,0.8459405487631689,1.6641221374045803
P30622,CLIP1,58,0.40708081073966834,16.829159768111982,0.1970303452603365,23.610687022900763
P30626,SRI,8,0.40553435114503816,17.88311115650378,0.5632215872141098,3.2442748091603053
P30711,GSTT1,17,0.33722496632240684,17.934909912655996,0.5888488803627945,5.732824427480916
P30740,SERPINB1,25,0.5389312977099237,19.29630251364515,0.3283368578843987,13.473282442748092
P30837,ALDH1B1,33,0.42609299097848713,18.886266551632335,0.2988556537423183,14.061068702290076
P31040,SDHA,56,0.6583969465648856,21.71523451267208,0.20074606151788843,36.87022900763359
P31146,CORO1A,3,0.3460559796437659,15.41012367786837,0.9377736682536743,1.0381679389312977
P31150,GDI1,25,0.503206106870229,18.90028381789064,0.31440885604490465,12.580152671755725
P31153,MAT2A,13,0.6077510275983559,18.550357880748425,0.38181286781457735,7.900763358778626
P31415,CASQ1,27,0.8009612666101217,24.017825459917265,0.29933587155570024,21.625954198473284
P31689,DNAJA1,7,0.38276990185387133,16.047266648975516,0.6169814123240088,2.6793893129770994
P31749,AKT1,1,0.2748091603053435,14.553901892559255,1.4470727434572705,0.2748091603053435
P31751,AKT2,12,0.45229007633587787,17.238719132396383,0.44165291329512735,5.427480916030534
P31930,UQCRC1,45,0.7431721798134011,22.455722036337782,0.20648239137450297,33.44274809160305
P31937,HIBADH,28,0.6608505997818975,20.697844078088323,0.29455381148591714,18.50381679389313
P31939,ATIC,51,0.5345008232300553,19.25954816093237,0.20928199938632733,27.259541984732824
P31942,HNRNPH3,10,0.3885496183206107,16.094010081169493,0.48858097104126874,3.885496183206107
P31943,HNRNPH1,6,0.33460559796437656,16.534780461814517,0.5593213480937554,2.0076335877862594
P31946,YWHAB,8,0.7690839694656488,21.84315469851673,0.43034493574713045,6.152671755725191
P31948,STIP1,58,0.5510660700184259,19.214516768498108,0.2123139422102495,31.9618320610687
P31949,S100A11,6,0.45038167938931295,18.83696705361238,0.660955228238658,2.7022900763358777
P32119,PRDX2,32,0.7125477099236641,22.98382970696786,0.21977937304420053,22.801526717557252
P32456,GBP2,2,0.2480916030534351,16.207205784142,1.229052954320331,0.4961832061068702
P32969,RPL9,8,0.3425572519083969,17.330530896215798,0.6788801353112691,2.7404580152671754
P33121,ACSL1,65,0.6708162066940693,21.492333096874173,0.18997290913335177,43.603053435114504
P33176,KIF5B,31,0.41369120906180745,17.12843538049458,0.2586262231619316,12.82442748091603
P33316,DUT,1,0.6564885496183206,17.47090430359404,1.0300858513396645,0.6564885496183206
P33897,ABCD1,1,0.6793893129770993,15.147707596947315,1.0458353112543448,0.6793893129770993
P34896,SHMT1,15,0.4936386768447837,17.702911842462374,0.35789244512763224,7.404580152671755
P34897,SHMT2,6,0.43256997455470736,16.91942225443018,0.6599299530446704,2.595419847328244
P34913,EPHX2,11,0.3240804996530187,16.98459207874153,0.5286750716208645,3.564885496183206
P34931,HSPA1L,1,0.9618320610687023,20.125885855138776,0.7773201349343964,0.9618320610687023
P34932,HSPA4,63,0.434145159335999,17.71196161321731,0.20103777365517317,27.35114503816794
P34949,MPI,27,0.5674300254452926,19.644518153638515,0.29559366279325283,15.320610687022901
P35052,GPC1,6,0.3765903307888041,16.69965414532915,0.6732150806644169,2.2595419847328246
P35080,PFN2,15,0.5470737913486005,19.514693195014022,0.4370352682746938,8.206106870229007
P35221,CTNNA1,10,0.3648854961832061,16.121854405706582,0.4372367674424109,3.648854961832061
P35222,CTNNB1,2,0.18702290076335878,15.591680151231477,1.3002368663401793,0.37404580152671757
P35232,PHB,21,0.7858960378044347,21.80441339703084,0.2502636317615635,16.50381679389313
P35237,SERPINB6,33,0.5301873698820264,19.285133094566007,0.2707821470314789,17.49618320610687
P35241,RDX,33,0.4843858431644691,18.91526235135799,0.2683215394838468,15.98473282442748
P35244,RPA3,5,0.35572519083969467,17.43086678623879,0.737456719663824,1.7786259541984732
P35268,RPL22,2,0.9541984732824428,22.7302025961429,0.4691791038481391,1.9083969465648856
P35270,SPR,21,0.520174482006543,18.810191925081064,0.312929692353417,10.923664122137405
P35443,THBS4,28,0.10741548527808069,15.070217667489255,0.648859255181998,3.0076335877862594
P35499,SCN4A,5,0.3893129770992366,16.263447417996556,0.748636905869928,1.9465648854961832
P35555,FBN1,121,0.27291653523437004,16.49365474747322,0.15999373206702158,33.02290076335878
P35556,FBN2,2,0.18702290076335878,15.263232811380435,1.3195853099424713,0.37404580152671757
P35573,AGL,192,0.6624125318066157,21.276919261322966,0.11203083634457499,127.18320610687023
P35579,MYH9,134,0.4467357867152786,18.169139030135504,0.13472361922399773,59.86259541984733
P35580,MYH10,18,0.15097540288379985,15.221533569302544,0.5408763390894776,2.717557251908397
P35606,COPB2,18,0.3791348600508906,16.82800124780026,0.370185517686926,6.824427480916031
P35609,ACTN2,116,0.5464595946301658,20.759080936170395,0.1692265041877938,63.38931297709924
P35611,ADD1,16,0.2762404580152672,15.795022951518774,0.377360480045146,4.419847328244275
P35612,ADD2,9,0.1272264631043257,14.627153072208463,0.8400772195668944,1.1450381679389312
P35613,BSG,13,0.7140340575455079,20.47564256323085,0.40354379942419055,9.282442748091603
P35637,FUS,5,0.3099236641221374,15.508219412942426,0.8076990683011569,1.549618320610687
P35659,DEK,4,0.24045801526717558,16.349162038475338,1.0010543491651727,0.9618320610687023
P35749,MYH11,79,0.16610300512126777,16.217482987788657,0.24238886434028534,13.122137404580153
P35754,GLRX,8,0.6221374045801527,20.7522778500598,0.5218045472920174,4.977099236641221
P35813,PPM1A,17,0.49932644813650656,17.61662333433468,0.3460935177978118,8.4885496183206115
P35914,HMGCL,11,0.5336571825121443,18.445789687904472,0.3834705369203847,5.870229007633588
P35998,PSMC2,34,0.5601706331387517,18.776599590560405,0.25283111917424583,19.045801526717558
P36269,GGT5,7,0.12431842966194111,15.605745208896412,0.9166870400929428,0.8702290076335878
P36404,ARL2,3,0.183206106870229,16.300786297575424,1.13772477252032,0.549618320610687
P36405,ARL3,3,0.3104325699745547,17.09343232114169,1.0099417867712641,0.9312977099236641
P36507,MAP2K2,7,0.42639040348964014,17.232572062578278,0.6331200567570036,2.984732824427481
P36542,ATP5F1C,19,0.6456408196062676,21.874037133765206,0.3317624134158519,12.267175572519085
P36543,ATP6V1E1,6,0.4122137404580153,17.755003126147123,0.6727026536768553,2.4732824427480917
P36551,CPOX,6,0.3015267175572519,16.423127938267893,0.7162940879661605,1.8091603053435115
P36578,RPL4,13,0.5108631826189078,17.645517351170128,0.40189363960821906,6.641221374045801
P36776,LONP1,39,0.44764141710706595,18.098456832749452,0.2552583671841771,17.458015267175572
P36871,PGM1,84,0.7288258814976372,22.915751322064335,0.16744564216522206,61.221374045801525
P36873,PPP1CC,2,0.5343511450381679,17.061801823271328,1.0263630888584445,1.0687022900763359
P36954,POLR2I,3,0.31297709923664124,15.43803793346568,1.0021450351882086,0.9389312977099237
P36955,SERPINF1,18,0.4495335029686175,17.89324980208859,0.3708933777821913,8.091603053435115
P36957,DLST,34,0.5797036371800628,20.589317030268113,0.26545319706398984,19.709923664122137
P36959,GMPR,17,0.5132465199820386,18.515717655768714,0.3563546373307611,8.725190839694656
P36969,GPX4,20,0.6236641221374046,19.65490655042968,0.3307891121188776,12.473282442748092
P37108,SRP14,6,0.6297709923664122,17.924683203868817,0.5443016505525259,3.7786259541984735
P37235,HPCAL1,1,0.5114503816793893,16.510866535010916,1.1700435527014792,0.5114503816793893
P37802,TAGLN2,19,0.5102450783447168,19.04304379936293,0.36458046361916835,9.694656488549619
P37837,TALDO1,25,0.5251908396946565,18.878029344196737,0.29612940255397596,13.129770992366412
P37840,SNCA,6,0.5852417302798982,19.977792434240783,0.5288802400914343,3.5114503816793894
P38117,ETFB,24,0.8660941475826972,22.526530030524043,0.23098336305652786,20.786259541984734
P38606,ATP6V1A,17,0.3866187696452627,17.218395442840446,0.40215395079268534,6.572519083969466
P38646,HSPA9,68,0.6429052537045352,20.494415315760264,0.17069997279417373,43.717557251908396
P38919,EIF4A3,3,0.17048346055979643,15.528822014077619,1.1535743790946642,0.5114503816793893
P39019,RPS19,11,0.47952810548230396,18.267665936083024,0.42936086892507735,5.2748091603053435
P39023,RPL3,5,0.09923664122137404,14.445576540757397,1.2206895960570041,0.4961832061068702
P39059,COL15A1,19,0.38569706709521895,17.5750973693444,0.37679009782448586,7.32824427480916
P39060,COL18A1,5,0.2641221374045802,15.990906341498714,0.7974649922787419,1.3206106870229009
P39656,DDOST,14,0.39912758996728465,17.209699782985496,0.4125675075768424,5.587786259541985
P39687,ANP32A,6,0.6603053435114504,19.41641343459994,0.48926599747191163,3.9618320610687023
P39748,FEN1,1,0.5038167938931297,13.946142651448849,1.231461588242805,0.5038167938931297
P40121,CAPG,5,0.3083969465648855,16.199695644563228,0.7161853876511091,1.5419847328244274
P40123,CAP2,37,0.5655044357334433,20.101510846233502,0.26280384817575714,20.923664122137403
P40227,CCT6A,24,0.5069974554707379,19.130497176138824,0.34321459618679934,12.16793893129771
P40261,NNMT,5,0.0916030534351145,15.302432285009074,1.1592506236753695,0.4580152671755725
P40306,PSMB10,2,0.2748091603053435,15.620971011331473,1.2021005989800657,0.549618320610687
P40429,RPL13A,4,0.33969465648854963,15.719023573456452,0.8631311704106892,1.3587786259541985
P40616,ARL1,5,0.1297709923664122,15.892337952910916,1.0522201143147298,0.648854961832061
P40763,STAT3,18,0.3002544529262086,16.334035127526082,0.3904075832024092,5.404580152671755
P40855,PEX19,7,0.25627044711014174,14.692490226631191,0.5973227854725558,1.7938931297709924
P40925,MDH1,30,0.7600508905852418,23.97618553417734,0.25687242153234574,22.801526717557252
P40926,MDH2,39,0.8330397338030926,25.179230445020686,0.23219448473859033,32.48854961832061
P40939,HADHA,100,0.7310687022900764,22.14268312192675,0.15358273666391042,73.10687022900764
P41091,EIF2S3,4,0.6545801526717557,18.87538924400301,0.6653284982008079,2.618320610687023
P41222,PTGDS,1,0.4351145038167939,16.832115469564247,1.2280630828961518,0.4351145038167939
P41227,NAA10,6,0.29516539440203565,15.769732215785389,0.6910223795369627,1.7709923664122138
P41236,PPP1R2,4,0.5209923664122137,18.911163497095323,0.8669548578717647,2.0839694656488548
P41250,GARS1,19,0.4198473282442748,16.97188946075686,0.33443759132374157,7.977099236641221
P41252,IARS1,17,0.34889986528962735,16.68082899715541,0.41212468092786825,5.931297709923665
P41567,EIF1,3,0.2188295165394402,16.63659001310428,1.1118466599324743,0.6564885496183206
P42025,ACTR1B,2,0.4618320610687023,17.568785164931466,0.9666689917719997,0.9236641221374046
P42126,ECI1,21,0.5932388222464559,20.952873126121226,0.35469678337521415,12.458015267175572
P42224,STAT1,13,0.19906048150322958,15.877584023607163,0.5622926479420071,2.5877862595419847
P42330,AKR1C3,11,0.19639139486467733,16.26686992478706,0.70748096457672,2.1603053435114505
P42345,MTOR,7,0.17448200654307525,14.600354907380474,0.8169173192618943,1.2213740458015268
P42566,EPS15,4,0.17938931297709923,15.083319243358966,1.0378938095117003,0.7175572519083969
P42574,CASP3,4,0.2099236641221374,15.352809976120264,1.0091352693106181,0.8396946564885496
P42677,RPS27,1,0.48854961832061067,18.825664379850075,1.1511524818583334,0.48854961832061067
P42704,LRPPRC,91,0.44065095210133376,18.320584093265055,0.16106539352775828,40.099236641221374
P42765,ACAA2,41,0.6270713088810277,20.707960718123775,0.2210638372165027,25.709923664122137
P42766,RPL35,2,0.5343511450381679,20.60137028105472,1.0884784795225615,1.0687022900763359
P43007,SLC1A4,5,0.4,16.83267726651282,0.740353912310603,2
P43034,PAFAH1B1,38,0.5654881478505424,18.761156929070843,0.2488096192101641,21.48854961832061
P43121,MCAM,11,0.21859819569743236,15.797219485391636,0.5199769405239415,2.404580152671756
P43155,CRAT,55,0.6734212352532962,21.204198073610513,0.2035226262829309,37.038167938931295
P43243,MATR3,6,0.17938931297709923,15.410211048610579,0.9133006645012636,1.0763358778625953
P43304,GPD2,47,0.4844891992853662,18.600960434628526,0.2099936031102854,22.770992366412212
P43307,SSR1,3,0.30279898218829515,16.804719064935142,1.0126464614026407,0.9083969465648855
P43487,RANBP1,3,0.5063613231552163,18.832702914998695,0.8359063323879503,1.5190839694656488
P43490,NAMPT,29,0.5119768360094762,19.203429515372108,0.26135265857304263,14.84732824427481
P43686,PSMC4,15,0.5073791348600509,18.64518654819547,0.39085817911071696,7.6106870229007635
P43897,TSFM,9,0.457167090754877,18.147654275111336,0.5286397541241775,4.114503816793893
P45378,TNNT3,27,0.6242578456318915,21.925863956632906,0.29920199052348306,16.85496183206107
P45381,ASPA,12,0.3505089058524173,17.91025148490588,0.48938755669226747,4.206106870229007
P45877,PPIC,2,0.6946564885496184,18.084915149612975,0.7462926308388039,1.3893129770992367
P45880,VDAC2,26,0.7384028185554903,21.6618705592107,0.2738609500426135,19.198473282442748
P45954,ACADSB,15,0.5572519083969465,18.599312778420934,0.33017603111721994,8.358778625954198
P45974,USP5,43,0.5320433161725546,18.267729499212912,0.2318838501821419,22.87786259541985
P45984,MAPK9,6,0.2608142493638677,16.603428999360762,0.7921283357983677,1.5648854961832062
P45985,MAP2K4,11,0.42817487855655795,17.622339378687727,0.44837119084292354,4.709923664122138
P46020,PHKA1,67,0.5751395693289278,19.870168624221836,0.18551923073161355,38.534351145038165
P46060,RANGAP1,5,0.29923664122137406,16.12848478573962,0.773882740996676,1.4961832061068703
P46063,RECQL,6,0.22646310432569974,15.430383341222045,0.8121642516900273,1.3587786259541985
P46108,CRK,4,0.49809160305343514,16.619098653307027,0.6844833338930346,1.9923664122137406
P46109,CRKL,8,0.5906488549618321,19.169867922512605,0.5117391088291319,4.7251908396946565
P46199,MTIF2,4,0.22519083969465647,15.90363950391114,0.9977415564390567,0.9007633587786259
P46379,BAG6,11,0.21859819569743236,15.835937656516275,0.5945581866228274,2.404580152671756
P46459,NSF,27,0.4817642069550466,18.25134887695046,0.2862816060345057,13.007633587786259
P46527,CDKN1B,3,0.183206106870229,15.825987865450218,1.1331766478587346,0.549618320610687
P46734,MAP2K3,13,0.3899001761597181,17.553439466728783,0.4549415104161589,5.068702290076335
P46736,BRCC3,7,0.2966194111232279,16.292294527624318,0.6896180137757,2.0763358778625953
P46776,RPL27A,3,0.6310432569974554,20.461028936831784,0.5652533702635385,1.8931297709923665
P46777,RPL5,19,0.41301727601446364,17.024868609235696,0.3884383085890342,7.847328244274809
P46778,RPL21,4,0.4389312977099237,16.426108347662648,0.7508876807307496,1.7557251908396947
P46779,RPL28,5,0.4259541984732825,18.25760836007824,0.7773524730143712,2.1297709923664123
P46781,RPS9,14,0.29716466739367503,17.590179884909737,0.5149597427915239,4.1603053435114505
P46782,RPS5,9,0.5572519083969465,18.709117483170754,0.46227789977514,5.015267175572519
P46783,RPS10,3,0.47328244274809156,18.47188789601157,0.7926964041283628,1.4198473282442747
P46821,MAP1B,6,0.2430025445292621,14.383621667321846,0.8096116350014291,1.4580152671755726
P46926,GNPDA1,9,0.6709075487701441,19.30427306483503,0.43963285522473644,6.038167938931298
P46937,YAP1,3,0.2188295165394402,15.340133784816874,1.1087449351150838,0.6564885496183206
P46939,UTRN,9,0.05173876166242578,13.808144505360637,1.20390266498383,0.46564885496183206
P46940,IQGAP1,41,0.3247067585179669,16.62844174248696,0.24229756709695352,13.312977099236642
P46976,GYG1,22,0.5319222761970853,20.488409808646164,0.3583738532156171,11.702290076335878
P46977,STT3A,5,0.39236641221374047,16.848899420451534,0.7478802378445241,1.9618320610687023
P47755,CAPZA2,14,0.7808069792802617,21.2134344594163,0.34169195352544623,10.931297709923664
P47756,CAPZB,25,0.5981679389312977,19.549761334918433,0.2872756283971833,14.954198473282442
P47813,EIF1AX,2,0.41603053435114506,18.115333998773654,1.1584619275114403,0.8320610687022901
P47897,QARS1,40,0.4116412213740458,17.77398531641708,0.2505793174283388,16.46564885496183
P47914,RPL29,1,0.732824427480916,19.919450529601445,0.9561619845894616,0.732824427480916
P47985,UQCRFS1,5,0.7984732824427481,23.063691457242395,0.3765016784633697,3.9923664122137406
P48047,ATP5PO,23,0.6923332227016263,22.271066072894055,0.29707514199842383,15.923664122137405
P48059,LIMS1,10,0.4358778625954199,16.854823096687802,0.49872275247554365,4.358778625954199
P48147,PREP,76,0.6288670148654077,20.350929793200766,0.1773593350785365,47.79389312977099
P48163,ME1,32,0.5644083969465649,19.104579858199923,0.2664885914803198,18.061068702290076
P48426,PIP4K2A,2,0.14122137404580154,16.088662300986414,1.3279355619908069,0.2824427480916031
P48444,ARCN1,12,0.3085241730279898,16.167254839067198,0.5037620872449514,3.7022900763358777
P48449,LSS,19,0.43230212936922463,17.588891844219745,0.33828544302854024,8.213740458015268
P48454,PPP3CC,3,0.1679389312977099,15.696685809748637,1.1703018159794423,0.5038167938931297
P48506,GCLC,12,0.38231552162849874,16.640853477143335,0.4425071753070443,4.587786259541985
P48507,GCLM,11,0.45107564191533656,16.81131359728969,0.44425920905812216,4.961832061068702
P48509,CD151,4,0.4389312977099237,17.004860174364957,0.8458003382674312,1.7557251908396947
P48556,PSMD8,8,0.44179389312977096,19.687379162717637,0.673343052946937,3.5343511450381677
P48637,GSS,18,0.4906700593723494,17.99299747290942,0.3366156422281026,8.83206106870229
P48643,CCT5,43,0.4819811823184804,18.91803043776006,0.24478414705190027,20.72519083969466
P48681,NES,12,0.14631043256997456,15.621443784626743,0.7154250828293334,1.7557251908396947
P48735,IDH2,62,0.7423048510219158,23.106122793094677,0.19713986908654335,46.02290076335878
P48739,PITPNB,7,0.22246455834242093,15.738392011736872,0.7125705633507377,1.5572519083969465
P48788,TNNI2,22,0.6995142262317835,21.931453563289644,0.4173623800505679,15.389312977099237
P49006,MARCKSL1,2,0.20229007633587787,14.053266828687653,1.3097904460073762,0.40458015267175573
P49023,PXN,10,0.32213740458015266,15.91586669893387,0.5233203125591089,3.2213740458015265
P49137,MAPKAPK2,3,0.3893129770992367,16.28448335989873,0.8203548357702557,1.16793893129771
P49184,DNASE1L1,2,0.37786259541984735,16.22903887177532,1.0200570391737525,0.7557251908396947
P49189,ALDH9A1,41,0.7143921057531186,20.9622785423591,0.21950186816015685,29.290076335877863
P49207,RPL34,2,0.13358778625954199,17.00982815652073,1.3351678035767947,0.26717557251908397
P49247,RPIA,13,0.3024075161479742,17.229864327941748,0.4776097891903089,3.931297709923664
P49257,LMAN1,16,0.2810114503816794,17.477631504379694,0.46986657915757873,4.4961832061068705
P49327,FASN,98,0.03715532014332451,14.155941774209559,0.4839110697147906,3.6412213740458017
P49354,FNTA,9,0.6022052586938084,17.534775142882573,0.41424892535498853,5.419847328244275
P49366,DHPS,3,0.22900763358778628,15.50042029974195,1.0881774496510228,0.6870229007633588
P49368,CCT3,36,0.5778201865988125,19.35532247901786,0.23915940148874407,20.801526717557252
P49406,MRPL19,7,0.2911668484187568,16.498649836014266,0.6258186529180111,2.0381679389312977
P49407,ARRB1,3,0.3944020356234097,15.950322340639076,0.8594183738762322,1.183206106870229
P49411,TUFM,55,0.6968771686328938,21.280358382742747,0.19546796473892983,38.32824427480916
P49419,ALDH7A1,22,0.5447605829285218,18.170820768170053,0.29038928119430724,11.98473282442748
P49427,CDC34,2,0.5,17.551706967128734,1.0938328369834835,1
P49441,INPP1,4,0.4770992366412214,17.058340475778035,0.5680815075633397,1.9083969465648856
P49458,SRP9,4,0.6641221374045801,18.88871653835696,0.7026668823385691,2.6564885496183206
P49585,PCYT1A,6,0.3638676844783715,16.30856288087685,0.6689812431551588,2.183206106870229
P49588,AARS1,31,0.3036197980792908,16.86188927010936,0.3011899564438205,9.412213740458014
P49589,CARS1,14,0.35278080697928027,16.38456149088343,0.420415650052628,4.938931297709924
P49590,HARS2,4,0.4179389312977099,16.819958722927208,0.7105747610067191,1.6717557251908397
P49591,SARS1,15,0.44936386768447834,17.223898187494186,0.36246498671733196,6.740458015267175
P49593,PPM1F,6,0.3358778625954198,15.845835415470804,0.71852730481929,2.015267175572519
P49720,PSMB3,16,0.5772900763358778,19.220064425748657,0.3729255618145168,9.236641221374045
P49721,PSMB2,7,0.8124318429661941,21.099216583031446,0.5070099796177192,5.687022900763359
P49748,ACADVL,86,0.6771702467601632,21.83900275511334,0.15789963027232998,58.23664122137404
P49755,TMED10,9,0.40882103477523324,18.400404080995866,0.5767754439437861,3.6793893129770994
P49770,EIF2B2,4,0.3110687022900763,15.096595782635424,0.8042092744554112,1.2442748091603053
P49773,HINT1,20,0.7366412213740458,22.198101813480683,0.34949133719867864,14.732824427480915
P49789,FHIT,3,0.46564885496183206,16.3201885061436,0.8278610879229886,1.3969465648854962
P49821,NDUFV1,32,0.7072996183206107,21.069671737122512,0.24870638367045136,22.633587786259543
P49840,GSK3A,6,0.31679389312977096,16.567115530128252,0.6535859729188296,1.900763358778626
P49841,GSK3B,6,0.36005089058524176,16.72868874963895,0.549550272611831,2.1603053435114505
P49902,NT5C2,3,0.15521628498727735,15.493610931999083,1.1897091436880698,0.46564885496183206
P49903,SEPHS1,5,0.41679389312977094,16.356381715916942,0.608127867570571,2.0839694656488548
P49914,MTHFS,4,0.41030534351145037,16.50239618804551,0.7155420303732121,1.6412213740458015
P49915,GMPS,3,0.5216284987277354,17.155284022667594,0.815651291438487,1.5648854961832062
P50148,GNAQ,1,0.3435114503816794,17.135806915796888,1.298345154677429,0.3435114503816794
P50213,IDH3A,34,0.5752132914234396,20.345919118058976,0.29008136279245506,19.557251908396946
P50238,CRIP1,9,0.39525021204410515,17.22872945688443,0.5333991687553844,3.5572519083969465
P50395,GDI2,36,0.566793893129771,19.915223833081797,0.258181019479869,20.404580152671755
P50402,EMD,6,0.44783715012722647,16.862766565654717,0.6141316592545042,2.687022900763359
P50440,GATM,10,0.21374045801526717,16.2301867573713,0.6449367582839748,2.1374045801526718
P50453,SERPINB9,2,0.25572519083969464,15.570685809443775,1.202231281363336,0.5114503816793893
P50454,SERPINH1,10,0.14580152671755725,15.43305813416063,0.8066877610581548,1.4580152671755726
P50461,CSRP3,23,0.7769664785927646,22.80913431042205,0.29716020927592424,17.870229007633586
P50542,PEX5,2,0.44656488549618323,15.027191372461225,0.975481436753095,0.8931297709923665
P50552,VASP,6,0.24173027989821882,15.203852869700851,0.8316232764442757,1.450381679389313
P50570,DNM2,14,0.42857142857142855,16.866352217695344,0.39839382941206825,6
P50579,METAP2,18,0.4359626802374894,17.033353499559535,0.3329008844122991,7.847328244274809
P50583,NUDT2,5,0.6030534351145038,17.640546060168216,0.5496282126281864,3.015267175572519
P50747,HLCS,4,0.4751908396946565,16.762971982654104,0.7325335439398069,1.900763358778626
P50897,PPT1,1,0.5190839694656488,16.96399455795278,1.153309090743422,0.5190839694656488
P50914,RPL14,7,0.5190839694656488,18.702013374061387,0.5692738482939834,3.633587786259542
P50990,CCT8,52,0.593364650616559,19.21396765991496,0.196933393095194,30.85496183206107
P50991,CCT4,39,0.5137991779213154,18.75672224965569,0.2370588705611614,20.0381679389313
P50993,ATP1A2,45,0.5080576759966072,19.15211823153346,0.2328686622287626,22.862595419847327
P50995,ANXA11,31,0.6138882048756464,19.539797243815936,0.26809647493843763,19.03053435114504
P51114,FXR1,16,0.41650763358778625,16.916484584032204,0.3924089646494126,6.66412213740458
P51148,RAB5C,5,0.17099236641221374,15.941599868156795,0.9101921597733157,0.8549618320610687
P51149,RAB7A,17,0.6412213740458015,20.494685529572966,0.363654379229554,10.900763358778626
P51151,RAB9A,2,0.30916030534351147,14.931033943116379,1.1629914999315036,0.6183206106870229
P51398,DAP3,5,0.1786259541984733,16.055214710780664,0.8946175382929078,0.8931297709923665
P51452,DUSP3,17,0.5316569375841941,20.05923142787263,0.3637173681684204,9.038167938931299
P51553,IDH3G,21,0.6023264267539077,20.05957641632059,0.31125711986979715,12.648854961832061
P51570,GALK1,11,0.44829979181124224,17.90276433054719,0.4468818781202974,4.931297709923665
P51571,SSR4,5,0.37709923664122136,16.332006652301942,0.6748699531521348,1.8854961832061068
P51572,BCAP31,16,0.2566793893129771,16.963027751103375,0.49551162491282125,4.106870229007634
P51580,TPMT,1,0.25190839694656486,14.803489850321188,1.4628619281608388,0.25190839694656486
P51589,CYP2J2,6,0.183206106870229,15.471340374169124,0.764697660847835,1.099236641221374
P51608,MECP2,9,0.2553011026293469,15.803420486560153,0.5963178660886429,2.2977099236641223
P51636,CAV2,3,0.5241730279898219,16.926864470455808,0.7244826628137642,1.5725190839694656
P51648,ALDH3A2,18,0.5390161153519932,17.928433999482966,0.30774929604349005,9.702290076335878
P51649,ALDH5A1,31,0.6151194287121399,20.220082086585446,0.26641685074069854,19.068702290076335
P51659,HSD17B4,20,0.47404580152671755,16.867433355833647,0.30253784963430874,9.48091603053435
P51665,PSMD7,14,0.4558342420937841,18.423463028410012,0.45999771666774375,6.3816793893129775
P51668,UBE2D1,1,0.44274809160305345,19.455005128769827,1.184039224440405,0.44274809160305345
P51687,SUOX,15,0.4610687022900763,17.48006020074011,0.41062257653822193,6.916030534351145
P51692,STAT5B,4,0.5687022900763359,16.66920734098125,0.537313043224035,2.2748091603053435
P51809,VAMP7,1,0.5114503816793893,16.2093780195849,1.1776777365290523,0.5114503816793893
P51812,RPS6KA3,24,0.6055979643765903,18.86060105536077,0.28011123743635724,14.534351145038167
P51858,HDGF,17,0.5913785361472833,18.653279860673067,0.36673670986045104,10.053435114503817
P51884,LUM,25,0.6534351145038169,20.396885629427782,0.26912706379997386,16.33587786259542
P51888,PRELP,27,0.33842239185750633,18.067728635970465,0.33667698022891274,9.13740458015267
P51911,CNN1,13,0.14679976512037582,15.962520286531472,0.7783556550972882,1.9083969465648856
P51970,NDUFA8,18,0.6306191687871077,19.747224099242338,0.3369861442895287,11.351145038167939
P51991,HNRNPA3,11,0.296321998612075,16.911928620002946,0.49267590156228314,3.2595419847328246
P52179,MYOM1,168,0.6324972737186477,20.476496110923552,0.11332912006989174,106.25954198473282
P52209,PGD,24,0.546437659033079,19.00087272110754,0.31218596117613784,13.114503816793894
P52272,HNRNPM,15,0.23969465648854962,16.194251272243765,0.5205786226141441,3.595419847328244
P52294,KPNA1,9,0.4724342663273961,17.89121669656338,0.47201532432923987,4.251908396946565
P52434,POLR2H,6,0.21501272264631044,15.52784845540202,0.843987742047354,1.2900763358778626
P52564,MAP2K6,23,0.4975107865914371,18.9623866439267,0.312783474550385,11.442748091603054
P52565,ARHGDIA,8,0.6965648854961832,20.708167252437903,0.4886519355940405,5.572519083969466
P52594,AGFG1,3,0.544529262086514,15.485802907178321,0.6577962934119682,1.633587786259542
P52597,HNRNPF,4,0.41603053435114506,15.72356157095111,0.6585768705394678,1.6641221374045803
P52758,RIDA,5,0.8030534351145038,22.207503116642524,0.4347704459418907,4.015267175572519
P52788,SMS,10,0.3450381679389313,17.06087289606987,0.5034167748926344,3.450381679389313
P52789,HK2,10,0.25267175572519085,16.097259421299196,0.5332807815484458,2.5267175572519083
P52815,MRPL12,5,0.5114503816793893,18.19270155603046,0.6239940234980461,2.5572519083969465
P52888,THOP1,16,0.2838740458015267,16.427640213403844,0.42365043046648193,4.541984732824427
P52895,AKR1C2,7,0.25627044711014174,17.158790590092465,0.7329599211859728,1.7938931297709924
P52907,CAPZA1,9,0.4079728583545377,16.37136274741534,0.5291367791828063,3.6717557251908395
P52943,CRIP2,12,0.7080152671755725,18.86724104069299,0.31919067255479666,8.49618320610687
P53004,BLVRA,9,0.6607294317217982,19.970851528522697,0.4922229700536948,5.9465648854961835
P53041,PPP5C,19,0.4182402571313781,17.794423359267935,0.3683712014844321,7.9465648854961835
P53367,ARFIP1,1,0.3435114503816794,15.370183405357388,1.3561817051501555,0.3435114503816794
P53384,NUBP1,3,0.6615776081424937,17.813634845276535,0.7485393074131939,1.984732824427481
P53396,ACLY,15,0.17404580152671756,16.175900334128006,0.5890146864170653,2.6106870229007635
P53582,METAP1,8,0.31583969465648853,16.106362140751497,0.6173369076241101,2.5267175572519083
P53597,SUCLG1,19,0.7259943752511049,21.89294467997228,0.34062599351912587,13.793893129770993
P53602,MVD,1,0.8244274809160306,16.691702010398505,0.8973391732194396,0.8244274809160306
P53618,COPB1,16,0.32013358778625955,16.009923690897587,0.41135752194264996,5.122137404580153
P53621,COPA,16,0.32633587786259544,16.31805672936038,0.41116270795534415,5.221374045801527
P53634,CTSC,3,0.11959287531806616,15.39378508324195,1.266772316510615,0.35877862595419846
P53701,HCCS,9,0.51653944020356235,17.115964596541083,0.4714648779212486,4.648854961832061
P53778,MAPK12,16,0.428912213740458,18.409235313820922,0.3954123499128084,6.862595419847328
P53814,SMTN,7,0.33369683751363144,17.804280004285662,0.6800368194299605,2.33587786259542
P53985,SLC16A1,6,0.47837150127226463,18.221332726051386,0.5645585723723862,2.8702290076335877
P53990,IST1,10,0.43664122137404576,17.893104759415028,0.4876064050340937,4.366412213740458
P53992,SEC24C,9,0.40966921119592875,16.398660364758527,0.42965733294508385,3.687022900763359
P53999,SUB1,4,0.601145038167939,19.09410415747891,0.6468510011490495,2.404580152671756
P54105,CLNS1A,2,0.1984732824427481,16.37214067382131,1.3106291017862328,0.3969465648854962
P54136,RARS1,27,0.5021204410517387,17.885070873152614,0.2922520538639572,13.557251908396946
P54289,CACNA2D1,64,0.5871898854961832,19.088446808377693,0.17494380345936336,37.58015267175573
P54296,MYOM2,178,0.6831203362209451,21.560092415638778,0.11527722465014933,121.59541984732824
P54577,YARS1,14,0.3964013086150491,16.529557953626128,0.42211825171953704,5.549618320610687
P54578,USP14,41,0.48817724818469554,18.685329741258563,0.23383832213588623,20.015267175572518
P54619,PRKAG1,12,0.5623409669211196,18.740356002631938,0.442153289063755,6.748091603053435
P54646,PRKAA2,18,0.5042408821034775,18.386766779903496,0.3253989316352784,9.076335877862595
P54652,HSPA2,42,0.6468556888404217,20.757950134924428,0.2208431036611362,27.16793893129771
P54725,RAD23A,13,0.4862008220786847,18.319273331350264,0.40899319645747734,6.320610687022901
P54727,RAD23B,11,0.5336571825121443,18.999430826902735,0.4707889289257201,5.870229007633588
P54819,AK2,29,0.5201368781258225,19.89564062516671,0.3007262749797745,15.083969465648854
P54868,HMGCS2,5,0.08396946564885496,15.12849912782537,1.1998717874872211,0.4198473282442748
P54920,NAPA,25,0.5083969465648854,18.998294973144237,0.29425821214622855,12.709923664122137
P55010,EIF5,24,0.4487913486005089,18.347079225650006,0.3162692056800112,10.770992366412214
P55036,PSMD4,15,0.500763358778626,18.173113214738407,0.371794889888245,7.511450381679389
P55039,DRG2,12,0.41475826972010177,16.975025850670193,0.4414325083305123,4.977099236641221
P55042,RRAD,5,0.22900763358778625,17.019197772665407,0.581461834841199,1.1450381679389312
P55060,CSE1L,40,0.5337786259541984,17.949263897484535,0.22967382385227753,21.35114503816794
P55061,TMBIM6,2,0.2099236641221374,15.899725986636476,1.2658701465882463,0.4198473282442748
P55072,VCP,83,0.5887979398510071,19.712154227314187,0.1629760493916025,48.87022900763359
P55084,HADHB,63,0.6115351993214588,21.247097656862394,0.2151626967006543,38.52671755725191
P55087,AQP4,2,0.2480916030534351,15.064975566049343,1.2246891534324111,0.4961832061068702
P55209,NAP1L1,4,0.75,19.893384683337135,0.6028966613029377,3
P55263,ADK,18,0.47370653095843934,17.690152561744753,0.3421719674354528,8.526717557251908
P55268,LAMB2,40,0.27786259541984737,15.810441208265264,0.2618895456585023,11.114503816793894
P55290,CDH13,24,0.5470737913486005,19.446238877857706,0.29005260988985304,13.129770992366412
P55327,TPD52,2,0.3893129770992366,16.276747361133637,1.0670894592972286,0.7786259541984732
P55735,SEC13,5,0.4961832061068702,17.593811503747705,0.6647394486917262,2.480916030534351
P55769,SNU13,2,0.5534351145038168,18.20311043467559,1.0974368729786534,1.1068702290076335
P55786,NPEPPS,58,0.6191102921821532,21.01887559655508,0.1902473273612311,35.908396946564885
P55789,GFER,3,0.26463104325699743,15.67477206837451,1.04181775860015,0.7938931297709924
P55795,HNRNPH2,5,0.11908396946564885,15.588600635818633,1.0632248452784407,0.5954198473282443
P55809,OXCT1,12,0.282442748091603,16.275639468490112,0.5107788478673111,3.3893129770992365
P55822,SH3BGR,12,0.6622137404580153,21.11623851955615,0.4041532062235578,7.9465648854961835
P55884,EIF3B,16,0.3993320610687023,17.58432611240439,0.4253171245065113,6.3893129770992365
P55899,FCGRT,1,0.5725190839694656,16.540193355496914,1.1162935006055679,0.5725190839694656
P56134,ATP5MF,5,0.916030534351145,22.261636422030485,0.47806383920365836,4.580152671755725
P56181,NDUFV3,5,0.648854961832061,18.72260220764042,0.6176735239582356,3.2442748091603053
P56192,MARS1,9,0.22900763358778628,15.90024305447513,0.5863976421026685,2.0610687022900764
P56199,ITGA1,8,0.21946564885496184,15.436969135990916,0.6967342139184615,1.7557251908396947
P56211,ARPP19,5,0.39389312977099233,17.321211514221645,0.7569381554421264,1.9694656488549618
P56277,CMC4,3,0.0916030534351145,14.972369244797227,1.32562574666091,0.2748091603053435
P56378,ATP5MPL,5,0.5435114503816794,20.650129060818678,0.8242031447428514,2.717557251908397
P56385,ATP5ME,9,0.6743002544529262,21.954000899655714,0.5629645138139735,6.068702290076335
P56537,EIF6,7,0.4100327153762268,17.576006581143588,0.5892543197592199,2.8702290076335877
P56539,CAV3,6,0.40330788804071244,17.52751451345568,0.6765639473492556,2.4198473282442747
P56556,NDUFA6,13,0.7457428068115092,21.32163717333956,0.4143568968545524,9.694656488549619
P56945,BCAR1,2,0.4732824427480916,15.247071915241218,0.8421053619811282,0.9465648854961832
P57105,SYNJ2BP,7,0.7044711014176663,19.465603038984785,0.4245252041210193,4.931297709923665
P57721,PCBP3,1,0.5877862595419847,17.88172293800917,1.0812910892981307,0.5877862595419847
P57737,CORO7,1,0.3053435114503817,15.032004967553558,1.4031746021982092,0.3053435114503817
P57772,EEFSEC,5,0.20152671755725188,15.192477673454576,0.9180370792171946,1.0076335877862594
P58511,SMIM11A,1,0.3282442748091603,16.56342663709831,1.328826488164005,0.3282442748091603
P58546,MTPN,12,0.5069974554707379,18.896073968817063,0.47216909109954297,6.083969465648855
P59768,GNG2,2,0.17938931297709923,16.129304984106636,1.25594484243481,0.35877862595419846
P59998,ARPC4,4,0.5954198473282443,19.169560028318966,0.6349529821432848,2.381679389312977
P60033,CD81,3,0.5623409669211196,18.40101350790517,0.7198102120486497,1.6870229007633588
P60174,TPI1,46,0.8162960504480583,25.58970320094498,0.20925843776724554,37.54961832061068
P60228,EIF3E,16,0.3902671755725191,17.36879053496796,0.3995688185901284,6.244274809160306
P60468,SEC61B,2,0.2824427480916031,15.451854167327593,1.1600466238232277,0.5648854961832062
P60520,GABARAPL2,3,0.7480916030534351,18.73291419778381,0.7013494152620838,2.2442748091603053
P60602,ROMO1,3,0.7099236641221375,20.766222373573665,0.7377109525072645,2.1297709923664123
P60660,MYL6,11,0.45246356696738377,20.449191290576493,0.5503850780297768,4.977099236641221
P60842,EIF4A1,14,0.4318429661941113,17.654420686427123,0.3932974959610976,6.0458015267175576
P60866,RPS20,5,0.8992366412213741,21.628828476693364,0.45572857112019943,4.4961832061068705
P60891,PRPS1,7,0.6423118865866958,18.891952905842725,0.47503472915264155,4.4961832061068705
P60900,PSMA6,23,0.6807168934616661,20.17004772250764,0.2873813758181778,15.65648854961832
P60903,S100A10,4,0.44656488549618323,20.2415786276421,0.7516694593457106,1.786259541984733
P60953,CDC42,13,0.6664709336465062,20.537887707318895,0.3721393680451215,8.664122137404581
P60981,DSTN,10,0.5381679389312978,18.572530381573706,0.40233136728944446,5.3816793893129775
P60983,GMFB,3,0.18575063613231554,16.79643707499918,1.1250821149315522,0.5572519083969466
P61009,SPCS3,2,0.4389312977099237,16.981075909838534,1.0101937029426722,0.8778625954198473
P61011,SRP54,2,0.2786259541984733,16.527238475405014,1.1967003057898424,0.5572519083969466
P61019,RAB2A,9,0.5784563189143341,19.062355403579193,0.4510473845464121,5.206106870229007
P61020,RAB5B,7,0.5441657579062159,17.964199088602868,0.5026005964732599,3.8091603053435112
P61026,RAB10,11,0.7057598889659958,19.413401346587065,0.38208678621336795,7.763358778625954
P61077,UBE2D3,1,0.9236641221374046,23.296728900455737,0.8142191691283519,0.9236641221374046
P61081,UBE2M,8,0.8587786259541985,20.486917653677498,0.3584118810853805,6.870229007633588
P61086,UBE2K,9,0.5521628498727735,18.51686698004893,0.4875679087064148,4.969465648854962
P61088,UBE2N,6,0.6781170483460559,21.130161902853935,0.6245417488420006,4.068702290076335
P61106,RAB14,16,0.3573473282442748,17.57571602572747,0.39184978137887466,5.717557251908397
P61158,ACTR3,16,0.41412213740458015,17.700076559428734,0.38232251102143766,6.625954198473282
P61160,ACTR2,14,0.47055616139585604,17.759511702972535,0.43223873879942915,6.587786259541985
P61163,ACTR1A,12,0.4707379134860051,17.916828067254514,0.43062091959611976,5.648854961832061
P61201,COPS2,29,0.5164516978152145,18.680806054399742,0.28296167359258356,14.977099236641221
P61221,ABCE1,22,0.3705759888965996,17.2371375687518,0.3592044334775711,8.15267175572519
P61224,RAP1B,3,0.24427480916030533,16.06096161884773,0.990928699804775,0.732824427480916
P61225,RAP2B,3,0.1984732824427481,15.49505752249788,1.1150375620094322,0.5954198473282443
P61247,RPS3A,22,0.5284524635669674,19.269140265084477,0.3349153250144349,11.625954198473282
P61313,RPL15,6,0.4618320610687023,17.486080556701086,0.6105318955620284,2.7709923664122136
P61353,RPL27,7,0.38604143947655395,17.658017268427898,0.6701002069133786,2.7022900763358777
P61421,ATP6V0D1,1,0.6717557251908397,19.209336289270905,1.0046140205322676,0.6717557251908397
P61457,PCBD1,11,0.5586398334489938,19.346491948773505,0.4117009900391161,6.145038167938932
P61513,RPL37A,5,0.5083969465648855,16.564593136250707,0.6114792842411059,2.5419847328244276
P61586,RHOA,8,0.5438931297709924,19.256506087109976,0.5488134476632056,4.351145038167939
P61604,HSPE1,10,0.6175572519083969,21.770771154788193,0.4210098077257492,6.175572519083969
P61758,VBP1,9,0.6522476675148431,19.14929435810186,0.4915522481201842,5.870229007633588
P61769,B2M,4,0.5019083969465649,20.478278494422128,0.8747059523187275,2.0076335877862594
P61803,DAD1,2,0.4847328244274809,17.31360456726418,0.8093633459325573,0.9694656488549618
P61916,NPC2,2,0.683206106870229,17.341738438779636,0.7910189999307551,1.366412213740458
P61923,COPZ1,4,0.1297709923664122,15.630230536429304,1.1279449865755897,0.5190839694656488
P61925,PKIA,7,0.6521264994547437,18.397312266941327,0.45453444480201294,4.564885496183206
P61956,SUMO2,1,0.25190839694656486,15.443963825320102,1.4411476800814609,0.25190839694656486
P61960,UFM1,3,0.46055979643765904,18.307898833843034,0.8839127712992989,1.381679389312977
P61962,DCAF7,2,0.21374045801526717,15.610284237433799,1.2617043199135742,0.42748091603053434
P61970,NUTF2,18,0.595843935538592,20.433509763350656,0.4030783035653934,10.725190839694656
P61978,HNRNPK,26,0.5569583088667058,18.919426720604406,0.27444886730686463,14.48091603053435
P61981,YWHAG,17,0.75482712168837,22.21498003002981,0.3417223148739362,12.83206106870229
P62070,RRAS2,11,0.3164469118667592,16.930369672970098,0.46925826633637574,3.480916030534351
P62072,TIMM10,7,0.3478735005452563,17.35717494843247,0.626325325667502,2.435114503816794
P62081,RPS7,7,0.6259541984732825,18.580321515673784,0.5072323959722005,4.3816793893129775
P62136,PPP1CA,1,0.9770992366412213,19.621051133004997,0.7653667563609513,0.9770992366412213
P62140,PPP1CB,7,0.7393675027262814,20.96853241837717,0.563297997158726,5.175572519083969
P62191,PSMC1,24,0.4704198473282443,18.445142368772608,0.32342606076834673,11.290076335877863
P62195,PSMC5,31,0.506032996798818,18.601297622283234,0.27034372722308714,15.687022900763358
P62241,RPS8,10,0.7236641221374046,20.28334122143142,0.3984436000320085,7.236641221374046
P62244,RPS15A,10,0.4106870229007634,18.56076391586347,0.5629109365797317,4.106870229007634
P62249,RPS16,10,0.5854961832061069,18.800934332030717,0.5064235321677149,5.854961832061068
P62253,UBE2G1,7,0.41657579062159217,16.522402097471637,0.5842757315684486,2.9160305343511452
P62256,UBE2H,1,0.6641221374045801,17.83249975212323,1.019782184854864,0.6641221374045801
P62258,YWHAE,43,0.679744363571809,21.158673810814058,0.22917018601249567,29.229007633587788
P62263,RPS14,6,0.594147582697201,19.154208571247757,0.6085619742351561,3.564885496183206
P62266,RPS23,6,0.5279898218829516,18.528129250861262,0.5858066129915027,3.16793893129771
P62269,RPS18,11,0.7404580152671756,20.46599915243629,0.3755884514300681,8.145038167938932
P62277,RPS13,8,0.6784351145038168,19.692757823189275,0.46071471482484044,5.427480916030534
P62280,RPS11,12,0.4262086513994911,18.459345243812052,0.48825261126766056,5.114503816793893
P62312,LSM6,3,0.5928753180661578,18.448307460445253,0.6782636738153677,1.7786259541984732
P62314,SNRPD1,3,0.30788804071246817,17.324047202300815,1.0562770907753016,0.9236641221374046
P62316,SNRPD2,3,0.42493638676844786,17.034763272641047,0.7197244201966034,1.2748091603053435
P62318,SNRPD3,5,0.5786259541984733,18.158680277958133,0.6115713403368441,2.8931297709923665
P62328,TMSB4X,2,0.7290076335877863,23.491855155619106,1.1818111292383437,1.4580152671755726
P62330,ARF6,4,0.3549618320610687,17.53406245962937,0.8899471355899282,1.4198473282442747
P62333,PSMC6,30,0.5414758269720102,18.521970292347696,0.2628553102580758,16.244274809160306
P62424,RPL7A,10,0.6816793893129771,19.2893670205803,0.41087463717810413,6.816793893129771
P62487,POLR2G,1,0.7557251908396947,16.509508359385418,0.9582044891606514,0.7557251908396947
P62495,ETF1,20,0.3622137404580153,16.83405753347646,0.3522201614257424,7.244274809160306
P62633,CNBP,12,0.5222646310432569,17.510365780401813,0.4124516714658057,6.267175572519084
P62701,RPS4X,11,0.556557945870923,19.459408033222484,0.42240782649798286,6.122137404580153
P62714,PPP2CB,2,0.5152671755725191,17.81595603270612,0.9491457702844572,1.0305343511450382
P62750,RPL23A,8,0.5858778625954199,18.52123198368163,0.5095135926292327,4.687022900763359
P62753,RPS6,14,0.44711014176663033,18.612608803603333,0.4091216747816148,6.259541984732825
P62805,H4C1,15,0.6529262086513995,20.831189871196912,0.36320053465604146,9.793893129770993
P62820,RAB1A,4,0.6259541984732825,17.268040523129503,0.6338267670552352,2.50381679389313
P62826,RAN,15,0.7338422391857506,21.394124071665043,0.3472543332236166,11.007633587786259
P62829,RPL23,9,0.4868532654792197,19.154329148809854,0.5952883195584046,4.3816793893129775
P62834,RAP1A,3,0.5623409669211196,18.178677608746046,0.7000288523614316,1.6870229007633588
P62841,RPS15,4,0.41412213740458015,17.279590792195737,0.8408645646259373,1.6564885496183206
P62847,RPS24,8,0.38263358778625955,18.306671763128836,0.6422982479763565,3.0610687022900764
P62851,RPS25,4,0.31297709923664124,19.161127742280925,0.7541140682995097,1.251908396946565
P62857,RPS28,5,0.6259541984732825,19.49277410510978,0.7083958723389938,3.1297709923664123
P62873,GNB1,6,0.4847328244274809,18.270122306224046,0.5940643370314883,2.9083969465648853
P62877,RBX1,4,0.5477099236641222,16.627168180685768,0.6957634847855724,2.1908396946564888
P62879,GNB2,4,0.8206106870229007,20.204024351334176,0.5587038847523118,3.282442748091603
P62888,RPL30,7,0.5714285714285714,18.924120387844052,0.4714683847345845,4
P62899,RPL31,4,0.5419847328244275,19.2901412923722,0.7222849480253746,2.16793893129771
P62906,RPL10A,16,0.4618320610687023,18.512771485317305,0.40313533961427434,7.3893129770992365
P62910,RPL32,5,0.46106870229007635,18.270260327997324,0.752615656753857,2.3053435114503817
P62913,RPL11,6,0.27989821882951654,16.872618288730074,0.7844528476922187,1.6793893129770991
P62917,RPL8,6,0.6030534351145038,18.91166383315388,0.5301915468871066,3.618320610687023
P62937,PPIA,17,0.7153120790300853,23.765739262239098,0.39096466074414865,12.16030534351145
P62942,FKBP1A,14,0.5512540894220284,18.711780517516598,0.4142665862998551,7.717557251908397
P62979,RPS27A,4,0.3950381679389313,19.111462045071686,0.976279564871728,1.5801526717557253
P62993,GRB2,11,0.6564885496183206,19.425772795119247,0.3676489162737922,7.221374045801527
P62995,TRA2B,1,0.48854961832061067,16.864112794820198,1.181500066156228,0.48854961832061067
P63000,RAC1,5,0.5358778625954199,19.47907393773303,0.7521951130147763,2.6793893129770994
P63010,AP2B1,11,0.4066620402498265,16.927594797778873,0.4552189492369984,4.473282442748092
P63027,VAMP2,2,0.5992366412213741,16.93608009581627,1.0081628009691195,1.1984732824427482
P63096,GNAI1,2,0.3320610687022901,15.725387617630265,1.1257399536658064,0.6641221374045801
P63098,PPP3R1,7,0.623773173391494,19.019733909248668,0.48783243927227654,4.366412213740458
P63104,YWHAZ,20,0.5614503816793893,19.261255581397023,0.32670979892307994,11.229007633587786
P63146,UBE2B,1,0.9618320610687023,20.85508155664468,0.7776797004411179,0.9618320610687023
P63151,PPP2R2A,10,0.42671755725190835,18.956842097716063,0.49347345131541975,4.267175572519084
P63172,DYNLT1,4,0.648854961832061,17.730254703126253,0.6778813495350597,2.595419847328244
P63173,RPL38,2,0.8740458015267175,21.428015443122717,0.5800371217757334,1.748091603053435
P63208,SKP1,16,0.4756679389312977,17.76288867994737,0.3879886657306335,7.6106870229007635
P63220,RPS21,9,0.4605597964376591,18.81237121026027,0.5493666557788774,4.145038167938932
P63241,EIF5A,5,0.851908396946565,21.787823676019627,0.4544089561701529,4.259541984732825
P63244,RACK1,19,0.5271193250301326,19.32036733115319,0.36187861399717064,10.01526717557252
P63279,UBE2I,5,0.566412213740458,20.59955572075682,0.6655571405567332,2.83206106870229
P63302,SELENOW,4,0.6183206106870229,18.67565666615088,0.5930289495913528,2.4732824427480917
P63313,TMSB10,2,0.5610687022900763,19.6927987215225,1.128227979294667,1.1221374045801527
P63316,TNNC1,26,0.5120375807398708,20.043022183040495,0.3069689510350408,13.312977099236642
P67775,PPP2CA,3,0.5979643765903307,17.696733353164557,0.7916337628125673,1.7938931297709924
P67809,YBX1,8,0.5725190839694656,16.14104336513348,0.40079431190598797,4.580152671755725
P67812,SEC11A,4,0.44083969465648853,16.926031407023384,0.7962504511878352,1.7633587786259541
P67870,CSNK2B,4,0.5763358778625954,18.166511254432546,0.68188727729888,2.3053435114503817
P67936,TPM4,11,0.41568355308813326,18.490712933940873,0.5627963997702924,4.572519083969466
P68036,UBE2L3,5,0.6549618320610687,20.30589945878673,0.6444503396150892,3.2748091603053435
P68133,ACTA1,14,0.47600872410032713,20.47392430485828,0.5276690658066153,6.66412213740458
P68366,TUBA4A,6,0.9198473282442748,23.95600375856603,0.4005872226909357,5.519083969465649
P68371,TUBB4B,2,0.767175572519084,23.369562452333632,0.7763010894658039,1.534351145038168
P68400,CSNK2A1,2,0.1450381679389313,15.195978490934182,1.3540520380994538,0.2900763358778626
P68402,PAFAH1B2,3,0.48091603053435117,18.337903711869505,0.7923731030783664,1.4427480916030535
P78318,IGBP1,8,0.5801526717557252,16.497922557899855,0.46430935690683456,4.641221374045801
P78344,EIF4G2,12,0.3994910941475827,17.464993717283253,0.45708414497419525,4.793893129770993
P78347,GTF2I,3,0.11959287531806616,15.038561242869749,1.2568050259739842,0.35877862595419846
P78356,PIP4K2B,7,0.39694656488549623,16.583623133611948,0.5582122801796756,2.7786259541984735
P78371,CCT2,48,0.48966284987277353,18.572335324614567,0.21778341593583436,23.50381679389313
P78417,GSTO1,19,0.6223382884692648,21.38902594370467,0.3396549316424907,11.82442748091603
P78527,PRKDC,15,0.2697201017811705,16.099942333740177,0.4410186347225751,4.0458015267175576
P78560,CRADD,5,0.3007633587786259,16.14648261017009,0.7876322143155688,1.5038167938931297
P79483,HLA-DRB3,1,0.3969465648854962,17.74518656589215,1.239552349136882,0.3969465648854962
P80188,LCN2,2,0.22519083969465647,15.523624502404534,1.200230601312673,0.45038167938931295
P80723,BASP1,11,0.13115891741845942,13.582650995152273,0.9922293207247035,1.4427480916030535
P82650,MRPS22,7,0.2878953107960741,16.715521603746005,0.6978518370904229,2.015267175572519
P82663,MRPS25,6,0.29389312977099236,16.17429237914708,0.7527642433177786,1.7633587786259541
P82664,MRPS10,3,0.17302798982188294,15.556261539942298,1.1508023266193885,0.5190839694656488
P82673,MRPS35,7,0.38058887677208286,15.75093486723644,0.5879178435594105,2.66412213740458
P82675,MRPS5,5,0.07633587786259542,14.48112388500048,1.2033028327680946,0.3816793893129771
P82909,MRPS36,10,0.48091603053435117,18.956481456993245,0.5585007296796989,4.809160305343512
P82912,MRPS11,2,0.4351145038167939,16.13306622711149,0.9386662550595083,0.8702290076335878
P82914,MRPS15,2,0.16793893129770993,15.960482524254312,1.3131563252389167,0.33587786259541985
P82921,MRPS21,3,0.3893129770992367,16.574061115409915,0.8464721762523743,1.16793893129771
P82930,MRPS34,6,0.3231552162849873,15.372368732336074,0.6429916893435189,1.9389312977099236
P82933,MRPS9,4,0.4599236641221374,16.604117550623048,0.7576897730147805,1.8396946564885497
P82979,SARNP,3,0.5089058524173028,15.260749515906772,0.6954773978239432,1.5267175572519085
P83111,LACTB,28,0.41466739367502725,18.519222112731388,0.3072126735903274,11.610687022900763
P83731,RPL24,6,0.31679389312977096,17.441042874244527,0.7364782448193686,1.900763358778626
P84022,SMAD3,2,0.31679389312977096,16.298507440950097,1.1711676753188698,0.6335877862595419
P84085,ARF5,5,0.35572519083969467,16.71744112923564,0.7675855941703136,1.7786259541984732
P84090,ERH,3,0.3460559796437659,16.464528886095607,0.9662352337601804,1.0381679389312977
P84095,RHOG,5,0.3740458015267175,16.100445151512115,0.5545501474850475,1.8702290076335877
P84098,RPL19,5,0.3709923664122138,17.610971048344492,0.8221155347719624,1.8549618320610688
P84103,SRSF3,2,0.3549618320610687,18.060882966874647,1.1311008528119062,0.7099236641221374
P84157,MXRA7,4,0.5076335877862596,15.939787152080818,0.5838427748353748,2.030534351145038
P98095,FBLN2,11,0.29770992366412213,15.500026001427473,0.5550193015805747,3.2748091603053435
P98160,HSPG2,137,0.4046915919095113,17.462254397937993,0.13525642966341567,55.44274809160305
P98194,ATP2C1,1,0.4580152671755725,15.047441231537782,1.2561186575724748,0.4580152671755725
P99999,CYCS,12,0.5585241730279898,22.41424687920207,0.6271098752209915,6.702290076335878
Q00059,TFAM,12,0.5133587786259542,18.157290132849987,0.4200105773504602,6.1603053435114505
Q00169,PITPNA,9,0.3282442748091603,16.35113203375628,0.5785466388488101,2.954198473282443
Q00325,SLC25A3,27,0.6737348035057958,21.895086230700525,0.3149246338166832,18.19083969465649
Q00341,HDLBP,11,0.238029146426093,16.20803406999383,0.5632731736102362,2.618320610687023
Q00535,CDK5,3,0.20865139949109415,15.349247233608187,1.115091719534504,0.6259541984732825
Q00577,PURA,8,0.5286259541984732,17.08197088851406,0.44259587996055383,4.229007633587786
Q00610,CLTC,44,0.4835183900069396,17.864853828745062,0.21088109785470724,21.27480916030534
Q00688,FKBP3,16,0.8015267175572519,22.786433953458438,0.2789521599910011,12.82442748091603
Q00765,REEP5,9,0.5971162001696353,20.66451127049564,0.5426653846036308,5.374045801526718
Q00796,SORD,10,0.3114503816793893,16.70622946116195,0.5562537314643546,3.114503816793893
Q00839,HNRNPU,18,0.46225614927905007,17.335174396519793,0.33893403143107675,8.320610687022901
Q00872,MYBPC1,131,0.7092826758347416,22.095865985779383,0.12582859629058418,92.91603053435115
Q00G26,PLIN5,22,0.467383761276891,17.429361156044468,0.2803511173240875,10.282442748091603
Q01082,SPTBN1,79,0.2307469320707315,15.939580655275764,0.18159601391000305,18.229007633587788
Q01085,TIAL1,2,0.46946564885496184,16.911979395573166,0.9200895977976348,0.9389312977099237
Q01105,SET,2,0.42748091603053434,18.270567402619726,1.0857428856668558,0.8549618320610687
Q01130,SRSF2,4,0.45610687022900764,16.59386452847192,0.7184422090721244,1.8244274809160306
Q01432,AMPD3,6,0.13867684478371503,15.314490792985548,0.9459350779741746,0.8320610687022901
Q01469,FABP5,17,0.710821733273462,20.146872823754165,0.3558329923847734,12.083969465648854
Q01484,ANK2,15,0.22951653944020356,15.530926879665065,0.4648221168063675,3.4427480916030535
Q01518,CAP1,25,0.35083969465648857,16.801193527529865,0.2940919418453298,8.770992366412214
Q01628,IFITM3,1,0.2824427480916031,14.701577952760776,1.435358204589952,0.2824427480916031
Q01804,OTUD4,5,0.31603053435114503,15.128088928479405,0.7515829041612273,1.5801526717557253
Q01814,ATP2B2,9,0.3392705682782019,16.342035200661712,0.4958845838241547,3.053435114503817
Q01844,EWSR1,2,0.3244274809160305,16.209498239114158,1.1473001256307311,0.648854961832061
Q01995,TAGLN,32,0.4083969465648855,18.5960476978476,0.291827816247834,13.068702290076336
Q02045,MYL5,6,0.31679389312977096,18.56191894387742,0.8608494533003694,1.900763358778626
Q02127,DHODH,5,0.24885496183206107,15.611876143915845,0.8726190102741709,1.2442748091603053
Q02218,OGDH,80,0.6434160305343511,20.23190193566304,0.17234955211619366,51.47328244274809
Q02221,COX6A2,2,0.42366412213740456,19.553167607109046,1.099381817367095,0.8473282442748091
Q02252,ALDH6A1,27,0.3862029968900198,17.342821826014607,0.29027017727385585,10.427480916030534
Q02318,CYP27A1,5,0.4488549618320611,16.22740026927922,0.6810365940815557,2.2442748091603053
Q02338,BDH1,16,0.4623091603053435,18.294515902692563,0.37749599538850165,7.396946564885496
Q02543,RPL18A,5,0.5770992366412214,17.723401484903068,0.607203439392897,2.885496183206107
Q02641,CACNB1,12,0.7245547073791349,19.998840590656165,0.37165999936185445,8.694656488549619
Q02750,MAP2K1,7,0.6663031624863686,19.057960303644304,0.4727867295425098,4.66412213740458
Q02790,FKBP4,24,0.41284987277353685,17.0221113046581,0.30648027216808665,9.908396946564885
Q02818,NUCB1,13,0.18849089841456254,15.965065450411162,0.5755327119241536,2.450381679389313
Q02878,RPL6,17,0.49079479119892233,17.341968015560212,0.3466292821613202,8.34351145038168
Q02952,AKAP12,33,0.2840619939856581,15.722749396937338,0.2637941001273481,9.374045801526718
Q02978,SLC25A11,33,0.5625722877631274,20.509267367897206,0.25759623911577695,18.564885496183205
Q03013,GSTM4,8,0.23950381679389313,16.866339195868257,0.7711656121879938,1.916030534351145
Q03135,CAV1,10,0.4801526717557252,18.195317828162644,0.47976285179295053,4.801526717557252
Q03154,ACY1,21,0.4322064703744093,18.562649242292476,0.3421804873645566,9.076335877862595
Q03169,TNFAIP2,3,0.2519083969465649,16.256644342684968,0.9800745135654957,0.7557251908396947
Q03252,LMNB2,16,0.2681297709923664,16.813937623406918,0.4714897138473996,4.290076335877862
Q04206,RELA,4,0.4389312977099237,15.962293305741976,0.7245475570509785,1.7557251908396947
Q04323,UBXN1,11,0.4552394170714782,16.737852436329423,0.42541460337172077,5.00763358778626
Q04446,GBE1,36,0.5693384223918575,19.55865149317066,0.2510933797097844,20.49618320610687
Q04637,EIF4G1,52,0.49089841456253674,17.84748286817103,0.21183593964728237,25.52671755725191
Q04759,PRKCQ,17,0.305792546026044,17.146406719968457,0.4071898364902921,5.198473282442748
Q04760,GLO1,18,0.7502120441051738,22.827195927856106,0.352249667250465,13.50381679389313
Q04837,SSBP1,8,0.5477099236641222,19.505619656018812,0.5126130063836881,4.3816793893129775
Q04917,YWHAH,15,0.46768447837150123,18.294018219359803,0.401756899736191,7.015267175572519
Q04941,PLP2,1,0.6717557251908397,18.609756407729215,1.0073011950865312,0.6717557251908397
Q05086,UBE3A,22,0.32546842470506593,16.66228637540509,0.3545503074963992,7.1603053435114505
Q05397,PTK2,2,0.14122137404580154,15.168043692769752,1.37051477894401,0.2824427480916031
Q05519,SRSF11,1,0.4198473282442748,16.037538371162853,1.2645933963896914,0.4198473282442748
Q05639,EEF1A2,31,0.6673233193794632,22.31520134101752,0.29761365962735653,20.68702290076336
Q05682,CALD1,19,0.3218159903575733,16.26471478710994,0.3404461164263509,6.114503816793893
Q05707,COL14A1,41,0.056041705455222496,13.732301526374053,0.8927263929925149,2.2977099236641223
Q06124,PTPN11,15,0.4279898218829517,17.037839862868818,0.3901918899042497,6.419847328244275
Q06136,KDSR,2,0.16412213740458015,15.640114535256707,1.3094830113515408,0.3282442748091603
Q06190,PPP2R3A,6,0.589058524173028,17.7092790068312,0.5708312954308317,3.5343511450381677
Q06210,GFPT1,9,0.2536047497879559,15.298360430471385,0.6078867631600985,2.282442748091603
Q06323,PSME1,18,0.683206106870229,19.780106746488006,0.3087677188130786,12.297709923664122
Q06432,CACNG1,5,0.7740458015267175,20.83320893029899,0.5661534449027392,3.8702290076335877
Q06828,FMOD,16,0.05104961832061069,13.599612107676302,1.1042623058930303,0.816793893129771
Q06830,PRDX1,28,0.7404580152671756,23.96296936104505,0.27592269402107056,20.732824427480917
Q07020,RPL18,4,0.6812977099236641,19.594017090972383,0.5758595324063168,2.7251908396946565
Q07021,C1QBP,11,0.57529493407356,19.490988348398282,0.4331063608176761,6.32824427480916
Q07065,CKAP4,12,0.27608142493638677,15.936591099276214,0.4517868712310286,3.312977099236641
Q07157,TJP1,3,0.26463104325699743,14.54522125273038,1.0583566239544453,0.7938931297709924
Q07507,DPT,2,0.7061068702290076,18.6932814089886,0.982795238189306,1.4122137404580153
Q07699,SCN1B,2,0.48091603053435117,17.14097802402935,0.8433903010930947,0.9618320610687023
Q07812,BAX,2,0.40076335877862596,16.16613233042526,0.9387591218288712,0.8015267175572519
Q07866,KLC1,6,0.31297709923664124,15.812725642291639,0.6900835098937691,1.8778625954198473
Q07954,LRP1,22,0.060027758501040945,14.208558778833146,0.7088633731429205,1.3206106870229009
Q07955,SRSF1,7,0.2878953107960741,16.88541388108083,0.674508132741987,2.015267175572519
Q07960,ARHGAP1,14,0.2088331515812432,16.246042905149913,0.5525048921462948,2.9236641221374047
Q08043,ACTN3,94,0.4282929998375833,18.568738710900156,0.21960196695150094,40.25954198473283
Q08174,PCDH1,2,0.2748091603053435,15.594375260731931,1.2122258559122758,0.549618320610687
Q08209,PPP3CA,10,0.6381679389312978,18.494563909302585,0.4183038878607718,6.3816793893129775
Q08211,DHX9,6,0.4376590330788804,16.524797850566653,0.5052697900682206,2.6259541984732824
Q08257,CRYZ,24,0.6727099236641222,20.322582245248483,0.27575206665857965,16.14503816793893
Q08357,SLC20A2,4,0.4541984732824427,15.845973227989226,0.6367031429982478,1.816793893129771
Q08380,LGALS3BP,10,0.2587786259541985,16.324509959793826,0.5640273408137105,2.5877862595419847
Q08431,MFGE8,6,0.10178117048346057,15.476358980996686,1.0349561320648215,0.6106870229007634
Q08499,PDE4D,1,0.3511450381679389,14.36645770745743,1.375304353349847,0.3511450381679389
Q08623,PUDP,16,0.5367366412213741,19.208255619367772,0.4473318124598595,8.587786259541986
Q08722,CD47,2,0.5114503816793893,19.571711734592135,1.0289305570029539,1.0229007633587786
Q08752,PPID,8,0.3788167938931298,16.983453579213002,0.5883544435551749,3.030534351145038
Q08AM6,VAC14,2,0.16793893129770993,15.192293209721804,1.33271949740599,0.33587786259541985
Q08J23,NSUN2,6,0.26590330788804073,15.673586370656583,0.7526931823889709,1.5954198473282444
Q09028,RBBP4,1,0.5648854961832062,16.474379216842635,1.124336126315055,0.5648854961832062
Q09666,AHNAK,305,0.4255787761231386,18.172883707075233,0.08750200547066157,129.80152671755727
Q0D2K2,KLHL30,2,0.25190839694656486,14.4260946861151,1.2328724252965904,0.5038167938931297
Q0VAK6,LMOD3,27,0.3166525303929884,16.717015662739747,0.3300179776909843,8.549618320610687
Q0VDG4,SCRN3,16,0.4074427480916031,17.25842415094872,0.36282589872413945,6.519083969465649
Q0ZGT2,NEXN,14,0.35496183206106874,17.048059377837568,0.4035621812055138,4.969465648854962
Q10567,AP1B1,7,0.2878953107960741,16.707529197188187,0.6676689508594873,2.015267175572519
Q10713,PMPCA,15,0.4111959287531806,17.019580475291495,0.4133661575093006,6.1679389312977095
Q12768,WASHC5,4,0.12404580152671756,14.809004399793299,1.178900094882319,0.4961832061068702
Q12797,ASPH,9,0.17726887192536048,14.886300572917431,0.5741002475664441,1.5954198473282444
Q12805,EFEMP1,11,0.4316446911866759,16.691561568990142,0.40505279087700813,4.748091603053435
Q12846,STX4,9,0.30364715860899066,16.160740208766818,0.6102135052535059,2.732824427480916
Q12849,GRSF1,6,0.32188295165394404,17.353528691976972,0.6912316756785811,1.9312977099236641
Q12857,NFIA,1,0.5648854961832062,14.952494285578819,1.1566193276868122,0.5648854961832062
Q12904,AIMP1,16,0.5715648854961832,18.148368931733046,0.3346496763336913,9.145038167938932
Q12905,ILF2,4,0.4599236641221374,17.079582852585762,0.7382547166834401,1.8396946564885497
Q12906,ILF3,6,0.25572519083969464,16.68204325886085,0.6180107593135988,1.534351145038168
Q12907,LMAN2,6,0.272264631043257,15.934827265145671,0.7581633293524614,1.633587786259542
Q12931,TRAP1,37,0.47967815143387665,18.793231605975176,0.24458855451458864,17.748091603053435
Q12955,ANK3,16,0.3926526717557252,16.565288961229662,0.373635552772626,6.282442748091603
Q12983,BNIP3,4,0.25572519083969464,14.849470504593667,0.9114158114963095,1.0229007633587786
Q12988,HSPB3,13,0.7539635936582502,19.403492159526163,0.3364269972700429,9.801526717557252
Q13011,ECH1,32,0.6867843511450382,21.926087754335423,0.25177665765217627,21.977099236641223
Q13033,STRN3,11,0.3400416377515614,16.09360208133404,0.44632178645104503,3.7404580152671754
Q13045,FLII,5,0.08549618320610687,14.725952753037195,1.1918225506121323,0.42748091603053434
Q13049,TRIM32,4,0.3377862595419847,15.90890627020057,0.8360899930332257,1.3511450381679388
Q13057,COASY,6,0.5750636132315522,17.575982388783487,0.5527298312830218,3.450381679389313
Q13061,TRDN,22,0.36467730742539906,17.112692398551665,0.34797453887610497,8.022900763358779
Q13084,MRPL28,2,0.36259541984732824,16.031137955190005,0.9996205425896751,0.7251908396946565
Q13098,GPS1,24,0.52735368956743,18.109768420410436,0.30765197553812296,12.65648854961832
Q13126,MTAP,15,0.35572519083969467,17.167837256702732,0.39554023479918454,5.33587786259542
Q13131,PRKAA1,2,0.40076335877862596,16.562148302859118,1.094437854023332,0.8015267175572519
Q13137,CALCOCO2,1,0.5419847328244275,15.952903993133706,1.1568755510680047,0.5419847328244275
Q13144,EIF2B5,3,0.4351145038167939,17.130103943119003,0.8691890481995675,1.3053435114503817
Q13148,TARDBP,8,0.2633587786259542,16.426683064007587,0.5780860243967868,2.1068702290076335
Q13151,HNRNPA0,2,0.4541984732824427,17.277541902826076,0.8658044696040271,0.9083969465648855
Q13153,PAK1,6,0.5279898218829516,18.013947292165852,0.536573109919633,3.16793893129771
Q13155,AIMP2,7,0.5441657579062159,18.16351194473228,0.4979379062593748,3.8091603053435112
Q13162,PRDX4,12,0.5712468193384224,18.67777526088312,0.37057116660326317,6.854961832061068
Q13177,PAK2,13,0.3247210804462713,16.73529120894103,0.4364590071466472,4.221374045801527
Q13185,CBX3,3,0.7913486005089059,19.615381553301326,0.7086287721331465,2.3740458015267176
Q13200,PSMD2,49,0.5463467829880043,18.44111713231764,0.20902321872090943,26.770992366412212
Q13203,MYBPH,26,0.21227246036406344,15.823612770751806,0.4252517246540002,5.519083969465649
Q13228,SELENBP1,49,0.6692631250973672,21.12683222463952,0.20026838131255967,32.79389312977099
Q13232,NME3,2,0.49236641221374045,16.225438840264285,0.978369812129473,0.9847328244274809
Q13263,TRIM28,10,0.2687022900763359,16.53485396906633,0.5643121552981009,2.687022900763359
Q13283,G3BP1,9,0.3053435114503817,15.949132632141179,0.5900122245269442,2.7480916030534353
Q13310,PABPC4,13,0.6112742219612449,18.671420803899206,0.3709768306234539,7.9465648854961835
Q13326,SGCG,15,0.4061068702290076,17.7405676889898,0.3849867831463344,6.091603053435114
Q13347,EIF3I,13,0.4427480916030534,16.680397363148643,0.39748329939327337,5.755725190839694
Q13361,MFAP5,5,0.10076335877862594,15.2444539634858,1.168033124270351,0.5038167938931297
Q13363,CTBP1,6,0.4821882951653944,18.65407669724523,0.5880840165853729,2.8931297709923665
Q13404,UBE2V1,3,0.648854961832061,21.067652966255157,0.871514131549621,1.9465648854961832
Q13405,MRPL49,3,0.44783715012722647,17.1412303732466,0.8309806187481846,1.3435114503816794
Q13409,DYNC1I2,13,0.4973576042278332,17.97457806110583,0.39917084959866744,6.465648854961832
Q13418,ILK,28,0.26717557251908397,17.102019630982525,0.355019486894263,7.480916030534351
Q13423,NNT,94,0.6603053435114504,21.24839889082477,0.1519971959693995,62.06870229007634
Q13424,SNTA1,26,0.5692894891368174,18.421270857785665,0.2814741310507913,14.801526717557252
Q13425,SNTB2,12,0.3594147582697201,16.63151318817313,0.4513749673235136,4.312977099236641
Q13435,SF3B2,2,0.3015267175572519,15.986652590366296,1.189944667530135,0.6030534351145038
Q13442,PDAP1,9,0.5784563189143341,18.875687487640306,0.44046870224320644,5.206106870229007
Q13445,TMED1,4,0.4599236641221374,16.009507375169648,0.5806277819564172,1.8396946564885497
Q13451,FKBP5,13,0.2636523781561949,16.27957145311528,0.5157272459352839,3.427480916030534
Q13485,SMAD4,2,0.4122137404580153,15.91927574563753,1.063522950362542,0.8244274809160306
Q13492,PICALM,8,0.23759541984732824,16.06044313441762,0.6526134467111806,1.900763358778626
Q13496,MTM1,11,0.3136710617626648,16.010573393335118,0.5004195948608919,3.450381679389313
Q13501,SQSTM1,10,0.38625954198473283,16.231710344331816,0.4787628830412027,3.8625954198473282
Q13505,MTX1,8,0.4933206106870229,17.215306774427265,0.47910999127788717,3.946564885496183
Q13508,ART3,13,0.5924838520258368,18.765418866675855,0.35338339605410907,7.702290076335878
Q13510,ASAH1,9,0.39185750636132316,17.385397546260137,0.5206374328844953,3.5267175572519083
Q13522,PPP1R1A,3,0.48346055979643765,18.516184235486126,0.9141142454223716,1.450381679389313
Q13526,PIN1,8,0.5572519083969466,19.25443359782428,0.58559603094484,4.458015267175573
Q13541,EIF4EBP1,5,0.46412213740458014,17.113993603799372,0.7007996337438379,2.3206106870229006
Q13542,EIF4EBP2,1,0.6412213740458015,17.050876430014142,1.0485022501289778,0.6412213740458015
Q13554,CAMK2B,14,0.5986913849509269,18.234423151603117,0.362670855013486,8.381679389312977
Q13555,CAMK2G,15,0.4259541984732824,18.209157770034526,0.4363519344798933,6.3893129770992365
Q13557,CAMK2D,19,0.4262756126958618,18.271313689321033,0.3459231384745271,8.099236641221374
Q13561,DCTN2,27,0.6129488266892847,18.780952723674055,0.27019396725452877,16.549618320610687
Q13564,NAE1,18,0.4949109414758269,17.68709884662599,0.3173231362610977,8.908396946564885
Q13574,DGKZ,2,0.3015267175572519,14.693896137947162,1.1898636391256807,0.6030534351145038
Q13586,STIM1,26,0.33294186729301234,16.745066469221683,0.3319184737003265,8.65648854961832
Q13596,SNX1,9,0.2222222222222222,16.14703711472526,0.597662258136045,2
Q13616,CUL1,22,0.42297015961138096,17.12495230657331,0.33601547912901475,9.305343511450381
Q13617,CUL2,26,0.30622431004110395,16.626173795472926,0.3472388685399304,7.961832061068702
Q13618,CUL3,30,0.3516539440203562,17.067020206168323,0.2867645570044602,10.549618320610687
Q13619,CUL4A,23,0.4142051111848656,17.249399405024064,0.3439429915956028,9.526717557251908
Q13630,TSTA3,7,0.16902944383860416,15.97795474487327,0.7790307925493157,1.183206106870229
Q13636,RAB31,1,0.37404580152671757,17.382037362066253,1.266343780069515,0.37404580152671757
Q13642,FHL1,43,0.6795668382744541,22.47310077209893,0.23937161279015445,29.221374045801525
Q13643,FHL3,13,0.6817381092190253,21.207401203293536,0.3643036992109486,8.86259541984733
Q13683,ITGA7,19,0.45841703495379665,17.469811082088604,0.3348320308121062,8.709923664122137
Q13685,AAMP,4,0.583969465648855,15.891685431146817,0.6586197021270241,2.33587786259542
Q13698,CACNA1S,32,0.5641698473282443,18.68661430575077,0.25880686792152124,18.053435114503817
Q13724,MOGS,5,0.4259541984732825,16.475625583867316,0.5749040352833066,2.1297709923664123
Q13813,SPTAN1,83,0.23360618044697876,16.409905202138898,0.19507288377161544,19.389312977099237
Q13825,AUH,8,0.5772900763358778,18.764260327193682,0.5035305146767605,4.6183206106870225
Q13838,DDX39B,7,0.3424209378407852,16.723786374796106,0.6008892598552515,2.3969465648854964
Q13867,BLMH,21,0.4067611777535442,17.041489815156257,0.3351276910550733,8.541984732824428
Q13884,SNTB1,20,0.5263358778625954,17.59215104574096,0.3186469876844565,10.526717557251908
Q13885,TUBB2A,1,0.9541984732824428,19.712067053764443,0.7832204256180839,0.9541984732824428
Q13907,IDI1,4,0.5477099236641222,17.052276230051078,0.5857059247008072,2.1908396946564888
Q13951,CBFB,2,0.46946564885496184,16.782827065184275,0.9525387485570193,0.9389312977099237
Q13976,PRKG1,23,0.3401924991702622,17.56215829231193,0.34550079647307036,7.824427480916031
Q14008,CKAP5,5,0.17099236641221374,14.752737614345362,0.9611260528090779,0.8549618320610687
Q14011,CIRBP,5,0.27022900763358776,17.206320214301307,0.7467008402441946,1.3511450381679388
Q14061,COX17,7,0.8200654307524536,20.862490646078175,0.46683752114993565,5.740458015267175
Q14103,HNRNPD,10,0.3519083969465649,17.25788348161485,0.442698185584169,3.519083969465649
Q14108,SCARB2,8,0.3110687022900763,16.49431852984097,0.6549136464004282,2.4885496183206106
Q14112,NID2,15,0.2,15.454537351615159,0.5431405652255966,3
Q14116,IL18,3,0.16539440203562342,16.407662565427113,1.1580185323255865,0.4961832061068702
Q14118,DAG1,20,0.5370229007633588,18.499406459678802,0.3111024202482707,10.740458015267176
Q14139,UBE4A,3,0.17557251908396945,15.924730048801411,1.1448693848878,0.5267175572519084
Q14152,EIF3A,32,0.3728530534351145,17.11303116205576,0.2885400664142896,11.931297709923664
Q14157,UBAP2L,11,0.3289382373351839,15.657077350293205,0.4683923864900313,3.618320610687023
Q14165,MLEC,18,0.49321458863443596,17.798929134723966,0.2970749309303127,8.877862595419847
Q14166,TTLL12,7,0.24318429661941113,15.670402948570764,0.7414819253028975,1.702290076335878
Q14195,DPYSL3,34,0.535922766052986,19.86055291662791,0.2639546296865196,18.221374045801525
Q14197,MRPL58,4,0.40076335877862596,17.141756975627878,0.829930616546946,1.6030534351145038
Q14203,DCTN1,49,0.36485433868203776,17.17764389398618,0.22741847905662757,17.87786259541985
Q14204,DYNC1H1,194,0.4524277957031558,17.661096474146976,0.10922711310351965,87.77099236641222
Q14232,EIF2B1,7,0.3042529989094875,16.475800466897407,0.6602661733014951,2.1297709923664123
Q14240,EIF4A2,15,0.5811704834605599,19.866932233040757,0.3965539046924393,8.717557251908397
Q14247,CTTN,9,0.5114503816793893,16.431736974075182,0.44155802635716995,4.603053435114504
Q14249,ENDOG,17,0.5168387965873372,18.10278503063289,0.35817831409114237,8.786259541984732
Q14254,FLOT2,13,0.3258954785672343,16.756460563181992,0.45349770143057044,4.236641221374046
Q14257,RCN2,5,0.5297709923664122,17.982497559543535,0.5682149015282996,2.648854961832061
Q14258,TRIM25,11,0.26717557251908397,15.4810536222042,0.5553597294276319,2.9389312977099236
Q14315,FLNC,296,0.7341654631730967,22.577990772516166,0.08279968658922177,217.31297709923663
Q14324,MYBPC2,122,0.539544487548492,19.87457661958702,0.14110307553790064,65.82442748091603
Q14344,GNA13,3,0.30279898218829515,16.077655818227274,0.9799264961943884,0.9083969465648855
Q14353,GAMT,24,0.5368956743002544,19.60731797461836,0.3356631349431395,12.885496183206106
Q14444,CAPRIN1,2,0.15648854961832062,15.577399127402568,1.3453600133075319,0.31297709923664124
Q14558,PRPSAP1,11,0.23108952116585704,16.31433007252588,0.5396264553924075,2.5419847328244276
Q14624,ITIH4,30,0.3142493638676845,17.100974567795834,0.3225812392207592,9.427480916030534
Q14654,KCNJ11,1,0.35877862595419846,18.429803788527284,1.259140285245878,0.35877862595419846
Q14657,LAGE3,2,0.4732824427480916,15.37163787456084,1.000379599789639,0.9465648854961832
Q14677,CLINT1,8,0.38263358778625955,16.117557212918594,0.5701578460059579,3.0610687022900764
Q14693,LPIN1,6,0.2811704834605598,16.225209673849815,0.7242742227139699,1.6870229007633588
Q14694,USP10,2,0.35877862595419846,16.381410195479862,1.1149528837694802,0.7175572519083969
Q14696,MESD,4,0.27099236641221375,16.41952090226412,0.9296323844327224,1.083969465648855
Q14697,GANAB,41,0.4883634332526531,17.60228464571047,0.2347373125811601,20.022900763358777
Q14699,RFTN1,3,0.3002544529262086,15.533735141821207,0.9979215690217845,0.9007633587786259
Q14714,SSPN,4,0.6183206106870229,17.906772984355865,0.5540250440652805,2.4732824427480917
Q14728,MFSD10,1,0.2900763358778626,15.439038921973903,1.404756120956627,0.2900763358778626
Q14738,PPP2R5D,7,0.31406761177753545,16.64849597938443,0.6326357923651973,2.198473282442748
Q14764,MVP,8,0.28435114503816794,15.961322628060278,0.5494124079326989,2.2748091603053435
Q147X3,NAA30,1,0.5114503816793893,15.973529583624527,1.1838505508522736,0.5114503816793893
Q14847,LASP1,10,0.3969465648854962,17.278541071401975,0.5049320510437116,3.969465648854962
Q14894,CRYM,18,0.20695504664970313,15.58171775579834,0.8605574022783733,3.7251908396946565
Q14914,PTGR1,16,0.49475190839694655,18.013039040351806,0.3760256081356245,7.916030534351145
Q14974,KPNB1,39,0.5339596789978469,18.502679717788414,0.2431160094973226,20.82442748091603
Q14980,NUMA1,11,0.12421929215822346,13.817609490276924,0.7685140783935022,1.366412213740458
Q14BN4,SLMAP,31,0.555281950258557,18.82016076515146,0.2628566325624743,17.213740458015266
Q14C86,GAPVD1,6,0.22010178117048348,15.468056841512807,0.8398772688944504,1.3206106870229009
Q14CX7,NAA25,4,0.2786259541984733,15.606448330198933,0.8233115710976581,1.1145038167938932
Q15005,SPCS2,1,0.7022900763358778,17.499307725980717,0.9920117470199582,0.7022900763358778
Q15006,EMC2,2,0.8358778625954199,17.885544814875857,0.6999231021745028,1.6717557251908397
Q15008,PSMD6,16,0.583969465648855,19.0129724371605,0.37540438189109854,9.34351145038168
Q15018,ABRAXAS2,6,0.45038167938931295,16.292341420509104,0.5149492986957905,2.7022900763358777
Q15019,SEPTIN2,14,0.37840785169029445,17.55086853586161,0.3921922036527648,5.297709923664122
Q15029,EFTUD2,2,0.2633587786259542,15.404040609841974,1.1917705735928648,0.5267175572519084
Q15031,LARS2,2,0.16030534351145037,14.749007871847954,1.363859565493923,0.32061068702290074
Q15036,SNX17,3,0.51653944020356235,16.553599492008377,0.7877216938392702,1.549618320610687
Q15042,RAB3GAP1,2,0.27099236641221375,15.85876685623368,1.1834729251155447,0.5419847328244275
Q15046,KARS1,24,0.45229007633587787,17.811643280060252,0.32655441789065226,10.854961832061068
Q15052,ARHGEF6,2,0.20229007633587787,15.223233826931422,1.2882030260933406,0.40458015267175573
Q15056,EIF4H,11,0.36641221374045796,18.185036151342295,0.4646886616314846,4.030534351145038
Q15070,OXA1L,4,0.13549618320610687,14.795282853091017,1.1102056487476666,0.5419847328244275
Q15075,EEA1,39,0.3742415345468781,16.59126866280778,0.23346753942147935,14.595419847328245
Q15084,PDIA6,20,0.5580152671755725,18.629693801536767,0.3086846404662745,11.16030534351145
Q15102,PAFAH1B3,8,0.5868320610687023,18.507234900948458,0.5371911262661155,4.694656488549619
Q15111,PLCL1,17,0.3493488998652896,16.796806123871857,0.3815435848708925,5.938931297709924
Q15113,PCOLCE,7,0.1297709923664122,15.10775240516456,0.9271317580313587,0.9083969465648855
Q15119,PDK2,18,0.38252756573367264,17.417651564299327,0.40399370880147545,6.885496183206107
Q15121,PEA15,3,0.3358778625954198,17.039055115560224,1.0000666233693638,1.0076335877862594
Q15124,PGM5,32,0.45825381679389315,18.272656053342956,0.29175828382607466,14.664122137404581
Q15126,PMVK,2,0.2366412213740458,14.563814155129242,1.2365841977503937,0.4732824427480916
Q15149,PLEC,320,0.48730916030534355,18.49309075434909,0.0843773981150451,155.93893129770993
Q15172,PPP2R5A,9,0.5258693808312129,17.19800195349065,0.4520140169775266,4.732824427480916
Q15181,PPA1,23,0.5051443743776967,18.8533199952686,0.33935821758109364,11.618320610687023
Q15185,PTGES3,6,0.8804071246819339,21.40845262547144,0.44293959140348804,5.282442748091603
Q15233,NONO,12,0.27099236641221375,16.14500280045268,0.5146998836112399,3.2519083969465647
Q15257,PTPA,10,0.349618320610687,17.7469995378697,0.49707737189208967,3.49618320610687
Q15276,RABEP1,12,0.2792620865139949,15.932109065014338,0.5255421474080031,3.351145038167939
Q15286,RAB35,4,0.10687022900763359,14.118194939732003,1.2279845692184106,0.42748091603053434
Q15293,RCN1,7,0.3053435114503817,16.914435747972767,0.6581812402489035,2.1374045801526718
Q15363,TMED2,10,0.33893129770992364,16.976099297478736,0.5621232155707686,3.3893129770992365
Q15365,PCBP1,26,0.4809160305343511,19.737437175111733,0.3213238006739747,12.50381679389313
Q15366,PCBP2,7,0.7709923664122138,20.01526789957754,0.501178068447274,5.396946564885496
Q15369,ELOC,10,0.4458015267175573,19.83285481282586,0.5676324833899817,4.458015267175573
Q15370,ELOB,11,0.6287300485773768,19.76045217128791,0.4082236240849883,6.916030534351145
Q15382,RHEB,2,0.32061068702290074,15.50248380954932,1.0810205790184784,0.6412213740458015
Q15386,UBE3C,11,0.32546842470506593,16.47292063860032,0.5281297567273631,3.5801526717557253
Q15392,DHCR24,9,0.26293469041560646,16.333781160365643,0.6893282352877069,2.366412213740458
Q15393,SF3B3,2,0.3702290076335878,16.5535169875422,1.1286135429096806,0.7404580152671756
Q15404,RSU1,14,0.4089422028353326,17.685249517586488,0.40501254164277506,5.7251908396946565
Q15417,CNN3,7,0.1406761177753544,15.384623025842407,0.8956015199143577,0.9847328244274809
Q15427,SF3B4,1,0.2900763358778626,15.131050435521134,1.4149481762363194,0.2900763358778626
Q15435,PPP1R7,23,0.5101228011948225,18.253292730688333,0.30319533267678156,11.732824427480915
Q15436,SEC23A,13,0.33529066353493836,16.33700509752086,0.43421365180846877,4.358778625954199
Q15477,SKIV2L,10,0.3198473282442748,16.271541317798114,0.5341129393454812,3.198473282442748
Q15493,RGN,7,0.26608505997818976,16.0208487306468,0.7546192193487006,1.8625954198473282
Q15526,SURF1,5,0.5389312977099237,17.20598258025236,0.5937672614246561,2.6946564885496183
Q15555,MAPRE2,10,0.633587786259542,19.012364382881014,0.4676245837594563,6.33587786259542
Q15582,TGFBI,29,0.18768096867596734,16.13604102358388,0.2885843720248122,5.442748091603053
Q15599,SLC9A3R2,3,0.3791348600508906,15.75795073722292,0.9548453253516438,1.1374045801526718
Q15631,TSN,10,0.5137404580152671,18.067028584127183,0.3821579083374367,5.137404580152672
Q15637,SF1,8,0.20706106870229007,15.298905641085174,0.6877947368737461,1.6564885496183206
Q15642,TRIP10,28,0.4724645583424209,17.850500520582436,0.269723618842774,13.229007633587786
Q15653,NFKBIB,2,0.24427480916030533,13.86180566105126,1.3010737786535365,0.48854961832061067
Q15691,MAPRE1,6,0.24681933842239187,16.46515019841215,0.6646274554621339,1.4809160305343512
Q15714,TSC22D1,1,0.9770992366412213,18.087194682096886,0.7658726610919524,0.9770992366412213
Q15717,ELAVL1,2,0.5458015267175572,17.554356786830393,0.8103014823569914,1.0916030534351144
Q15746,MYLK,16,0.18177480916030533,15.693143496281674,0.47891453172270815,2.9083969465648853
Q15772,SPEG,54,0.3415323720667232,16.600589082480482,0.223837632289141,18.442748091603054
Q15785,TOMM34,3,0.27989821882951654,16.10999840772818,1.043849534750138,0.8396946564885496
Q15796,SMAD2,2,0.33587786259541985,16.06623065705312,1.130668436895875,0.6717557251908397
Q15811,ITSN1,2,0.33587786259541985,15.129659729127354,1.097326439214307,0.6717557251908397
Q15813,TBCE,4,0.16793893129770993,15.643125308915508,1.0603782637683223,0.6717557251908397
Q15814,TBCC,3,0.17302798982188294,15.794778769393332,1.1583872394631587,0.5190839694656488
Q15819,UBE2V2,7,0.6292257360959651,19.739914705983725,0.5608308368091901,4.404580152671755
Q15836,VAMP3,3,0.47582697201017815,17.621060221009582,0.7468788001851557,1.4274809160305344
Q15843,NEDD8,6,0.4923664122137405,20.12772960207626,0.6455280662993322,2.954198473282443
Q15847,ADIRF,4,0.14694656488549618,15.193149367012483,1.1335427790744952,0.5877862595419847
Q15848,ADIPOQ,4,0.8721374045801527,19.871200647285608,0.3976255377082113,3.4885496183206106
Q15884,FAM189A2,1,0.2824427480916031,14.522556717773737,1.4402280126366467,0.2824427480916031
Q15907,RAB11B,2,0.5992366412213741,19.698676538022724,0.7943212659130928,1.1984732824427482
Q15942,ZYX,19,0.42065086380072314,16.593262277223808,0.3011295098126341,7.99236641221374
Q16082,HSPB2,13,0.825014679976512,21.993989470188012,0.29579537614158574,10.725190839694656
Q16134,ETFDH,33,0.5808466342817488,20.303542928648902,0.240682409730623,19.16793893129771
Q16181,SEPTIN7,12,0.5006361323155216,17.422728560259653,0.38999285794954563,6.00763358778626
Q16186,ADRM1,4,0.3015267175572519,16.19615980463032,0.6304826586965951,1.2061068702290076
Q16204,CCDC6,3,0.2569974554707379,14.772760212888636,1.0834935815897833,0.7709923664122137
Q16222,UAP1,4,0.16984732824427481,15.846529208213607,1.0801568791783913,0.6793893129770993
Q16270,IGFBP7,2,0.2633587786259542,16.246300270074844,1.1871549290832801,0.5267175572519084
Q16401,PSMD5,8,0.18893129770992367,15.961727303700144,0.7490627596214509,1.5114503816793894
Q16527,CSRP2,3,0.13994910941475827,14.801039920694354,1.2189731413727243,0.4198473282442748
Q16531,DDB1,72,0.5555555555555556,18.868836295548256,0.17264053764605156,40
Q16537,PPP2R5E,3,0.4045801526717557,16.81549367394525,0.9129103961937161,1.213740458015267
Q16539,MAPK14,11,0.33171408743927827,16.841768627464305,0.48333947871261795,3.648854961832061
Q16543,CDC37,16,0.5081106870229007,18.213350518845246,0.4037133167536169,8.129770992366412
Q16555,DPYSL2,28,0.5417121046892039,18.726216057196382,0.25618496238190197,15.16793893129771
Q16563,SYPL1,4,0.8454198473282443,20.77502188345358,0.5823940446875425,3.381679389312977
Q16576,RBBP7,8,0.3320610687022901,15.636248361029459,0.6017887761204798,2.6564885496183206
Q16585,SGCB,18,0.47582697201017815,18.029041390871697,0.3485883353334635,8.564885496183207
Q16586,SGCA,20,0.5305343511450381,18.644456724708636,0.3288925943483744,10.610687022900763
Q16595,FXN,5,0.8763358778625955,20.18599706568519,0.43332748371650315,4.3816793893129775
Q16610,ECM1,4,0.15267175572519084,14.760998005923513,1.126868488583744,0.6106870229007634
Q16619,CTF1,2,0.4389312977099237,16.79136440442038,0.8774582878660739,0.8778625954198473
Q16629,SRSF7,2,0.32061068702290074,16.487137528553777,1.1404815745896117,0.6412213740458015
Q16630,CPSF6,4,0.20038167938931298,15.326208759568091,1.02973327013715,0.8015267175572519
Q16643,DBN1,6,0.14631043256997456,14.486689841442244,1.0181776320524567,0.8778625954198473
Q16654,PDK4,8,0.11736641221374046,14.728685431290726,1.0458003350265181,0.9389312977099237
Q16658,FSCN1,11,0.45662734212352535,17.216618216959336,0.3850489920857319,5.022900763358779
Q16666,IFI16,7,0.10141766630316248,14.095749098272904,1.0876817687952784,0.7099236641221374
Q16698,DECR1,34,0.6998203861697351,21.46029380645208,0.25612374011893685,23.793893129770993
Q16718,NDUFA5,8,0.7824427480916031,20.53023892063926,0.4164032522929338,6.259541984732825
Q16740,CLPP,10,0.31297709923664124,16.96962917109904,0.5914190031041551,3.1297709923664123
Q16762,TST,14,0.4825517993456924,18.76020986647193,0.38516799618068176,6.755725190839694
Q16773,KYAT1,7,0.4569247546346783,16.842779320586956,0.5266429315794383,3.198473282442748
Q16774,GUK1,4,0.517175572519084,16.338389078209648,0.7092967668405813,2.068702290076336
Q16775,HAGH,23,0.7059409226684368,21.52085467096112,0.2767785466463687,16.236641221374047
Q16795,NDUFA9,37,0.5349700845884052,19.759362464249303,0.2732113280814118,19.793893129770993
Q16799,RTN1,2,0.1450381679389313,13.896906039863323,1.4252195579107338,0.2900763358778626
Q16816,PHKG1,29,0.5351408265332982,19.90036181886435,0.2775058473266478,15.51908396946565
Q16821,PPP1R3A,68,0.5129097440502919,17.95755937355351,0.1744993143281225,34.87786259541985
Q16836,HADH,36,0.6297709923664122,21.044257643727963,0.26778810677845616,22.671755725190838
Q16851,UGP2,73,0.6518874830074245,21.474122509577484,0.16909415772491923,47.587786259541986
Q16853,AOC3,22,0.1453851492019431,16.186012166363856,0.5199535428273664,3.198473282442748
Q16864,ATP6V1F,1,0.3816793893129771,16.25159368488477,1.291912479497905,0.3816793893129771
Q16881,TXNRD1,26,0.4345273047563124,18.24586739512724,0.3138918423471289,11.297709923664122
Q16890,TPD52L1,6,0.3193384223918575,16.38815675269463,0.6337479070608929,1.916030534351145
Q16891,IMMT,80,0.6343511450381679,20.158617287280393,0.16551576830702583,50.74809160305343
Q1KMD3,HNRNPUL2,3,0.3282442748091603,16.105537672698752,0.997155056153862,0.9847328244274809
Q2TAA2,IAH1,10,0.6931297709923665,18.533935699276327,0.4048105390026879,6.931297709923665
Q2TAL5,SMTNL2,18,0.41433418150975404,18.10634926301816,0.3766483097289504,7.458015267175573
Q2TBA0,KLHL40,36,0.5243850720949959,18.86773219455286,0.2581580816737495,18.87786259541985
Q32MK0,MYLK3,5,0.3236641221374046,15.681034986990198,0.7220894410298065,1.618320610687023
Q330K2,NDUFAF6,4,0.3416030534351145,16.279780283573842,0.8727526721082427,1.366412213740458
Q3KQU3,MAP7D1,6,0.3753180661577608,15.956312329696143,0.6886157814055619,2.2519083969465647
Q3LXA3,TKFC,10,0.4633587786259542,17.005780652493872,0.4909712627087016,4.633587786259542
Q3SXM5,HSDL1,5,0.4427480916030534,16.360893800329265,0.6660785950024931,2.213740458015267
Q3YEC7,RABL6,2,0.44656488549618323,15.948860206040962,0.8949087076988043,0.8931297709923665
Q3ZCQ8,TIMM50,17,0.4059272563987427,17.225389238341368,0.3959430718179672,6.900763358778626
Q3ZCW2,LGALSL,6,0.35241730279898215,17.89057195457303,0.7263507283075681,2.114503816793893
Q49AH0,CDNF,6,0.3765903307888041,17.23724068936091,0.6008109110802897,2.2595419847328246
Q49B96,COX19,3,0.5979643765903307,18.453217588391357,0.8973794254469198,1.7938931297709924
Q4G0N4,NADK2,8,0.4017175572519084,16.615491418058678,0.5540254445265174,3.213740458015267
Q4G0W2,DUSP28,6,0.4847328244274809,17.411789746325784,0.5627286885805189,2.9083969465648853
Q4G176,ACSF3,4,0.2652671755725191,15.701691155646524,0.932261589442461,1.0610687022900764
Q4J6C6,PREPL,4,0.08206106870229007,14.18332502707288,1.2986835104551855,0.3282442748091603
Q4KMP7,TBC1D10B,1,0.4580152671755725,14.489559363337623,1.2677165676492774,0.4580152671755725
Q4KMQ2,ANO6,1,0.4732824427480916,14.512529997638657,1.252439130647643,0.4732824427480916
Q4VC31,CCDC58,8,0.48854961832061067,17.986282783010022,0.5189612482188026,3.9083969465648853
Q52LJ0,FAM98B,10,0.3786259541984733,16.49707619200241,0.5128353847107666,3.786259541984733
Q53EU6,GPAT3,3,0.5623409669211196,17.44407701156778,0.8284090298483734,1.6870229007633588
Q53FT3,HIKESHI,5,0.5251908396946565,18.904934180875387,0.598373475638134,2.6259541984732824
Q53GG5,PDLIM3,45,0.793214588634436,23.21619045589918,0.22083898319762424,35.69465648854962
Q53GQ0,HSD17B12,14,0.46728462377317337,18.082528324368184,0.42628790358708757,6.541984732824427
Q53H12,AGK,2,0.29389312977099236,16.842214023667164,1.1509485244593851,0.5877862595419847
Q53H82,LACTB2,11,0.5072866065232478,16.889600562379098,0.40896119078787885,5.580152671755725
Q53HC9,EIPR1,3,0.5241730279898219,15.652816285721954,0.7066845750891112,1.5725190839694656
Q53S33,BOLA3,2,0.13740458015267176,14.65786651590576,1.38818461824199,0.2748091603053435
Q53TN4,CYBRD1,5,0.19236641221374046,15.60246708682719,0.9201474195384453,0.9618320610687023
Q562R1,ACTBL2,4,0.30725190839694655,18.081720253746628,0.9690910041799589,1.2290076335877862
Q567U6,CCDC93,1,0.4198473282442748,15.90523887098922,1.2687086163375159,0.4198473282442748
Q58FF6,HSP90AB4P,2,0.1297709923664122,15.246926455983033,1.3966858653158207,0.2595419847328244
Q58FF8,HSP90AB2P,1,0.32061068702290074,19.873375083186602,1.2803344965347025,0.32061068702290074
Q58WW2,DCAF6,22,0.44205412907702984,17.67077901880777,0.3254937740279598,9.725190839694656
Q5BKX8,CAVIN4,24,0.46628498727735374,18.705385721196066,0.3066854467276302,11.19083969465649
Q5EBM0,CMPK2,2,0.2595419847328244,15.89704481486341,1.1930846121371261,0.5190839694656488
Q5GLZ8,HERC4,12,0.2321882951653944,15.813499988440002,0.5629325898749625,2.786259541984733
Q5H9R7,PPP6R3,6,0.31297709923664124,16.089253244237128,0.7208336254614438,1.8778625954198473
Q5HYI8,RABL3,1,0.4580152671755725,17.92062645759009,1.1864098378219916,0.4580152671755725
Q5HYK3,COQ5,28,0.5776990185387133,19.114417851903386,0.287033811817373,16.17557251908397
Q5J8M3,EMC4,2,0.6641221374045801,17.59708178404872,0.7861286081655077,1.3282442748091603
Q5JPH6,EARS2,4,0.23473282442748092,15.275301908592247,1.0225791564370255,0.9389312977099237
Q5JR12,PPM1J,1,0.37404580152671757,15.368061734684867,1.3273525065134255,0.37404580152671757
Q5JRA6,MIA3,3,0.1806615776081425,15.385649503331873,1.1614192912200247,0.5419847328244275
Q5JRX3,PITRM1,34,0.32240682532555004,16.631248916702198,0.28700238684952184,10.961832061068701
Q5JSH3,WDR44,13,0.48150322959483266,16.487153659020226,0.3970846165086529,6.259541984732825
Q5JTJ3,COA6,4,0.6202290076335878,19.72762114751951,0.5197145563643236,2.480916030534351
Q5JTV8,TOR1AIP1,4,0.22709923664122136,15.414967562209165,0.9610200011504735,0.9083969465648855
Q5JVF3,PCID2,3,0.40712468193384227,16.20028432639786,0.8034867131267447,1.2213740458015268
Q5MNZ9,WIPI1,3,0.5343511450381679,15.995629799355083,0.7034176319853342,1.6030534351145038
Q5QJ74,TBCEL,4,0.2099236641221374,15.339262335421866,1.013469316276144,0.8396946564885496
Q5R3I4,TTC38,6,0.24936386768447838,15.647109684402025,0.7272663509076832,1.4961832061068703
Q5RI15,COX20,4,0.46564885496183206,17.76963760810824,0.7256396690643354,1.8625954198473282
Q5SQH8,C6orf136,5,0.31603053435114503,16.41187613765053,0.7259908084129411,1.5801526717557253
Q5SRE7,PHYHD1,7,0.39912758996728465,16.127982992714124,0.5731619388439403,2.7938931297709924
Q5SSJ5,HP1BP3,8,0.35877862595419846,16.318013270433493,0.6103485701143715,2.8702290076335877
Q5SV97,PERM1,27,0.5024031665253039,17.292545268327988,0.2509912331341392,13.564885496183207
Q5SWX8,ODR4,4,0.19274809160305342,15.009128267575715,1.0426138309743902,0.7709923664122137
Q5T013,HYI,3,0.2748091603053435,16.32567153884101,1.121753154630855,0.8244274809160306
Q5T1C6,THEM4,2,0.13740458015267176,15.052334838422572,1.3779977336333897,0.2748091603053435
Q5T1M5,FKBP15,3,0.19083969465648853,13.764494706121427,1.167633451602127,0.5725190839694656
Q5T440,IBA57,8,0.4112595419847328,17.830419516245577,0.5050170177262115,3.2900763358778624
Q5T447,HECTD3,3,0.1679389312977099,14.945782632775915,1.1852475718475215,0.5038167938931297
Q5T481,RBM20,6,0.66793893129771,17.71937825204193,0.4368353941374596,4.00763358778626
Q5T4S7,UBR4,25,0.3001526717557252,16.149441477815046,0.34227270383635444,7.5038167938931295
Q5T653,MRPL2,2,0.33969465648854963,17.130859890613994,1.178505883459091,0.6793893129770993
Q5T6F2,UBAP2,7,0.21155943293347873,15.231488988965285,0.7954076749022839,1.4809160305343512
Q5T6V5,C9orf64,7,0.3609596510359869,17.024159989162516,0.6500422196705731,2.5267175572519083
Q5TA50,CPTP,5,0.21221374045801528,16.550784295699184,0.9331348868628858,1.0610687022900764
Q5TAQ9,DCAF8,10,0.36793893129770994,15.848807122579462,0.4466939710709674,3.6793893129770994
Q5TC12,ATPAF1,7,0.37840785169029445,17.034529270728445,0.6697721172423885,2.648854961832061
Q5TDH0,DDI2,11,0.2199861207494795,16.102364862135975,0.62268094055907,2.4198473282442747
Q5TEU4,NDUFAF5,3,0.39185750636132316,16.29233884073942,0.9078483694943495,1.1755725190839694
Q5TFE4,NT5DC1,7,0.2835332606324973,15.978807863686212,0.706331873508583,1.984732824427481
Q5TGZ0,MICOS10,1,0.7099236641221374,23.700919212586033,1.0065486714469924,0.7099236641221374
Q5U5X0,LYRM7,6,0.628498727735369,19.346630623172512,0.5018638699070773,3.7709923664122136
Q5UCC4,EMC10,1,0.42748091603053434,15.568871822280276,1.2716185790283159,0.42748091603053434
Q5VST9,OBSCN,299,0.44565855651152697,17.869360240807868,0.09132804347244443,133.25190839694656
Q5VTT5,MYOM3,111,0.376727872911079,18.119159615096823,0.1633336555139399,41.81679389312977
Q5VUM1,SDHAF4,1,0.3969465648854962,16.395634334871612,1.2736850085925522,0.3969465648854962
Q5VVQ6,YOD1,2,0.31297709923664124,15.70245858575796,1.118043977157676,0.6259541984732825
Q5VW32,BROX,6,0.5267175572519084,17.77256153620472,0.5566283766371841,3.1603053435114505
Q5VWP3,MLIP,17,0.27885047148630443,15.903560844715473,0.3592823561694828,4.740458015267175
Q5VWZ2,LYPLAL1,5,0.28549618320610687,16.7437365947404,0.7911608134965337,1.4274809160305344
Q5VXT5,SYPL2,11,0.5780707841776545,20.68886090570427,0.4623947337413025,6.358778625954199
Q5VYK3,ECPAS,68,0.4732824427480916,17.67044609801372,0.18219214513435625,32.18320610687023
Q5VZP5,DUSP27,5,0.19541984732824427,14.267799822399457,0.9400571019888504,0.9770992366412213
Q5XKP0,MICOS13,5,0.4427480916030534,17.986152412241946,0.7983472692239417,2.213740458015267
Q5XPI4,RNF123,28,0.4910032715376227,18.04798682338681,0.28238012559930964,13.748091603053435
Q66K74,MAP1S,4,0.5610687022900763,16.3951943624282,0.6445137016821598,2.2442748091603053
Q687X5,STEAP4,7,0.2791712104689204,15.88794303375412,0.6410433455032912,1.9541984732824427
Q68EM7,ARHGAP17,2,0.31297709923664124,15.482495332470108,1.1639831813111212,0.6259541984732825
Q68J44,DUPD1,11,0.3795975017349063,17.163848944967985,0.4629361747004087,4.175572519083969
Q69YU5,C12orf73,3,0.6972010178117048,18.049081466433723,0.7141543911475706,2.0916030534351147
Q6B8I1,DUSP13,5,0.4534351145038168,17.214163371108185,0.6600555844590865,2.267175572519084
Q6DD88,ATL3,14,0.11232279171210469,14.933676216019114,0.7060529491214133,1.5725190839694656
Q6DHV7,ADAL,2,0.17938931297709923,15.56505223096919,1.3018563856141183,0.35877862595419846
Q6DKJ4,NXN,13,0.4039929536112742,16.933924583415205,0.4069069997929229,5.251908396946565
Q6EEV4,POLR2M,1,0.3435114503816794,15.433317042606445,1.3542253785459863,0.3435114503816794
Q6FI81,CIAPIN1,4,0.3568702290076336,16.207342503712653,0.7081495459916544,1.4274809160305344
Q6GMV2,SMYD5,11,0.3671061762664816,16.277979807142263,0.44625013742572484,4.038167938931298
Q6GMV3,PTRHD1,8,0.5658396946564885,18.368245770469716,0.45087363424513766,4.526717557251908
Q6GQQ9,OTUD7B,3,0.10432569974554708,14.385749415104256,1.3522800838517466,0.31297709923664124
Q6H8Q1,ABLIM2,17,0.25550067355186346,15.626742227161808,0.48101214836594297,4.343511450381679
Q6IAA8,LAMTOR1,7,0.376226826608506,15.869929076966612,0.5671934367607577,2.633587786259542
Q6IAN0,DHRS7B,18,0.44698897370653096,18.040608497213768,0.37503480494397723,8.045801526717558
Q6IBS0,TWF2,16,0.5734732824427481,18.023077311577556,0.3567774054380697,9.17557251908397
Q6ICL3,TANGO2,5,0.12824427480916029,16.253059264214716,1.0057786538054154,0.6412213740458015
Q6IPR1,ETFRF1,2,0.8282442748091603,19.43935220281163,0.7860961921643373,1.6564885496183206
Q6IQ22,RAB12,9,0.4402035623409669,17.229747803124305,0.5378499864507623,3.9618320610687023
Q6JBY9,RCSD1,18,0.5097540288379983,17.205381895870165,0.31480680183133375,9.17557251908397
Q6L8Q7,PDE12,4,0.3931297709923664,16.28669812550518,0.8285197394341365,1.5725190839694656
Q6NSJ0,MYORG,2,0.4198473282442748,16.99025408888794,1.0139191049697933,0.8396946564885496
Q6NUK1,SLC25A24,8,0.26622137404580154,16.086818934635822,0.45147522731686957,2.1297709923664123
Q6NVY1,HIBCH,37,0.5952135341448318,19.75856115180802,0.24561896280016332,22.022900763358777
Q6NW29,RWDD4,2,0.40076335877862596,16.9080195147799,1.0842341182695883,0.8015267175572519
Q6NXT6,TAPT1,4,0.21755725190839695,15.753514527117547,0.997902051753168,0.8702290076335878
Q6NZI2,CAVIN1,26,0.6327069876688197,20.25121469467594,0.30044759480422895,16.450381679389313
Q6P179,ERAP2,2,0.32061068702290074,15.879286647033561,1.1341088749074912,0.6412213740458015
Q6P1A2,LPCAT3,3,0.3536895674300255,16.449998082489273,0.943150255285229,1.0610687022900764
Q6P1L8,MRPL14,2,0.23282442748091603,16.542909538770175,1.219459106678192,0.46564885496183206
Q6P1N0,CC2D1A,3,0.47328244274809156,15.02163415692285,0.7418491338869054,1.4198473282442747
Q6P1N9,TATDN1,17,0.3453075886843287,17.761598523096364,0.41418552227853034,5.870229007633588
Q6P1X6,C8orf82,5,0.4351145038167939,16.672132207497345,0.6578454712316397,2.1755725190839694
Q6P3S6,FBXO42,1,0.32061068702290074,15.0032485425876,1.3891773792650328,0.32061068702290074
Q6P4A7,SFXN4,4,0.4580152671755725,17.08128511382161,0.8026899612784791,1.83206106870229
Q6P587,FAHD1,17,0.4171531207903008,18.039975489062886,0.3696427696557113,7.091603053435114
Q6P5Q4,LMOD2,9,0.20949957591178964,15.69728215502819,0.7522758411375245,1.8854961832061068
Q6PCB7,SLC27A1,11,0.28383067314365024,16.774144881415804,0.559229719915712,3.122137404580153
Q6PCE3,PGM2L1,17,0.3547373147732375,16.753533281670112,0.4105423733148811,6.030534351145038
Q6PGP7,TTC37,8,0.25286259541984735,15.53698514580905,0.6263754483604628,2.0229007633587788
Q6PH85,DCUN1D2,7,0.4460196292257361,17.435244256784422,0.5686659882788103,3.122137404580153
Q6PHR2,ULK3,2,0.27099236641221375,15.546639678318238,1.1688273874641046,0.5419847328244275
Q6PI48,DARS2,6,0.27989821882951654,16.960438404273606,0.7058264811163238,1.6793893129770991
Q6PI78,TMEM65,4,0.23282442748091603,16.25832671554639,0.9901349868743134,0.9312977099236641
Q6PIU2,NCEH1,8,0.37213740458015265,17.126207048384817,0.546455798855723,2.9770992366412212
Q6PJW8,CNST,3,0.37404580152671757,15.348267712347795,0.69260563161433,1.1221374045801527
Q6PKG0,LARP1,3,0.2748091603053435,16.247532240194825,1.0444219526116114,0.8244274809160306
Q6PML9,SLC30A9,2,0.2900763358778626,15.672280518820148,1.1383418275050488,0.5801526717557252
Q6QEF8,CORO6,9,0.3206106870229008,17.382572618472015,0.6442949025627777,2.885496183206107
Q6UW68,TMEM205,5,0.6442748091603053,19.295163823670197,0.4955730337192598,3.2213740458015265
Q6UW78,UQCC3,2,0.1297709923664122,16.662010193661462,1.3408095573741874,0.2595419847328244
Q6UWP2,DHRS11,8,0.3711832061068702,16.827954177699464,0.5814355735530359,2.969465648854962
Q6UWP7,LCLAT1,1,0.6259541984732825,16.88541693386155,1.0640053569907846,0.6259541984732825
Q6UWY5,OLFML1,2,0.13740458015267176,14.38109818104772,1.4101369211843526,0.2748091603053435
Q6UXN9,WDR82,2,0.17557251908396945,13.719202011737233,1.3469964032943293,0.3511450381679389
Q6UXV4,APOOL,25,0.6461068702290076,19.666464604903176,0.2885521187006317,16.15267175572519
Q6XQN6,NAPRT,12,0.39567430025445294,17.405216381991284,0.4758884882481785,4.748091603053435
Q6YN16,HSDL2,49,0.6046113101729241,20.364657252925948,0.21444215192688817,29.625954198473284
Q6YP21,KYAT3,2,0.8358778625954199,18.17246609477787,0.5569932487235456,1.6717557251908397
Q6ZMU5,TRIM72,53,0.7887080512746651,22.2153476241168,0.18242302696114646,41.80152671755725
Q6ZP80,TMEM182,1,0.8473282442748091,21.536665263798607,0.8707655050239689,0.8473282442748091
Q6ZT12,UBR3,13,0.24779800352319434,15.36230239450849,0.4742733789612612,3.2213740458015265
Q6ZUT6,CCDC9B,2,0.7366412213740458,15.796791534980825,0.6596595888674522,1.4732824427480915
Q6ZVM7,TOM1L2,7,0.3925845147219193,16.708446184963886,0.5625425065659082,2.7480916030534353
Q702N8,XIRP1,116,0.5244801263490392,18.749961421787336,0.1371250706139704,60.83969465648855
Q709C8,VPS13C,17,0.28199371351594077,16.140025860673994,0.4025788115808575,4.793893129770993
Q70IA6,MOB2,2,0.41603053435114506,17.74372370683687,1.1316895466850587,0.8320610687022901
Q711Q0,CEFIP,4,0.14885496183206107,15.401077410874445,1.1210021791130853,0.5954198473282443
Q712K3,UBE2R2,3,0.5521628498727735,17.69748765761997,0.7542023799234335,1.6564885496183206
Q76N32,CEP68,1,0.26717557251908397,14.03105250897795,1.4676984148528118,0.26717557251908397
Q7KZF4,SND1,22,0.313324080499653,16.231522660190823,0.3524490789952092,6.893129770992366
Q7L0Y3,TRMT10C,12,0.41475826972010177,17.07310841904093,0.48387433389101653,4.977099236641221
Q7L1Q6,BZW1,4,0.2767175572519084,16.45544609289529,0.8484600553878249,1.1068702290076335
Q7L2H7,EIF3M,12,0.26463104325699743,16.78996889902375,0.5358404172176398,3.1755725190839694
Q7L3B6,CDC37L1,4,0.48282442748091603,16.331654567970425,0.7492981062536046,1.9312977099236641
Q7L3T8,PARS2,2,0.1946564885496183,15.490042688656283,1.2791996826374479,0.3893129770992366
Q7L523,RRAGA,1,0.5877862595419847,15.160481254663418,1.1313517102569626,0.5877862595419847
Q7L576,CYFIP1,4,0.1431297709923664,14.823184001293585,1.0753714734585875,0.5725190839694656
Q7L592,NDUFAF7,1,0.3511450381679389,16.073254744503764,1.3255432525750812,0.3511450381679389
Q7L5D6,GET4,4,0.16984732824427481,15.394913367259829,1.0580229268379349,0.6793893129770993
Q7L5N1,COPS6,18,0.5173876166242579,18.422540709780346,0.3624207529924643,9.312977099236642
Q7L775,EPM2AIP1,2,0.549618320610687,16.59990240270035,0.8921950149750343,1.099236641221374
Q7LBR1,CHMP1B,6,0.5190839694656488,17.405792766936422,0.5696686737536566,3.114503816793893
Q7LG56,RRM2B,5,0.4076335877862595,16.593486391385824,0.6060190569762436,2.0381679389312977
Q7Z2K6,ERMP1,2,0.4198473282442748,15.754982047528884,1.0710042503098813,0.8396946564885496
Q7Z2T5,TRMT1L,1,0.24427480916030533,13.558107122927504,1.5013138555151189,0.24427480916030533
Q7Z2W9,MRPL21,4,0.41412213740458015,16.52288659303365,0.7621919833060483,1.6564885496183206
Q7Z392,TRAPPC11,1,0.3511450381679389,18.148898787438878,1.2696828605429955,0.3511450381679389
Q7Z3B4,NUP54,2,0.22137404580152673,14.898019527620606,1.247455276713031,0.44274809160305345
Q7Z3D6,DGLUCY,39,0.5065570561753768,19.212109587474618,0.2763491236448957,19.755725190839694
Q7Z406,MYH14,59,0.41027299780049165,17.028173770731335,0.1971978704981747,24.206106870229007
Q7Z422,SZRD1,3,0.5877862595419847,16.553845294428086,0.7238102201577039,1.7633587786259541
Q7Z434,MAVS,11,0.5024288688410826,17.494016970343164,0.39913485485253497,5.526717557251908
Q7Z460,CLASP1,17,0.28109564436461604,15.749406854894653,0.39348361548565075,4.778625954198473
Q7Z4H3,HDDC2,6,0.29389312977099236,16.720192583344772,0.5875901775951009,1.7633587786259541
Q7Z4V5,HDGFL2,2,0.46564885496183206,15.683732236581557,0.6424729011393002,0.9312977099236641
Q7Z4W1,DCXR,22,0.6509368494101319,20.14859105594051,0.2956447919918164,14.320610687022901
Q7Z6K5,ARPIN,1,0.44274809160305345,16.686490112531843,1.2252562043246025,0.44274809160305345
Q7Z6Z7,HUWE1,47,0.31931135293162255,16.01672984821491,0.22323342622948267,15.007633587786259
Q7Z7B0,FILIP1,2,0.14122137404580154,13.511587005071794,1.432962345390432,0.2824427480916031
Q7Z7H5,TMED4,7,0.3456924754634678,16.67194530384016,0.6530007417680096,2.4198473282442747
Q7Z7H8,MRPL10,1,0.37404580152671757,17.311903405960567,1.268013074770034,0.37404580152671757
Q7Z7K0,CMC1,3,0.15267175572519084,16.339707315874232,1.1902165146302837,0.4580152671755725
Q7Z7K6,CENPV,4,0.1297709923664122,15.051781097823605,1.1364714892027268,0.5190839694656488
Q86SX6,GLRX5,5,0.6106870229007634,20.33988044036963,0.6166423419811601,3.053435114503817
Q86SZ2,TRAPPC6B,1,0.32061068702290074,15.093935232925661,1.3865022704135714,0.32061068702290074
Q86T13,CLEC14A,2,0.16030534351145037,14.694746996508634,1.3576578707657274,0.32061068702290074
Q86TC9,MYPN,43,0.3729806497425883,17.048293209387356,0.24382264774201015,16.0381679389313
Q86TD4,SRL,73,0.640384816480184,20.655846987410207,0.18210798282099352,46.74809160305343
Q86TI2,DPP9,7,0.22464558342420937,16.372579738394993,0.7611562373486694,1.5725190839694656
Q86TN4,TRPT1,5,0.1801526717557252,15.453754051523973,0.9658295858080832,0.9007633587786259
Q86TP1,PRUNE1,11,0.3282442748091603,16.776014580719398,0.5112770719682149,3.6106870229007635
Q86TU7,SETD3,9,0.3104325699745547,15.998666407425452,0.5802133590609211,2.7938931297709924
Q86TX2,ACOT1,4,0.7156488549618321,19.77618065990847,0.6961976308379818,2.8625954198473282
Q86U28,ISCA2,6,0.6030534351145038,18.52975712777602,0.5505323438120854,3.618320610687023
Q86U42,PABPN1,2,0.32061068702290074,16.82518969633869,1.1158424670567277,0.6412213740458015
Q86UA6,RPAIN,1,0.5954198473282443,16.046309522558406,1.106829917769088,0.5954198473282443
Q86UE4,MTDH,8,0.38740458015267176,16.47405905998855,0.551985387275055,3.099236641221374
Q86UP2,KTN1,21,0.24790985096328605,15.756568420463955,0.37179894187274815,5.206106870229007
Q86UT6,NLRX1,19,0.4945761349939735,17.80186459244336,0.3477402067626054,9.396946564885496
Q86UU1,PHLDB1,3,0.19338422391857504,14.295137703825093,1.1470095080920018,0.5801526717557252
Q86UY8,NT5DC3,3,0.17302798982188294,15.831663354348919,1.1495409615444487,0.5190839694656488
Q86V81,ALYREF,3,0.0916030534351145,15.185386928880606,1.3128081759950754,0.2748091603053435
Q86V88,MDP1,4,0.4351145038167939,17.098740726167186,0.5874484527737693,1.7404580152671756
Q86VB7,CD163,10,0.09389312977099237,14.238478993814443,0.9781591901041257,0.9389312977099237
Q86VD7,SLC25A42,2,0.1946564885496183,16.55217585535558,1.2635834436163964,0.3893129770992366
Q86VF2,IGFN1,34,0.16636731028289178,15.449296825096349,0.5789269135150042,5.656488549618321
Q86VF7,NRAP,147,0.42529989094874593,17.714093020041574,0.1324123400979244,62.51908396946565
Q86VN1,VPS36,12,0.22646310432569974,16.391743260943024,0.5603682240101269,2.717557251908397
Q86VP3,PACS2,2,0.21755725190839695,15.400967715270529,1.2743380429355822,0.4351145038167939
Q86VP6,CAND1,30,0.38676844783715014,17.605482544531462,0.2897996105625753,11.603053435114504
Q86VS8,HOOK3,8,0.37213740458015265,16.34234779348271,0.5585208277145289,2.9770992366412212
Q86VU5,COMTD1,5,0.17404580152671756,15.388548553863641,0.9039834706256956,0.8702290076335878
Q86VY4,TSPYL5,1,0.25190839694656486,13.287577264644352,1.4977642538223177,0.25190839694656486
Q86WA6,BPHL,5,0.349618320610687,16.22821086958324,0.648530145170518,1.748091603053435
Q86WC6,PPP1R27,5,0.18778625954198475,16.002474305062485,0.9116368890535189,0.9389312977099237
Q86WU2,LDHD,13,0.4932472108044627,16.998034570311738,0.3953540103472589,6.412213740458015
Q86WW8,COA5,3,0.14249363867684478,15.366853574994705,1.2015099636133275,0.42748091603053434
Q86X55,CARM1,11,0.4163775156141568,17.83301863410864,0.4407573231465982,4.580152671755725
Q86X76,NIT1,15,0.4513994910941476,17.849376599035104,0.37583312473950875,6.770992366412214
Q86XI6,PPP1R3B,2,0.366412213740458,17.04930891748368,1.16589103694391,0.732824427480916
Q86Y39,NDUFA11,8,0.5295801526717557,19.167703819966267,0.5033273905154791,4.236641221374046
Q86YB7,ECHDC2,5,0.4320610687022901,17.267692383697636,0.7192812364445003,2.1603053435114505
Q86YM7,HOMER1,8,0.2824427480916031,16.047130721037192,0.6209020457451214,2.2595419847328246
Q8IUG5,MYO18B,9,0.1391009329940628,15.018900810603084,0.8481035694761687,1.251908396946565
Q8IUZ5,PHYKPL,9,0.38676844783715014,16.49140669017801,0.499948315200421,3.480916030534351
Q8IV38,ANKMY2,1,0.45038167938931295,14.749627152732097,1.269960797285106,0.45038167938931295
Q8IVD9,NUDCD3,10,0.3374045801526718,15.658653219140316,0.5224921906373616,3.3740458015267176
Q8IVN3,MUSTN1,8,0.6650763358778626,21.357594317732577,0.3744857600055047,5.320610687022901
Q8IVP5,FUNDC1,1,0.25190839694656486,16.390248183751314,1.4030731853936853,0.25190839694656486
Q8IW45,NAXD,24,0.4627862595419847,18.373000287864627,0.30183024174211653,11.106870229007633
Q8IWA4,MFN1,4,0.17938931297709923,15.938980472124603,1.0874650800319987,0.7175572519083969
Q8IWA5,SLC44A2,8,0.49236641221374045,17.651309382853967,0.4847157658569493,3.9389312977099236
Q8IWB7,WDFY1,2,0.16030534351145037,15.524676726390895,1.328172200543823,0.32061068702290074
Q8IWE2,FAM114A1,6,0.27099236641221375,15.900150405376131,0.7441374132829123,1.6259541984732824
Q8IWL3,HSCB,3,0.17302798982188294,15.317362878045433,1.1917078629041797,0.5190839694656488
Q8IWT0,ZBTB8OS,1,0.2748091603053435,17.45371437671506,1.3479232040437046,0.2748091603053435
Q8IWV7,UBR1,4,0.2767175572519084,15.24833218951448,0.892321514082002,1.1068702290076335
Q8IWW8,ADHFE1,33,0.4018043025676613,17.984677067002128,0.2827980000822277,13.259541984732824
Q8IWX7,UNC45B,79,0.48758334138564113,18.435588098194753,0.16953562229229008,38.51908396946565
Q8IXI2,RHOT1,4,0.4064885496183206,15.901828402003003,0.7418245865752137,1.6259541984732824
Q8IXJ6,SIRT2,6,0.5178117048346056,17.741902378670112,0.6101252592884059,3.1068702290076335
Q8IXL7,MSRB3,7,0.623773173391494,17.266104219972963,0.49099896287751105,4.366412213740458
Q8IXM3,MRPL41,2,0.2786259541984733,16.411648083531176,1.1629286846249107,0.5572519083969466
Q8IY95,TMEM192,1,0.42748091603053434,16.610661192886663,1.240556288237441,0.42748091603053434
Q8IYB7,DIS3L2,2,0.40458015267175573,15.402599143434601,0.9832702409133024,0.8091603053435115
Q8IYB8,SUPV3L1,7,0.4569247546346783,16.125269683045538,0.5035325335115802,3.198473282442748
Q8IYD1,GSPT2,2,0.38549618320610685,17.539489208648778,1.105148890451176,0.7709923664122137
Q8IYQ7,THNSL1,11,0.24427480916030533,15.831022913363533,0.5251839015003169,2.687022900763359
Q8IYS1,PM20D2,4,0.45038167938931295,16.733127077894483,0.6782179196622024,1.8015267175572518
Q8IYU8,MICU2,5,0.2916030534351145,16.47109237976194,0.7574142012596772,1.4580152671755726
Q8IZ81,ELMOD2,3,0.3282442748091603,15.719567233699093,0.7648127928585282,0.9847328244274809
Q8IZ83,ALDH16A1,11,0.19639139486467733,15.98507048782278,0.6087780383096093,2.1603053435114505
Q8N0U4,FAM185A,9,0.3392705682782019,15.62111436175218,0.513886773245733,3.053435114503817
Q8N0U8,VKORC1L1,3,0.361323155216285,16.561690818996112,0.9379975289298337,1.083969465648855
Q8N0X4,CLYBL,8,0.3501908396946565,16.722138953916133,0.6378770934211365,2.801526717557252
Q8N0X7,SPART,3,0.30279898218829515,15.794989474770405,1.0315774618185316,0.9083969465648855
Q8N112,LSMEM2,2,0.22519083969465647,16.54181307434515,1.2487329799111597,0.45038167938931295
Q8N122,RPTOR,3,0.3435114503816794,15.789454050519637,0.7996157439893997,1.0305343511450382
Q8N142,ADSS1,48,0.6622137404580153,21.13017058115679,0.20411478679438988,31.786259541984734
Q8N163,CCAR2,5,0.15114503816793895,15.621862462849492,0.9919862476470191,0.7557251908396947
Q8N183,NDUFAF2,4,0.6316793893129771,17.241941330575678,0.6015775270750221,2.5267175572519083
Q8N1F7,NUP93,4,0.5114503816793893,16.449018480021756,0.6986367857824678,2.045801526717557
Q8N1G4,LRRC47,29,0.5967359831534614,18.830559490401388,0.2623477529233915,17.30534351145038
Q8N283,ANKRD35,2,0.18702290076335878,15.641666978321718,1.2940157545986033,0.37404580152671757
Q8N2G8,GHDC,2,0.16793893129770993,15.617123430901515,1.3216257975294903,0.33587786259541985
Q8N2U9,SLC66A2,3,0.48091603053435117,16.465901494218247,0.7905548538650097,1.4427480916030535
Q8N335,GPD1L,31,0.639251415907412,21.6232212767917,0.26046745942036936,19.81679389312977
Q8N392,ARHGAP18,2,0.13740458015267176,14.735271630969299,1.378202776056516,0.2748091603053435
Q8N3D4,EHBP1L1,41,0.399925525972817,16.617245104067663,0.23866826170763109,16.396946564885496
Q8N3K9,CMYA5,57,0.3676175170751306,16.27344454613346,0.20533916435172986,20.954198473282442
Q8N3L3,TXLNB,37,0.5108314421291521,18.333970184709866,0.24976543671273782,18.900763358778626
Q8N3V7,SYNPO,22,0.4312977099236642,17.77434173463669,0.33503927629252134,9.4885496183206115
Q8N442,GUF1,3,0.24173027989821882,15.026791171403715,1.1016434432480573,0.7251908396946565
Q8N465,D2HGDH,5,0.20305343511450383,15.765100163010102,0.8913818850685835,1.015267175572519
Q8N4L2,PIP4P2,1,0.816793893129771,17.035639166591306,0.9010954401358195,0.816793893129771
Q8N4Q0,ZADH2,6,0.41857506361323155,16.701278624704656,0.5642056919001578,2.5114503816793894
Q8N4Q1,CHCHD4,5,0.6778625954198473,17.613917347334304,0.5726597996572442,3.3893129770992365
Q8N4T8,CBR4,13,0.4098649442160892,17.891777188430314,0.48813185773927,5.32824427480916
Q8N4V1,MMGT1,1,0.5648854961832062,16.98587033606114,1.1140399030125983,0.5648854961832062
Q8N5G0,SMIM20,3,0.44274809160305345,19.151251726183602,0.8822572726945949,1.3282442748091603
Q8N5K1,CISD2,6,0.36259541984732824,17.207536704267575,0.6198497680681706,2.1755725190839694
Q8N5M1,ATPAF2,9,0.37319762510602206,17.66379851404044,0.542310795618792,3.3587786259541983
Q8N5M9,JAGN1,2,0.6717557251908397,18.1206444703509,0.8505271249659909,1.3435114503816794
Q8N5N7,MRPL50,4,0.35877862595419846,15.94214389306445,0.80834745857651,1.4351145038167938
Q8N5X7,EIF4E3,3,0.35877862595419846,15.53066198085357,0.8445509291280822,1.0763358778625953
Q8N6M0,OTUD6B,3,0.2595419847328244,15.964045811465057,1.0681848804624465,0.7786259541984732
Q8N6M3,FITM2,3,0.5801526717557252,17.431939106291907,0.676420436243747,1.7404580152671756
Q8N766,EMC1,8,0.28435114503816794,16.590000384129343,0.6668059895386895,2.2748091603053435
Q8N8F7,LSMEM1,1,0.33587786259541985,13.594308043995927,1.405162867795994,0.33587786259541985
Q8N8N7,PTGR2,20,0.7015267175572519,19.937514851925958,0.3106391697639048,14.030534351145038
Q8N983,MRPL43,3,0.21374045801526717,15.893396598999654,1.0482195815520474,0.6412213740458015
Q8N9N7,LRRC57,1,0.3053435114503817,15.856787224020511,1.3753979780947827,0.3053435114503817
Q8N9N8,EIF1AD,3,0.1501272264631043,14.548908416005203,1.2147605566563524,0.45038167938931295
Q8NB12,SMYD1,54,0.5373197625106022,19.435578518522803,0.23644386577576812,29.015267175572518
Q8NBF2,NHLRC2,18,0.37107718405428325,17.35122296805185,0.3910944218814285,6.679389312977099
Q8NBJ7,SUMF2,3,0.11195928753180662,14.575188989564072,1.2871422521852052,0.33587786259541985
Q8NBN7,RDH13,8,0.30248091603053434,15.825218706310189,0.6353581643432294,2.4198473282442747
Q8NBS9,TXNDC5,9,0.29770992366412213,15.681089826948696,0.5568057109194392,2.6793893129770994
Q8NBU5,ATAD1,11,0.5038167938931297,16.975353988727434,0.4116774153654355,5.541984732824427
Q8NBV4,PLPP7,2,0.35877862595419846,16.36368133484789,1.1302581565284282,0.7175572519083969
Q8NBX0,SCCPDH,13,0.5038167938931297,19.11394100201262,0.436631798573555,6.549618320610687
Q8NC51,SERBP1,17,0.5419847328244275,17.75711169975238,0.36798956486869994,9.213740458015268
Q8NC56,LEMD2,4,0.22328244274809161,15.629863808963817,0.9585920547301235,0.8931297709923665
Q8NCA5,FAM98A,4,0.4312977099236641,17.66156761064855,0.7797095011976282,1.7251908396946565
Q8NCN5,PDPR,9,0.3799830364715861,16.72770025281459,0.5160077473446152,3.4198473282442747
Q8NCW5,NAXE,17,0.5895823978446341,19.37568258652833,0.331034599036636,10.022900763358779
Q8NDC0,MAPK1IP1L,1,0.9770992366412213,18.499222499506846,0.7656516962040613,0.9770992366412213
Q8NDH3,NPEPL1,15,0.4478371501272264,18.351513842442802,0.4013629061005292,6.717557251908397
Q8NDY3,ADPRHL1,29,0.5630429060279021,20.14168462685909,0.2814916020404513,16.328244274809162
Q8NE62,CHDH,10,0.33282442748091606,15.942072609645082,0.5309754694691448,3.3282442748091605
Q8NE71,ABCF1,21,0.5717920756088695,17.481619167813186,0.3013553558994316,12.007633587786259
Q8NE79,BVES,3,0.11959287531806616,14.29573562981485,1.3224901072335677,0.35877862595419846
Q8NE86,MCU,9,0.35284139100932993,17.538156069851098,0.5661425392590148,3.1755725190839694
Q8NEZ2,VPS37A,2,0.5877862595419847,14.719785677896178,0.7518403238237653,1.1755725190839694
Q8NFF5,FLAD1,3,0.11450381679389314,14.058699093966533,1.3409632012006125,0.3435114503816794
Q8NFQ8,TOR1AIP2,4,0.37213740458015265,14.918960407331232,0.7978986864479897,1.4885496183206106
Q8NFU3,TSTD1,4,0.20229007633587787,16.26997928677502,1.026236518610874,0.8091603053435115
Q8NFV4,ABHD11,10,0.27099236641221375,16.890410514234542,0.6008033300990906,2.7099236641221376
Q8NFW8,CMAS,2,0.549618320610687,16.227435608247323,0.9698901898989263,1.099236641221374
Q8NHH9,ATL2,11,0.5031228313671062,17.283078407771125,0.45200445643998327,5.534351145038168
Q8NI22,MCFD2,1,0.6793893129770993,18.191065733060825,1.004181889658801,0.6793893129770993
Q8NI37,PPTC7,10,0.616793893129771,18.123530289846702,0.4001860630943296,6.1679389312977095
Q8NI60,COQ8A,44,0.6379250520471894,21.02060955154099,0.24619141102874562,28.068702290076335
Q8TAE6,PPP1R14C,3,0.3358778625954198,16.261105973415944,0.7855791390016663,1.0076335877862594
Q8TAT6,NPLOC4,21,0.4932751726644856,17.496029099926098,0.33235951485628884,10.358778625954198
Q8TB22,SPATA20,3,0.23409669211195927,14.478880520695695,1.0198156437404848,0.7022900763358778
Q8TB37,NUBPL,7,0.31952017448200654,16.716760530708687,0.6896665211966181,2.236641221374046
Q8TB45,DEPTOR,22,0.49236641221374045,18.001858197725785,0.3558394467729725,10.83206106870229
Q8TBC4,UBA3,8,0.2862595419847328,17.31903433585885,0.6503995927188477,2.2900763358778624
Q8TC07,TBC1D15,3,0.2697201017811705,15.423379833762144,0.9874965735463527,0.8091603053435115
Q8TC12,RDH11,4,0.5286259541984732,16.459427743290593,0.62379735735663,2.114503816793893
Q8TC44,POC1B,1,0.45038167938931295,18.38859104365338,1.185970056636432,0.45038167938931295
Q8TCA0,LRRC20,18,0.6268023748939779,21.132757030181843,0.3812716120247741,11.282442748091603
Q8TCC3,MRPL30,4,0.2748091603053435,14.631212865252488,0.8930754880181241,1.099236641221374
Q8TCD1,C18orf32,1,0.35877862595419846,13.389240033869815,1.3846640474116934,0.35877862595419846
Q8TCD5,NT5C,12,0.4592875318066158,18.153716355739796,0.46069686104793467,5.511450381679389
Q8TCJ2,STT3B,6,0.33715012722646315,16.688958908479034,0.6811425728097492,2.0229007633587788
Q8TCS8,PNPT1,17,0.38572070049393803,17.26538310129778,0.39147953000583235,6.557251908396947
Q8TCT8,SPPL2A,2,0.40076335877862596,17.325937632165424,1.070512633143502,0.8015267175572519
Q8TCZ2,CD99L2,5,0.38625954198473283,16.68122809279624,0.611617444114346,1.9312977099236641
Q8TD19,NEK9,10,0.3549618320610687,16.339225884875287,0.49328864054647126,3.549618320610687
Q8TD30,GPT2,4,0.3969465648854962,16.15734019378655,0.5821197063158886,1.5877862595419847
Q8TDC0,MYOZ3,13,0.26893716970052844,17.125772778743276,0.6108073265254634,3.49618320610687
Q8TDQ7,GNPDA2,2,0.3931297709923664,16.811516465760462,1.0126564447769406,0.7862595419847328
Q8TDX7,NEK7,13,0.5308279506752789,18.634457572807868,0.4386157532394595,6.900763358778626
Q8TEA8,DTD1,5,0.4488549618320611,17.05642750942988,0.631638898713583,2.2442748091603053
Q8TEB1,DCAF11,7,0.3435114503816794,16.435607162509754,0.6370399217604692,2.404580152671756
Q8TEQ6,GEMIN5,5,0.3053435114503817,15.449299803009964,0.6736402550356074,1.5267175572519085
Q8WTS6,SETD7,13,0.5114503816793893,18.1255939157619,0.383460901661389,6.648854961832061
Q8WU76,SCFD2,8,0.16984732824427481,15.774473556971222,0.7936700147493464,1.3587786259541985
Q8WUH6,TMEM263,4,0.15076335877862596,15.546646033733476,1.1128147315131698,0.6030534351145038
Q8WUK0,PTPMT1,3,0.19338422391857504,15.509030275691712,1.1187713490919242,0.5801526717557252
Q8WUM4,PDCD6IP,41,0.5427294730962576,18.563831587232446,0.22167113491802115,22.251908396946565
Q8WUY1,THEM6,5,0.566412213740458,17.857264293530484,0.6046013780154953,2.83206106870229
Q8WVI0,SMIM4,1,0.9465648854961832,18.536317346144642,0.7898040707112395,0.9465648854961832
Q8WVJ2,NUDCD2,3,0.6513994910941475,18.587680061966182,0.5425061441557664,1.9541984732824427
Q8WVM8,SCFD1,18,0.27014418999151824,16.045383473925725,0.38085888719133804,4.862595419847328
Q8WW01,TSEN15,1,0.5038167938931297,15.68637100374046,1.1981214493532726,0.5038167938931297
Q8WW12,PCNP,6,0.3867684478371501,15.652468318949188,0.6561025537489841,2.3206106870229006
Q8WW22,DNAJA4,16,0.38311068702290074,17.45086936321456,0.37508305139397047,6.129770992366412
Q8WW59,SPRYD4,10,0.4679389312977099,18.340928570060612,0.5161879708238412,4.679389312977099
Q8WWC4,MAIP1,4,0.5438931297709924,18.066782451424775,0.7467300654749874,2.1755725190839694
Q8WWI1,LMO7,8,0.0916030534351145,14.076538157960174,1.0887905308879309,0.732824427480916
Q8WWM9,CYGB,2,0.3511450381679389,16.50621386253255,1.1216560992928564,0.7022900763358778
Q8WWV3,RTN4IP1,16,0.29627862595419846,17.614990352636294,0.4593493874455312,4.740458015267175
Q8WWY3,PRPF31,3,0.09669211195928752,14.204553880786177,1.3506037463363625,0.2900763358778626
Q8WWZ7,ABCA5,1,0.40458015267175573,16.915209043966588,1.2521054862308165,0.40458015267175573
Q8WX93,PALLD,14,0.3707742639040349,16.355477011199994,0.4152446059340509,5.190839694656488
Q8WXH0,SYNE2,13,0.3106283029947152,15.88596299042088,0.4711051537657715,4.038167938931298
Q8WXH4,ASB11,4,0.1984732824427481,14.640194125820328,0.9926968556611616,0.7938931297709924
Q8WY91,THAP4,7,0.4623773173391494,18.191805926539466,0.6154672513545822,3.236641221374046
Q8WYN0,ATG4A,1,0.5572519083969466,16.20887321077522,1.137090369339696,0.5572519083969466
Q8WYQ3,CHCHD10,2,0.648854961832061,20.856036295569254,0.9411443715923412,1.297709923664122
Q8WZ42,TTN,3245,0.49395311636222494,19.330998083450627,0.031071392954085737,1602.8778625954199
Q8WZ82,OVCA2,2,0.21755725190839695,16.444649169865922,1.2504740644101064,0.4351145038167939
Q8WZA0,LZIC,5,0.5251908396946565,17.615253391349313,0.6480368437134826,2.6259541984732824
Q8WZA9,IRGQ,7,0.3380588876772083,16.68766247123866,0.5771252480204879,2.366412213740458
Q92499,DDX1,46,0.4473946232990375,17.392344255947506,0.230452317357262,20.580152671755727
Q92506,HSD17B8,9,0.6293469041560644,19.265864156600944,0.39427204087017786,5.66412213740458
Q92522,H1FX,5,0.3099236641221374,16.29949160761677,0.8050268919995547,1.549618320610687
Q92523,CPT1B,30,0.6147582697201018,19.4679598513598,0.2662784766406573,18.442748091603054
Q92526,CCT6B,1,0.6870229007633588,21.816696269274274,1.0031937050562298,0.6870229007633588
Q92530,PSMF1,11,0.6502428868841083,18.13983125064195,0.3713896087040938,7.152671755725191
Q92538,GBF1,4,0.3053435114503817,14.955422459790764,0.8849220607346386,1.2213740458015268
Q92552,MRPS27,8,0.26717557251908397,15.824051272198728,0.6826229913770051,2.1374045801526718
Q92575,UBXN4,4,0.6793893129770993,17.457690925853708,0.5755324653167869,2.717557251908397
Q92597,NDRG1,8,0.26622137404580154,15.991271403465095,0.652281485000064,2.1297709923664123
Q92598,HSPH1,11,0.17626648160999306,15.314098337439187,0.6772637316920932,1.9389312977099236
Q92614,MYO18A,40,0.25801526717557255,16.12866080608317,0.2818546706496119,10.320610687022901
Q92616,GCN1,21,0.19338422391857507,15.669788929760179,0.44138279791543117,4.061068702290076
Q92621,NUP205,2,0.22900763358778625,14.884839464053963,1.2479666607149476,0.4580152671755725
Q92623,TTC9,1,0.2595419847328244,14.901297585680448,1.4522101968218877,0.2595419847328244
Q92629,SGCD,22,0.44205412907702984,17.81057586699935,0.33274853393265064,9.725190839694656
Q92643,PIGK,1,0.24427480916030533,15.362815419207898,1.4514891750993073,0.24427480916030533
Q92665,MRPS31,4,0.3568702290076336,15.812655978459818,0.8326668082546598,1.4274809160305344
Q92667,AKAP1,12,0.4319338422391858,16.452548231563796,0.41191238873321434,5.183206106870229
Q92688,ANP32B,3,0.22900763358778628,16.278914442998165,1.130545359001305,0.6870229007633588
Q92696,RABGGTA,12,0.3657760814249364,17.520503353518208,0.46948376780068113,4.3893129770992365
Q92734,TFG,9,0.32145886344359625,16.924186421977204,0.48381750579836247,2.8931297709923665
Q92736,RYR2,3,0.6030534351145038,20.900362819872242,0.8324940310346141,1.8091603053435115
Q92747,ARPC1A,9,0.40627650551314676,16.44977017770032,0.5811844926896687,3.6564885496183206
Q92783,STAM,5,0.20610687022900764,15.91030700697381,0.9013138982151042,1.0305343511450382
Q92804,TAF15,2,0.3282442748091603,16.524480981674785,1.1542194262577596,0.6564885496183206
Q92839,HAS1,1,0.5190839694656488,20.167459323570238,1.124419479119839,0.5190839694656488
Q92841,DDX17,9,0.3443596268023749,17.04167647147826,0.581475940196354,3.099236641221374
Q92879,CELF1,7,0.2366412213740458,15.734453017526087,0.6990119765027035,1.6564885496183206
Q92882,OSTF1,3,0.17302798982188294,14.912312772508017,1.1796493333354343,0.5190839694656488
Q92890,UFD1,12,0.4796437659033079,17.322273908024655,0.43199266222586125,5.755725190839694
Q92896,GLG1,8,0.16221374045801526,15.209320676805227,0.8076219395968345,1.297709923664122
Q92900,UPF1,5,0.20152671755725188,15.012987658267463,0.8694673967666942,1.0076335877862594
Q92901,RPL3L,16,0.26860687022900764,16.27300366435586,0.4868967698209186,4.297709923664122
Q92905,COPS5,21,0.5223555070883316,18.745567721172897,0.35435259227007243,10.969465648854962
Q92930,RAB8B,3,0.18575063613231554,14.726165028515993,1.1445297560471073,0.5572519083969466
Q92945,KHSRP,11,0.41082581540596813,16.40613607965559,0.4527743744350237,4.519083969465649
Q92947,GCDH,13,0.2372284204345273,16.41074244206006,0.5324101891663492,3.0839694656488548
Q92973,TNPO1,5,0.37709923664122136,16.856769060005945,0.5681440123999588,1.8854961832061068
Q92995,USP13,8,0.2318702290076336,15.639184796007306,0.6639433886472301,1.8549618320610688
Q93008,USP9X,21,0.3024354780079971,16.225263556457804,0.3735091174848609,6.351145038167939
Q93009,USP7,11,0.2685634975711312,16.117231143539673,0.5746968906623853,2.954198473282443
Q93034,CUL5,42,0.5136314067611777,18.26784850261197,0.2296392555718747,21.572519083969464
Q93052,LPP,20,0.3740458015267175,16.56169151669172,0.3422874545791974,7.480916030534351
Q93096,PTP4A1,1,0.5572519083969466,15.360787609559997,1.1560690686038677,0.5572519083969466
Q93100,PHKB,60,0.5194656488549618,18.921872691023374,0.20231494623122506,31.16793893129771
Q969G5,CAVIN3,7,0.31406761177753545,16.35230599747933,0.6374257372258115,2.198473282442748
Q969J3,BORCS5,2,0.29770992366412213,15.267256989334774,1.150132827044846,0.5954198473282443
Q969M1,TOMM40L,3,0.15521628498727735,16.114308852005447,1.1766587154160724,0.46564885496183206
Q969M7,UBE2F,4,0.4312977099236641,17.3952036079981,0.6967650416765011,1.7251908396946565
Q969Q5,RAB24,5,0.5145038167938931,17.242588972840444,0.6570472670431556,2.572519083969466
Q969T9,WBP2,4,0.5,17.42749146733567,0.5660455626748342,2
Q969U7,PSMG2,2,0.17938931297709923,15.852336323112416,1.2858550702440126,0.35877862595419846
Q969V3,NCLN,7,0.22464558342420937,15.254833767335166,0.7260219785390577,1.5725190839694656
Q969X1,TMBIM1,1,0.44274809160305345,15.788201381470458,1.251305616060371,0.44274809160305345
Q969X5,ERGIC1,11,0.30811936155447606,16.463458848050983,0.5106770474922566,3.3893129770992365
Q969Z0,TBRG4,9,0.19083969465648856,15.683888513061305,0.7233323457847116,1.717557251908397
Q969Z3,MTARC2,9,0.25869380831212896,16.33051644048067,0.6579993699031638,2.3282442748091605
Q96A26,FAM162A,11,0.4205412907702984,17.93891343444934,0.4904237039777382,4.625954198473282
Q96A32,MYLPF,44,0.7265787647467037,23.314391711421006,0.24530783684571542,31.96946564885496
Q96A33,CCDC47,9,0.1484308736217133,15.115457440035762,0.7739657777772617,1.3358778625954197
Q96A35,MRPL24,2,0.5763358778625954,17.74159348991225,0.9534822926182456,1.1526717557251909
Q96A49,SYAP1,3,0.3638676844783715,15.648539795856184,0.8930212383649704,1.0916030534351144
Q96A57,TMEM230,1,0.6183206106870229,18.80412372551605,1.0484709296541925,0.6183206106870229
Q96A65,EXOC4,5,0.34045801526717556,15.909518017453381,0.7708962279643643,1.702290076335878
Q96AB3,ISOC2,13,0.43628890193775693,18.56820825525941,0.5041943841588309,5.67175572519084
Q96AC1,FERMT2,32,0.32228053435114506,16.77346859322521,0.2922915253471932,10.312977099236642
Q96AD5,PNPLA2,2,0.1946564885496183,14.613962036109566,1.2862415046712865,0.3893129770992366
Q96AE4,FUBP1,12,0.416030534351145,16.334232206370533,0.4334520321858658,4.99236641221374
Q96AG3,SLC25A46,3,0.1450381679389313,16.038242103071564,1.1928075341151423,0.4351145038167939
Q96AG4,LRRC59,3,0.24936386768447838,15.322706428673474,0.9899788695718326,0.7480916030534351
Q96AM1,MRGPRF,1,0.6564885496183206,16.64081009116245,1.0419042106974779,0.6564885496183206
Q96AN5,TMEM143,13,0.5766294773928362,18.21516466073914,0.34079964753480846,7.4961832061068705
Q96AP7,ESAM,1,0.8473282442748091,18.31013373607019,0.869151924323089,0.8473282442748091
Q96AQ6,PBXIP1,26,0.6186142102172637,19.336606469639754,0.2429807222064387,16.083969465648856
Q96AT9,RPE,1,0.2595419847328244,15.802857981571874,1.4201410235776801,0.2595419847328244
Q96AX1,VPS33A,1,0.549618320610687,17.125682440218906,1.1243495164951447,0.549618320610687
Q96AX9,MIB2,3,0.5216284987277354,16.262259982335962,0.6908773192799901,1.5648854961832062
Q96B54,ZNF428,3,0.13486005089058525,15.241737416117784,1.259905245823648,0.40458015267175573
Q96B96,TMEM159,1,0.42748091603053434,17.312076959889936,1.2231391626582893,0.42748091603053434
Q96BM9,ARL8A,3,0.47328244274809156,17.331078313122806,0.8941732647291674,1.4198473282442747
Q96BN8,OTULIN,1,0.6106870229007634,15.88464486596196,1.0965187975325326,0.6106870229007634
Q96BR5,COA7,4,0.21755725190839695,15.808046689688618,1.0155612553741644,0.8702290076335878
Q96BW5,PTER,9,0.3502968617472434,16.20254571703402,0.5063189627384691,3.1526717557251906
Q96C01,FAM136A,10,0.3900763358778626,16.921040742602095,0.5444740306434641,3.900763358778626
Q96C11,FGGY,6,0.4529262086513995,16.586287271913292,0.5449814304473297,2.717557251908397
Q96C23,GALM,10,0.44732824427480916,18.545906757779907,0.49104753208891044,4.473282442748092
Q96C86,DCPS,7,0.3544165757906216,15.800394629020305,0.6220076134662824,2.480916030534351
Q96C90,PPP1R14B,2,0.6221374045801527,18.210979360734523,0.7925854360973144,1.2442748091603053
Q96CB9,NSUN4,1,0.549618320610687,18.355421405689885,1.1067273372670567,0.549618320610687
Q96CD2,PPCDC,2,0.41603053435114506,16.11702759913387,1.0477544415737086,0.8320610687022901
Q96CM8,ACSF2,26,0.446858485026424,17.98560475037001,0.30371094037298546,11.618320610687023
Q96CN7,ISOC1,11,0.41360166551006244,18.134014877588264,0.4791413284851254,4.549618320610687
Q96CP2,FLYWCH2,1,0.2900763358778626,14.63193473256927,1.4296641069721805,0.2900763358778626
Q96CT7,CCDC124,4,0.5438931297709924,16.95622223599204,0.6518683690406195,2.1755725190839694
Q96CV9,OPTN,29,0.3006054224795999,16.587275350268026,0.3026730714107158,8.717557251908397
Q96CW1,AP2M1,10,0.3519083969465649,16.644310581103905,0.5179196774485093,3.519083969465649
Q96CX2,KCTD12,8,0.4312977099236641,16.873619177123892,0.5218985850489327,3.450381679389313
Q96D46,NMD3,2,0.44274809160305345,15.606317727567523,1.0133645330334224,0.8854961832061069
Q96DA6,DNAJC19,3,0.3460559796437659,16.07356076295208,0.6775796433408902,1.0381679389312977
Q96DB5,RMDN1,14,0.44438386041439476,17.70177733574393,0.4128226286885245,6.221374045801527
Q96DC8,ECHDC3,14,0.544711014176663,17.87037159137862,0.4016388358886733,7.625954198473282
Q96DD7,SHISA4,1,0.8091603053435115,18.393135382857043,0.8992396657615461,0.8091603053435115
Q96DE0,NUDT16,4,0.4064885496183206,16.430997998867458,0.7196305115297882,1.6259541984732824
Q96DG6,CMBL,26,0.7281268349970641,22.408933678087294,0.25875773033395744,18.931297709923665
Q96DH6,MSI2,6,0.4198473282442748,17.24963311655663,0.5512846422926472,2.519083969465649
Q96DV4,MRPL38,4,0.5438931297709924,16.18839769119124,0.6343567977398253,2.1755725190839694
Q96E11,MRRF,7,0.37949836423118866,16.836785994924007,0.5926749445601351,2.6564885496183206
Q96E52,OMA1,7,0.32606324972737183,16.59143950540503,0.7228236011189686,2.282442748091603
Q96EE3,SEH1L,2,0.32061068702290074,15.270342721453082,1.1447852321446081,0.6412213740458015
Q96EH3,MALSU1,1,0.5801526717557252,14.416212961290473,1.1504181390285753,0.5801526717557252
Q96EK5,KIFBP,3,0.26717557251908397,15.369076330097046,1.0439150786553102,0.8015267175572519
Q96EK7,FAM120B,3,0.2697201017811705,14.793448660920292,1.0316139516344345,0.8091603053435115
Q96EL2,MRPS24,4,0.1851145038167939,15.661034311688985,1.0631665868412135,0.7404580152671756
Q96EL3,MRPL53,4,0.3416030534351145,16.577862157616114,0.9012100713651644,1.366412213740458
Q96EM0,L3HYPDH,5,0.38625954198473283,16.569222075115206,0.7291019402004005,1.9312977099236641
Q96EP5,DAZAP1,4,0.15648854961832062,15.831203558699766,1.091789844637944,0.6259541984732825
Q96ER9,CCDC51,7,0.1494002181025082,14.762990063659036,0.8170281490160602,1.0458015267175573
Q96EX1,SMIM12,3,0.48346055979643765,15.473974309320246,0.7254711221542917,1.450381679389313
Q96EY1,DNAJA3,9,0.46734520780322303,17.22734802339223,0.5024083384603774,4.206106870229007
Q96EY7,PTCD3,11,0.24843858431644691,16.29589208596971,0.5118190475021872,2.732824427480916
Q96EY8,MMAB,6,0.33460559796437656,15.657712405146464,0.7228449320970749,2.0076335877862594
Q96F10,SAT2,1,0.5114503816793893,16.871427174371156,1.1617724018531201,0.5114503816793893
Q96F85,CNRIP1,2,0.16793893129770993,15.54887271826457,1.3122482562446955,0.33587786259541985
Q96FJ2,DYNLL2,4,0.42938931297709926,19.754918745351898,0.9001334398290334,1.717557251908397
Q96FQ6,S100A16,5,0.1801526717557252,15.80942168615245,0.9550535143921164,0.9007633587786259
Q96FV2,SCRN2,17,0.407723394701392,18.216021890795105,0.37351717311595267,6.931297709923665
Q96FW1,OTUB1,15,0.6936386768447836,19.417682727077885,0.3430431805897014,10.404580152671755
Q96FZ7,CHMP6,4,0.6908396946564885,17.310699514559403,0.6910982874651679,2.763358778625954
Q96G03,PGM2,12,0.20547073791348602,15.832324615211204,0.579170449791519,2.4656488549618323
Q96GC5,MRPL48,4,0.5114503816793893,16.747382421931167,0.6814782058277037,2.045801526717557
Q96GD0,PDXP,7,0.3391494002181025,16.569393741687506,0.6031512201553068,2.3740458015267176
Q96GE9,DMAC1,3,0.7506361323155216,18.545059675684385,0.700073971574996,2.2519083969465647
Q96GG9,DCUN1D1,4,0.4064885496183206,17.23630309568731,0.780805857890798,1.6259541984732824
Q96GK7,FAHD2A,4,0.5916030534351145,17.118531149741898,0.5929558230135001,2.366412213740458
Q96GS4,BORCS6,1,0.816793893129771,15.714258458759069,0.9129749647990077,0.816793893129771
Q96GX9,APIP,17,0.2622361921867984,16.427381202853894,0.4536571600680458,4.458015267175573
Q96GZ6,SLC41A3,3,0.44529262086513993,16.47506260572692,0.9166989215919167,1.3358778625954197
Q96H20,SNF8,2,0.732824427480916,18.227899270945684,0.8751665211068365,1.465648854961832
Q96HC4,PDLIM5,35,0.6143947655398037,20.38847420789818,0.2691967081547091,21.50381679389313
Q96HD1,CRELD1,4,0.17748091603053434,15.604692969688793,1.0517715189976333,0.7099236641221374
Q96HE7,ERO1A,6,0.38295165394402036,15.86086537873356,0.5555879203066559,2.2977099236641223
Q96HJ9,FMC1,5,0.3053435114503817,16.43259564551191,0.7596003999298943,1.5267175572519085
Q96HN2,AHCYL2,10,0.3839694656488549,16.901369324947517,0.5372091840045093,3.8396946564885495
Q96HY6,DDRGK1,5,0.500763358778626,16.655155124460446,0.4754679825080531,2.50381679389313
Q96HY7,DHTKD1,11,0.22414989590562112,16.188967042441387,0.5994940998841156,2.4656488549618323
Q96I36,COX14,2,0.37404580152671757,15.654447051885116,1.1305423043794953,0.7480916030534351
Q96I59,NARS2,2,0.3282442748091603,16.831081900439056,1.1713447978812082,0.6564885496183206
Q96I99,SUCLG2,28,0.5114503816793893,18.789591035444545,0.3049652993809435,14.320610687022901
Q96IJ6,GMPPA,3,0.4173027989821883,15.932670483250178,0.8754085746829994,1.251908396946565
Q96IU4,ABHD14B,14,0.673391494002181,20.799169345921793,0.37395267761786,9.427480916030534
Q96IV0,NGLY1,4,0.5133587786259542,16.791668234162774,0.7201370356594449,2.053435114503817
Q96IX5,ATP5MD,7,0.7699018538713195,21.457716353785138,0.4107299679929114,5.3893129770992365
Q96JB5,CDK5RAP3,8,0.15458015267175573,15.637860324472557,0.8277246822658552,1.2366412213740459
Q96JH7,VCPIP1,3,0.2926208651399491,14.814667081301494,0.9643058917200323,0.8778625954198473
Q96JJ7,TMX3,9,0.39016115351993214,16.991964884820018,0.5443313845419903,3.5114503816793894
Q96JY6,PDLIM2,3,0.3867684478371501,16.47127923313713,0.958042327860935,1.1603053435114503
Q96K17,BTF3L4,7,0.5768811341330425,19.303042555576962,0.5885277905308745,4.038167938931298
Q96K19,RNF170,1,0.8244274809160306,16.02593669598892,0.9032572858277563,0.8244274809160306
Q96K76,USP47,16,0.36498091603053434,16.292966163708414,0.3633300847322108,5.8396946564885495
Q96KP4,CNDP2,19,0.4242667738047408,18.03928243744247,0.3544735753961308,8.061068702290076
Q96L96,ALPK3,37,0.3886940375489994,16.43539636056123,0.24226207311735273,14.381679389312977
Q96LW7,CARD19,3,0.089058524173028,15.458132262917827,1.314273256294983,0.26717557251908397
Q96MF2,STAC3,25,0.4983206106870229,17.522373366439528,0.29314286588291955,12.458015267175572
Q96MF6,COQ10A,12,0.5826972010178116,20.401118708294597,0.47666007634515184,6.99236641221374
Q96MG2,JSRP1,14,0.4465648854961832,19.58035430536735,0.4487104883702422,6.251908396946565
Q96MM6,HSPA12B,5,0.17251908396946564,15.021045847418513,0.9402030514157116,0.8625954198473282
Q96MW1,CCDC43,6,0.16157760814249364,15.490693397735994,0.8845026462263589,0.9694656488549618
Q96NA2,RILP,4,0.30916030534351147,15.084506977403443,0.8038595487425009,1.2366412213740459
Q96ND0,FAM210A,5,0.32061068702290074,16.8880922933705,0.7519033356870471,1.6030534351145038
Q96P70,IPO9,5,0.19694656488549617,15.719114343413509,0.8990953748824586,0.9847328244274809
Q96PC5,MIA2,2,0.15267175572519084,13.9646401549816,1.3810625139100001,0.3053435114503817
Q96PE7,MCEE,5,0.5374045801526718,18.0981715748967,0.6562683694839895,2.687022900763359
Q96PM5,RCHY1,3,0.20356234096692113,13.777398140155533,1.1054640017132251,0.6106870229007634
Q96PU8,QKI,4,0.46946564885496184,17.55340106546013,0.7290840459343518,1.8778625954198473
Q96Q06,PLIN4,86,0.579708858512338,19.759981343696417,0.15722681000828875,49.85496183206107
Q96Q83,ALKBH3,4,0.26908396946564883,15.786665532086259,0.9402109945990949,1.0763358778625953
Q96QK1,VPS35,14,0.38386041439476554,17.189036667768743,0.38777758046625643,5.374045801526718
Q96QR8,PURB,4,0.29389312977099236,15.147276929518277,0.9331189755689685,1.1755725190839694
Q96RF0,SNX18,3,0.1094147582697201,14.217716654658629,1.360980249484824,0.3282442748091603
Q96RL7,VPS13A,10,0.25725190839694656,15.583536400417792,0.4780494918004103,2.572519083969466
Q96RP9,GFM1,17,0.33632689717108216,17.280824649368277,0.3992486135286338,5.717557251908397
Q96RQ3,MCCC1,16,0.41173664122137404,17.36573962073541,0.39181624013041155,6.587786259541985
Q96RS6,NUDCD1,1,0.48854961832061067,16.369414022381044,1.1936881120534364,0.48854961832061067
Q96S19,METTL26,11,0.5537820957668286,17.576725286294113,0.4173070633853471,6.091603053435114
Q96S66,CLCC1,5,0.26717557251908397,14.368100921133912,0.82898514495944,1.3358778625954197
Q96S96,PEBP4,6,0.3002544529262086,16.58113477942499,0.693031134442226,1.8015267175572518
Q96S99,PLEKHF1,7,0.4525627044711014,17.289451582051136,0.4522190666837014,3.16793893129771
Q96SL4,GPX7,3,0.19338422391857504,15.064148528831367,1.1753249682898719,0.5801526717557252
Q96SU4,OSBPL9,5,0.16793893129770993,15.198226268896413,0.942359986869332,0.8396946564885496
Q96SW2,CRBN,3,0.3206106870229008,15.98206112977276,0.9004457072468781,0.9618320610687023
Q96T51,RUFY1,2,0.3435114503816794,15.579712861592153,1.0358841243997021,0.6870229007633588
Q96T66,NMNAT3,8,0.21564885496183206,15.432805547866232,0.7269685971213168,1.7251908396946565
Q96TA1,NIBAN2,1,0.4122137404580153,16.128586331199315,1.2685855380440885,0.4122137404580153
Q99417,MYCBP,3,0.272264631043257,16.358935511283047,0.9574557579237931,0.816793893129771
Q99426,TBCB,8,0.5562977099236641,18.00941952942002,0.4282191949208869,4.450381679389313
Q99436,PSMB7,12,0.5960559796437659,19.92071526383351,0.41441775567297817,7.152671755725191
Q99442,SEC62,1,0.29770992366412213,17.29133305948098,1.3329781193694095,0.29770992366412213
Q99447,PCYT2,17,0.43870678042209255,16.479858688756234,0.33416283849992695,7.458015267175573
Q99460,PSMD1,49,0.4511606169185231,17.736757187168998,0.21338297498780062,22.106870229007633
Q99471,PFDN5,8,0.549618320610687,18.221905859390386,0.5254462996252148,4.396946564885496
Q99497,PARK7,44,0.7019430950728661,22.127727566009764,0.2623911939949498,30.885496183206108
Q99536,VAT1,19,0.38850944154278827,16.76973970513072,0.36307354457719215,7.3816793893129775
Q99541,PLIN2,35,0.36553980370774264,17.493834388357612,0.2770121800548023,12.793893129770993
Q99584,S100A13,7,0.5943293347873501,19.806895453714063,0.5022110812941595,4.1603053435114505
Q99598,TSNAX,6,0.3511450381679389,16.78987492345048,0.695107915919745,2.1068702290076335
Q99613,EIF3C,1,0.6717557251908397,17.376359990235457,1.0186122417468984,0.6717557251908397
Q99614,TTC1,3,0.3435114503816794,15.609660233475056,0.9636749026249365,1.0305343511450382
Q99615,DNAJC7,7,0.22355507088331517,15.164855381617,0.722399909579436,1.5648854961832062
Q99622,C12orf57,3,0.5012722646310432,17.31617264801254,0.7698607228486619,1.5038167938931297
Q99623,PHB2,35,0.6645583424209378,20.217271903830078,0.2321053202129725,23.259541984732824
Q99627,COPS8,4,0.6641221374045801,19.85196526147524,0.5676630372269504,2.6564885496183206
Q99643,SDHC,3,0.6819338422391857,21.63871909167782,0.664982503802119,2.045801526717557
Q99653,CHP1,7,0.3958560523446019,16.66440226302408,0.532154126875176,2.7709923664122136
Q99685,MGLL,10,0.24427480916030536,16.35175246500544,0.44593348944313416,2.4427480916030535
Q99714,HSD17B10,27,0.5009895391574781,19.088442468343597,0.3002517509960591,13.526717557251908
Q99729,HNRNPAB,3,0.17302798982188294,15.858089338113507,1.1571137300754364,0.5190839694656488
Q99733,NAP1L4,15,0.46564885496183206,19.077730270567887,0.4076897010921445,6.984732824427481
Q99747,NAPG,5,0.3099236641221374,16.218163799116155,0.7918943277038915,1.549618320610687
Q99757,TXN2,6,0.6221374045801527,19.81516076670542,0.5786216937602858,3.732824427480916
Q99766,DMAC2L,7,0.5321701199563795,17.769222448964413,0.5227810334173891,3.7251908396946565
Q99797,MIPEP,3,0.22646310432569974,15.35493402539686,1.1144405723812487,0.6793893129770993
Q99798,ACO2,90,0.7805767599660729,23.155050253182353,0.14284451928562555,70.25190839694656
Q99805,TM9SF2,3,0.3155216284987277,15.057542428416097,0.881229451137148,0.9465648854961832
Q99807,COQ7,19,0.6978706307754118,20.329338789633283,0.3422161250593952,13.259541984732824
Q99808,SLC29A1,2,0.4961832061068702,16.504292761286166,1.018502688770448,0.9923664122137404
Q99816,TSG101,8,0.5400763358778626,17.252168598659797,0.5152140314345159,4.320610687022901
Q99829,CPNE1,8,0.37404580152671757,17.510065290319517,0.5827175689216973,2.9923664122137406
Q99832,CCT7,34,0.44993264481365064,18.430829491370872,0.2871971773529092,15.297709923664122
Q99873,PRMT1,12,0.5706106870229007,18.94358215138545,0.44232194832938493,6.847328244274809
Q99972,MYOC,19,0.057051024507834475,14.681024200869572,0.9785310560486651,1.083969465648855
Q99985,SEMA3C,4,0.09732824427480916,15.16859006150276,1.230978008085101,0.3893129770992366
Q9BPX5,ARPC5L,5,0.5297709923664122,17.789316773721147,0.5795491077205519,2.648854961832061
Q9BQ61,TRIR,1,0.4732824427480916,15.208366618214447,1.2379513088757303,0.4732824427480916
Q9BQ69,MACROD1,14,0.7502726281352236,22.413563563661235,0.29796944947969883,10.50381679389313
Q9BQ90,KLHDC3,2,0.15648854961832062,15.555067825192053,1.3380186011755602,0.31297709923664124
Q9BQA1,WDR77,10,0.5648854961832062,18.013902563648895,0.42764299956891494,5.648854961832061
Q9BQB6,VKORC1,1,0.5038167938931297,17.454858055895166,1.1566396282705775,0.5038167938931297
Q9BQC6,MRPL57,2,0.21374045801526717,16.622481778360793,1.2707589996303004,0.42748091603053434
Q9BQS8,FYCO1,41,0.456153416495997,16.975878111726534,0.21853271199893537,18.702290076335878
Q9BR39,JPH2,24,0.4631043256997456,17.604561415556624,0.27510721792885795,11.114503816793894
Q9BRA2,TXNDC17,7,0.6968375136314068,20.0125072252766,0.4764417830170443,4.877862595419847
Q9BRC7,PLCD4,34,0.5644364616075438,18.886242885050365,0.257113335648623,19.19083969465649
Q9BRF8,CPPED1,15,0.5099236641221374,18.520756730282628,0.38323022866398937,7.648854961832061
Q9BRG1,VPS25,4,0.30725190839694655,16.6765799946206,0.9002586057519314,1.2290076335877862
Q9BRP8,PYM1,2,0.5076335877862596,15.136493179457815,0.978694443708918,1.015267175572519
Q9BRT2,UQCC2,3,0.49109414758269715,17.417779596610274,0.8031225077000068,1.4732824427480915
Q9BRT3,MIEN1,3,0.5241730279898219,19.56411204704102,0.8431339706190558,1.5725190839694656
Q9BRX2,PELO,7,0.4460196292257361,17.018051284427127,0.5080579401571378,3.122137404580153
Q9BRX8,PRXL2A,11,0.4843858431644691,17.49593240630341,0.40881778088491927,5.32824427480916
Q9BS26,ERP44,10,0.3954198473282443,16.752960295962907,0.45228218376850665,3.954198473282443
Q9BS40,LXN,5,0.3969465648854962,17.1940738329845,0.6534049362020898,1.984732824427481
Q9BS92,NIPSNAP3B,20,0.5347328244274809,19.500603270215326,0.3371941089825811,10.694656488549619
Q9BSD7,NTPCR,9,0.41051738761662426,17.476971555442717,0.4871136108957436,3.6946564885496183
Q9BSE5,AGMAT,10,0.3526717557251908,17.51514780720427,0.6168427849477851,3.5267175572519083
Q9BSH4,TACO1,14,0.3500545256270447,18.00314125402294,0.49480745053871683,4.900763358778626
Q9BSH5,HDHD3,3,0.2010178117048346,16.21971917492405,1.1218048151689102,0.6030534351145038
Q9BSJ8,ESYT1,28,0.43157033805888767,17.153963766348486,0.27841287063684744,12.083969465648854
Q9BSL1,UBAC1,14,0.49727371864776443,17.80162774042409,0.42091406182059243,6.961832061068702
Q9BT73,PSMG3,4,0.16030534351145037,15.21472785178201,1.110023153677745,0.6412213740458015
Q9BT78,COPS4,33,0.5135322692574601,18.665867245459804,0.2616551887548374,16.946564885496183
Q9BTE1,DCTN5,2,0.44656488549618323,16.760694624896324,1.011408499947893,0.8931297709923665
Q9BTE6,AARSD1,8,0.5133587786259542,17.907040333405234,0.4923822776105387,4.106870229007634
Q9BTT0,ANP32E,3,0.2875318066157761,15.468924862159144,0.9878100460310029,0.8625954198473282
Q9BTV4,TMEM43,12,0.47837150127226463,18.250441112611902,0.47352332471072056,5.740458015267175
Q9BTW9,TBCD,3,0.19592875318066158,14.193669867120759,1.1694104580425013,0.5877862595419847
Q9BTY7,HGH1,3,0.2544529262086514,17.08908367732846,1.093405439093236,0.7633587786259542
Q9BTZ2,DHRS4,3,0.3842239185750636,16.66387235875398,0.8486528368687191,1.1526717557251909
Q9BU02,THTPA,6,0.5636132315521628,17.038033125725594,0.4993593285983368,3.381679389312977
Q9BU61,NDUFAF3,6,0.3193384223918575,17.274984057913414,0.7295569532878238,1.916030534351145
Q9BU89,DOHH,4,0.183206106870229,15.56603222045583,1.0602372571989096,0.732824427480916
Q9BUB5,MKNK1,4,0.20419847328244276,15.351885861676818,1.0359658195775443,0.816793893129771
Q9BUB7,TMEM70,2,0.3816793893129771,17.587581258380958,1.1503985808708659,0.7633587786259542
Q9BUE6,ISCA1,3,0.361323155216285,15.583775452071281,0.7858536650391263,1.083969465648855
Q9BUF5,TUBB6,9,0.23494486853265478,16.40655862192616,0.5767359003231289,2.114503816793893
Q9BUH6,PAXX,3,0.5368956743002544,15.69367881583302,0.7932766750762859,1.6106870229007633
Q9BUJ2,HNRNPUL1,5,0.40305343511450376,16.641103464045983,0.761947951365754,2.015267175572519
Q9BUK0,CHCHD7,2,0.7519083969465649,19.741190765541948,0.7922117284411613,1.5038167938931297
Q9BUL8,PDCD10,3,0.27735368956743006,16.542283184144193,0.8602243992789155,0.8320610687022901
Q9BUN5,CCDC28B,1,0.5877862595419847,16.218480336164106,1.1098597861741684,0.5877862595419847
Q9BUR5,APOO,9,0.5708227311280747,19.246981215596296,0.3989747544008379,5.137404580152672
Q9BUT1,BDH2,4,0.25572519083969464,16.142185427261317,0.9114820219018641,1.0229007633587786
Q9BV20,MRI1,5,0.14961832061068703,15.501491742603946,0.9739815794223465,0.7480916030534351
Q9BV57,ADI1,7,0.19629225736095965,16.468095438531062,0.7891746464376455,1.3740458015267176
Q9BV68,RNF126,2,0.48854961832061067,16.37676052269559,0.8904361412572322,0.9770992366412213
Q9BV79,MECR,9,0.6827820186598813,18.857462125344274,0.41907684240411747,6.145038167938932
Q9BV81,EMC6,1,0.549618320610687,16.62804016511427,1.1342537228651441,0.549618320610687
Q9BV86,NTMT1,3,0.4198473282442748,16.768575337186224,0.6016447338897226,1.2595419847328244
Q9BVA1,TUBB2B,1,0.5343511450381679,15.987735126287232,1.1628889027647789,0.5343511450381679
Q9BVC4,MLST8,2,0.20610687022900764,14.347166476553463,1.2939012117951367,0.4122137404580153
Q9BVC6,TMEM109,6,0.5699745547073791,18.864104922794912,0.5465665588623558,3.4198473282442747
Q9BVG4,PBDC1,6,0.366412213740458,17.433138417249435,0.6584801728878581,2.198473282442748
Q9BVJ7,DUSP23,3,0.3104325699745547,17.356408416847277,1.0549443542434336,0.9312977099236641
Q9BVK6,TMED9,5,0.39389312977099233,17.94157798363852,0.6794574808189785,1.9694656488549618
Q9BVL4,SELENOO,5,0.42748091603053434,16.166154472918866,0.6757843049289078,2.1374045801526718
Q9BVT8,TMUB1,1,0.7251908396946565,18.168149115401434,0.9675952986526016,0.7251908396946565
Q9BVV7,TIMM21,4,0.7041984732824428,17.874675477053138,0.5742274270769513,2.816793893129771
Q9BW30,TPPP3,16,0.30963740458015265,17.06789670385026,0.456066560895411,4.9541984732824424
Q9BW91,NUDT9,10,0.2885496183206107,16.456853062565557,0.521887069569308,2.885496183206107
Q9BWD1,ACAT2,5,0.25801526717557255,16.331474410886834,0.8487313084081095,1.2900763358778626
Q9BWH2,FUNDC2,7,0.8244274809160306,22.623897758046066,0.38173971238395715,5.770992366412214
Q9BWM7,SFXN3,4,0.10305343511450382,15.778161589651313,1.1998069886349092,0.4122137404580153
Q9BWS9,CHID1,3,0.31297709923664124,15.847930827952982,1.0020510511410203,0.9389312977099237
Q9BX66,SORBS1,13,0.26247798003523193,15.066062550969745,0.47745088141781866,3.4122137404580153
Q9BX68,HINT2,8,0.4169847328244275,18.573501435513002,0.5563341496685533,3.33587786259542
Q9BXB4,OSBPL11,6,0.30916030534351147,14.648395893772488,0.6214703099900755,1.8549618320610688
Q9BXI3,NT5C1A,26,0.5314151497357604,19.546097448978415,0.29698900811948636,13.816793893129772
Q9BXJ8,TMEM120A,1,0.7022900763358778,15.182539361727166,1.0240031561941654,0.7022900763358778
Q9BXJ9,NAA15,8,0.43797709923664124,16.600937925251113,0.5346366465651058,3.50381679389313
Q9BXK5,BCL2L13,25,0.5328244274809161,18.469448479049827,0.29344901028061215,13.320610687022901
Q9BXN1,ASPN,18,0.1759966072943172,16.419339683165603,0.4564549897507201,3.16793893129771
Q9BXP5,SRRT,1,0.48091603053435117,15.130099895830556,1.232533371685011,0.48091603053435117
Q9BXS1,IDI2,16,0.3812022900763359,18.389901441006987,0.43817855075488055,6.099236641221374
Q9BXS5,AP1M1,9,0.3850720949957591,17.300281618656513,0.5189359533484127,3.4656488549618323
Q9BXT2,CACNG6,1,0.732824427480916,18.00186685697634,0.9626539631376771,0.732824427480916
Q9BXV9,GON7,1,0.24427480916030533,16.828549420627382,1.3934166313395933,0.24427480916030533
Q9BXW6,OSBPL1A,14,0.4198473282442748,16.716582891991873,0.4207156247152305,5.877862595419847
Q9BXW7,HDHD5,18,0.44189991518235794,18.311911277573913,0.40203527113121157,7.9541984732824424
Q9BY43,CHMP4A,1,0.33587786259541985,15.205059866398848,1.3684748248220688,0.33587786259541985
Q9BY44,EIF2A,12,0.36005089058524176,16.139239598141636,0.42010777707536434,4.320610687022901
Q9BYC8,MRPL32,3,0.2010178117048346,15.2184499772441,1.1373901634359316,0.6030534351145038
Q9BYD1,MRPL13,3,0.3333333333333333,16.387137780454086,0.9142297657468512,1
Q9BYD2,MRPL9,2,0.25190839694656486,16.892876972425924,1.221428293448028,0.5038167938931297
Q9BYD3,MRPL4,2,0.2824427480916031,16.80198680608178,1.2429615723338054,0.5648854961832062
Q9BYD6,MRPL1,4,0.49236641221374045,16.78016693793862,0.7012281286320003,1.9694656488549618
Q9BYT8,NLN,15,0.2778625954198473,16.600770869901783,0.4393522143901871,4.1679389312977095
Q9BYV2,TRIM54,19,0.38770590598633986,17.118029635833775,0.38053287244371775,7.366412213740458
Q9BYV6,TRIM55,3,0.4198473282442748,16.081509290761876,0.8050425873314871,1.2595419847328244
Q9BYV7,BCO2,13,0.2384028185554903,15.91274166684735,0.5865274646966949,3.099236641221374
Q9BYZ2,LDHAL6B,3,0.5038167938931298,21.855325964946744,1.0721191440878102,1.5114503816793894
Q9BZE1,MRPL37,6,0.34732824427480913,15.91054248434659,0.5749561679167411,2.0839694656488548
Q9BZE9,ASPSCR1,3,0.23664122137404578,14.375994651237221,0.9402804236869768,0.7099236641221374
Q9BZF3,OSBPL6,8,0.21183206106870228,14.933867156074943,0.736922728362199,1.6946564885496183
Q9BZF9,UACA,4,0.1049618320610687,13.173567988285837,1.3218094196427101,0.4198473282442748
Q9BZL1,UBL5,4,0.5744274809160306,19.18709229743895,0.7571118992711697,2.2977099236641223
Q9BZQ8,NIBAN1,29,0.4298499605159253,17.745048009182415,0.28932312468984217,12.465648854961833
Q9BZV1,UBXN6,6,0.38167938931297707,16.462250680125894,0.6493244885854531,2.2900763358778624
Q9BZW5,TM6SF1,3,0.3002544529262086,13.872225283319683,0.984223035954921,0.9007633587786259
Q9BZZ5,API5,5,0.33893129770992364,16.29121869984021,0.724565039154088,1.6946564885496183
Q9C0C2,TNKS1BP1,10,0.2435114503816794,14.575682618847727,0.567608937119387,2.435114503816794
Q9C0C9,UBE2O,12,0.42493638676844786,15.923272754190137,0.4216052459992278,5.099236641221374
Q9C0D3,ZYG11B,5,0.21832061068702288,15.37464903627868,0.8814074978977555,1.0916030534351144
Q9C0E2,XPO4,2,0.22137404580152673,15.229256490431947,1.232317790291267,0.44274809160305345
Q9C0E8,LNPK,16,0.5,18.161655434994305,0.3563943402323426,8
Q9GZM7,TINAGL1,4,0.14694656488549618,14.922337162774632,1.1425874689158888,0.5877862595419847
Q9GZN8,C20orf27,1,0.9389312977099237,17.02554786581835,0.7986919113532888,0.9389312977099237
Q9GZP4,PITHD1,11,0.25676613462873005,16.432258345137463,0.5385717593336798,2.8244274809160306
Q9GZS3,WDR61,7,0.33696837513631406,16.69852454028551,0.5966329652997964,2.3587786259541983
Q9GZT3,SLIRP,10,0.583969465648855,18.46176374339536,0.46847339071776634,5.8396946564885495
Q9GZT8,NIF3L1,15,0.45089058524173026,17.461666265449214,0.37885740620256003,6.763358778625954
Q9GZT9,EGLN1,5,0.233587786259542,15.222735729535911,0.8359569779451625,1.16793893129771
Q9GZV1,ANKRD2,62,0.6310022162029056,20.88759535229672,0.200566815942813,39.12213740458015
Q9GZY8,MFF,10,0.366412213740458,16.32512690265753,0.5116397732138337,3.66412213740458
Q9GZZ1,NAA50,12,0.4446564885496183,17.601858307497622,0.4644604008937209,5.33587786259542
Q9GZZ9,UBA5,4,0.32251908396946566,16.1857100881699,0.7835847361894327,1.2900763358778626
Q9H000,MKRN2,2,0.14122137404580154,15.698791454961,1.3493036614207026,0.2824427480916031
Q9H008,LHPP,7,0.22246455834242093,16.296713772382898,0.7522952224421172,1.5572519083969465
Q9H019,MTFR1L,3,0.28498727735368956,15.323833251191072,0.9575284238376855,0.8549618320610687
Q9H061,TMEM126A,6,0.3842239185750636,17.454123414462206,0.6780541152468452,2.3053435114503817
Q9H074,PAIP1,9,0.41391009329940626,16.980546481768513,0.49372699287631805,3.7251908396946565
Q9H078,CLPB,9,0.24597116200169633,16.10440002403032,0.627530871110482,2.213740458015267
Q9H0B6,KLC2,2,0.14885496183206107,14.664855551627598,1.3799070817060912,0.29770992366412213
Q9H0E2,TOLLIP,9,0.55470737913486,18.733721733134526,0.5040513079959713,4.99236641221374
Q9H0N5,PCBD2,13,0.46506165590135057,19.482233209971284,0.4111793314532668,6.0458015267175576
Q9H0P0,NT5C3A,39,0.6596202779408886,20.748932376935997,0.2462632792521426,25.72519083969466
Q9H0Q0,FAM49A,3,0.10432569974554708,14.645855381020503,1.3198096309262175,0.31297709923664124
Q9H0R4,HDHD2,12,0.3594147582697201,18.073835022211544,0.49832612573640633,4.312977099236641
Q9H0R6,QRSL1,2,0.20229007633587787,15.31204602630314,1.283496973443928,0.40458015267175573
Q9H0U3,MAGT1,3,0.3104325699745547,17.24428663376228,0.8743669487402835,0.9312977099236641
Q9H0U4,RAB1B,5,0.3068702290076336,16.878793872136313,0.7077996255349456,1.534351145038168
Q9H0U6,MRPL18,2,0.1450381679389313,14.131311859494538,1.355141259867644,0.2900763358778626
Q9H0V9,LMAN2L,1,0.4198473282442748,17.309331436663452,1.2296014454691573,0.4198473282442748
Q9H0W9,C11orf54,18,0.5759117896522477,19.32086009524488,0.35355813999871905,10.366412213740459
Q9H173,SIL1,1,0.3893129770992366,17.974663371904448,1.2415815906047647,0.3893129770992366
Q9H1C7,CYSTM1,1,0.5572519083969466,17.034220681580198,1.1196011779114015,0.5572519083969466
Q9H1E3,NUCKS1,2,0.7862595419847328,18.51462247918327,0.8020702457550712,1.5725190839694656
Q9H1E5,TMX4,6,0.41348600508905853,17.271001288820433,0.6030230156382074,2.480916030534351
Q9H1K1,ISCU,4,0.29770992366412213,16.045547413179197,0.9072564684623694,1.1908396946564885
Q9H1R3,MYLK2,37,0.62574788528987,20.21468606264575,0.25042516231627926,23.15267175572519
Q9H1Z4,WDR13,1,0.549618320610687,16.142329789752395,1.1454541458608383,0.549618320610687
Q9H223,EHD4,11,0.3310201249132547,17.066327510406335,0.5186930760425827,3.6412213740458017
Q9H246,C1orf21,1,0.24427480916030533,13.992346433059476,1.4923913761551475,0.24427480916030533
Q9H299,SH3BGRL3,3,0.47582697201017815,18.327826307243164,0.9890772064697583,1.4274809160305344
Q9H2G2,SLK,14,0.2900763358778626,15.747027714504481,0.47280381644166386,4.061068702290076
Q9H2H8,PPIL3,6,0.3142493638676845,16.680352441395524,0.7446594212128164,1.8854961832061068
Q9H2J4,PDCL3,5,0.5251908396946565,17.389298908431368,0.6745667163506117,2.6259541984732824
Q9H2K0,MTIF3,3,0.23409669211195927,13.718723883407316,0.9989534776202175,0.7022900763358778
Q9H2M9,RAB3GAP2,7,0.2988004362050164,15.308011434990958,0.6224053702076965,2.0916030534351147
Q9H2U2,PPA2,13,0.4891368173810922,18.8746610929401,0.4378574178823198,6.358778625954199
Q9H2W6,MRPL46,3,0.6361323155216285,17.497321928332635,0.7845596946790049,1.9083969465648856
Q9H330,TMEM245,1,0.5648854961832062,16.096163705551927,1.1329541455450836,0.5648854961832062
Q9H3H3,C11orf68,5,0.36793893129770994,17.26636973262265,0.7131758620733571,1.8396946564885497
Q9H3K2,GHITM,7,0.34133042529989094,16.975614248722092,0.6051367220412657,2.3893129770992365
Q9H3K6,BOLA2,7,0.32170119956379495,17.593089230690428,0.5872561282027988,2.2519083969465647
Q9H3N1,TMX1,5,0.49770992366412214,18.283010146720127,0.5809096528039945,2.4885496183206106
Q9H3P7,ACBD3,6,0.5089058524173028,16.185187774442333,0.5490611531914676,3.053435114503817
Q9H3S7,PTPN23,8,0.2919847328244275,15.722238415391352,0.6414083852658353,2.33587786259542
Q9H444,CHMP4B,8,0.5772900763358778,19.41656140982838,0.5009711765283353,4.6183206106870225
Q9H446,RWDD1,2,0.7290076335877863,18.518687960917593,0.7667814930433653,1.4580152671755726
Q9H477,RBKS,9,0.4028837998303647,16.84613146393996,0.4378478596032665,3.6259541984732824
Q9H479,FN3K,14,0.42693565976008724,17.932791768626736,0.4356361044818449,5.977099236641221
Q9H488,POFUT1,6,0.2519083969465649,16.26165345630116,0.745616740300762,1.5114503816793894
Q9H4A3,WNK1,2,0.3053435114503817,15.358646043783587,1.147045189049109,0.6106870229007634
Q9H4A4,RNPEP,33,0.46518621327781634,17.98179241790988,0.24906634369368702,15.351145038167939
Q9H4G4,GLIPR2,5,0.44122137404580153,16.584713389045334,0.5719272809798225,2.2061068702290076
Q9H4M9,EHD1,19,0.3198071514664524,17.51580632803721,0.42112649685354714,6.076335877862595
Q9H511,KLHL31,24,0.3206106870229008,17.201480701678495,0.3425605423607119,7.694656488549619
Q9H5X1,CIAO2A,2,0.42366412213740456,16.502504944580974,1.0595208310038884,0.8473282442748091
Q9H6F2,TMEM38A,16,0.4198473282442748,18.40432663774081,0.4245368796310072,6.717557251908397
Q9H6K4,OPA3,3,0.544529262086514,17.59731610360772,0.7467130291909332,1.633587786259542
Q9H6L5,RETREG1,2,0.3435114503816794,15.59530229575861,1.093196808310747,0.6870229007633588
Q9H6Q4,CIAO3,1,0.5190839694656488,15.727483130431509,1.1831385888828914,0.5190839694656488
Q9H6U8,ALG9,3,0.3791348600508906,14.90533148013586,0.9035978025284449,1.1374045801526718
Q9H6Z4,RANBP3,4,0.3969465648854962,15.107109696481178,0.7549165368634843,1.5877862595419847
Q9H773,DCTPP1,5,0.3648854961832061,16.281412603538342,0.6924395978267678,1.8244274809160306
Q9H7C4,SYNC,6,0.43638676844783714,17.24407701074162,0.597262604493729,2.618320610687023
Q9H7C9,AAMDC,11,0.8965995836224845,23.790841655544327,0.26614097364101613,9.86259541984733
Q9H7M6,ZSWIM4,1,0.4732824427480916,19.901526132384692,1.1597735671454288,0.4732824427480916
Q9H7Z7,PTGES2,27,0.5465083404014701,18.539237333077214,0.28230440938972584,14.755725190839694
Q9H832,UBE2Z,3,0.11450381679389314,14.724838589305923,1.318497983032658,0.3435114503816794
Q9H845,ACAD9,12,0.3594147582697201,16.464762675446508,0.47544522598404754,4.312977099236641
Q9H853,TUBA4B,2,0.2900763358778626,19.547995590051904,1.37999108946578,0.5801526717557252
Q9H8H3,METTL7A,8,0.5706106870229007,20.433868547075537,0.528675226485346,4.564885496183206
Q9H8T0,AKTIP,2,0.2824427480916031,15.751853177380267,1.1820445514519071,0.5648854961832062
Q9H8W4,PLEKHF2,2,0.26717557251908397,15.275766345666117,1.1731354872468573,0.5343511450381679
Q9H8Y8,GORASP2,7,0.47001090512540894,17.22852173919287,0.5541654750624961,3.2900763358778624
Q9H902,REEP1,1,0.37404580152671757,15.299973915472552,1.3293196041644888,0.37404580152671757
Q9H910,JPT2,6,0.4567430025445292,16.349252320777776,0.5758870863787344,2.7404580152671754
Q9H987,SYNPO2L,25,0.29801526717557253,16.73708547803558,0.36010334264993765,7.450381679389313
Q9H993,ARMT1,9,0.4274809160305344,17.413383291871938,0.4906443199112563,3.8473282442748094
Q9H9A6,LRRC40,6,0.41094147582697205,16.393281698530153,0.5970479363330652,2.4656488549618323
Q9H9B4,SFXN1,9,0.4232400339270568,17.340241181921368,0.5000653710050957,3.8091603053435112
Q9H9J2,MRPL44,7,0.38276990185387133,17.38911675669937,0.6259390855263012,2.6793893129770994
Q9H9P8,L2HGDH,35,0.5402399127589967,18.544969012032844,0.26006888878242396,18.908396946564885
Q9H9Q2,COPS7B,6,0.3931297709923664,15.379221856681534,0.5588920318503283,2.3587786259541983
Q9HA64,FN3KRP,6,0.40966921119592875,16.653777741686643,0.6724120298310562,2.4580152671755724
Q9HA65,TBC1D17,5,0.549618320610687,18.147737473470514,0.5942020077939458,2.7480916030534353
Q9HA77,CARS2,6,0.29516539440203565,16.37573084272834,0.7026654869636403,1.7709923664122138
Q9HAB8,PPCS,3,0.46055979643765904,16.485846620331284,0.8041860790150278,1.381679389312977
Q9HAC7,SUGCT,3,0.12468193384223919,14.843799287099612,1.2920077040299662,0.37404580152671757
Q9HAN9,NMNAT1,2,0.20229007633587787,15.726961710183026,1.2789915170180586,0.40458015267175573
Q9HAT2,SIAE,4,0.17748091603053434,15.551940837067319,1.0517201448634337,0.7099236641221374
Q9HAV7,GRPEL1,7,0.3424209378407852,16.291311116619728,0.6628957901729072,2.3969465648854964
Q9HAY6,BCO1,1,0.5648854961832062,17.149073200423196,1.1110974122534814,0.5648854961832062
Q9HB07,C12orf10,3,0.178117048346056,15.503269585669788,1.1681071984920228,0.5343511450381679
Q9HB71,CACYBP,10,0.5091603053435114,18.373657486285683,0.4183835655448524,5.091603053435114
Q9HBH1,PDF,1,0.44274809160305345,16.747162980163683,1.2236762324407826,0.44274809160305345
Q9HBH5,RDH14,3,0.83206106870229,19.125660204839807,0.5478626409164923,2.49618320610687
Q9HBI1,PARVB,12,0.4643765903307888,16.85527774614731,0.39011210852812805,5.572519083969466
Q9HBL0,TNS1,30,0.39923664122137403,16.242880502077604,0.2538285613792833,11.977099236641221
Q9HBL7,PLGRKT,9,0.4385072094995759,18.494154862176696,0.5473407845401957,3.946564885496183
Q9HC35,EML4,2,0.44274809160305345,15.97547002730121,1.0249924464001694,0.8854961832061069
Q9HC38,GLOD4,18,0.6068702290076335,19.71207548257596,0.34457068372885574,10.923664122137405
Q9HCC0,MCCC2,20,0.3896946564885496,16.753814388594908,0.3450399429689229,7.793893129770993
Q9HCE6,ARHGEF10L,4,0.28435114503816794,15.5852647722733,0.8167864137887657,1.1374045801526718
Q9HCP6,HHATL,24,0.44243002544529264,18.174911179230868,0.32909800439991316,10.618320610687023
Q9HCU5,PREB,9,0.28922815945716707,16.595337776527717,0.6005978247298017,2.6030534351145036
Q9HD15,SRA1,2,0.4083969465648855,18.21033350699639,1.029253087836925,0.816793893129771
Q9HD33,MRPL47,4,0.2633587786259542,16.372085333975807,0.9364303060714029,1.0534351145038168
Q9HD42,CHMP1A,5,0.13587786259541984,15.009466561020245,1.0292448825682194,0.6793893129770993
Q9HDC5,JPH1,26,0.6065766294773929,18.696843180678773,0.27877969921876766,15.770992366412214
Q9HDC9,APMAP,8,0.3788167938931298,17.064663903002796,0.6103748098056779,3.030534351145038
Q9NNW7,TXNRD2,17,0.33632689717108216,16.44266544906173,0.38837456972838846,5.717557251908397
Q9NP72,RAB18,10,0.4633587786259542,17.78438433398216,0.46442081468817176,4.633587786259542
Q9NP74,PALMD,8,0.3234732824427481,16.662332594037935,0.6061337477400319,2.5877862595419847
Q9NP77,SSU72,2,0.6145038167938931,16.42919476159207,0.8790285072106272,1.2290076335877862
Q9NP79,VTA1,10,0.42900763358778626,17.838039284913258,0.49962799709087935,4.290076335877862
Q9NP81,SARS2,11,0.2970159611380985,16.15781782726534,0.5224193689750826,3.267175572519084
Q9NP92,MRPS30,3,0.40966921119592875,16.44910459703389,0.9390529788009668,1.2290076335877862
Q9NP97,DYNLRB1,5,0.2763358778625954,16.875620824689378,0.6856120227022114,1.381679389312977
Q9NP98,MYOZ1,29,0.520400105290866,20.0468956789555,0.3385275410743463,15.091603053435115
Q9NPA0,EMC7,2,0.2595419847328244,16.17995860391989,1.1704859105317011,0.5190839694656488
Q9NPB0,SAYSD1,1,0.4351145038167939,14.284181448295136,1.2939085478771315,0.4351145038167939
Q9NPC6,MYOZ2,17,0.24921418949259094,16.454248787919155,0.5962325349637596,4.236641221374046
Q9NPF4,OSGEP,7,0.376226826608506,16.168494293487175,0.6419816627172192,2.633587786259542
Q9NPH2,ISYNA1,3,0.3969465648854962,16.121240011414184,0.906814262250733,1.1908396946564885
Q9NPI7,KRCC1,1,0.5267175572519084,17.5035590150285,1.1368222853347947,0.5267175572519084
Q9NPJ3,ACOT13,10,0.6793893129770993,20.44376523405481,0.4177959165952959,6.793893129770993
Q9NPL8,TIMMDC1,3,0.42748091603053434,15.237683768144333,0.77765921570165,1.282442748091603
Q9NPQ8,RIC8A,1,0.7557251908396947,17.625275782088043,0.9469900779820677,0.7557251908396947
Q9NPY3,CD93,3,0.32569974554707376,15.531925541856781,0.9724176579626199,0.9770992366412213
Q9NQ50,MRPL40,2,0.46946564885496184,16.76709951512892,1.0303981289589816,0.9389312977099237
Q9NQ66,PLCB1,3,0.1603053435114504,14.402934664634797,1.1939385386848793,0.48091603053435117
Q9NQ84,GPRC5C,1,0.4122137404580153,14.721564767071882,1.3074859979555102,0.4122137404580153
Q9NQ88,TIGAR,4,0.4637404580152672,16.830811060415385,0.6724740847730777,1.8549618320610688
Q9NQC3,RTN4,21,0.6593965830607053,20.951612711980918,0.2650118727026141,13.84732824427481
Q9NQE9,HINT3,9,0.5250212044105174,18.970520503179802,0.5041048557486407,4.7251908396946565
Q9NQH7,XPNPEP3,1,0.9618320610687023,25.848765526868956,0.7844432115641673,0.9618320610687023
Q9NQP4,PFDN4,3,0.564885496183206,18.55083190966646,0.707047251877019,1.6946564885496183
Q9NQR4,NIT2,27,0.6121006502685893,18.969793872169017,0.2472206588352706,16.52671755725191
Q9NQW7,XPNPEP1,20,0.41030534351145037,17.407698835840176,0.36176536936604753,8.206106870229007
Q9NQX3,GPHN,14,0.3707742639040349,16.545502869499384,0.45249394634658535,5.190839694656488
Q9NQZ5,STARD7,4,0.3110687022900763,15.389148608704074,0.7939197224547201,1.2442748091603053
Q9NR12,PDLIM7,10,0.5374045801526718,19.790211457841966,0.4579175891789676,5.374045801526718
Q9NR19,ACSS2,13,0.4274809160305344,16.94347713558804,0.4040768808922425,5.557251908396947
Q9NR28,DIABLO,12,0.44592875318066155,17.804533600961307,0.4373699934676148,5.351145038167939
Q9NR31,SAR1A,8,0.38740458015267176,17.370005237675205,0.5649010199811488,3.099236641221374
Q9NR45,NANS,6,0.3982188295165394,17.521788994002463,0.6586986352870278,2.3893129770992365
Q9NR46,SH3GLB2,3,0.28498727735368956,16.453285391293168,1.0461043042726403,0.8549618320610687
Q9NR50,EIF2B3,8,0.35782442748091603,16.77228921924249,0.6169868362261236,2.8625954198473282
Q9NR56,MBNL1,4,0.3797709923664122,17.3805459331331,0.8899572330487951,1.5190839694656488
Q9NRD1,FBXO6,2,0.3320610687022901,14.18306172124081,1.119189623328724,0.6641221374045801
Q9NRG4,SMYD2,5,0.4229007633587786,16.91520386268472,0.6967621182113458,2.114503816793893
Q9NRG7,SDR39U1,8,0.4732824427480916,18.93193936648613,0.5576271854211549,3.786259541984733
Q9NRK6,ABCB10,2,0.35877862595419846,16.60130674103786,1.1112098347498671,0.7175572519083969
Q9NRN7,AASDHPPT,9,0.4037319762510602,16.10826925740109,0.45985197328024247,3.633587786259542
Q9NRN9,METTL5,1,0.2748091603053435,14.924573219147195,1.4363726575513545,0.2748091603053435
Q9NRP0,OSTC,1,0.8091603053435115,18.28776172593067,0.8996981114100918,0.8091603053435115
Q9NRP2,CMC2,2,0.6526717557251909,19.105778291811877,0.8382062073401845,1.3053435114503817
Q9NRR5,UBQLN4,2,0.4541984732824427,15.955366062853576,0.9996525371125596,0.9083969465648855
Q9NRV9,HEBP1,9,0.43256997455470736,16.979645038322708,0.5236814735141413,3.8931297709923665
Q9NRW7,VPS45,2,0.29770992366412213,14.974229318383765,1.1581957313754296,0.5954198473282443
Q9NRX2,MRPL17,2,0.2099236641221374,16.138642594565834,1.253526353366093,0.4198473282442748
Q9NRX4,PHPT1,8,0.6708015267175572,22.864726141857403,0.3356423191462166,5.366412213740458
Q9NRX5,SERINC1,2,0.3549618320610687,14.840302331712406,1.1238197310510782,0.7099236641221374
Q9NRY5,FAM114A2,10,0.43969465648854966,16.426607185672754,0.4901010275416844,4.396946564885496
Q9NRZ7,AGPAT3,1,0.5114503816793893,15.861519788576082,1.1867362431490018,0.5114503816793893
Q9NS69,TOMM22,4,0.5534351145038168,17.081426175034252,0.767398409142064,2.213740458015267
Q9NS86,LANCL2,12,0.3924936386768448,16.879891782104636,0.42474886077013146,4.709923664122138
Q9NSA3,CTNNBIP1,3,0.3486005089058524,16.193228813357283,1.0038794176626429,1.0458015267175573
Q9NSC5,HOMER3,3,0.2188295165394402,15.481074898183158,1.098926299629939,0.6564885496183206
Q9NSD9,FARSB,22,0.4115197779319917,18.03869147110029,0.38245158145474206,9.053435114503817
Q9NSE4,IARS2,41,0.5317445540867622,18.8150389561665,0.23775399067498879,21.801526717557252
Q9NSK7,C19orf12,1,0.7709923664122137,18.975696682616977,0.927329667695863,0.7709923664122137
Q9NT62,ATG3,6,0.34223918575063617,16.168607869204116,0.6925699638522955,2.053435114503817
Q9NTG7,SIRT3,9,0.5716709075487701,17.528463611727815,0.43350425041915436,5.145038167938932
Q9NTJ4,MAN2C1,8,0.43416030534351147,17.12480354553059,0.5277535167745199,3.4732824427480917
Q9NTJ5,SACM1L,6,0.26463104325699743,15.39167006501456,0.8383536214948994,1.5877862595419847
Q9NTK5,OLA1,46,0.5824759376037172,19.84071197140219,0.22211410633117445,26.793893129770993
Q9NTM9,CUTC,21,0.5318066157760815,18.279698819009262,0.3431469938394508,11.16793893129771
Q9NTX5,ECHDC1,9,0.40542832909245125,17.30817997252334,0.5150792912572154,3.648854961832061
Q9NTX7,RNF146,2,0.3473282442748092,15.362639318180088,1.1080662913139685,0.6946564885496184
Q9NUB1,ACSS1,18,0.3519932145886344,17.096749780795882,0.38364211781595253,6.33587786259542
Q9NUJ1,ABHD10,16,0.5314885496183206,17.89561132967517,0.38104192106650003,8.50381679389313
Q9NUL3,STAU2,3,0.26208651399491095,15.395666289026396,1.0314831940619562,0.7862595419847328
Q9NUL7,DDX28,1,0.33587786259541985,15.521646571745933,1.3586160028599494,0.33587786259541985
Q9NUQ7,UFSP2,2,0.42748091603053434,16.570498751565083,1.0171017274594087,0.8549618320610687
Q9NUQ8,ABCF3,4,0.5725190839694656,17.215731319208444,0.6234886985992738,2.2900763358778624
Q9NUQ9,FAM49B,10,0.6641221374045801,18.933397875226518,0.42472431660763377,6.641221374045801
Q9NUT2,ABCB8,2,0.1984732824427481,15.466216367380346,1.2730429165267076,0.3969465648854962
Q9NUU7,DDX19A,1,0.8931297709923665,18.872458844775544,0.8315131984492945,0.8931297709923665
Q9NV70,EXOC1,2,0.2786259541984733,16.145458293042676,1.205207523289991,0.5572519083969466
Q9NVA1,UQCC1,6,0.3193384223918575,16.784910937743977,0.7165774204167518,1.916030534351145
Q9NVA2,SEPTIN11,6,0.4592875318066158,16.51754480045546,0.5673273411308083,2.7557251908396947
Q9NVD7,PARVA,5,0.16793893129770993,14.98009865614106,0.9470293897394279,0.8396946564885496
Q9NVE7,PANK4,41,0.43492831874883636,17.778199875143738,0.24649469681341163,17.83206106870229
Q9NVH1,DNAJC11,7,0.1406761177753544,15.595095237720875,0.8412693466307786,0.9847328244274809
Q9NVH6,TMLHE,7,0.5059978189749182,17.968541652108424,0.5052765115656769,3.5419847328244276
Q9NVI7,ATAD3A,7,0.420937840785169,17.101726456196708,0.5921911583205169,2.946564885496183
Q9NVJ2,ARL8B,3,0.6208651399491094,19.517674600701397,0.8356028088701276,1.8625954198473282
Q9NVS2,MRPS18A,2,0.6641221374045801,16.64600507945708,0.8525882814663746,1.3282442748091603
Q9NVS9,PNPO,18,0.5737913486005088,18.416538734975045,0.32559525233346054,10.32824427480916
Q9NVT9,ARMC1,2,0.5687022900763359,18.29099795858296,0.9176513863073893,1.1374045801526718
Q9NVV0,TMEM38B,5,0.35419847328244275,15.888519926078501,0.719810005439323,1.7709923664122138
Q9NVV5,AIG1,1,0.3511450381679389,13.18983818355512,1.395063635137837,0.3511450381679389
Q9NWT6,HIF1AN,2,0.3244274809160305,16.80142317395364,1.1498509397882417,0.648854961832061
Q9NWU1,OXSM,8,0.6335877862595419,18.034072557443107,0.47178523743141587,5.068702290076335
Q9NWU5,MRPL22,4,0.36259541984732824,16.709371025649986,0.7884879618048913,1.450381679389313
Q9NWV4,CZIB,11,0.600971547536433,20.357320405546666,0.43337222003555387,6.6106870229007635
Q9NWV8,BABAM1,2,0.5343511450381679,16.633096449315413,0.9858654560523985,1.0687022900763359
Q9NWW6,NMRK1,1,0.5038167938931297,16.828321587627656,1.1692460850374118,0.5038167938931297
Q9NX14,NDUFB11,8,0.6469465648854962,19.582268423495286,0.47804960223465104,5.175572519083969
Q9NX18,SDHAF2,3,0.17557251908396945,15.365870922231155,1.2145182731407709,0.5267175572519084
Q9NX20,MRPL16,1,0.2900763358778626,16.20019592356123,1.3761480539872826,0.2900763358778626
Q9NX40,OCIAD1,13,0.5284791544333529,18.513062390195184,0.44134244122603167,6.870229007633588
Q9NX46,ADPRHL2,14,0.40076335877862596,17.85921162540913,0.45379202947661,5.6106870229007635
Q9NX47,MARCHF5,3,0.11195928753180662,15.813917123722625,1.266189192252301,0.33587786259541985
Q9NX55,HYPK,3,0.5216284987277354,17.051302473769532,0.8540135195467606,1.5648854961832062
Q9NX62,IMPAD1,1,0.5038167938931297,17.96423870014329,1.148459135713234,0.5038167938931297
Q9NX63,CHCHD3,28,0.4302071973827699,18.48623235112501,0.28042437629261696,12.045801526717558
Q9NXA8,SIRT5,12,0.5756997455470738,18.454937772186973,0.4127061987402304,6.908396946564886
Q9NXG2,THUMPD1,3,0.6005089058524172,15.98134044417255,0.6972900500222549,1.8015267175572518
Q9NXJ5,PGPEP1,4,0.3683206106870229,17.72031639489738,0.8190973310526128,1.4732824427480915
Q9NXR7,BABAM2,3,0.46055979643765904,17.64938698592843,0.9333721586497381,1.381679389312977
Q9NXW2,DNAJB12,2,0.3549618320610687,14.825054480719277,1.0145049181618315,0.7099236641221374
Q9NY33,DPP3,20,0.6095419847328245,18.212828749858623,0.2905594237967072,12.19083969465649
Q9NY65,TUBA8,13,0.721080446271286,20.64826243948823,0.4006620587774223,9.374045801526718
Q9NYJ1,COA4,7,0.33042529989094876,16.553763563324686,0.5492183814590583,2.312977099236641
Q9NYK5,MRPL39,4,0.4255725190839695,16.52403824965523,0.7018556431719252,1.702290076335878
Q9NYL2,MAP3K20,15,0.4030534351145038,17.966690368486198,0.39717098973154985,6.0458015267175576
Q9NYU2,UGGT1,24,0.3244274809160305,16.530472646189008,0.34117828380007803,7.786259541984733
Q9NZ01,TECR,14,0.39967284623773175,17.15364413587386,0.44432409582971083,5.595419847328245
Q9NZ08,ERAP1,25,0.24824427480916028,16.69263141664784,0.3807785721004872,6.206106870229007
Q9NZ32,ACTR10,4,0.43702290076335876,17.651520087155006,0.7234447949794756,1.748091603053435
Q9NZ43,USE1,3,0.21374045801526717,15.779820837705229,1.0941848860061505,0.6412213740458015
Q9NZ45,CISD1,12,0.8193384223918575,22.793937407408926,0.42182167248901054,9.83206106870229
Q9NZA1,CLIC5,14,0.5414394765539804,19.08916285145825,0.39887343888744037,7.580152671755725
Q9NZB2,FAM120A,6,0.42748091603053434,16.323229320291304,0.5340091692766201,2.564885496183206
Q9NZC3,GDE1,4,0.5095419847328244,16.62735030412106,0.689950308215043,2.0381679389312977
Q9NZD2,GLTP,3,0.34096692111959287,16.074730113781595,0.9228130630532302,1.0229007633587786
Q9NZH0,GPRC5B,1,0.2748091603053435,15.491158809797255,1.4174986936661962,0.2748091603053435
Q9NZJ6,COQ3,14,0.5572519083969466,18.91233147295979,0.38114534179177273,7.801526717557252
Q9NZJ7,MTCH1,3,0.14758269720101783,15.797475496027454,1.190386651515675,0.44274809160305345
Q9NZL4,HSPBP1,11,0.43650242886884105,17.246872050691493,0.4693837209589442,4.801526717557252
Q9NZL9,MAT2B,13,0.4768056371109806,17.593053589956007,0.4050451068490824,6.198473282442748
Q9NZM1,MYOF,19,0.04821213338690237,13.75239449904612,0.9758087691933857,0.916030534351145
Q9NZN4,EHD2,52,0.49192601291837934,18.85825388366391,0.2091847029613757,25.580152671755727
Q9NZQ9,TMOD4,19,0.42185616713539575,18.52341363522424,0.37872149254397836,8.01526717557252
Q9NZU5,LMCD1,54,0.6962114786542267,21.42234650151561,0.20308188112927036,37.595419847328245
Q9P003,CNIH4,3,0.3715012722646311,18.345979886445328,1.0301076042356179,1.1145038167938932
Q9P015,MRPL15,4,0.25572519083969464,16.075466998354447,0.8514192484168637,1.0229007633587786
Q9P032,NDUFAF4,5,0.467175572519084,17.892615624186888,0.7504677175399173,2.33587786259542
Q9P0I2,EMC3,4,0.4083969465648855,16.06476578697634,0.7490782762120011,1.633587786259542
Q9P0J0,NDUFA13,15,0.6173027989821882,19.790307671323202,0.3802380879788958,9.259541984732824
Q9P0J1,PDP1,20,0.2263358778625954,16.385131415220844,0.4481158428072527,4.526717557251908
Q9P0L0,VAPA,17,0.4319712617871576,18.031759611487246,0.39107640180411546,7.343511450381679
Q9P0M2,AKAP7,2,0.22900763358778625,16.225699908908755,1.2238850177936207,0.4580152671755725
Q9P0M9,MRPL27,4,0.09351145038167939,14.01830130339781,1.2588208825913514,0.37404580152671757
Q9P0P0,RNF181,4,0.1946564885496183,16.220134794282714,1.0040315531216897,0.7786259541984732
Q9P0P8,MTRES1,2,0.32061068702290074,15.673410061568863,1.1360387295448735,0.6412213740458015
Q9P0U1,TOMM7,2,0.3549618320610687,16.42300132863567,1.1338026138954476,0.7099236641221374
Q9P0V9,SEPTIN10,8,0.21087786259541985,15.575161514938294,0.7377690302695028,1.6870229007633588
Q9P253,VPS18,2,0.21755725190839695,14.615325920901869,1.2845565069488527,0.4351145038167939
Q9P287,BCCIP,2,0.3893129770992366,17.25233463831978,1.041028612721172,0.7786259541984732
Q9P291,ARMCX1,1,0.31297709923664124,15.235662416443072,1.3895095098050354,0.31297709923664124
Q9P299,COPZ2,2,0.17938931297709923,15.547927625880257,1.3041625514374364,0.35877862595419846
Q9P2E9,RRBP1,15,0.15165394402035623,14.79726778881352,0.6077478220958267,2.2748091603053435
Q9P2J5,LARS1,18,0.33121289228159456,16.742926589334093,0.3716750130428646,5.961832061068702
Q9P2R3,ANKFY1,1,0.45038167938931295,14.376079280141091,1.2772622503419084,0.45038167938931295
Q9P2R7,SUCLA2,49,0.6499454743729552,21.042049239539903,0.19769883116452755,31.84732824427481
Q9P2T1,GMPR2,4,0.5610687022900763,17.180987484289133,0.5954588016476828,2.2442748091603053
Q9P2X0,DPM3,2,0.2366412213740458,15.080536916554664,1.2428620349702113,0.4732824427480916
Q9P2X3,IMPACT,2,0.33969465648854963,14.955343761753806,1.0724153763501392,0.6793893129770993
Q9UBB4,ATXN10,9,0.46734520780322303,16.868615604164383,0.42172381890368743,4.206106870229007
Q9UBC2,EPS15L1,13,0.4738696418085731,16.757315880416375,0.35365677772942067,6.1603053435114505
Q9UBE0,SAE1,5,0.2870229007633588,16.022267324208936,0.7766190934646736,1.4351145038167938
Q9UBF2,COPG2,4,0.1851145038167939,15.96233477672885,1.0230197591844439,0.7404580152671756
Q9UBF6,RNF7,3,0.47837150127226463,18.11436633863326,0.8189594951447383,1.4351145038167938
Q9UBF9,MYOT,45,0.6829516539440204,21.020377105873198,0.21666367195521077,30.732824427480917
Q9UBG0,MRC2,12,0.13676844783715011,14.264282603495118,0.7823707570177088,1.6412213740458015
Q9UBI6,GNG12,6,0.49872773536895676,17.442242621195142,0.5945949628566192,2.9923664122137406
Q9UBQ0,VPS29,10,0.45725190839694657,16.80506033323131,0.41140782885757676,4.572519083969466
Q9UBQ5,EIF3K,5,0.6015267175572518,19.55647472143609,0.5767158371586018,3.0076335877862594
Q9UBQ7,GRHPR,31,0.5986210293031273,20.61480903416273,0.2743724730430632,18.557251908396946
Q9UBR2,CTSZ,4,0.3606870229007634,16.3878181312624,0.7919751030931209,1.4427480916030535
Q9UBS8,RNF14,7,0.2813522355507088,15.433265609999467,0.7099790943682794,1.9694656488549618
Q9UBT2,UBA2,10,0.35419847328244275,16.220112485871375,0.49314851901728524,3.5419847328244276
Q9UBW8,COPS7A,13,0.4674104521432766,18.388531293513413,0.3754165149230051,6.076335877862595
Q9UBX3,SLC25A10,2,0.29389312977099236,15.506392503824058,1.1540322700332761,0.5877862595419847
Q9UBX5,FBLN5,9,0.45971162001696353,16.698659811971403,0.46881223956340384,4.137404580152672
Q9UBY9,HSPB7,27,0.6624257845631892,21.142926615545463,0.31804890588753226,17.885496183206108
Q9UDW1,UQCR10,5,0.7389312977099236,22.180862062322305,0.5830102753488944,3.6946564885496183
Q9UDX5,MTFP1,2,0.19083969465648856,15.990682580069217,1.2572970232267566,0.3816793893129771
Q9UDY4,DNAJB4,10,0.3053435114503817,16.875529866455594,0.49864072840869833,3.053435114503817
Q9UEY8,ADD3,8,0.2013358778625954,15.853302182987063,0.727420612291741,1.6106870229007633
Q9UFN0,NIPSNAP3A,11,0.3650242886884108,17.38168141992757,0.5225719429766141,4.015267175572519
Q9UG63,ABCF2,10,0.3282442748091603,16.23996450708846,0.5814619785985726,3.282442748091603
Q9UGI8,TES,3,0.31806615776081426,15.431659763661385,0.9934708961489109,0.9541984732824428
Q9UGI9,PRKAG3,6,0.24173027989821882,15.620100300231597,0.7679969990283954,1.450381679389313
Q9UGM6,WARS2,5,0.349618320610687,16.014063623926567,0.7639089595670122,1.748091603053435
Q9UGP8,SEC63,1,0.46564885496183206,14.59281581808093,1.25834292846333,0.46564885496183206
Q9UH62,ARMCX3,4,0.3148854961832061,14.6230062040487,0.7321521033407763,1.2595419847328244
Q9UH90,FBXO40,4,0.12213740458015267,14.103324862638763,1.212699282544046,0.48854961832061067
Q9UH99,SUN2,3,0.17048346055979643,14.683508918355349,1.185805785773293,0.5114503816793893
Q9UHA4,LAMTOR3,1,0.6564885496183206,19.292235803576204,1.0163739305151251,0.6564885496183206
Q9UHB9,SRP68,2,0.21374045801526717,14.633389409036464,1.285780149398679,0.42748091603053434
Q9UHD1,CHORDC1,5,0.4564885496183206,16.556184314458555,0.5813632158832608,2.282442748091603
Q9UHD8,SEPTIN9,12,0.35241730279898215,16.02146973479151,0.4784671065115469,4.229007633587786
Q9UHD9,UBQLN2,2,0.37786259541984735,14.95353728375003,0.9745789453073452,0.7557251908396947
Q9UHG3,PCYOX1,46,0.6176568204447395,19.98615476608196,0.22165738121469408,28.412213740458014
Q9UHL4,DPP7,7,0.302071973827699,15.353230227167229,0.6250931271833274,2.114503816793893
Q9UHP9,SMPX,8,0.7442748091603053,21.628873127623123,0.47750656079384823,5.9541984732824424
Q9UHQ4,BCAP29,7,0.2998909487459106,15.414815227555053,0.7130579793852008,2.099236641221374
Q9UHQ9,CYB5R1,30,0.5834605597964376,20.995076767369,0.27877434641436794,17.50381679389313
Q9UHV9,PFDN2,10,0.5389312977099237,18.747206259700143,0.413658237625837,5.3893129770992365
Q9UHX1,PUF60,5,0.25801526717557255,16.335501801592425,0.6822408081258786,1.2900763358778626
Q9UHY1,NRBP1,6,0.2569974554707379,16.137934910076723,0.7580447345863943,1.5419847328244274
Q9UHY7,ENOPH1,9,0.5148430873621713,17.7989998742045,0.4480171202503291,4.633587786259542
Q9UI09,NDUFA12,14,0.718102508178844,20.537785871287998,0.40244836959579855,10.053435114503817
Q9UI10,EIF2B4,5,0.3984732824427481,16.10745067815646,0.6680355575408059,1.9923664122137406
Q9UI12,ATP6V1H,8,0.29961832061068705,15.593626870880845,0.4546809271301059,2.3969465648854964
Q9UI30,TRMT112,2,0.3893129770992366,17.246734361529544,1.1329531218689395,0.7786259541984732
Q9UI47,CTNNA3,2,0.16412213740458015,14.903383169954166,1.3498531098060993,0.3282442748091603
Q9UIA9,XPO7,10,0.3748091603053435,17.068629024176495,0.4665646480449086,3.7480916030534353
Q9UIC8,LCMT1,11,0.5558639833448994,17.43705527759055,0.422893858786055,6.114503816793893
Q9UID3,VPS51,1,0.24427480916030533,17.996721727589076,1.3601711316975331,0.24427480916030533
Q9UII2,ATP5IF1,10,0.7450381679389313,19.97594137049934,0.41127369055624063,7.450381679389313
Q9UII6,DUSP13,4,0.14694656488549618,16.19899643494086,1.1002033152551587,0.5877862595419847
Q9UIJ7,AK3,31,0.6614134449642946,20.83963925949504,0.2501830032871896,20.50381679389313
Q9UIQ6,LNPEP,5,0.349618320610687,16.397104179053205,0.7918739968740034,1.748091603053435
Q9UJ68,MSRA,4,0.34541984732824427,16.462793265189365,0.846966402138996,1.381679389312977
Q9UJ70,NAGK,10,0.5916030534351144,18.107178349967388,0.41119093282051705,5.916030534351145
Q9UJS0,SLC25A13,1,0.5267175572519084,19.734628026549654,1.1176103327298454,0.5267175572519084
Q9UJU6,DBNL,9,0.34944868532654794,15.773493324924656,0.5583889871198766,3.145038167938931
Q9UJW0,DCTN4,9,0.4232400339270568,16.51065343747175,0.44816184662330544,3.8091603053435112
Q9UJY1,HSPB8,13,0.4674104521432766,17.708034672530758,0.4493175861565315,6.076335877862595
Q9UJY5,GGA1,4,0.1717557251908397,15.269231397483475,1.1101546007462022,0.6870229007633588
Q9UJZ1,STOML2,13,0.5002935995302408,17.500160563711788,0.3863665153997059,6.5038167938931295
Q9UK41,VPS28,4,0.7080152671755725,17.57282581847505,0.6563677375404342,2.83206106870229
Q9UK45,LSM7,2,0.45038167938931295,18.468280109483377,1.0327315824196626,0.9007633587786259
Q9UK76,JPT1,6,0.42493638676844786,17.660150153312387,0.6245980370667391,2.549618320610687
Q9UK99,FBXO3,5,0.31755725190839695,15.962436589553345,0.7750656688086923,1.5877862595419847
Q9UKG1,APPL1,24,0.5041348600508906,17.03086959305464,0.27947858101373996,12.099236641221374
Q9UKL6,PCTP,5,0.3007633587786259,16.912319578942466,0.8304793914567328,1.5038167938931297
Q9UKP3,ITGB1BP2,11,0.33726578764746706,16.838100507417543,0.5418054885432854,3.7099236641221376
Q9UKS6,PACSIN3,28,0.39231188658669575,18.664600685352074,0.2872986548311675,10.98473282442748
Q9UKU7,ACAD8,21,0.3609596510359869,17.28170872599196,0.3516190544741749,7.580152671755725
Q9UKV8,AGO2,13,0.33235466823253085,16.722774407625096,0.45584263439182254,4.320610687022901
Q9UKX2,MYH2,98,0.6794672067300203,22.99561853516578,0.163900738017317,66.58778625954199
Q9UKX3,MYH13,11,0.40111034004163776,17.71581499549006,0.5219008607360768,4.412213740458015
Q9UKY7,CDV3,9,0.3265479219677693,16.95266188525881,0.6138146732978664,2.9389312977099236
Q9UL15,BAG5,2,0.25190839694656486,15.79383223630787,1.2148280569919871,0.5038167938931297
Q9UL25,RAB21,13,0.630064591896653,18.87140125331467,0.39222655888677027,8.19083969465649
Q9UL46,PSME2,17,0.35114503816793896,17.807929175695058,0.43072839922347617,5.969465648854962
Q9ULA0,DNPEP,25,0.4186259541984733,17.97306052164834,0.2995909265252653,10.465648854961833
Q9ULC0,EMCN,2,0.4122137404580153,16.30208565373237,1.0228233517214271,0.8244274809160306
Q9ULC4,MCTS1,16,0.5777671755725191,19.67078474859054,0.38462625525783767,9.244274809160306
Q9ULP9,TBC1D24,3,0.5139949109414758,17.249864414126524,0.824633723031844,1.5419847328244274
Q9ULT8,HECTD1,15,0.28142493638676847,15.111916079679618,0.46414899736414045,4.221374045801527
Q9ULV4,CORO1C,3,0.272264631043257,14.930112944033699,0.9715960971902341,0.816793893129771
Q9ULX7,CA14,3,0.45038167938931295,18.062944457893536,0.747669019815661,1.3511450381679388
Q9UM00,TMCO1,4,0.6393129770992366,18.703841463468418,0.7249752803671135,2.5572519083969465
Q9UM22,EPDR1,6,0.5470737913486005,18.952245050019084,0.5806368141223178,3.282442748091603
Q9UMS0,NFU1,5,0.6458015267175573,17.72477565291797,0.6080984481370704,3.2290076335877864
Q9UMS6,SYNPO2,53,0.48077200057611985,18.090726497067077,0.20973839054394153,25.480916030534353
Q9UMX0,UBQLN1,1,0.6412213740458015,18.640680552047286,1.031336434223121,0.6412213740458015
Q9UMX5,NENF,3,0.2900763358778626,15.130603878497919,0.8482813457382765,0.8702290076335878
Q9UMY4,SNX12,3,0.42239185750636127,17.579589131187504,0.931194423009266,1.2671755725190839
Q9UN36,NDRG2,30,0.5267175572519084,19.577680576839434,0.3018453110948547,15.801526717557252
Q9UN37,VPS4A,12,0.23982188295165394,16.927765094875138,0.6071055098429875,2.877862595419847
Q9UN42,ATP1B4,6,0.44529262086513993,17.474232719052445,0.5101641083854744,2.6717557251908395
Q9UN86,G3BP2,6,0.1501272264631043,16.102953606553967,0.9213871848864333,0.9007633587786259
Q9UNE7,STUB1,20,0.3919847328244275,17.268026226303895,0.3835175850767735,7.8396946564885495
Q9UNF0,PACSIN2,6,0.30916030534351147,16.162732221403502,0.5849222665156205,1.8549618320610688
Q9UNH7,SNX6,8,0.3950381679389313,16.358913883731532,0.4649667497090935,3.1603053435114505
Q9UNM6,PSMD13,18,0.5614927905004241,18.31932400494408,0.3467490609103985,10.106870229007633
Q9UNN5,FAF1,3,0.3893129770992367,16.60222631877852,0.8947685578574994,1.16793893129771
Q9UNP9,PPIE,1,0.8396946564885496,19.14555074964195,0.8730262104236598,0.8396946564885496
Q9UNS2,COPS3,24,0.4198473282442748,17.658644162514197,0.34184697574522854,10.076335877862595
Q9UNZ2,NSFL1C,27,0.5705400056545095,19.188463615379316,0.283526850946396,15.404580152671755
Q9UP65,PLA2G4C,4,0.21755725190839695,14.599232621324678,0.961497191333153,0.8702290076335878
Q9UPN7,PPP6R1,2,0.2900763358778626,15.176848854149776,1.1255663353016152,0.5801526717557252
Q9UPQ0,LIMCH1,17,0.32195779074988773,15.743233233011674,0.35439010414133626,5.473282442748092
Q9UPR0,PLCL2,6,0.3320610687022901,16.3636801063838,0.6396374929838988,1.9923664122137406
Q9UPU5,USP24,25,0.3422900763358778,16.378991618181427,0.31239397476298697,8.557251908396946
Q9UPY8,MAPRE3,9,0.38676844783715014,17.922328534625546,0.5040405632391729,3.480916030534351
Q9UQ16,DNM3,2,0.6145038167938931,18.828385179161554,0.96007340670249,1.2290076335877862
Q9UQ49,NEU3,3,0.15776081424936386,14.662909328631919,1.2119394411451974,0.4732824427480916
Q9UQ80,PA2G4,27,0.4690415606446141,18.668783921060218,0.31495957546228415,12.664122137404581
Q9UQ90,SPG7,9,0.35368956743002544,16.175659586943727,0.5424493429790095,3.183206106870229
Q9UQK1,PPP1R3C,2,0.14122137404580154,15.6259269358932,1.3417556493928589,0.2824427480916031
Q9UQM7,CAMK2A,13,0.46212566059894306,18.400410585926814,0.43952867268429013,6.00763358778626
Q9UQN3,CHMP2B,1,0.5801526717557252,18.261097160808546,1.0832002676229695,0.5801526717557252
Q9Y217,MTMR6,1,0.3893129770992366,15.268360691567418,1.31574244231492,0.3893129770992366
Q9Y224,RTRAF,12,0.34096692111959287,16.495315098316556,0.4653688005565337,4.091603053435114
Q9Y230,RUVBL2,8,0.45229007633587787,17.226486440315696,0.44553591099093043,3.618320610687023
Q9Y235,APOBEC2,21,0.6503089785532533,21.491078453768306,0.3098545970854904,13.65648854961832
Q9Y237,PIN4,6,0.45801526717557256,18.866788543774383,0.6034934866780821,2.7480916030534353
Q9Y262,EIF3L,14,0.40458015267175573,17.31566841027256,0.41519893322553564,5.66412213740458
Q9Y263,PLAA,26,0.46887844979448035,17.287850516134,0.27017929301273647,12.19083969465649
Q9Y265,RUVBL1,10,0.33587786259541985,16.185934197960503,0.48703340523878774,3.3587786259541983
Q9Y266,NUDC,13,0.46564885496183206,17.838840934555748,0.44081639511198867,6.0534351145038165
Q9Y276,BCS1L,8,0.27099236641221375,16.750019917774882,0.6769682293623875,2.16793893129771
Q9Y277,VDAC3,24,0.732824427480916,22.217362412470223,0.2722839453829074,17.587786259541986
Q9Y281,CFL2,18,0.8375742154368109,24.111330457072192,0.28641934758697646,15.076335877862595
Q9Y285,FARSA,18,0.3333333333333333,16.841329467570628,0.4206539996003245,6
Q9Y295,DRG1,6,0.2099236641221374,16.019950344029656,0.8149308337676502,1.2595419847328244
Q9Y2A7,NCKAP1,9,0.15436810856658187,15.128450582776399,0.7474041668225264,1.3893129770992367
Q9Y2B0,CNPY2,7,0.43729552889858236,16.798364726352343,0.5512341427507214,3.0610687022900764
Q9Y2B9,PKIG,1,0.8473282442748091,16.71607936344752,0.8776035980673866,0.8473282442748091
Q9Y2E4,DIP2C,6,0.2544529262086514,15.491348125369536,0.7569123296261921,1.5267175572519085
Q9Y2H0,DLGAP4,2,0.3053435114503817,16.03734783523406,1.163937135335165,0.6106870229007634
Q9Y2H1,STK38L,3,0.3536895674300255,16.57822820173681,0.9191414742399916,1.0610687022900764
Q9Y2I8,WDR37,3,0.1272264631043257,15.121792679012328,1.2729786587284924,0.3816793893129771
Q9Y2J8,PADI2,58,0.620163200842327,21.01475496279226,0.192866314923783,35.969465648854964
Q9Y2K3,MYH15,33,0.047189451769604436,14.36950408567213,0.5570162591687895,1.5572519083969465
Q9Y2Q3,GSTK1,19,0.5419847328244275,19.296112238725364,0.3769285001499724,10.297709923664122
Q9Y2Q5,LAMTOR2,3,0.3842239185750636,16.406263958755627,0.9646263519725893,1.1526717557251909
Q9Y2Q9,MRPS28,2,0.31297709923664124,17.535978078484415,1.1676531123327456,0.6259541984732825
Q9Y2R0,COA3,5,0.6625954198473283,19.74539508521047,0.6541294636273949,3.312977099236641
Q9Y2R5,MRPS17,1,0.8702290076335878,19.760779414171527,0.8487299577804743,0.8702290076335878
Q9Y2R9,MRPS7,7,0.30861504907306436,16.484440130890462,0.6597182130833007,2.1603053435114505
Q9Y2S2,CRYL1,6,0.23664122137404578,16.17656923538116,0.7681049255184512,1.4198473282442747
Q9Y2S6,TMA7,2,0.8740458015267175,22.916702832008944,0.6777009088818443,1.748091603053435
Q9Y2S7,POLDIP2,8,0.26622137404580154,16.300406869466364,0.6435693866766047,2.1297709923664123
Q9Y2T3,GDA,7,0.13195201744820065,14.84225702509432,0.9840313372728394,0.9236641221374046
Q9Y2V2,CARHSP1,3,0.2315521628498728,16.311480510452693,1.0761521097210223,0.6946564885496184
Q9Y2W1,THRAP3,1,0.3969465648854962,13.63649249583312,1.3424164234800355,0.3969465648854962
Q9Y2X3,NOP58,1,0.5190839694656488,16.241499959383283,1.1700798154659113,0.5190839694656488
Q9Y2Z0,SUGT1,13,0.457428068115091,17.14020684863599,0.4131169113760719,5.9465648854961835
Q9Y2Z4,YARS2,3,0.13740458015267176,15.233597805194169,1.2123051781090888,0.4122137404580153
Q9Y2Z9,COQ6,20,0.5125954198473283,18.92209794947424,0.3345616601554382,10.251908396946565
Q9Y305,ACOT9,25,0.5386259541984733,18.768971956196438,0.28560244595706846,13.465648854961833
Q9Y315,DERA,4,0.33396946564885494,16.152073817123373,0.8119569993192637,1.3358778625954197
Q9Y316,MEMO1,13,0.35995302407516144,16.172051027612383,0.42285490293779604,4.679389312977099
Q9Y320,TMX2,4,0.3473282442748092,16.610751275670943,0.7616747044116429,1.3893129770992367
Q9Y333,LSM2,2,0.5267175572519084,17.6254403739409,1.0174796127845018,1.0534351145038168
Q9Y365,STARD10,1,0.5114503816793893,15.947069648329958,1.1845365838625976,0.5114503816793893
Q9Y371,SH3GLB1,10,0.46412213740458014,17.92594309997343,0.4190717438035095,4.641221374045801
Q9Y375,NDUFAF1,1,0.45038167938931295,15.91295397495673,1.240724355401369,0.45038167938931295
Q9Y376,CAB39,27,0.6333050607859768,18.993605469321018,0.2598179532910317,17.099236641221374
Q9Y383,LUC7L2,4,0.48091603053435117,16.349810262507262,0.6452008834874768,1.9236641221374047
Q9Y394,DHRS7,19,0.5620731217356368,19.233998223893405,0.3551179042289141,10.679389312977099
Q9Y399,MRPS2,4,0.16984732824427481,14.932629471332378,1.1121508993458846,0.6793893129770993
Q9Y3A3,MOB4,1,0.9694656488549618,19.30765835629836,0.7713617274119686,0.9694656488549618
Q9Y3A5,SBDS,20,0.5709923664122137,19.27614620817427,0.3124661719770145,11.419847328244275
Q9Y3A6,TMED5,5,0.32519083969465645,17.934712848501807,0.8289625542685669,1.6259541984732824
Q9Y3B3,TMED7,4,0.366412213740458,16.88456380416598,0.8583530235474501,1.465648854961832
Q9Y3B4,SF3B6,1,0.2824427480916031,14.243939283964739,1.4471723926289464,0.2824427480916031
Q9Y3B7,MRPL11,4,0.21564885496183206,15.412971818002285,0.9740418165984256,0.8625954198473282
Q9Y3B8,REXO2,2,0.33969465648854963,15.254997355797066,1.0642947762248798,0.6793893129770993
Q9Y3C4,TPRKB,2,0.3931297709923664,16.23501681754305,1.0060965066508152,0.7862595419847328
Q9Y3C6,PPIL1,7,0.5332606324972737,18.310971648446664,0.5805942569784882,3.732824427480916
Q9Y3D2,MSRB2,9,0.41051738761662426,17.64318740611559,0.5975026270539384,3.6946564885496183
Q9Y3D3,MRPS16,1,0.7022900763358778,19.265366566778308,0.9805049986956638,0.7022900763358778
Q9Y3D6,FIS1,9,0.6098388464800678,19.273740745553688,0.42117075274769283,5.488549618320611
Q9Y3D7,PAM16,2,0.15267175572519084,15.355161100154104,1.346365511913365,0.3053435114503817
Q9Y3D8,AK6,1,0.33587786259541985,14.944173425254865,1.3760225707733467,0.33587786259541985
Q9Y3D9,MRPS23,6,0.2837150127226463,16.07219033807129,0.6954985561145662,1.702290076335878
Q9Y3E5,PTRH2,4,0.2786259541984733,15.848010035417948,0.8700413101847247,1.1145038167938932
Q9Y3E7,CHMP3,4,0.25,16.641541256194287,0.9446478671444238,1
Q9Y3F4,STRAP,21,0.549618320610687,18.777399986632624,0.299335166940437,11.541984732824428
Q9Y3I0,RTCB,29,0.46801789944722294,18.003740154914034,0.29740902115697204,13.572519083969466
Q9Y3I1,FBXO7,6,0.17557251908396945,15.895671120967622,0.93710178668157,1.0534351145038168
Q9Y3L5,RAP2C,3,0.1984732824427481,15.62489942555591,1.1304109635453317,0.5954198473282443
Q9Y3P9,RABGAP1,2,0.22900763358778625,14.731442875355157,1.2283757648865563,0.4580152671755725
Q9Y3S2,ZNF330,6,0.2964376590330789,15.030802474638167,0.7584452512214289,1.7786259541984732
Q9Y3U8,RPL36,3,0.3486005089058524,17.595981850494532,0.8613629150832478,1.0458015267175573
Q9Y3Z3,SAMHD1,8,0.19751908396946566,15.468907018227114,0.7322428593797861,1.5801526717557253
Q9Y450,HBS1L,22,0.39625260235947263,16.889788870171877,0.32898963183985547,8.717557251908397
Q9Y490,TLN1,106,0.4234480772000576,17.47163822386401,0.14398423794449464,44.88549618320611
Q9Y4E8,USP15,22,0.4632199861207495,17.19338884015621,0.3159467137920558,10.19083969465649
Q9Y4G6,TLN2,60,0.3354961832061069,16.70990594556953,0.21050283795747177,20.129770992366414
Q9Y4J8,DTNA,15,0.3414758269720102,17.13144913930175,0.4371541184183045,5.122137404580153
Q9Y4L1,HYOU1,9,0.3977947413061917,16.481581270462364,0.5042589640013114,3.5801526717557253
Q9Y4W6,AFG3L2,36,0.45525869380831213,18.03580002372756,0.274174075432707,16.389312977099237
Q9Y4X5,ARIH1,14,0.40839694656488545,16.3499777129109,0.4161008349574982,5.717557251908397
Q9Y4Z0,LSM4,4,0.33396946564885494,16.21328676009544,0.8845059324041069,1.3358778625954197
Q9Y508,RNF114,16,0.5124045801526718,18.07304422619632,0.35783075183218954,8.198473282442748
Q9Y512,SAMM50,31,0.5949273577936469,20.565919978565464,0.28244618160677415,18.442748091603054
Q9Y570,PPME1,8,0.3320610687022901,17.38837678876967,0.5687665831310283,2.6564885496183206
Q9Y584,TIMM22,2,0.41603053435114506,16.56385814757207,1.0620650797690878,0.8320610687022901
Q9Y5A7,NUB1,3,0.3969465648854962,15.773023073736741,0.8495121353433086,1.1908396946564885
Q9Y5J7,TIMM9,7,0.7306434023991276,18.23265293590335,0.4254095949137132,5.114503816793893
Q9Y5J9,TIMM8B,4,0.46564885496183206,16.46269136098291,0.7382024054332973,1.8625954198473282
Q9Y5K5,UCHL5,9,0.38676844783715014,17.269938513166377,0.5251821776581753,3.480916030534351
Q9Y5K8,ATP6V1D,2,0.46946564885496184,16.631379194936223,1.0541148552767021,0.9389312977099237
Q9Y5L0,TNPO3,2,0.2862595419847328,15.168568462610617,1.1699477388669635,0.5725190839694656
Q9Y5L4,TIMM13,10,0.6045801526717558,19.283501032862887,0.4503932718063792,6.0458015267175576
Q9Y5M8,SRPRB,11,0.5773768216516308,17.55618709691073,0.3660745045846599,6.351145038167939
Q9Y5P4,CERT1,3,0.3206106870229008,15.636015854554117,0.9645768798915696,0.9618320610687023
Q9Y5P6,GMPPB,7,0.4667393675027263,17.017559077386537,0.4702243781096752,3.267175572519084
Q9Y5R8,TRAPPC1,2,0.22900763358778625,15.533121064559948,1.2441915968610293,0.4580152671755725
Q9Y5S9,RBM8A,4,0.4255725190839695,15.9858879143767,0.6693801520481151,1.702290076335878
Q9Y5U8,MPC1,3,0.3969465648854962,17.464637540654287,0.8561385921863666,1.1908396946564885
Q9Y5V0,ZNF706,1,0.8015267175572519,17.33533658706187,0.9115644228577269,0.8015267175572519
Q9Y5X1,SNX9,3,0.30279898218829515,15.910747204961998,1.0304540640319348,0.9083969465648855
Q9Y5X3,SNX5,10,0.35114503816793896,16.420487562078115,0.5123397479551434,3.5114503816793894
Q9Y5Y2,NUBP2,4,0.2748091603053435,15.408744879371662,0.8854627728973662,1.099236641221374
Q9Y5Z4,HEBP2,13,0.6453317674691721,20.583181766332174,0.383773871022814,8.389312977099237
Q9Y613,FHOD1,62,0.5545432159566609,18.77980771912523,0.18729648602569846,34.38167938931298
Q9Y623,MYH4,10,0.40916030534351144,19.952167686621603,0.6778560986471533,4.091603053435114
Q9Y639,NPTN,3,0.11704834605597964,15.1807356056475,1.270140615271677,0.3511450381679389
Q9Y646,CPQ,2,0.23282442748091603,15.63974783461056,1.2352000328118176,0.46564885496183206
Q9Y673,ALG5,2,0.2099236641221374,16.078764544595476,1.2403364876628864,0.4198473282442748
Q9Y676,MRPS18B,5,0.6961832061068702,17.36490258551431,0.5227264555334957,3.480916030534351
Q9Y678,COPG1,13,0.40340575455079275,16.545438885194653,0.4235279379910895,5.244274809160306
Q9Y696,CLIC4,11,0.42956280360860516,16.97788814020461,0.40907631652107385,4.7251908396946565
Q9Y697,NFS1,6,0.39567430025445294,15.684497983863602,0.6718463979997673,2.3740458015267176
Q9Y6A9,SPCS1,1,0.9236641221374046,17.96128864845464,0.808993045640692,0.9236641221374046
Q9Y6B6,SAR1B,13,0.5742806811509101,19.558852693332984,0.43189074257905496,7.465648854961832
Q9Y6C9,MTCH2,22,0.5166551006245663,18.69277614715393,0.31125060486200334,11.366412213740459
Q9Y6E0,STK24,3,0.15521628498727735,15.634610748104471,1.1877131069890865,0.46564885496183206
Q9Y6E2,BZW2,36,0.5303223070398643,18.73121662093635,0.25197243137450365,19.091603053435115
Q9Y6G5,COMMD10,2,0.3549618320610687,15.052601372510708,1.1371125475025834,0.7099236641221374
Q9Y6G9,DYNC1LI1,18,0.3375742154368109,16.83452635684223,0.32819262264747817,6.076335877862595
Q9Y6H1,CHCHD2,1,0.8091603053435115,22.164990485560796,0.9055819858109668,0.8091603053435115
Q9Y6I9,TEX264,6,0.23536895674300254,16.202603623966098,0.7661233576974511,1.4122137404580153
Q9Y6M9,NDUFB9,16,0.5596374045801527,20.229944051456165,0.38951510779714327,8.954198473282442
Q9Y6N1,COX11,3,0.5419847328244275,17.38271684279008,0.7372415905921046,1.6259541984732824
Q9Y6N5,SQOR,8,0.3530534351145038,16.74998294850438,0.581699436767337,2.8244274809160306
Q9Y6P5,SESN1,15,0.33944020356234095,16.891704884344207,0.4031554614613687,5.091603053435114
Q9Y6W3,CAPN7,4,0.5973282442748091,16.5054536742233,0.6212329904588817,2.3893129770992365
Q9Y6X5,ENPP4,1,0.35877862595419846,16.186586508288592,1.3146549437420234,0.35877862595419846
Q9Y6Y0,IVNS1ABP,1,0.31297709923664124,15.995049144920479,1.3631832154540648,0.31297709923664124
Q9Y6Y8,SEC23IP,8,0.26717557251908397,15.647575108671004,0.559409961337527,2.1374045801526718
