database,pathway,set_id,contrast,diff,t,p,padj
Hallmark,HALLMARK_ADIPOGENESIS,Hallmark|HALLMARK_ADIPOGENESIS,BFR_post_vs_pre,0.0018715071078294065,0.8040050935516259,0.4233030884634472,0.7930003567576309
Hallmark,HALLMARK_ALLOGRAFT_REJECTION,Hallmark|HALLMARK_ALLOGRAFT_REJECTION,BFR_post_vs_pre,0.0013232011828825802,0.2225349387594072,0.824351812342012,0.8666262642569871
Hallmark,HALLMARK_ANDROGEN_RESPONSE,Hallmark|HALLMARK_ANDROGEN_RESPONSE,BFR_post_vs_pre,-0.012351913636062417,-2.726206898729201,0.007567136027516732,0.15512628856409302
Hallmark,HALLMARK_APICAL_JUNCTION,Hallmark|HALLMARK_APICAL_JUNCTION,BFR_post_vs_pre,-0.003594296377440749,-0.38444730154489354,0.7014640929892415,0.8217150803588258
Hallmark,HALLMARK_APOPTOSIS,Hallmark|HALLMARK_APOPTOSIS,BFR_post_vs_pre,-0.010009591885640157,-1.5587625574566,0.12221499884399509,0.5277245776352103
Hallmark,HALLMARK_BILE_ACID_METABOLISM,Hallmark|HALLMARK_BILE_ACID_METABOLISM,BFR_post_vs_pre,0.0013689498729891891,0.30854571803122177,0.7583095967946878,0.8636303741272833
Hallmark,HALLMARK_CHOLESTEROL_HOMEOSTASIS,Hallmark|HALLMARK_CHOLESTEROL_HOMEOSTASIS,BFR_post_vs_pre,0.003898969942264019,0.47464760021974184,0.6360741142976312,0.7930003567576309
Hallmark,HALLMARK_COAGULATION,Hallmark|HALLMARK_COAGULATION,BFR_post_vs_pre,0.003421127398216345,0.4084146594351498,0.6838433668762719,0.8217150803588258
Hallmark,HALLMARK_COMPLEMENT,Hallmark|HALLMARK_COMPLEMENT,BFR_post_vs_pre,0.0025165969424906787,0.49598353368091375,0.6209954623039085,0.7930003567576309
Hallmark,HALLMARK_DNA_REPAIR,Hallmark|HALLMARK_DNA_REPAIR,BFR_post_vs_pre,0.0030442854078932616,0.6215188916209665,0.535673972184926,0.7930003567576309
Hallmark,HALLMARK_E2F_TARGETS,Hallmark|HALLMARK_E2F_TARGETS,BFR_post_vs_pre,-0.008136429841381812,-1.7715320639361507,0.07952153575334354,0.5277245776352103
Hallmark,HALLMARK_EPITHELIAL_MESENCHYMAL_TRANSITION,Hallmark|HALLMARK_EPITHELIAL_MESENCHYMAL_TRANSITION,BFR_post_vs_pre,-0.015587125615747755,-0.9242205777749296,0.357598505361471,0.7930003567576309
Hallmark,HALLMARK_ESTROGEN_RESPONSE_EARLY,Hallmark|HALLMARK_ESTROGEN_RESPONSE_EARLY,BFR_post_vs_pre,-0.008290393134462441,-1.341899687633905,0.18267055925207729,0.6596291848762762
Hallmark,HALLMARK_ESTROGEN_RESPONSE_LATE,Hallmark|HALLMARK_ESTROGEN_RESPONSE_LATE,BFR_post_vs_pre,-0.003462135043613701,-0.7655255739660124,0.44576348351914574,0.7930003567576309
Hallmark,HALLMARK_FATTY_ACID_METABOLISM,Hallmark|HALLMARK_FATTY_ACID_METABOLISM,BFR_post_vs_pre,0.0043011470994079315,1.5318776291047376,0.12871331161834398,0.5277245776352103
Hallmark,HALLMARK_G2M_CHECKPOINT,Hallmark|HALLMARK_G2M_CHECKPOINT,BFR_post_vs_pre,-0.012019027853930407,-2.2190855624451933,0.028743333779630516,0.2956006062628779
Hallmark,HALLMARK_GLYCOLYSIS,Hallmark|HALLMARK_GLYCOLYSIS,BFR_post_vs_pre,-8.468833274964116e-4,-0.23221276543873978,0.8168477958300426,0.8666262642569871
Hallmark,HALLMARK_HEME_METABOLISM,Hallmark|HALLMARK_HEME_METABOLISM,BFR_post_vs_pre,-0.005908732791822496,-0.6409836158874023,0.5230010516828287,0.7930003567576309
Hallmark,HALLMARK_HYPOXIA,Hallmark|HALLMARK_HYPOXIA,BFR_post_vs_pre,-6.492241556968203e-4,-0.13622240681082687,0.8919195922054307,0.8919195922054307
Hallmark,HALLMARK_IL2_STAT5_SIGNALING,Hallmark|HALLMARK_IL2_STAT5_SIGNALING,BFR_post_vs_pre,-0.0038178189044125663,-0.5591107443523867,0.5773373899256921,0.7930003567576309
Hallmark,HALLMARK_INFLAMMATORY_RESPONSE,Hallmark|HALLMARK_INFLAMMATORY_RESPONSE,BFR_post_vs_pre,-0.012489222718918835,-1.5988644028457766,0.11300882621158036,0.5277245776352103
Hallmark,HALLMARK_INTERFERON_ALPHA_RESPONSE,Hallmark|HALLMARK_INTERFERON_ALPHA_RESPONSE,BFR_post_vs_pre,0.009330520327160224,1.2202593058868354,0.2252392338601919,0.6596291848762762
Hallmark,HALLMARK_INTERFERON_GAMMA_RESPONSE,Hallmark|HALLMARK_INTERFERON_GAMMA_RESPONSE,BFR_post_vs_pre,0.006130907924163868,0.9532903011048408,0.34274390237116636,0.7930003567576309
Hallmark,HALLMARK_KRAS_SIGNALING_DN,Hallmark|HALLMARK_KRAS_SIGNALING_DN,BFR_post_vs_pre,-0.00832218501896903,-1.2544927974555915,0.2125900834800356,0.6596291848762762
Hallmark,HALLMARK_KRAS_SIGNALING_UP,Hallmark|HALLMARK_KRAS_SIGNALING_UP,BFR_post_vs_pre,0.008839348897209671,1.0734095370494905,0.2856733843147149,0.7320380473064569
Hallmark,HALLMARK_MITOTIC_SPINDLE,Hallmark|HALLMARK_MITOTIC_SPINDLE,BFR_post_vs_pre,-0.0018025448289365805,-0.2770111286446868,0.7823439225176871,0.8666262642569871
Hallmark,HALLMARK_MTORC1_SIGNALING,Hallmark|HALLMARK_MTORC1_SIGNALING,BFR_post_vs_pre,-0.0022595253000571858,-0.6349204696523645,0.5269317745406794,0.7930003567576309
Hallmark,HALLMARK_MYC_TARGETS_V1,Hallmark|HALLMARK_MYC_TARGETS_V1,BFR_post_vs_pre,-0.0017497300389059667,-0.5432781295443073,0.5881485140183642,0.7930003567576309
Hallmark,HALLMARK_MYOGENESIS,Hallmark|HALLMARK_MYOGENESIS,BFR_post_vs_pre,-0.014729467491766068,-2.003392063598924,0.047843587432686234,0.3923174169480271
Hallmark,HALLMARK_OXIDATIVE_PHOSPHORYLATION,Hallmark|HALLMARK_OXIDATIVE_PHOSPHORYLATION,BFR_post_vs_pre,0.014226324793081668,3.7399670648590666,3.071500004000606e-4,0.012593150016402484
Hallmark,HALLMARK_P53_PATHWAY,Hallmark|HALLMARK_P53_PATHWAY,BFR_post_vs_pre,0.0018853462306262503,0.47156078398617934,0.6382685798293127,0.7930003567576309
Hallmark,HALLMARK_PEROXISOME,Hallmark|HALLMARK_PEROXISOME,BFR_post_vs_pre,0.004709782062793266,1.119110968028581,0.2657763933491405,0.7264554751543174
Hallmark,HALLMARK_PI3K_AKT_MTOR_SIGNALING,Hallmark|HALLMARK_PI3K_AKT_MTOR_SIGNALING,BFR_post_vs_pre,0.0030425839066552385,0.7253955388160332,0.4699052373994713,0.7930003567576309
Hallmark,HALLMARK_PROTEIN_SECRETION,Hallmark|HALLMARK_PROTEIN_SECRETION,BFR_post_vs_pre,8.467370789851866e-4,0.1487603124172875,0.8820426420947398,0.8919195922054307
Hallmark,HALLMARK_REACTIVE_OXYGEN_SPECIES_PATHWAY,Hallmark|HALLMARK_REACTIVE_OXYGEN_SPECIES_PATHWAY,BFR_post_vs_pre,-0.0035583766386524385,-0.7209083139469279,0.4726495685667199,0.7930003567576309
Hallmark,HALLMARK_SPERMATOGENESIS,Hallmark|HALLMARK_SPERMATOGENESIS,BFR_post_vs_pre,-0.0030804295216013966,-0.7549362044383534,0.4520633461210847,0.7930003567576309
Hallmark,HALLMARK_TNFA_SIGNALING_VIA_NFKB,Hallmark|HALLMARK_TNFA_SIGNALING_VIA_NFKB,BFR_post_vs_pre,-0.008635281493123939,-1.2456918263271584,0.21579117640585432,0.6596291848762762
Hallmark,HALLMARK_UNFOLDED_PROTEIN_RESPONSE,Hallmark|HALLMARK_UNFOLDED_PROTEIN_RESPONSE,BFR_post_vs_pre,-0.0020943453829601194,-0.5326660432010754,0.5954476229661398,0.7930003567576309
Hallmark,HALLMARK_UV_RESPONSE_DN,Hallmark|HALLMARK_UV_RESPONSE_DN,BFR_post_vs_pre,-0.01902701391903462,-2.2177244647756202,0.028839083537841745,0.2956006062628779
Hallmark,HALLMARK_UV_RESPONSE_UP,Hallmark|HALLMARK_UV_RESPONSE_UP,BFR_post_vs_pre,0.004938360052603369,1.6122179506993395,0.11006935781971278,0.5277245776352103
Hallmark,HALLMARK_XENOBIOTIC_METABOLISM,Hallmark|HALLMARK_XENOBIOTIC_METABOLISM,BFR_post_vs_pre,0.0031359505655215447,0.6386200654620008,0.524531516357213,0.7930003567576309
Reactome,REACTOME_ACTIVATION_OF_NMDA_RECEPTORS_AND_POSTSYNAPTIC_EVENTS,Reactome|REACTOME_ACTIVATION_OF_NMDA_RECEPTORS_AND_POSTSYNAPTIC_EVENTS,BFR_post_vs_pre,0.0034890420426925695,0.6436856524211405,0.5212542631393982,0.7662053022286911
Reactome,REACTOME_ADIPOGENESIS,Reactome|REACTOME_ADIPOGENESIS,BFR_post_vs_pre,-0.006908427547835015,-1.3083561356184752,0.19375474956143074,0.5239192717828759
Reactome,REACTOME_AEROBIC_RESPIRATION_AND_RESPIRATORY_ELECTRON_TRANSPORT,Reactome|REACTOME_AEROBIC_RESPIRATION_AND_RESPIRATORY_ELECTRON_TRANSPORT,BFR_post_vs_pre,0.019192946320218673,3.9208216870092434,1.619099092272931e-4,0.009901315685065713
Reactome,REACTOME_AGGREPHAGY,Reactome|REACTOME_AGGREPHAGY,BFR_post_vs_pre,9.284935022503826e-4,0.1664746840957965,0.8681198780586911,0.9544999654277151
Reactome,REACTOME_AMINO_ACIDS_REGULATE_MTORC1,Reactome|REACTOME_AMINO_ACIDS_REGULATE_MTORC1,BFR_post_vs_pre,-0.01440853904340525,-1.9166528490915213,0.058139740465227144,0.3059257772098857
Reactome,REACTOME_ANTIGEN_PRESENTATION_FOLDING_ASSEMBLY_AND_PEPTIDE_LOADING_OF_CLASS_I_MHC,Reactome|REACTOME_ANTIGEN_PRESENTATION_FOLDING_ASSEMBLY_AND_PEPTIDE_LOADING_OF_CLASS_I_MHC,BFR_post_vs_pre,-0.001018540201114082,-0.14095607039741373,0.8881884811892344,0.9575105089893698
Reactome,REACTOME_ANTIGEN_PROCESSING_CROSS_PRESENTATION,Reactome|REACTOME_ANTIGEN_PROCESSING_CROSS_PRESENTATION,BFR_post_vs_pre,-0.004908023253797716,-1.2298077103061018,0.2216574761375179,0.5383110134768292
Reactome,REACTOME_ANTIGEN_PROCESSING_UB_ATP_INDEPENDENT_PROTEASOMAL_DEGRADATION,Reactome|REACTOME_ANTIGEN_PROCESSING_UB_ATP_INDEPENDENT_PROTEASOMAL_DEGRADATION,BFR_post_vs_pre,-0.01089918988577504,-2.6038925139090474,0.010621875384827223,0.12354918210772718
Reactome,REACTOME_ANTI_INFLAMMATORY_RESPONSE_FAVOURING_LEISHMANIA_PARASITE_INFECTION,Reactome|REACTOME_ANTI_INFLAMMATORY_RESPONSE_FAVOURING_LEISHMANIA_PARASITE_INFECTION,BFR_post_vs_pre,0.007525074515989577,0.8481052479582497,0.3984068254121872,0.6927026951536794
Reactome,REACTOME_APOPTOTIC_EXECUTION_PHASE,Reactome|REACTOME_APOPTOTIC_EXECUTION_PHASE,BFR_post_vs_pre,-0.009218747001347997,-1.1370523015646816,0.25823638848652253,0.5625503529043678
Reactome,REACTOME_ARACHIDONATE_METABOLISM,Reactome|REACTOME_ARACHIDONATE_METABOLISM,BFR_post_vs_pre,0.0023150272220058554,0.41134523009671553,0.6817005254475577,0.8463809894601699
Reactome,REACTOME_ASPARAGINE_N_LINKED_GLYCOSYLATION,Reactome|REACTOME_ASPARAGINE_N_LINKED_GLYCOSYLATION,BFR_post_vs_pre,-0.004339313565719642,-1.1829764146006527,0.23962612535031425,0.5440272312746871
Reactome,REACTOME_AUTOPHAGY,Reactome|REACTOME_AUTOPHAGY,BFR_post_vs_pre,-0.0016620731403864109,-0.5112644874388641,0.6102939991128282,0.811209261023384
Reactome,REACTOME_BACTERIAL_INFECTION_PATHWAYS,Reactome|REACTOME_BACTERIAL_INFECTION_PATHWAYS,BFR_post_vs_pre,-0.010613632806706685,-1.2888372881181103,0.20043121658203533,0.5239192717828759
Reactome,REACTOME_BINDING_AND_UPTAKE_OF_LIGANDS_BY_SCAVENGER_RECEPTORS,Reactome|REACTOME_BINDING_AND_UPTAKE_OF_LIGANDS_BY_SCAVENGER_RECEPTORS,BFR_post_vs_pre,-0.014159800172216352,-1.0452080106453336,0.29844930590597063,0.610715709307588
Reactome,REACTOME_BIOLOGICAL_OXIDATIONS,Reactome|REACTOME_BIOLOGICAL_OXIDATIONS,BFR_post_vs_pre,0.0015423793079035186,0.3404792322012887,0.7342105852926994,0.8723684911273473
Reactome,REACTOME_BIOSYNTHESIS_OF_THE_N_GLYCAN_PRECURSOR_DOLICHOL_LIPID_LINKED_OLIGOSACCHARIDE_LLO_AND_TRANSFER_TO_A_NASCENT_PROTEIN,Reactome|REACTOME_BIOSYNTHESIS_OF_THE_N_GLYCAN_PRECURSOR_DOLICHOL_LIPID_LINKED_OLIGOSACCHARIDE_LLO_AND_TRANSFER_TO_A_NASCENT_PROTEIN,BFR_post_vs_pre,0.006453301340793305,0.807863207896045,0.4210888013637687,0.7050047356166128
Reactome,REACTOME_BRANCHED_CHAIN_AMINO_ACID_CATABOLISM,Reactome|REACTOME_BRANCHED_CHAIN_AMINO_ACID_CATABOLISM,BFR_post_vs_pre,0.016390490953011067,2.3529340885097327,0.020585390056597618,0.17497581548107974
Reactome,REACTOME_CARDIAC_CONDUCTION,Reactome|REACTOME_CARDIAC_CONDUCTION,BFR_post_vs_pre,-0.010044450010713302,-2.186575020260251,0.03110783686753594,0.20603106731988413
Reactome,REACTOME_CARGO_CONCENTRATION_IN_THE_ER,Reactome|REACTOME_CARGO_CONCENTRATION_IN_THE_ER,BFR_post_vs_pre,-0.00593357227679896,-0.8354154009110257,0.40547740923170006,0.6927026951536794
Reactome,REACTOME_CARGO_TRAFFICKING_TO_THE_PERICILIARY_MEMBRANE,Reactome|REACTOME_CARGO_TRAFFICKING_TO_THE_PERICILIARY_MEMBRANE,BFR_post_vs_pre,0.01166250213101655,1.8737523174791153,0.06388718849695625,0.31602744722842807
Reactome,REACTOME_CELLULAR_RESPONSES_TO_MECHANICAL_STIMULI,Reactome|REACTOME_CELLULAR_RESPONSES_TO_MECHANICAL_STIMULI,BFR_post_vs_pre,-0.0035987360436728066,-0.6969668939228829,0.4874422001908888,0.737840590699907
Reactome,REACTOME_CELLULAR_RESPONSE_TO_CHEMICAL_STRESS,Reactome|REACTOME_CELLULAR_RESPONSE_TO_CHEMICAL_STRESS,BFR_post_vs_pre,-0.003213100799642876,-1.1798235574635523,0.2408722709609091,0.5440272312746871
Reactome,REACTOME_CELLULAR_RESPONSE_TO_HEAT_STRESS,Reactome|REACTOME_CELLULAR_RESPONSE_TO_HEAT_STRESS,BFR_post_vs_pre,-0.0042716573401433006,-1.078708874528893,0.2833151714523163,0.5994645802595684
Reactome,REACTOME_CELLULAR_SENESCENCE,Reactome|REACTOME_CELLULAR_SENESCENCE,BFR_post_vs_pre,-0.00391596226219898,-0.7021923938091534,0.4841920402055673,0.737840590699907
Reactome,REACTOME_CELL_CELL_COMMUNICATION,Reactome|REACTOME_CELL_CELL_COMMUNICATION,BFR_post_vs_pre,-0.011517008342774165,-3.1675156919639424,0.0020398049049018554,0.05008854266481223
Reactome,REACTOME_CELL_CYCLE_CHECKPOINTS,Reactome|REACTOME_CELL_CYCLE_CHECKPOINTS,BFR_post_vs_pre,-0.005288961630989963,-1.3008107710423085,0.19631573809345068,0.5239192717828759
Reactome,REACTOME_CELL_SURFACE_INTERACTIONS_AT_THE_VASCULAR_WALL,Reactome|REACTOME_CELL_SURFACE_INTERACTIONS_AT_THE_VASCULAR_WALL,BFR_post_vs_pre,-0.004683326393149084,-0.5775444525805649,0.5648711266761273,0.7851353395938624
Reactome,REACTOME_CHROMATIN_ORGANIZATION,Reactome|REACTOME_CHROMATIN_ORGANIZATION,BFR_post_vs_pre,-0.0056334987317149116,-0.9866131937765807,0.32621582965596585,0.6248935565726794
Reactome,REACTOME_CHROMOSOME_MAINTENANCE,Reactome|REACTOME_CHROMOSOME_MAINTENANCE,BFR_post_vs_pre,-0.010825870473065907,-1.3579585129812486,0.17753601212001466,0.5239192717828759
Reactome,REACTOME_CILIUM_ASSEMBLY,Reactome|REACTOME_CILIUM_ASSEMBLY,BFR_post_vs_pre,0.0073333841840225455,1.5440564408220816,0.1257365845645705,0.45553746211098495
Reactome,REACTOME_CITRIC_ACID_CYCLE_TCA_CYCLE,Reactome|REACTOME_CITRIC_ACID_CYCLE_TCA_CYCLE,BFR_post_vs_pre,0.021121173681961036,4.218407686328634,5.418855574950781e-5,0.005987835410320613
Reactome,REACTOME_CLASS_I_MHC_MEDIATED_ANTIGEN_PROCESSING_PRESENTATION,Reactome|REACTOME_CLASS_I_MHC_MEDIATED_ANTIGEN_PROCESSING_PRESENTATION,BFR_post_vs_pre,-0.007073290179425068,-2.337837291395896,0.021389567371851777,0.17507756996960158
Reactome,REACTOME_CLATHRIN_MEDIATED_ENDOCYTOSIS,Reactome|REACTOME_CLATHRIN_MEDIATED_ENDOCYTOSIS,BFR_post_vs_pre,0.0011871710879340662,0.24280741495803296,0.8086524118830208,0.931375245443643
Reactome,REACTOME_COLLAGEN_FORMATION,Reactome|REACTOME_COLLAGEN_FORMATION,BFR_post_vs_pre,-0.023741148797197235,-0.8996690531949683,0.3704599088265843,0.6602551600860898
Reactome,REACTOME_COMPLEX_III_ASSEMBLY,Reactome|REACTOME_COMPLEX_III_ASSEMBLY,BFR_post_vs_pre,0.021027714778235562,3.4459288316226866,8.33731356260344e-4,0.02632208996193372
Reactome,REACTOME_COMPLEX_IV_ASSEMBLY,Reactome|REACTOME_COMPLEX_IV_ASSEMBLY,BFR_post_vs_pre,0.02531199601995221,3.787314442365784,2.6023500305991115e-4,0.011502387135248074
Reactome,REACTOME_COMPLEX_I_BIOGENESIS,Reactome|REACTOME_COMPLEX_I_BIOGENESIS,BFR_post_vs_pre,0.0164060856392918,2.453981377081894,0.015858910429747,0.14603413354058695
Reactome,REACTOME_COOPERATION_OF_PDCL_PHLP1_AND_TRIC_CCT_IN_G_PROTEIN_BETA_FOLDING,Reactome|REACTOME_COOPERATION_OF_PDCL_PHLP1_AND_TRIC_CCT_IN_G_PROTEIN_BETA_FOLDING,BFR_post_vs_pre,0.0063770104408718,0.9564153203444367,0.34117119303528265,0.6336036442083821
Reactome,REACTOME_COPII_MEDIATED_VESICLE_TRANSPORT,Reactome|REACTOME_COPII_MEDIATED_VESICLE_TRANSPORT,BFR_post_vs_pre,-0.00687720880060097,-1.2556356144612273,0.21217698452730913,0.5239192717828759
Reactome,REACTOME_CRISTAE_FORMATION,Reactome|REACTOME_CRISTAE_FORMATION,BFR_post_vs_pre,0.009692313089223137,1.974368257197559,0.051100685981095885,0.27544516102005345
Reactome,REACTOME_CYTOPROTECTION_BY_HMOX1,Reactome|REACTOME_CYTOPROTECTION_BY_HMOX1,BFR_post_vs_pre,0.011143599528598058,2.507659776803769,0.01376460078452163,0.14485603682758477
Reactome,REACTOME_DARPP_32_EVENTS,Reactome|REACTOME_DARPP_32_EVENTS,BFR_post_vs_pre,-3.117266431353627e-4,-0.04709714793188596,0.9625298233549164,0.9931455015240499
Reactome,REACTOME_DDX58_IFIH1_MEDIATED_INDUCTION_OF_INTERFERON_ALPHA_BETA,Reactome|REACTOME_DDX58_IFIH1_MEDIATED_INDUCTION_OF_INTERFERON_ALPHA_BETA,BFR_post_vs_pre,-0.011658908954143066,-2.126016460156318,0.03596653940027268,0.22710300592743607
Reactome,REACTOME_DEADENYLATION_DEPENDENT_MRNA_DECAY,Reactome|REACTOME_DEADENYLATION_DEPENDENT_MRNA_DECAY,BFR_post_vs_pre,-0.015506939453508003,-2.298865993220278,0.023595189508255374,0.1798116165973944
Reactome,REACTOME_DEATH_RECEPTOR_SIGNALING,Reactome|REACTOME_DEATH_RECEPTOR_SIGNALING,BFR_post_vs_pre,-0.012992358994432907,-2.7908967028056733,0.006297443062954983,0.09937038793260658
Reactome,REACTOME_DEGRADATION_OF_THE_EXTRACELLULAR_MATRIX,Reactome|REACTOME_DEGRADATION_OF_THE_EXTRACELLULAR_MATRIX,BFR_post_vs_pre,-0.027428748927361822,-1.3301908237694362,0.18648415802094465,0.5239192717828759
Reactome,REACTOME_DENGUE_VIRUS_ATTACHMENT_AND_ENTRY,Reactome|REACTOME_DENGUE_VIRUS_ATTACHMENT_AND_ENTRY,BFR_post_vs_pre,-0.006656912012067973,-1.0333067028482237,0.3039553635569222,0.6162764710649524
Reactome,REACTOME_DENGUE_VIRUS_GENOME_TRANSLATION_AND_REPLICATION,Reactome|REACTOME_DENGUE_VIRUS_GENOME_TRANSLATION_AND_REPLICATION,BFR_post_vs_pre,-0.010456538838846008,-2.315937733675877,0.022605457792489934,0.17842164900500984
Reactome,REACTOME_DENGUE_VIRUS_INFECTION,Reactome|REACTOME_DENGUE_VIRUS_INFECTION,BFR_post_vs_pre,-0.00982738898025557,-2.0754996681769433,0.040509141851502874,0.241960009437355
Reactome,REACTOME_DETOXIFICATION_OF_REACTIVE_OXYGEN_SPECIES,Reactome|REACTOME_DETOXIFICATION_OF_REACTIVE_OXYGEN_SPECIES,BFR_post_vs_pre,-0.005455965096333559,-1.3794077987414979,0.17084909907885937,0.5239192717828759
Reactome,REACTOME_DEUBIQUITINATION,Reactome|REACTOME_DEUBIQUITINATION,BFR_post_vs_pre,-0.00947068025505815,-2.722622426496214,0.007643875994815891,0.09937038793260658
Reactome,REACTOME_DEVELOPMENTAL_CELL_LINEAGES,Reactome|REACTOME_DEVELOPMENTAL_CELL_LINEAGES,BFR_post_vs_pre,-0.010590410488106156,-0.5996447638387297,0.5501006313851117,0.7843370292652238
Reactome,REACTOME_DISEASES_OF_GLYCOSYLATION,Reactome|REACTOME_DISEASES_OF_GLYCOSYLATION,BFR_post_vs_pre,-0.018917665219897788,-1.831078103368522,0.07006943400087319,0.31602744722842807
Reactome,REACTOME_DISEASES_OF_METABOLISM,Reactome|REACTOME_DISEASES_OF_METABOLISM,BFR_post_vs_pre,0.00728000544601444,1.4872809204726989,0.14009017024406492,0.4837488691240367
Reactome,REACTOME_DISEASES_OF_SIGNAL_TRANSDUCTION_BY_GROWTH_FACTOR_RECEPTORS_AND_SECOND_MESSENGERS,Reactome|REACTOME_DISEASES_OF_SIGNAL_TRANSDUCTION_BY_GROWTH_FACTOR_RECEPTORS_AND_SECOND_MESSENGERS,BFR_post_vs_pre,-0.00672252811449893,-2.46414298263982,0.015441865800232178,0.14603413354058695
Reactome,REACTOME_DISORDERS_OF_TRANSMEMBRANE_TRANSPORTERS,Reactome|REACTOME_DISORDERS_OF_TRANSMEMBRANE_TRANSPORTERS,BFR_post_vs_pre,-0.00440309527048699,-1.1693471141983205,0.24504626752409292,0.5464881388371658
Reactome,REACTOME_DNA_DAMAGE_BYPASS,Reactome|REACTOME_DNA_DAMAGE_BYPASS,BFR_post_vs_pre,-0.004511334783757662,-0.582660680290436,0.5614345881540792,0.7851353395938624
Reactome,REACTOME_DNA_DOUBLE_STRAND_BREAK_REPAIR,Reactome|REACTOME_DNA_DOUBLE_STRAND_BREAK_REPAIR,BFR_post_vs_pre,0.0040259210984036065,0.661284567235276,0.509952104196354,0.7662053022286911
Reactome,REACTOME_DNA_REPAIR,Reactome|REACTOME_DNA_REPAIR,BFR_post_vs_pre,-0.005002798939469838,-1.3087562664284762,0.19361963876067184,0.5239192717828759
Reactome,REACTOME_DRUG_ADME,Reactome|REACTOME_DRUG_ADME,BFR_post_vs_pre,0.010003410914377064,1.4030808778039288,0.1636931247103754,0.5239192717828759
Reactome,REACTOME_ECM_PROTEOGLYCANS,Reactome|REACTOME_ECM_PROTEOGLYCANS,BFR_post_vs_pre,-0.038579540289356014,-1.2621923538179904,0.20981826566564474,0.5239192717828759
Reactome,REACTOME_ENDOSOMAL_SORTING_COMPLEX_REQUIRED_FOR_TRANSPORT_ESCRT,Reactome|REACTOME_ENDOSOMAL_SORTING_COMPLEX_REQUIRED_FOR_TRANSPORT_ESCRT,BFR_post_vs_pre,-0.0080122451143539615,-0.9419412627654791,0.34849495316196377,0.6418115387399499
Reactome,REACTOME_EPH_EPHRIN_SIGNALING,Reactome|REACTOME_EPH_EPHRIN_SIGNALING,BFR_post_vs_pre,0.007632071591741091,0.8255829136916314,0.4110079044840682,0.6933797472593822
Reactome,REACTOME_EPIGENETIC_REGULATION_OF_GENE_EXPRESSION,Reactome|REACTOME_EPIGENETIC_REGULATION_OF_GENE_EXPRESSION,BFR_post_vs_pre,-0.009177849768964045,-1.4987632901432535,0.13708844546113863,0.48089756264939104
Reactome,REACTOME_EUKARYOTIC_TRANSLATION_INITIATION,Reactome|REACTOME_EUKARYOTIC_TRANSLATION_INITIATION,BFR_post_vs_pre,-0.010872891994921696,-0.7747853856749001,0.440296451534231,0.720781598437519
Reactome,REACTOME_EXTRACELLULAR_MATRIX_ORGANIZATION,Reactome|REACTOME_EXTRACELLULAR_MATRIX_ORGANIZATION,BFR_post_vs_pre,-0.02477149228036293,-1.646490817752407,0.10280514638768434,0.4057131669942543
Reactome,REACTOME_EXTRA_NUCLEAR_ESTROGEN_SIGNALING,Reactome|REACTOME_EXTRA_NUCLEAR_ESTROGEN_SIGNALING,BFR_post_vs_pre,-0.0018471834740998727,-0.21517880996623664,0.83006658643444,0.9372788275615827
Reactome,REACTOME_FACTORS_INVOLVED_IN_MEGAKARYOCYTE_DEVELOPMENT_AND_PLATELET_PRODUCTION,Reactome|REACTOME_FACTORS_INVOLVED_IN_MEGAKARYOCYTE_DEVELOPMENT_AND_PLATELET_PRODUCTION,BFR_post_vs_pre,0.0029190305956873497,0.7059917260855554,0.4818364380647411,0.737840590699907
Reactome,REACTOME_FATTY_ACID_METABOLISM,Reactome|REACTOME_FATTY_ACID_METABOLISM,BFR_post_vs_pre,0.011283729784464736,2.7521181099801666,0.007032928798234433,0.09937038793260658
Reactome,REACTOME_FCGAMMA_RECEPTOR_FCGR_DEPENDENT_PHAGOCYTOSIS,Reactome|REACTOME_FCGAMMA_RECEPTOR_FCGR_DEPENDENT_PHAGOCYTOSIS,BFR_post_vs_pre,0.008046956006731429,1.265326426361201,0.20869764628890483,0.5239192717828759
Reactome,REACTOME_FC_EPSILON_RECEPTOR_FCERI_SIGNALING,Reactome|REACTOME_FC_EPSILON_RECEPTOR_FCERI_SIGNALING,BFR_post_vs_pre,-0.005628064982027503,-1.2118635066731198,0.2284231392528667,0.5391030754469203
Reactome,REACTOME_FOXO_MEDIATED_TRANSCRIPTION,Reactome|REACTOME_FOXO_MEDIATED_TRANSCRIPTION,BFR_post_vs_pre,1.5567468555807706e-4,0.030999827293850153,0.9753315255581785,0.9931455015240499
Reactome,REACTOME_G2_M_DNA_DAMAGE_CHECKPOINT,Reactome|REACTOME_G2_M_DNA_DAMAGE_CHECKPOINT,BFR_post_vs_pre,-0.0035550366609820583,-0.588162496869834,0.5577505432879042,0.7851353395938624
Reactome,REACTOME_GAMMA_CARBOXYLATION_HYPUSINYLATION_HYDROXYLATION_AND_ARYLSULFATASE_ACTIVATION,Reactome|REACTOME_GAMMA_CARBOXYLATION_HYPUSINYLATION_HYDROXYLATION_AND_ARYLSULFATASE_ACTIVATION,BFR_post_vs_pre,-0.006483277667115012,-0.9986472984129168,0.3203783456649851,0.6248935565726794
Reactome,REACTOME_GLUCONEOGENESIS,Reactome|REACTOME_GLUCONEOGENESIS,BFR_post_vs_pre,-0.0050644116519055205,-0.9688662951931147,0.3349517193809197,0.6273248303659598
Reactome,REACTOME_GLUCOSE_METABOLISM,Reactome|REACTOME_GLUCOSE_METABOLISM,BFR_post_vs_pre,0.0015648461479748077,0.3776355296197954,0.7065024856023343,0.857895875374263
Reactome,REACTOME_GLUTATHIONE_CONJUGATION,Reactome|REACTOME_GLUTATHIONE_CONJUGATION,BFR_post_vs_pre,-0.001374630169655111,-0.2421522710687378,0.8091585842768301,0.931375245443643
Reactome,REACTOME_GLYCOGEN_METABOLISM,Reactome|REACTOME_GLYCOGEN_METABOLISM,BFR_post_vs_pre,0.013829959908049139,1.9882060714673226,0.049524994572681905,0.2736255950140675
Reactome,REACTOME_GLYCOSAMINOGLYCAN_METABOLISM,Reactome|REACTOME_GLYCOSAMINOGLYCAN_METABOLISM,BFR_post_vs_pre,-0.03324780512863155,-2.0788593870920793,0.04019238665201404,0.241960009437355
Reactome,REACTOME_G_ALPHA_I_SIGNALLING_EVENTS,Reactome|REACTOME_G_ALPHA_I_SIGNALLING_EVENTS,BFR_post_vs_pre,0.0013938816260528064,0.26305349333628936,0.7930511083393027,0.9224436575946626
Reactome,REACTOME_G_ALPHA_Q_SIGNALLING_EVENTS,Reactome|REACTOME_G_ALPHA_Q_SIGNALLING_EVENTS,BFR_post_vs_pre,0.004455402734154554,0.4332577903448077,0.6657615375870223,0.835984657992795
Reactome,REACTOME_G_PROTEIN_MEDIATED_EVENTS,Reactome|REACTOME_G_PROTEIN_MEDIATED_EVENTS,BFR_post_vs_pre,0.001446360908381128,0.21365465816459306,0.8312518108690958,0.9372788275615827
Reactome,REACTOME_HCMV_INFECTION,Reactome|REACTOME_HCMV_INFECTION,BFR_post_vs_pre,-0.004803371334448164,-0.9827045026743743,0.3281268558556959,0.6248935565726794
Reactome,REACTOME_HIV_INFECTION,Reactome|REACTOME_HIV_INFECTION,BFR_post_vs_pre,-0.0016958628128484754,-0.5116257468011894,0.6100420120436875,0.811209261023384
Reactome,REACTOME_HIV_LIFE_CYCLE,Reactome|REACTOME_HIV_LIFE_CYCLE,BFR_post_vs_pre,-0.005655290884633103,-1.2793131775145108,0.2037501888242244,0.5239192717828759
Reactome,REACTOME_HSF1_ACTIVATION,Reactome|REACTOME_HSF1_ACTIVATION,BFR_post_vs_pre,0.0020149714529318352,0.4736031618569588,0.6368162601218827,0.811209261023384
Reactome,REACTOME_HSF1_DEPENDENT_TRANSACTIVATION,Reactome|REACTOME_HSF1_DEPENDENT_TRANSACTIVATION,BFR_post_vs_pre,-0.004047928311837812,-0.7835056124334682,0.43518386335376413,0.7199495310216119
Reactome,REACTOME_HSP90_CHAPERONE_CYCLE_FOR_STEROID_HORMONE_RECEPTORS_SHR_IN_THE_PRESENCE_OF_LIGAND,Reactome|REACTOME_HSP90_CHAPERONE_CYCLE_FOR_STEROID_HORMONE_RECEPTORS_SHR_IN_THE_PRESENCE_OF_LIGAND,BFR_post_vs_pre,-0.0021039135640455453,-0.5806231298890827,0.5628019676988559,0.7851353395938624
Reactome,REACTOME_INFECTION_WITH_MYCOBACTERIUM_TUBERCULOSIS,Reactome|REACTOME_INFECTION_WITH_MYCOBACTERIUM_TUBERCULOSIS,BFR_post_vs_pre,5.614776298631385e-4,0.08801001461040768,0.9300448969249488,0.9695279350019514
Reactome,REACTOME_INTEGRATION_OF_ENERGY_METABOLISM,Reactome|REACTOME_INTEGRATION_OF_ENERGY_METABOLISM,BFR_post_vs_pre,0.0027703916939805368,0.39104309619032107,0.6965981118472677,0.8505424459571612
Reactome,REACTOME_INTEGRIN_CELL_SURFACE_INTERACTIONS,Reactome|REACTOME_INTEGRIN_CELL_SURFACE_INTERACTIONS,BFR_post_vs_pre,-0.03439331941084201,-1.3263879930650044,0.18773550696837837,0.5239192717828759
Reactome,REACTOME_INTERCONVERSION_OF_NUCLEOTIDE_DI_AND_TRIPHOSPHATES,Reactome|REACTOME_INTERCONVERSION_OF_NUCLEOTIDE_DI_AND_TRIPHOSPHATES,BFR_post_vs_pre,0.0051274272123265074,0.8435332290209424,0.4009455521137981,0.6927026951536794
Reactome,REACTOME_INTERFERON_GAMMA_SIGNALING,Reactome|REACTOME_INTERFERON_GAMMA_SIGNALING,BFR_post_vs_pre,-0.005738310275791844,-0.698703072648279,0.4863610061238869,0.737840590699907
Reactome,REACTOME_INTERFERON_SIGNALING,Reactome|REACTOME_INTERFERON_SIGNALING,BFR_post_vs_pre,-0.0045646831963726126,-1.214402874330583,0.22745673131632746,0.5391030754469203
Reactome,REACTOME_INTERLEUKIN_12_FAMILY_SIGNALING,Reactome|REACTOME_INTERLEUKIN_12_FAMILY_SIGNALING,BFR_post_vs_pre,2.7543333874613385e-5,0.006148446403006487,0.9951065416487962,0.9951065416487962
Reactome,REACTOME_INTERLEUKIN_4_AND_INTERLEUKIN_13_SIGNALING,Reactome|REACTOME_INTERLEUKIN_4_AND_INTERLEUKIN_13_SIGNALING,BFR_post_vs_pre,0.0016025167765175742,0.14544888961701902,0.8846495288740868,0.9575105089893698
Reactome,REACTOME_INTRACELLULAR_SIGNALING_BY_SECOND_MESSENGERS,Reactome|REACTOME_INTRACELLULAR_SIGNALING_BY_SECOND_MESSENGERS,BFR_post_vs_pre,-0.006074170219174696,-1.6907248204375105,0.09400719207977434,0.3777379899932751
Reactome,REACTOME_INTRA_GOLGI_AND_RETROGRADE_GOLGI_TO_ER_TRAFFIC,Reactome|REACTOME_INTRA_GOLGI_AND_RETROGRADE_GOLGI_TO_ER_TRAFFIC,BFR_post_vs_pre,-1.4506315989719354e-4,-0.030460750137443433,0.9757603673255159,0.9931455015240499
Reactome,REACTOME_INTRINSIC_PATHWAY_FOR_APOPTOSIS,Reactome|REACTOME_INTRINSIC_PATHWAY_FOR_APOPTOSIS,BFR_post_vs_pre,-0.0026759685800253064,-0.6242034880981482,0.5339168169376399,0.7662053022286911
Reactome,REACTOME_ION_CHANNEL_TRANSPORT,Reactome|REACTOME_ION_CHANNEL_TRANSPORT,BFR_post_vs_pre,-0.006382098034021538,-1.7044145093785348,0.09141199154749162,0.37411203948140087
Reactome,REACTOME_ION_TRANSPORT_BY_P_TYPE_ATPASES,Reactome|REACTOME_ION_TRANSPORT_BY_P_TYPE_ATPASES,BFR_post_vs_pre,-0.003415343693148082,-0.6361486455512885,0.5261343165660077,0.7662053022286911
Reactome,REACTOME_IRON_UPTAKE_AND_TRANSPORT,Reactome|REACTOME_IRON_UPTAKE_AND_TRANSPORT,BFR_post_vs_pre,-0.004809596673350222,-0.7515006968031788,0.4541181340860613,0.7325555301680258
Reactome,REACTOME_ISG15_ANTIVIRAL_MECHANISM,Reactome|REACTOME_ISG15_ANTIVIRAL_MECHANISM,BFR_post_vs_pre,-0.006578960059775402,-1.259691231956116,0.2107157348761261,0.5239192717828759
Reactome,REACTOME_L1CAM_INTERACTIONS,Reactome|REACTOME_L1CAM_INTERACTIONS,BFR_post_vs_pre,-0.0013398650954393743,-0.20794718712440968,0.8356935455836458,0.9375039267715011
Reactome,REACTOME_LATE_ENDOSOMAL_MICROAUTOPHAGY,Reactome|REACTOME_LATE_ENDOSOMAL_MICROAUTOPHAGY,BFR_post_vs_pre,-7.969638301655313e-5,-0.01430935410621023,0.9886117149110851,0.9931455015240499
Reactome,REACTOME_LATE_SARS_COV_2_INFECTION_EVENTS,Reactome|REACTOME_LATE_SARS_COV_2_INFECTION_EVENTS,BFR_post_vs_pre,-0.010534547548654405,-1.3110046574558476,0.192861738044486,0.5239192717828759
Reactome,REACTOME_LEISHMANIA_INFECTION,Reactome|REACTOME_LEISHMANIA_INFECTION,BFR_post_vs_pre,0.003899195588323842,0.5593678708653582,0.5771626005715957,0.7972058420395167
Reactome,REACTOME_LYSOSOME_VESICLE_BIOGENESIS,Reactome|REACTOME_LYSOSOME_VESICLE_BIOGENESIS,BFR_post_vs_pre,0.0020739779002912073,0.1910189804797783,0.8488983931536537,0.947507802459381
Reactome,REACTOME_MAPK_FAMILY_SIGNALING_CASCADES,Reactome|REACTOME_MAPK_FAMILY_SIGNALING_CASCADES,BFR_post_vs_pre,-0.004773795928223107,-1.5675618166613141,0.12014559611281726,0.45553746211098495
Reactome,REACTOME_MATERNAL_TO_ZYGOTIC_TRANSITION_MZT,Reactome|REACTOME_MATERNAL_TO_ZYGOTIC_TRANSITION_MZT,BFR_post_vs_pre,-0.006521170446143504,-0.9772092928324935,0.3308260005384773,0.6248935565726794
Reactome,REACTOME_METABOLISM_OF_AMINO_ACIDS_AND_DERIVATIVES,Reactome|REACTOME_METABOLISM_OF_AMINO_ACIDS_AND_DERIVATIVES,BFR_post_vs_pre,-8.065197899388976e-4,-0.14826809520107756,0.8824300541709333,0.9575105089893698
Reactome,REACTOME_METABOLISM_OF_CARBOHYDRATES_AND_CARBOHYDRATE_DERIVATIVES,Reactome|REACTOME_METABOLISM_OF_CARBOHYDRATES_AND_CARBOHYDRATE_DERIVATIVES,BFR_post_vs_pre,-0.0035658821868031487,-0.8373695510076715,0.40438365581559776,0.6927026951536794
Reactome,REACTOME_METABOLISM_OF_NUCLEOTIDES,Reactome|REACTOME_METABOLISM_OF_NUCLEOTIDES,BFR_post_vs_pre,0.0035688488735125673,0.5357462369151236,0.5933247136279166,0.803141605334969
Reactome,REACTOME_METABOLISM_OF_STEROIDS,Reactome|REACTOME_METABOLISM_OF_STEROIDS,BFR_post_vs_pre,-0.0016492169241802829,-0.3556017413588467,0.7228885957548918,0.8682520633795168
Reactome,REACTOME_METABOLISM_OF_VITAMINS_AND_COFACTORS,Reactome|REACTOME_METABOLISM_OF_VITAMINS_AND_COFACTORS,BFR_post_vs_pre,0.003322610641785455,0.7333921951014274,0.46503681018670107,0.7369525151537231
Reactome,REACTOME_MHC_CLASS_II_ANTIGEN_PRESENTATION,Reactome|REACTOME_MHC_CLASS_II_ANTIGEN_PRESENTATION,BFR_post_vs_pre,0.005440965234443082,0.9872095422846374,0.32592491151068537,0.6248935565726794
Reactome,REACTOME_MITF_M_DEPENDENT_GENE_EXPRESSION,Reactome|REACTOME_MITF_M_DEPENDENT_GENE_EXPRESSION,BFR_post_vs_pre,-0.008920942880901818,-1.3688289525473518,0.17412278061328232,0.5239192717828759
Reactome,REACTOME_MITF_M_REGULATED_MELANOCYTE_DEVELOPMENT,Reactome|REACTOME_MITF_M_REGULATED_MELANOCYTE_DEVELOPMENT,BFR_post_vs_pre,0.002328432729666513,0.5318705105640485,0.5959964854069453,0.803141605334969
Reactome,REACTOME_MITOCHONDRIAL_FATTY_ACID_BETA_OXIDATION,Reactome|REACTOME_MITOCHONDRIAL_FATTY_ACID_BETA_OXIDATION,BFR_post_vs_pre,0.01630698372710787,2.880655632780068,0.004856873888854413,0.08256685611052503
Reactome,REACTOME_MITOCHONDRIAL_PROTEIN_DEGRADATION,Reactome|REACTOME_MITOCHONDRIAL_PROTEIN_DEGRADATION,BFR_post_vs_pre,0.024205965594859047,5.194388867977608,1.086862759885469e-6,2.4019666993468865e-4
Reactome,REACTOME_MITOCHONDRIAL_TRANSLATION,Reactome|REACTOME_MITOCHONDRIAL_TRANSLATION,BFR_post_vs_pre,0.03945436412206693,3.8925080461068293,1.7920933366634775e-4,0.009901315685065713
Reactome,REACTOME_MITOCHONDRIAL_TRNA_AMINOACYLATION,Reactome|REACTOME_MITOCHONDRIAL_TRNA_AMINOACYLATION,BFR_post_vs_pre,0.036936860370214465,3.016062336559297,0.0032475907259654057,0.06630868415665837
Reactome,REACTOME_MITOPHAGY,Reactome|REACTOME_MITOPHAGY,BFR_post_vs_pre,-0.0017665298039873933,-0.357088493231303,0.7217787576166106,0.8682520633795168
Reactome,REACTOME_MITOTIC_G2_G2_M_PHASES,Reactome|REACTOME_MITOTIC_G2_G2_M_PHASES,BFR_post_vs_pre,-0.001963739219339844,-0.5390386987174167,0.5910594047440418,0.803141605334969
Reactome,REACTOME_MITOTIC_PROMETAPHASE,Reactome|REACTOME_MITOTIC_PROMETAPHASE,BFR_post_vs_pre,9.754872582756202e-4,0.21614489062474498,0.8293155372262053,0.9372788275615827
Reactome,REACTOME_MITOTIC_PROPHASE,Reactome|REACTOME_MITOTIC_PROPHASE,BFR_post_vs_pre,-0.015436436639392509,-2.7319449224146033,0.007445749115418585,0.09937038793260658
Reactome,REACTOME_MRNA_SPLICING_MINOR_PATHWAY,Reactome|REACTOME_MRNA_SPLICING_MINOR_PATHWAY,BFR_post_vs_pre,-0.007298284114539866,-0.6260402538073522,0.5327162992665821,0.7662053022286911
Reactome,REACTOME_MTOR_SIGNALLING,Reactome|REACTOME_MTOR_SIGNALLING,BFR_post_vs_pre,-0.008359663542049669,-1.848391955473334,0.06750354143667366,0.31602744722842807
Reactome,REACTOME_MUSCLE_CONTRACTION,Reactome|REACTOME_MUSCLE_CONTRACTION,BFR_post_vs_pre,-0.015237243378920684,-1.7051648710508398,0.09127144966570395,0.37411203948140087
Reactome,REACTOME_M_PHASE,Reactome|REACTOME_M_PHASE,BFR_post_vs_pre,-0.004896739334980749,-1.5049274900910397,0.13549790120524077,0.48089756264939104
Reactome,REACTOME_NCAM_SIGNALING_FOR_NEURITE_OUT_GROWTH,Reactome|REACTOME_NCAM_SIGNALING_FOR_NEURITE_OUT_GROWTH,BFR_post_vs_pre,-0.028359381581265754,-1.326415665959389,0.18772637833469707,0.5239192717828759
Reactome,REACTOME_NEDDYLATION,Reactome|REACTOME_NEDDYLATION,BFR_post_vs_pre,-0.006315951453065155,-1.549549109795758,0.12441201183389348,0.45553746211098495
Reactome,REACTOME_NEGATIVE_REGULATION_OF_MAPK_PATHWAY,Reactome|REACTOME_NEGATIVE_REGULATION_OF_MAPK_PATHWAY,BFR_post_vs_pre,-9.675243045549065e-4,-0.12476047662042421,0.9009638803012983,0.9587559010260736
Reactome,REACTOME_NEGATIVE_REGULATION_OF_THE_PI3K_AKT_NETWORK,Reactome|REACTOME_NEGATIVE_REGULATION_OF_THE_PI3K_AKT_NETWORK,BFR_post_vs_pre,0.0011703576056599878,0.17534190787473825,0.8611658859192755,0.9515883039407994
Reactome,REACTOME_NEURONAL_SYSTEM,Reactome|REACTOME_NEURONAL_SYSTEM,BFR_post_vs_pre,4.726611013064763e-4,0.1300246893907714,0.8968083431996395,0.9587559010260736
Reactome,REACTOME_NEUTROPHIL_DEGRANULATION,Reactome|REACTOME_NEUTROPHIL_DEGRANULATION,BFR_post_vs_pre,0.002071644849451243,0.4167428333056292,0.6777606064415327,0.8462434690597668
Reactome,REACTOME_NON_INTEGRIN_MEMBRANE_ECM_INTERACTIONS,Reactome|REACTOME_NON_INTEGRIN_MEMBRANE_ECM_INTERACTIONS,BFR_post_vs_pre,-0.038623040805726955,-1.843845854039402,0.06816955219454356,0.31602744722842807
Reactome,REACTOME_NUCLEAR_ENVELOPE_NE_REASSEMBLY,Reactome|REACTOME_NUCLEAR_ENVELOPE_NE_REASSEMBLY,BFR_post_vs_pre,-0.00533563565466999,-1.2894593400016627,0.200215845035891,0.5239192717828759
Reactome,REACTOME_ONCOGENIC_MAPK_SIGNALING,Reactome|REACTOME_ONCOGENIC_MAPK_SIGNALING,BFR_post_vs_pre,-0.004884341963986211,-1.0599385321084767,0.29172849763597275,0.6025420371733643
Reactome,REACTOME_ORGANELLE_BIOGENESIS_AND_MAINTENANCE,Reactome|REACTOME_ORGANELLE_BIOGENESIS_AND_MAINTENANCE,BFR_post_vs_pre,0.00853810313259884,2.646101134911895,0.009460395197340819,0.11615262992290673
Reactome,REACTOME_PEPTIDE_HORMONE_METABOLISM,Reactome|REACTOME_PEPTIDE_HORMONE_METABOLISM,BFR_post_vs_pre,-0.003817812792465059,-0.4709690173113529,0.6386896444256507,0.811209261023384
Reactome,REACTOME_PEROXISOMAL_PROTEIN_IMPORT,Reactome|REACTOME_PEROXISOMAL_PROTEIN_IMPORT,BFR_post_vs_pre,0.010983298610148629,1.8332712941740534,0.06973997709291735,0.31602744722842807
Reactome,REACTOME_PHASE_I_FUNCTIONALIZATION_OF_COMPOUNDS,Reactome|REACTOME_PHASE_I_FUNCTIONALIZATION_OF_COMPOUNDS,BFR_post_vs_pre,0.00169141865018399,0.2866749917154957,0.7749548908459196,0.9097217549924855
Reactome,REACTOME_PHOSPHOLIPID_METABOLISM,Reactome|REACTOME_PHOSPHOLIPID_METABOLISM,BFR_post_vs_pre,-0.0062386351472674545,-1.258388520327015,0.21118429752085027,0.5239192717828759
Reactome,REACTOME_PKR_MEDIATED_SIGNALING,Reactome|REACTOME_PKR_MEDIATED_SIGNALING,BFR_post_vs_pre,-0.004301664703005442,-1.014040869898987,0.3130129074390972,0.6248935565726794
Reactome,REACTOME_PLASMA_LIPOPROTEIN_ASSEMBLY_REMODELING_AND_CLEARANCE,Reactome|REACTOME_PLASMA_LIPOPROTEIN_ASSEMBLY_REMODELING_AND_CLEARANCE,BFR_post_vs_pre,0.015384586109715909,2.19369502754616,0.0305759760254025,0.20603106731988413
Reactome,REACTOME_PLATELET_ACTIVATION_SIGNALING_AND_AGGREGATION,Reactome|REACTOME_PLATELET_ACTIVATION_SIGNALING_AND_AGGREGATION,BFR_post_vs_pre,-0.0048693195782452126,-0.7304121540399116,0.4668477471562047,0.7369525151537231
Reactome,REACTOME_PLATELET_HOMEOSTASIS,Reactome|REACTOME_PLATELET_HOMEOSTASIS,BFR_post_vs_pre,-0.004678315696636945,-0.781202981785541,0.4365304848728325,0.7199495310216119
Reactome,REACTOME_POTENTIAL_THERAPEUTICS_FOR_SARS,Reactome|REACTOME_POTENTIAL_THERAPEUTICS_FOR_SARS,BFR_post_vs_pre,0.0022151996408786845,0.6295327451971976,0.5304374232519145,0.7662053022286911
Reactome,REACTOME_PROCESSING_OF_CAPPED_INTRON_CONTAINING_PRE_MRNA,Reactome|REACTOME_PROCESSING_OF_CAPPED_INTRON_CONTAINING_PRE_MRNA,BFR_post_vs_pre,-0.011339532217127218,-1.6300738488957387,0.10623497599493521,0.41189350341895936
Reactome,REACTOME_PROGRAMMED_CELL_DEATH,Reactome|REACTOME_PROGRAMMED_CELL_DEATH,BFR_post_vs_pre,-0.008117180722324147,-2.9233556651537325,0.0042838241144843615,0.078893760775087
Reactome,REACTOME_PROTEIN_FOLDING,Reactome|REACTOME_PROTEIN_FOLDING,BFR_post_vs_pre,0.005275544404752863,0.9357035103028832,0.35168224935370485,0.6423287364228824
Reactome,REACTOME_PROTEIN_LOCALIZATION,Reactome|REACTOME_PROTEIN_LOCALIZATION,BFR_post_vs_pre,0.017057702514901546,3.2386011307445552,0.0016311034298436683,0.045059232249431334
Reactome,REACTOME_PROTEIN_UBIQUITINATION,Reactome|REACTOME_PROTEIN_UBIQUITINATION,BFR_post_vs_pre,-0.011053033597958978,-2.2591446933399775,0.02604701352368533,0.1856899996365954
Reactome,REACTOME_PYRUVATE_METABOLISM,Reactome|REACTOME_PYRUVATE_METABOLISM,BFR_post_vs_pre,0.013652172245631589,3.01071314592895,0.003300432243091593,0.06630868415665837
Reactome,REACTOME_RAB_GERANYLGERANYLATION,Reactome|REACTOME_RAB_GERANYLGERANYLATION,BFR_post_vs_pre,-0.004002275385345491,-0.646432880774741,0.519481389643787,0.7662053022286911
Reactome,REACTOME_RAB_REGULATION_OF_TRAFFICKING,Reactome|REACTOME_RAB_REGULATION_OF_TRAFFICKING,BFR_post_vs_pre,-0.005326239074761766,-0.9887375165742127,0.325180297662807,0.6248935565726794
Reactome,REACTOME_RAC1_GTPASE_CYCLE,Reactome|REACTOME_RAC1_GTPASE_CYCLE,BFR_post_vs_pre,-2.7738091876769455e-4,-0.037508068465625585,0.9701547564132538,0.9931455015240499
Reactome,REACTOME_RECYCLING_PATHWAY_OF_L1,Reactome|REACTOME_RECYCLING_PATHWAY_OF_L1,BFR_post_vs_pre,0.014269626418167786,2.0021680340832724,0.04797728489153016,0.27187128105200425
Reactome,REACTOME_REGULATED_NECROSIS,Reactome|REACTOME_REGULATED_NECROSIS,BFR_post_vs_pre,-0.01522650736572026,-2.2596331647046695,0.026015553330797928,0.1856899996365954
Reactome,REACTOME_REGULATION_OF_CDH1_POSTTRANSLATIONAL_PROCESSING_AND_TRAFFICKING_TO_PLASMA_MEMBRANE,Reactome|REACTOME_REGULATION_OF_CDH1_POSTTRANSLATIONAL_PROCESSING_AND_TRAFFICKING_TO_PLASMA_MEMBRANE,BFR_post_vs_pre,-0.013714106349706483,-1.7648963090255467,0.08063719726355793,0.3480999283582176
Reactome,REACTOME_REGULATION_OF_CHOLESTEROL_BIOSYNTHESIS_BY_SREBP_SREBF,Reactome|REACTOME_REGULATION_OF_CHOLESTEROL_BIOSYNTHESIS_BY_SREBP_SREBF,BFR_post_vs_pre,-0.012893022916485995,-2.17880951535192,0.031697087279982175,0.20603106731988413
Reactome,REACTOME_REGULATION_OF_INSULIN_LIKE_GROWTH_FACTOR_IGF_TRANSPORT_AND_UPTAKE_BY_INSULIN_LIKE_GROWTH_FACTOR_BINDING_PROTEINS_IGFBPS,Reactome|REACTOME_REGULATION_OF_INSULIN_LIKE_GROWTH_FACTOR_IGF_TRANSPORT_AND_UPTAKE_BY_INSULIN_LIKE_GROWTH_FACTOR_BINDING_PROTEINS_IGFBPS,BFR_post_vs_pre,-0.006406327981751208,-0.47110287474538237,0.6385943893919316,0.811209261023384
Reactome,REACTOME_REGULATION_OF_PLK1_ACTIVITY_AT_G2_M_TRANSITION,Reactome|REACTOME_REGULATION_OF_PLK1_ACTIVITY_AT_G2_M_TRANSITION,BFR_post_vs_pre,0.0013061236009719313,0.32664520587061385,0.7446196063904363,0.8800049893705157
Reactome,REACTOME_REGULATION_OF_TP53_ACTIVITY,Reactome|REACTOME_REGULATION_OF_TP53_ACTIVITY,BFR_post_vs_pre,1.6222592118309096e-4,0.02273297001300749,0.9819086211565844,0.9931455015240499
Reactome,REACTOME_REGULATION_OF_T_CELL_ACTIVATION_BY_CD28_FAMILY,Reactome|REACTOME_REGULATION_OF_T_CELL_ACTIVATION_BY_CD28_FAMILY,BFR_post_vs_pre,-0.006844826113209912,-2.0634531409994286,0.04166261322855591,0.24230098746081202
Reactome,REACTOME_RESPIRATORY_SYNCYTIAL_VIRUS_INFECTION_PATHWAY,Reactome|REACTOME_RESPIRATORY_SYNCYTIAL_VIRUS_INFECTION_PATHWAY,BFR_post_vs_pre,-0.01172336680756092,-2.5663393199322395,0.011761836195392318,0.12996828995908513
Reactome,REACTOME_RHOA_GTPASE_CYCLE,Reactome|REACTOME_RHOA_GTPASE_CYCLE,BFR_post_vs_pre,-0.005181066423921562,-0.8809610227420548,0.3804534436411715,0.6726416883575912
Reactome,REACTOME_RHOBTB_GTPASE_CYCLE,Reactome|REACTOME_RHOBTB_GTPASE_CYCLE,BFR_post_vs_pre,-0.007947556713214843,-1.421381497397285,0.15832007039408255,0.5239192717828759
Reactome,REACTOME_RHOB_GTPASE_CYCLE,Reactome|REACTOME_RHOB_GTPASE_CYCLE,BFR_post_vs_pre,-0.007922306213819244,-0.7054135234271841,0.48219451747996656,0.737840590699907
Reactome,REACTOME_RHOD_GTPASE_CYCLE,Reactome|REACTOME_RHOD_GTPASE_CYCLE,BFR_post_vs_pre,0.004053808045056359,0.4721302911816484,0.6378634655007609,0.811209261023384
Reactome,REACTOME_RHOG_GTPASE_CYCLE,Reactome|REACTOME_RHOG_GTPASE_CYCLE,BFR_post_vs_pre,0.004813984762358503,0.9252772372918084,0.3570514491231017,0.6467899201328318
Reactome,REACTOME_RHOH_GTPASE_CYCLE,Reactome|REACTOME_RHOH_GTPASE_CYCLE,BFR_post_vs_pre,-0.007470498079000215,-1.5511569213675969,0.1240263809579789,0.45553746211098495
Reactome,REACTOME_RHOQ_GTPASE_CYCLE,Reactome|REACTOME_RHOQ_GTPASE_CYCLE,BFR_post_vs_pre,-6.84422505369698e-4,-0.11750379375276573,0.9066967570789564,0.9587559010260736
Reactome,REACTOME_RHOU_GTPASE_CYCLE,Reactome|REACTOME_RHOU_GTPASE_CYCLE,BFR_post_vs_pre,-0.005943669454954316,-0.7128407146580841,0.47760606683579276,0.737840590699907
Reactome,REACTOME_RHO_GTPASES_ACTIVATE_PAKS,Reactome|REACTOME_RHO_GTPASES_ACTIVATE_PAKS,BFR_post_vs_pre,1.596667866545498e-4,0.014259196850491701,0.9886516304764297,0.9931455015240499
Reactome,REACTOME_RHO_GTPASES_ACTIVATE_PKNS,Reactome|REACTOME_RHO_GTPASES_ACTIVATE_PKNS,BFR_post_vs_pre,-0.004812564520703944,-0.760975668103685,0.44846408750787137,0.728754142200291
Reactome,REACTOME_RHO_GTPASE_CYCLE,Reactome|REACTOME_RHO_GTPASE_CYCLE,BFR_post_vs_pre,-0.0017829046145309904,-0.40123341160153453,0.6891052233613574,0.8480329561693646
Reactome,REACTOME_RHO_GTPASE_EFFECTORS,Reactome|REACTOME_RHO_GTPASE_EFFECTORS,BFR_post_vs_pre,0.0021574876703645135,0.3990534408687964,0.6907055751605684,0.8480329561693646
Reactome,REACTOME_SARS_COV_1_INFECTION,Reactome|REACTOME_SARS_COV_1_INFECTION,BFR_post_vs_pre,-0.00949238953993281,-1.2992203169150782,0.19685875539955758,0.5239192717828759
Reactome,REACTOME_SARS_COV_2_ACTIVATES_MODULATES_INNATE_AND_ADAPTIVE_IMMUNE_RESPONSES,Reactome|REACTOME_SARS_COV_2_ACTIVATES_MODULATES_INNATE_AND_ADAPTIVE_IMMUNE_RESPONSES,BFR_post_vs_pre,-0.0054616264665456465,-1.2095615418902734,0.22930176059733262,0.5391030754469203
Reactome,REACTOME_SARS_COV_2_MODULATES_HOST_TRANSLATION_MACHINERY,Reactome|REACTOME_SARS_COV_2_MODULATES_HOST_TRANSLATION_MACHINERY,BFR_post_vs_pre,-0.009673674522902409,-0.6455593330274042,0.520044774977046,0.7662053022286911
Reactome,REACTOME_SARS_COV_INFECTIONS,Reactome|REACTOME_SARS_COV_INFECTIONS,BFR_post_vs_pre,-0.005926285746113424,-1.3963403672154346,0.16570691743997595,0.5239192717828759
Reactome,REACTOME_SEALING_OF_THE_NUCLEAR_ENVELOPE_NE_BY_ESCRT_III,Reactome|REACTOME_SEALING_OF_THE_NUCLEAR_ENVELOPE_NE_BY_ESCRT_III,BFR_post_vs_pre,1.4665941487626566e-4,0.02200718363001562,0.9824861216003757,0.9931455015240499
Reactome,REACTOME_SEMAPHORIN_INTERACTIONS,Reactome|REACTOME_SEMAPHORIN_INTERACTIONS,BFR_post_vs_pre,8.298627518880108e-4,0.10990837634534598,0.9127025235587575,0.9601693696639761
Reactome,REACTOME_SENSORY_PROCESSING_OF_SOUND,Reactome|REACTOME_SENSORY_PROCESSING_OF_SOUND,BFR_post_vs_pre,-0.0036678635986698016,-0.49686205034842623,0.620377984499483,0.811209261023384
Reactome,REACTOME_SIGNALING_BY_ALK_IN_CANCER,Reactome|REACTOME_SIGNALING_BY_ALK_IN_CANCER,BFR_post_vs_pre,-9.984910144110598e-4,-0.1824002168975739,0.8556382804172503,0.9502314571467956
Reactome,REACTOME_SIGNALING_BY_FGFR,Reactome|REACTOME_SIGNALING_BY_FGFR,BFR_post_vs_pre,-0.007494648956595129,-1.1803234639945022,0.24067437779769543,0.5440272312746871
Reactome,REACTOME_SIGNALING_BY_INSULIN_RECEPTOR,Reactome|REACTOME_SIGNALING_BY_INSULIN_RECEPTOR,BFR_post_vs_pre,9.5435647117742e-4,0.11991600535805434,0.9047905147644071,0.9587559010260736
Reactome,REACTOME_SIGNALING_BY_INTERLEUKINS,Reactome|REACTOME_SIGNALING_BY_INTERLEUKINS,BFR_post_vs_pre,-0.005189304155136826,-1.8867690065507747,0.06209500159634229,0.31602744722842807
Reactome,REACTOME_SIGNALING_BY_MET,Reactome|REACTOME_SIGNALING_BY_MET,BFR_post_vs_pre,-0.014498417911853502,-1.0705627623998635,0.2869457484195251,0.5994645802595684
Reactome,REACTOME_SIGNALING_BY_NOTCH,Reactome|REACTOME_SIGNALING_BY_NOTCH,BFR_post_vs_pre,-0.006462064477326335,-1.7574418350330445,0.08190586549605121,0.3480999283582176
Reactome,REACTOME_SIGNALING_BY_NTRKS,Reactome|REACTOME_SIGNALING_BY_NTRKS,BFR_post_vs_pre,0.0014739145148548183,0.2826926578714874,0.7779973379799989,0.9097217549924855
Reactome,REACTOME_SIGNALING_BY_NUCLEAR_RECEPTORS,Reactome|REACTOME_SIGNALING_BY_NUCLEAR_RECEPTORS,BFR_post_vs_pre,-0.0024660371902737732,-0.5480155828087988,0.5849036498268966,0.8028801652903363
Reactome,REACTOME_SIGNALING_BY_PDGF,Reactome|REACTOME_SIGNALING_BY_PDGF,BFR_post_vs_pre,-0.02378356262663446,-1.133688129166322,0.25963862441740054,0.5625503529043678
Reactome,REACTOME_SIGNALING_BY_RETINOIC_ACID,Reactome|REACTOME_SIGNALING_BY_RETINOIC_ACID,BFR_post_vs_pre,0.013309491833979281,2.4134998453808025,0.01762185867059897,0.1557772306480949
Reactome,REACTOME_SIGNALING_BY_ROBO_RECEPTORS,Reactome|REACTOME_SIGNALING_BY_ROBO_RECEPTORS,BFR_post_vs_pre,-0.009638740055153028,-1.124675456076512,0.26342158187780357,0.5652055300484912
Reactome,REACTOME_SIGNALING_BY_TGFB_FAMILY_MEMBERS,Reactome|REACTOME_SIGNALING_BY_TGFB_FAMILY_MEMBERS,BFR_post_vs_pre,-0.008704368902962736,-1.7941820785727292,0.07580897701329674,0.33507567839877156
Reactome,REACTOME_SIGNALING_BY_VEGF,Reactome|REACTOME_SIGNALING_BY_VEGF,BFR_post_vs_pre,-0.006120284708334478,-1.362294885417753,0.17616841064542124,0.5239192717828759
Reactome,REACTOME_SIGNALING_BY_WNT,Reactome|REACTOME_SIGNALING_BY_WNT,BFR_post_vs_pre,-0.004337413352826169,-1.1788882242942167,0.24124284463764403,0.5440272312746871
Reactome,REACTOME_SIGNALLING_TO_ERKS,Reactome|REACTOME_SIGNALLING_TO_ERKS,BFR_post_vs_pre,-0.011823834618345797,-1.8543313012200846,0.06664161441547974,0.31602744722842807
Reactome,REACTOME_SLC_MEDIATED_TRANSMEMBRANE_TRANSPORT,Reactome|REACTOME_SLC_MEDIATED_TRANSMEMBRANE_TRANSPORT,BFR_post_vs_pre,0.020026441101847883,2.4665258049557655,0.015345501294866786,0.14603413354058695
Reactome,REACTOME_SMOOTH_MUSCLE_CONTRACTION,Reactome|REACTOME_SMOOTH_MUSCLE_CONTRACTION,BFR_post_vs_pre,-0.005877269630314097,-0.7368534035744272,0.4629384591779727,0.7369525151537231
Reactome,REACTOME_STRIATED_MUSCLE_CONTRACTION,Reactome|REACTOME_STRIATED_MUSCLE_CONTRACTION,BFR_post_vs_pre,-0.024435286305493853,-1.252365023277662,0.21336078941384085,0.5239192717828759
Reactome,REACTOME_SULFUR_AMINO_ACID_METABOLISM,Reactome|REACTOME_SULFUR_AMINO_ACID_METABOLISM,BFR_post_vs_pre,0.003840521230683902,0.484925790582244,0.6287906179625335,0.811209261023384
Reactome,REACTOME_SUMOYLATION,Reactome|REACTOME_SUMOYLATION,BFR_post_vs_pre,-0.005793809078606084,-0.9878120809216255,0.32563114755784783,0.6248935565726794
Reactome,REACTOME_TBC_RABGAPS,Reactome|REACTOME_TBC_RABGAPS,BFR_post_vs_pre,-0.010910753483417177,-1.3419869821584816,0.18264234931186424,0.5239192717828759
Reactome,REACTOME_TOLL_LIKE_RECEPTOR_CASCADES,Reactome|REACTOME_TOLL_LIKE_RECEPTOR_CASCADES,BFR_post_vs_pre,-0.00262078228199239,-0.4802011308511044,0.6321341864825933,0.811209261023384
Reactome,REACTOME_TRANSCRIPTIONAL_ACTIVITY_OF_SMAD2_SMAD3_SMAD4_HETEROTRIMER,Reactome|REACTOME_TRANSCRIPTIONAL_ACTIVITY_OF_SMAD2_SMAD3_SMAD4_HETEROTRIMER,BFR_post_vs_pre,-0.0032604708198929466,-0.4749786778479621,0.6358389380448293,0.811209261023384
Reactome,REACTOME_TRANSCRIPTIONAL_REGULATION_BY_TP53,Reactome|REACTOME_TRANSCRIPTIONAL_REGULATION_BY_TP53,BFR_post_vs_pre,6.36539580674278e-4,0.22098548366476187,0.8255547668477353,0.9372788275615827
Reactome,REACTOME_TRANSCRIPTION_COUPLED_NUCLEOTIDE_EXCISION_REPAIR_TC_NER,Reactome|REACTOME_TRANSCRIPTION_COUPLED_NUCLEOTIDE_EXCISION_REPAIR_TC_NER,BFR_post_vs_pre,-0.005618855817401985,-0.8318596765660887,0.4074721736198115,0.6927026951536794
Reactome,REACTOME_TRANSLATION,Reactome|REACTOME_TRANSLATION,BFR_post_vs_pre,0.006468768362128924,0.9194540040882783,0.3600729194405923,0.6469602861493569
Reactome,REACTOME_TRANSLOCATION_OF_SLC2A4_GLUT4_TO_THE_PLASMA_MEMBRANE,Reactome|REACTOME_TRANSLOCATION_OF_SLC2A4_GLUT4_TO_THE_PLASMA_MEMBRANE,BFR_post_vs_pre,0.005184831458935418,1.0692673904356171,0.2875259977715577,0.5994645802595684
Reactome,REACTOME_TRANSPORT_OF_MATURE_TRANSCRIPT_TO_CYTOPLASM,Reactome|REACTOME_TRANSPORT_OF_MATURE_TRANSCRIPT_TO_CYTOPLASM,BFR_post_vs_pre,-0.01224923665926328,-1.1637935013306122,0.24727970083129674,0.5464881388371658
Reactome,REACTOME_TRANS_GOLGI_NETWORK_VESICLE_BUDDING,Reactome|REACTOME_TRANS_GOLGI_NETWORK_VESICLE_BUDDING,BFR_post_vs_pre,-9.251847664914631e-4,-0.10482759629967145,0.9167227918511265,0.9601693696639761
Reactome,REACTOME_TRIGLYCERIDE_METABOLISM,Reactome|REACTOME_TRIGLYCERIDE_METABOLISM,BFR_post_vs_pre,-0.0026888489537683635,-0.45041321785376004,0.6533884870549691,0.8251363179379896
Reactome,REACTOME_TRNA_AMINOACYLATION,Reactome|REACTOME_TRNA_AMINOACYLATION,BFR_post_vs_pre,0.023932005767424193,3.6032876346397935,4.918548080060449e-4,0.018116652094889323
Reactome,REACTOME_TRNA_PROCESSING,Reactome|REACTOME_TRNA_PROCESSING,BFR_post_vs_pre,0.008122768805096992,1.3655856532569648,0.17513590306839305,0.5239192717828759
Reactome,REACTOME_UNFOLDED_PROTEIN_RESPONSE_UPR,Reactome|REACTOME_UNFOLDED_PROTEIN_RESPONSE_UPR,BFR_post_vs_pre,-8.663154286650265e-4,-0.15498494032967294,0.877145892943773,0.9575105089893698
Reactome,REACTOME_VISUAL_PHOTOTRANSDUCTION,Reactome|REACTOME_VISUAL_PHOTOTRANSDUCTION,BFR_post_vs_pre,0.003066315235277353,0.3499437685546788,0.7271175834627976,0.868610734839342
GOBP,GOBP_ACETYL_COA_METABOLIC_PROCESS,GOBP|GOBP_ACETYL_COA_METABOLIC_PROCESS,BFR_post_vs_pre,0.013074025763766817,2.6026473470839124,0.010658015122602681,0.08209837391470184
GOBP,GOBP_ACTIN_FILAMENT_BASED_MOVEMENT,GOBP|GOBP_ACTIN_FILAMENT_BASED_MOVEMENT,BFR_post_vs_pre,-0.014600759692294435,-2.229960964626143,0.027988206096904406,0.1505938303582036
GOBP,GOBP_ACTIN_FILAMENT_BUNDLE_ORGANIZATION,GOBP|GOBP_ACTIN_FILAMENT_BUNDLE_ORGANIZATION,BFR_post_vs_pre,-0.009625676345825646,-1.4306539226260782,0.15564994308717067,0.3918953259605786
GOBP,GOBP_ACTIN_FILAMENT_ORGANIZATION,GOBP|GOBP_ACTIN_FILAMENT_ORGANIZATION,BFR_post_vs_pre,-0.0056399699509235915,-0.7944933377523958,0.4287916356671402,0.679668965311137
GOBP,GOBP_ACTIN_FILAMENT_POLYMERIZATION,GOBP|GOBP_ACTIN_FILAMENT_POLYMERIZATION,BFR_post_vs_pre,-0.002163765345316703,-0.2640236800244061,0.7923055503042716,0.8987855063293554
GOBP,GOBP_ACTIN_NUCLEATION,GOBP|GOBP_ACTIN_NUCLEATION,BFR_post_vs_pre,0.014150182783355253,1.4866977924351192,0.14024397065568556,0.37095527031896447
GOBP,GOBP_ACTION_POTENTIAL,GOBP|GOBP_ACTION_POTENTIAL,BFR_post_vs_pre,-0.010697206853622743,-2.455101824134897,0.015812437822963002,0.10975734441633198
GOBP,GOBP_ACTOMYOSIN_STRUCTURE_ORGANIZATION,GOBP|GOBP_ACTOMYOSIN_STRUCTURE_ORGANIZATION,BFR_post_vs_pre,-0.016897285437418835,-1.693145870177045,0.0935439090319861,0.3070766296493046
GOBP,GOBP_ACYL_COA_METABOLIC_PROCESS,GOBP|GOBP_ACYL_COA_METABOLIC_PROCESS,BFR_post_vs_pre,0.015920978089159404,3.04654175898345,0.0029611401554871008,0.04473378117335871
GOBP,GOBP_ADAPTIVE_IMMUNE_RESPONSE_BASED_ON_SOMATIC_RECOMBINATION_OF_IMMUNE_RECEPTORS_BUILT_FROM_IMMUNOGLOBULIN_SUPERFAMILY_DOMAINS,GOBP|GOBP_ADAPTIVE_IMMUNE_RESPONSE_BASED_ON_SOMATIC_RECOMBINATION_OF_IMMUNE_RECEPTORS_BUILT_FROM_IMMUNOGLOBULIN_SUPERFAMILY_DOMAINS,BFR_post_vs_pre,-0.0011379292011250985,-0.23331486664660617,0.81599431187107,0.9069193923367035
GOBP,GOBP_ADENYLATE_CYCLASE_MODULATING_G_PROTEIN_COUPLED_RECEPTOR_SIGNALING_PATHWAY,GOBP|GOBP_ADENYLATE_CYCLASE_MODULATING_G_PROTEIN_COUPLED_RECEPTOR_SIGNALING_PATHWAY,BFR_post_vs_pre,-0.0037477717062665977,-0.4459970254820579,0.6565645296323936,0.8527666177863142
GOBP,GOBP_ALCOHOL_BIOSYNTHETIC_PROCESS,GOBP|GOBP_ALCOHOL_BIOSYNTHETIC_PROCESS,BFR_post_vs_pre,0.0015449441531417696,0.3668826806158577,0.7144824926304283,0.8631481044510454
GOBP,GOBP_ALCOHOL_METABOLIC_PROCESS,GOBP|GOBP_ALCOHOL_METABOLIC_PROCESS,BFR_post_vs_pre,0.004407320060525688,1.2365533004531915,0.2191521860657525,0.476414582002003
GOBP,GOBP_ALDEHYDE_METABOLIC_PROCESS,GOBP|GOBP_ALDEHYDE_METABOLIC_PROCESS,BFR_post_vs_pre,0.0011176898223749787,0.22349247143730488,0.8236086193202526,0.9127742248307074
GOBP,GOBP_ALTERNATIVE_MRNA_SPLICING_VIA_SPLICEOSOME,GOBP|GOBP_ALTERNATIVE_MRNA_SPLICING_VIA_SPLICEOSOME,BFR_post_vs_pre,-0.006314297851398254,-0.5155404906932913,0.6073143980260045,0.8124432528700831
GOBP,GOBP_AMEBOIDAL_TYPE_CELL_MIGRATION,GOBP|GOBP_AMEBOIDAL_TYPE_CELL_MIGRATION,BFR_post_vs_pre,-0.007287820231462017,-1.4474686133007453,0.1508965887964043,0.3874506471406025
GOBP,GOBP_AMIDE_BIOSYNTHETIC_PROCESS,GOBP|GOBP_AMIDE_BIOSYNTHETIC_PROCESS,BFR_post_vs_pre,0.019107537060725155,3.8340885916457395,2.206384656277187e-4,0.012582668535349128
GOBP,GOBP_AMINE_METABOLIC_PROCESS,GOBP|GOBP_AMINE_METABOLIC_PROCESS,BFR_post_vs_pre,-5.176190717779278e-4,-0.07351615233086374,0.9415423877918208,0.9739119143410728
GOBP,GOBP_AMINO_ACID_BIOSYNTHETIC_PROCESS,GOBP|GOBP_AMINO_ACID_BIOSYNTHETIC_PROCESS,BFR_post_vs_pre,0.0022795075889387173,0.3769434419208914,0.7070151307692337,0.8608102844107416
GOBP,GOBP_AMINO_ACID_METABOLIC_PROCESS,GOBP|GOBP_AMINO_ACID_METABOLIC_PROCESS,BFR_post_vs_pre,0.01303524592209905,2.967638617717832,0.0037558124583815496,0.04952579818001433
GOBP,GOBP_AMYLOID_BETA_METABOLIC_PROCESS,GOBP|GOBP_AMYLOID_BETA_METABOLIC_PROCESS,BFR_post_vs_pre,-0.006870676258377478,-1.2314235142186771,0.2210554830085928,0.476414582002003
GOBP,GOBP_AMYLOID_FIBRIL_FORMATION,GOBP|GOBP_AMYLOID_FIBRIL_FORMATION,BFR_post_vs_pre,-0.013907923035966191,-2.9725517311182355,0.0037010876129672985,0.04952579818001433
GOBP,GOBP_ANTIGEN_PROCESSING_AND_PRESENTATION,GOBP|GOBP_ANTIGEN_PROCESSING_AND_PRESENTATION,BFR_post_vs_pre,-9.059725349183367e-4,-0.13634394700912408,0.8918237625077396,0.9494288662964459
GOBP,GOBP_ANTIVIRAL_INNATE_IMMUNE_RESPONSE,GOBP|GOBP_ANTIVIRAL_INNATE_IMMUNE_RESPONSE,BFR_post_vs_pre,0.0010147270032649855,0.13096075118655887,0.8960697191929415,0.9494288662964459
GOBP,GOBP_APICAL_JUNCTION_ASSEMBLY,GOBP|GOBP_APICAL_JUNCTION_ASSEMBLY,BFR_post_vs_pre,-3.451191780157459e-4,-0.060257715881542676,0.9520707590909976,0.978882673942251
GOBP,GOBP_APOPTOTIC_MITOCHONDRIAL_CHANGES,GOBP|GOBP_APOPTOTIC_MITOCHONDRIAL_CHANGES,BFR_post_vs_pre,0.004787997091652757,1.1752367423536625,0.24269344070240403,0.5008368617147754
GOBP,GOBP_APPENDAGE_DEVELOPMENT,GOBP|GOBP_APPENDAGE_DEVELOPMENT,BFR_post_vs_pre,-0.020189376368871664,-2.1371398056369695,0.03502772187893188,0.17139350705540254
GOBP,GOBP_ARTERY_DEVELOPMENT,GOBP|GOBP_ARTERY_DEVELOPMENT,BFR_post_vs_pre,0.003701565110348054,0.38162515429087673,0.7035499204293646,0.8608102844107416
GOBP,GOBP_AUTOPHAGOSOME_MATURATION,GOBP|GOBP_AUTOPHAGOSOME_MATURATION,BFR_post_vs_pre,-0.018653187552254667,-2.8613468461553104,0.005138440407054838,0.05966726323415916
GOBP,GOBP_AUTOPHAGY_OF_MITOCHONDRION,GOBP|GOBP_AUTOPHAGY_OF_MITOCHONDRION,BFR_post_vs_pre,0.00918330246473828,2.1220261861927976,0.03630858909818963,0.17330111851773947
GOBP,GOBP_AXO_DENDRITIC_TRANSPORT,GOBP|GOBP_AXO_DENDRITIC_TRANSPORT,BFR_post_vs_pre,-0.003461571022915555,-0.7173744343208647,0.47481713575031104,0.715906456615779
GOBP,GOBP_BASEMENT_MEMBRANE_ORGANIZATION,GOBP|GOBP_BASEMENT_MEMBRANE_ORGANIZATION,BFR_post_vs_pre,-0.04245450023937035,-1.539710367242919,0.12679253592765996,0.3558974383785917
GOBP,GOBP_BIOLOGICAL_PROCESS_INVOLVED_IN_SYMBIOTIC_INTERACTION,GOBP|GOBP_BIOLOGICAL_PROCESS_INVOLVED_IN_SYMBIOTIC_INTERACTION,BFR_post_vs_pre,-0.007279747081847032,-1.8021725306252614,0.07453400497699289,0.26970909707953705
GOBP,GOBP_BIOMINERAL_TISSUE_DEVELOPMENT,GOBP|GOBP_BIOMINERAL_TISSUE_DEVELOPMENT,BFR_post_vs_pre,-0.029639521030811578,-1.7624180447049276,0.08105716059743497,0.28027764864357513
GOBP,GOBP_BLASTOCYST_DEVELOPMENT,GOBP|GOBP_BLASTOCYST_DEVELOPMENT,BFR_post_vs_pre,0.003018096928132069,0.6276891077666521,0.5316397837099996,0.7602394354197255
GOBP,GOBP_BLOOD_VESSEL_ENDOTHELIAL_CELL_MIGRATION,GOBP|GOBP_BLOOD_VESSEL_ENDOTHELIAL_CELL_MIGRATION,BFR_post_vs_pre,8.053392836670642e-4,0.12928713667285555,0.8973903924162624,0.9494288662964459
GOBP,GOBP_BONE_DEVELOPMENT,GOBP|GOBP_BONE_DEVELOPMENT,BFR_post_vs_pre,-0.013276855815083137,-1.31851397643881,0.19034648977695737,0.44205841506409804
GOBP,GOBP_BRANCHED_CHAIN_AMINO_ACID_METABOLIC_PROCESS,GOBP|GOBP_BRANCHED_CHAIN_AMINO_ACID_METABOLIC_PROCESS,BFR_post_vs_pre,0.022568830046653887,3.061731763138007,0.00282728969604121,0.04473378117335871
GOBP,GOBP_B_CELL_ACTIVATION,GOBP|GOBP_B_CELL_ACTIVATION,BFR_post_vs_pre,-0.0039227418911334105,-0.869807016916733,0.3864909831485993,0.6397659252970431
GOBP,GOBP_CALCIUM_ION_IMPORT,GOBP|GOBP_CALCIUM_ION_IMPORT,BFR_post_vs_pre,-0.00998920503831574,-1.4243483143103088,0.15746192942362544,0.39517864868251806
GOBP,GOBP_CALCIUM_ION_TRANSPORT,GOBP|GOBP_CALCIUM_ION_TRANSPORT,BFR_post_vs_pre,-0.0038451250136636306,-1.4375597114598453,0.1536839642651935,0.38841570482871707
GOBP,GOBP_CALCIUM_MEDIATED_SIGNALING,GOBP|GOBP_CALCIUM_MEDIATED_SIGNALING,BFR_post_vs_pre,-0.01018007984727251,-1.752124405903161,0.0828208385946916,0.28510890454278787
GOBP,GOBP_CANONICAL_NF_KAPPAB_SIGNAL_TRANSDUCTION,GOBP|GOBP_CANONICAL_NF_KAPPAB_SIGNAL_TRANSDUCTION,BFR_post_vs_pre,-0.01040825147879866,-3.194798190189166,0.0018728021552105237,0.03937946153388615
GOBP,GOBP_CARBOHYDRATE_BIOSYNTHETIC_PROCESS,GOBP|GOBP_CARBOHYDRATE_BIOSYNTHETIC_PROCESS,BFR_post_vs_pre,0.005904650149346435,1.642082004292553,0.10371733514486134,0.3227683469708085
GOBP,GOBP_CARBOHYDRATE_CATABOLIC_PROCESS,GOBP|GOBP_CARBOHYDRATE_CATABOLIC_PROCESS,BFR_post_vs_pre,0.0014083834780131421,0.42489663597789734,0.6718257872833787,0.8530297404273766
GOBP,GOBP_CARBOHYDRATE_HOMEOSTASIS,GOBP|GOBP_CARBOHYDRATE_HOMEOSTASIS,BFR_post_vs_pre,-0.0020661748121273,-0.7063304592309653,0.4816267297221096,0.7192523811651814
GOBP,GOBP_CARBOHYDRATE_TRANSPORT,GOBP|GOBP_CARBOHYDRATE_TRANSPORT,BFR_post_vs_pre,-0.0019521132894929037,-0.35030507163612834,0.726847277576373,0.8659834333145761
GOBP,GOBP_CARBOXYLIC_ACID_TRANSMEMBRANE_TRANSPORT,GOBP|GOBP_CARBOXYLIC_ACID_TRANSMEMBRANE_TRANSPORT,BFR_post_vs_pre,0.019854890891920107,3.073808970562818,0.0027248939558918287,0.04473378117335871
GOBP,GOBP_CARDIAC_CHAMBER_DEVELOPMENT,GOBP|GOBP_CARDIAC_CHAMBER_DEVELOPMENT,BFR_post_vs_pre,-0.00905105735123709,-1.5573711758879094,0.12254479697013446,0.349230227262874
GOBP,GOBP_CARDIAC_CONDUCTION,GOBP|GOBP_CARDIAC_CONDUCTION,BFR_post_vs_pre,-0.005107923298634631,-1.2334471970956786,0.22030320731698985,0.476414582002003
GOBP,GOBP_CARDIAC_MUSCLE_CELL_ACTION_POTENTIAL_INVOLVED_IN_CONTRACTION,GOBP|GOBP_CARDIAC_MUSCLE_CELL_ACTION_POTENTIAL_INVOLVED_IN_CONTRACTION,BFR_post_vs_pre,-0.013891382467381808,-2.477849059918458,0.014894878985127211,0.10729829491137935
GOBP,GOBP_CARDIAC_MUSCLE_TISSUE_DEVELOPMENT,GOBP|GOBP_CARDIAC_MUSCLE_TISSUE_DEVELOPMENT,BFR_post_vs_pre,-0.019299858852978052,-2.833498924304442,0.005570952537166715,0.05983328581126325
GOBP,GOBP_CARDIAC_SEPTUM_DEVELOPMENT,GOBP|GOBP_CARDIAC_SEPTUM_DEVELOPMENT,BFR_post_vs_pre,-0.0019625422072596654,-0.1791771974840988,0.8581614635553019,0.9337756904140208
GOBP,GOBP_CELLULAR_COMPONENT_ASSEMBLY_INVOLVED_IN_MORPHOGENESIS,GOBP|GOBP_CELLULAR_COMPONENT_ASSEMBLY_INVOLVED_IN_MORPHOGENESIS,BFR_post_vs_pre,-0.022678646699511223,-1.6648463474572712,0.09907676353945959,0.314619273606937
GOBP,GOBP_CELLULAR_COMPONENT_DISASSEMBLY,GOBP|GOBP_CELLULAR_COMPONENT_DISASSEMBLY,BFR_post_vs_pre,-0.004474003205938021,-1.2908814240279498,0.19972412457398436,0.45434318397239715
GOBP,GOBP_CELLULAR_OXIDANT_DETOXIFICATION,GOBP|GOBP_CELLULAR_OXIDANT_DETOXIFICATION,BFR_post_vs_pre,-8.289379055873014e-4,-0.19800484960366643,0.8434436230952618,0.9246535578211703
GOBP,GOBP_CELLULAR_PROCESS_INVOLVED_IN_REPRODUCTION_IN_MULTICELLULAR_ORGANISM,GOBP|GOBP_CELLULAR_PROCESS_INVOLVED_IN_REPRODUCTION_IN_MULTICELLULAR_ORGANISM,BFR_post_vs_pre,-0.002908985659114724,-0.9073457461636227,0.3664074599125635,0.6197086019866572
GOBP,GOBP_CELLULAR_RESPONSE_TO_ABIOTIC_STIMULUS,GOBP|GOBP_CELLULAR_RESPONSE_TO_ABIOTIC_STIMULUS,BFR_post_vs_pre,-4.172118158817864e-4,-0.11730022571479749,0.9068576511782017,0.9521393422626733
GOBP,GOBP_CELLULAR_RESPONSE_TO_ALCOHOL,GOBP|GOBP_CELLULAR_RESPONSE_TO_ALCOHOL,BFR_post_vs_pre,0.01040047805276774,1.335815692461969,0.18464473918808874,0.4379683142936983
GOBP,GOBP_CELLULAR_RESPONSE_TO_CHEMICAL_STRESS,GOBP|GOBP_CELLULAR_RESPONSE_TO_CHEMICAL_STRESS,BFR_post_vs_pre,0.0025507303597371023,0.9344746672360791,0.35231235265219174,0.6130985590094163
GOBP,GOBP_CELLULAR_RESPONSE_TO_CORTICOSTEROID_STIMULUS,GOBP|GOBP_CELLULAR_RESPONSE_TO_CORTICOSTEROID_STIMULUS,BFR_post_vs_pre,0.010367132933039258,2.1459828005497754,0.034296590959133975,0.1703868435444569
GOBP,GOBP_CELLULAR_RESPONSE_TO_EXTERNAL_STIMULUS,GOBP|GOBP_CELLULAR_RESPONSE_TO_EXTERNAL_STIMULUS,BFR_post_vs_pre,-0.007258601074506727,-0.7561784913427334,0.4513216457275452,0.6966830166191075
GOBP,GOBP_CELLULAR_RESPONSE_TO_GLUCOSE_STARVATION,GOBP|GOBP_CELLULAR_RESPONSE_TO_GLUCOSE_STARVATION,BFR_post_vs_pre,-2.272731828840413e-4,-0.030592419457830533,0.9756556222814061,0.9897488524596004
GOBP,GOBP_CELLULAR_RESPONSE_TO_HEAT,GOBP|GOBP_CELLULAR_RESPONSE_TO_HEAT,BFR_post_vs_pre,-1.741933498254633e-5,-0.0031232503448858423,0.9975142391031097,0.9975142391031097
GOBP,GOBP_CELLULAR_RESPONSE_TO_HYDROGEN_PEROXIDE,GOBP|GOBP_CELLULAR_RESPONSE_TO_HYDROGEN_PEROXIDE,BFR_post_vs_pre,0.004021056065370732,0.7612670173374744,0.44829087458761396,0.6966830166191075
GOBP,GOBP_CELLULAR_RESPONSE_TO_METAL_ION,GOBP|GOBP_CELLULAR_RESPONSE_TO_METAL_ION,BFR_post_vs_pre,0.0030651952985801673,0.7078172153134609,0.48070688140447426,0.7192523811651814
GOBP,GOBP_CELLULAR_RESPONSE_TO_NUTRIENT_LEVELS,GOBP|GOBP_CELLULAR_RESPONSE_TO_NUTRIENT_LEVELS,BFR_post_vs_pre,-0.0028225776478834064,-0.7491522000478015,0.4555258480075606,0.6986826434898051
GOBP,GOBP_CELLULAR_RESPONSE_TO_OXYGEN_LEVELS,GOBP|GOBP_CELLULAR_RESPONSE_TO_OXYGEN_LEVELS,BFR_post_vs_pre,-0.0014757791494827005,-0.5958609081177673,0.5526157720639828,0.7765795221452362
GOBP,GOBP_CELLULAR_RESPONSE_TO_RADIATION,GOBP|GOBP_CELLULAR_RESPONSE_TO_RADIATION,BFR_post_vs_pre,0.0037621271110492398,0.9028102353110218,0.3687983068378179,0.6197086019866572
GOBP,GOBP_CELLULAR_RESPONSE_TO_UV,GOBP|GOBP_CELLULAR_RESPONSE_TO_UV,BFR_post_vs_pre,0.007418679488802902,1.0490747112867753,0.2966750444390086,0.5629589867647529
GOBP,GOBP_CELLULAR_RESPONSE_TO_VASCULAR_ENDOTHELIAL_GROWTH_FACTOR_STIMULUS,GOBP|GOBP_CELLULAR_RESPONSE_TO_VASCULAR_ENDOTHELIAL_GROWTH_FACTOR_STIMULUS,BFR_post_vs_pre,-0.006883730725182166,-0.7722894282440029,0.44176622021776824,0.6929316921964187
GOBP,GOBP_CELLULAR_RESPONSE_TO_XENOBIOTIC_STIMULUS,GOBP|GOBP_CELLULAR_RESPONSE_TO_XENOBIOTIC_STIMULUS,BFR_post_vs_pre,-0.0015622688103382881,-0.37863530585170424,0.7057621671361656,0.8608102844107416
GOBP,GOBP_CELLULAR_SENESCENCE,GOBP|GOBP_CELLULAR_SENESCENCE,BFR_post_vs_pre,0.007011416572266366,1.533745058762165,0.12825330189006326,0.35636096025167574
GOBP,GOBP_CELL_ACTIVATION_INVOLVED_IN_IMMUNE_RESPONSE,GOBP|GOBP_CELL_ACTIVATION_INVOLVED_IN_IMMUNE_RESPONSE,BFR_post_vs_pre,-0.0020248246717685936,-0.3827207767790133,0.7027398842536355,0.8608102844107416
GOBP,GOBP_CELL_CELL_JUNCTION_ORGANIZATION,GOBP|GOBP_CELL_CELL_JUNCTION_ORGANIZATION,BFR_post_vs_pre,-0.0062421379719369285,-1.0296559599388393,0.305657996833087,0.5730166784003413
GOBP,GOBP_CELL_COMMUNICATION_BY_ELECTRICAL_COUPLING,GOBP|GOBP_CELL_COMMUNICATION_BY_ELECTRICAL_COUPLING,BFR_post_vs_pre,-0.005462784626913436,-0.8423836752935973,0.40158541862456953,0.6563728060712501
GOBP,GOBP_CELL_CYCLE_G2_M_PHASE_TRANSITION,GOBP|GOBP_CELL_CYCLE_G2_M_PHASE_TRANSITION,BFR_post_vs_pre,0.002214986674314752,0.29546178917385457,0.7682543566055814,0.8854842806505813
GOBP,GOBP_CELL_FATE_COMMITMENT,GOBP|GOBP_CELL_FATE_COMMITMENT,BFR_post_vs_pre,-0.0025266905863419314,-0.626281881904467,0.5325584733981368,0.7602394354197255
GOBP,GOBP_CELL_KILLING,GOBP|GOBP_CELL_KILLING,BFR_post_vs_pre,-0.00348966829250541,-0.5508607095334619,0.5829589815268097,0.7887688480484486
GOBP,GOBP_CELL_MATURATION,GOBP|GOBP_CELL_MATURATION,BFR_post_vs_pre,-0.015361184831416103,-2.2601448392154,0.02598263449260202,0.14438921168031693
GOBP,GOBP_CELL_RECOGNITION,GOBP|GOBP_CELL_RECOGNITION,BFR_post_vs_pre,-0.0035198224293629676,-0.5934491590487758,0.5542218521413655,0.7765795221452362
GOBP,GOBP_CELL_REDOX_HOMEOSTASIS,GOBP|GOBP_CELL_REDOX_HOMEOSTASIS,BFR_post_vs_pre,1.5415377544847342e-4,0.028868394301274643,0.9770271448444385,0.9897488524596004
GOBP,GOBP_CELL_SUBSTRATE_ADHESION,GOBP|GOBP_CELL_SUBSTRATE_ADHESION,BFR_post_vs_pre,-0.010548755520045049,-1.1523866812772543,0.2519123406271706,0.5117174961042787
GOBP,GOBP_CELL_SUBSTRATE_JUNCTION_ORGANIZATION,GOBP|GOBP_CELL_SUBSTRATE_JUNCTION_ORGANIZATION,BFR_post_vs_pre,-0.013592753288801671,-1.5381572848133547,0.12717157823810862,0.3558974383785917
GOBP,GOBP_CELL_SURFACE_RECEPTOR_PROTEIN_SERINE_THREONINE_KINASE_SIGNALING_PATHWAY,GOBP|GOBP_CELL_SURFACE_RECEPTOR_PROTEIN_SERINE_THREONINE_KINASE_SIGNALING_PATHWAY,BFR_post_vs_pre,-0.017191670007193578,-2.9219799352761076,0.004301272399687971,0.05397403107995551
GOBP,GOBP_CENTRAL_NERVOUS_SYSTEM_NEURON_DIFFERENTIATION,GOBP|GOBP_CENTRAL_NERVOUS_SYSTEM_NEURON_DIFFERENTIATION,BFR_post_vs_pre,0.004169501639612563,0.6658040452556069,0.5070708040474352,0.7387660778069375
GOBP,GOBP_CHROMOSOME_LOCALIZATION,GOBP|GOBP_CHROMOSOME_LOCALIZATION,BFR_post_vs_pre,-2.685477074822924e-4,-0.05818361481194364,0.9537185949205994,0.978882673942251
GOBP,GOBP_CHROMOSOME_SEGREGATION,GOBP|GOBP_CHROMOSOME_SEGREGATION,BFR_post_vs_pre,6.103300119956745e-4,0.19786768712646455,0.8435506511302073,0.9246535578211703
GOBP,GOBP_CILIUM_MOVEMENT,GOBP|GOBP_CILIUM_MOVEMENT,BFR_post_vs_pre,-0.008711051633278066,-2.2666857213160814,0.025565032907648833,0.14438921168031693
GOBP,GOBP_CILIUM_ORGANIZATION,GOBP|GOBP_CILIUM_ORGANIZATION,BFR_post_vs_pre,-2.669031252119855e-4,-0.0610628360432099,0.9514311613140335,0.978882673942251
GOBP,GOBP_COGNITION,GOBP|GOBP_COGNITION,BFR_post_vs_pre,0.0028813316508368575,0.5835918563767412,0.5608102287428416,0.7767911884544536
GOBP,GOBP_COLLAGEN_FIBRIL_ORGANIZATION,GOBP|GOBP_COLLAGEN_FIBRIL_ORGANIZATION,BFR_post_vs_pre,-0.028935759124863174,-1.0278699258943258,0.3064933016577228,0.5732014151194912
GOBP,GOBP_COLLAGEN_METABOLIC_PROCESS,GOBP|GOBP_COLLAGEN_METABOLIC_PROCESS,BFR_post_vs_pre,0.004273557551281462,0.30762963696477935,0.7590045883757931,0.88266901308874
GOBP,GOBP_CONNECTIVE_TISSUE_DEVELOPMENT,GOBP|GOBP_CONNECTIVE_TISSUE_DEVELOPMENT,BFR_post_vs_pre,-0.008119813163699837,-0.9512281898794567,0.3437842605526863,0.6037565569074265
GOBP,GOBP_CORTICAL_CYTOSKELETON_ORGANIZATION,GOBP|GOBP_CORTICAL_CYTOSKELETON_ORGANIZATION,BFR_post_vs_pre,0.004152909494058554,0.500210835945852,0.6180267364085115,0.8205201380986722
GOBP,GOBP_CYTOCHROME_COMPLEX_ASSEMBLY,GOBP|GOBP_CYTOCHROME_COMPLEX_ASSEMBLY,BFR_post_vs_pre,0.04117421523283883,3.8267787854117596,2.2642334125306916e-4,0.012582668535349128
GOBP,GOBP_CYTOKINESIS,GOBP|GOBP_CYTOKINESIS,BFR_post_vs_pre,-0.001743588257472956,-0.3841036417281428,0.7017179676401897,0.8608102844107416
GOBP,GOBP_CYTOKINETIC_PROCESS,GOBP|GOBP_CYTOKINETIC_PROCESS,BFR_post_vs_pre,-0.005219998873809681,-0.9094038326908148,0.3653258050355078,0.6197086019866572
GOBP,GOBP_CYTOPLASMIC_MICROTUBULE_ORGANIZATION,GOBP|GOBP_CYTOPLASMIC_MICROTUBULE_ORGANIZATION,BFR_post_vs_pre,-0.008391213554139465,-1.607053297434934,0.11119887956619265,0.3314663919635934
GOBP,GOBP_CYTOPLASMIC_TRANSLATION,GOBP|GOBP_CYTOPLASMIC_TRANSLATION,BFR_post_vs_pre,-0.008139190999851192,-0.7073224919052867,0.4810128563344601,0.7192523811651814
GOBP,GOBP_CYTOPLASMIC_TRANSLATIONAL_INITIATION,GOBP|GOBP_CYTOPLASMIC_TRANSLATIONAL_INITIATION,BFR_post_vs_pre,-0.0020385972311003225,-0.3583591185674377,0.720830725545444,0.8654418278925239
GOBP,GOBP_CYTOSKELETON_DEPENDENT_INTRACELLULAR_TRANSPORT,GOBP|GOBP_CYTOSKELETON_DEPENDENT_INTRACELLULAR_TRANSPORT,BFR_post_vs_pre,-0.004840102549468157,-1.252819686449135,0.21319593310366777,0.4752894516487413
GOBP,GOBP_CYTOSOLIC_TRANSPORT,GOBP|GOBP_CYTOSOLIC_TRANSPORT,BFR_post_vs_pre,-0.007002951947663039,-1.0586183091939905,0.2923266044984635,0.5601726559108487
GOBP,GOBP_DEFENSE_RESPONSE_TO_BACTERIUM,GOBP|GOBP_DEFENSE_RESPONSE_TO_BACTERIUM,BFR_post_vs_pre,-0.005929209543710838,-0.8882641041783406,0.37653240877032,0.6299832559641053
GOBP,GOBP_DENDRITE_DEVELOPMENT,GOBP|GOBP_DENDRITE_DEVELOPMENT,BFR_post_vs_pre,-0.004413672348830128,-0.9875291514021188,0.3257690663061289,0.5860232863905842
GOBP,GOBP_DENDRITIC_SPINE_DEVELOPMENT,GOBP|GOBP_DENDRITIC_SPINE_DEVELOPMENT,BFR_post_vs_pre,-0.009471278364537636,-1.633707722990387,0.10546795655983658,0.32561138969663833
GOBP,GOBP_DEOXYRIBONUCLEOTIDE_METABOLIC_PROCESS,GOBP|GOBP_DEOXYRIBONUCLEOTIDE_METABOLIC_PROCESS,BFR_post_vs_pre,-0.002140489323692804,-0.2422798920985241,0.8090599763030306,0.9035431598144286
GOBP,GOBP_DEPHOSPHORYLATION,GOBP|GOBP_DEPHOSPHORYLATION,BFR_post_vs_pre,-9.718998807732443e-4,-0.1493589988262379,0.8815714693496665,0.9438263140949483
GOBP,GOBP_DETECTION_OF_ABIOTIC_STIMULUS,GOBP|GOBP_DETECTION_OF_ABIOTIC_STIMULUS,BFR_post_vs_pre,-0.015680790143363918,-2.125102849190009,0.03604460777282901,0.17330111851773947
GOBP,GOBP_DEVELOPMENTAL_CELL_GROWTH,GOBP|GOBP_DEVELOPMENTAL_CELL_GROWTH,BFR_post_vs_pre,-0.014513266738210906,-3.5708662913047355,5.490471333875321e-4,0.020340889036928572
GOBP,GOBP_DEVELOPMENTAL_MATURATION,GOBP|GOBP_DEVELOPMENTAL_MATURATION,BFR_post_vs_pre,-0.014401037311224857,-3.3324091248936387,0.0012081295434057703,0.032074284309986906
GOBP,GOBP_DICARBOXYLIC_ACID_METABOLIC_PROCESS,GOBP|GOBP_DICARBOXYLIC_ACID_METABOLIC_PROCESS,BFR_post_vs_pre,0.00796608771418339,2.0024021567588886,0.04795168768033418,0.2084157151692737
GOBP,GOBP_DIGESTIVE_SYSTEM_DEVELOPMENT,GOBP|GOBP_DIGESTIVE_SYSTEM_DEVELOPMENT,BFR_post_vs_pre,-0.003147184684858223,-0.30046416904936324,0.7644475007059323,0.8837149413807062
GOBP,GOBP_DNA_BIOSYNTHETIC_PROCESS,GOBP|GOBP_DNA_BIOSYNTHETIC_PROCESS,BFR_post_vs_pre,-8.953993017827011e-4,-0.23405066903860092,0.8154246185437635,0.9069193923367035
GOBP,GOBP_DNA_DAMAGE_RESPONSE_SIGNAL_TRANSDUCTION_BY_P53_CLASS_MEDIATOR,GOBP|GOBP_DNA_DAMAGE_RESPONSE_SIGNAL_TRANSDUCTION_BY_P53_CLASS_MEDIATOR,BFR_post_vs_pre,-0.009120443314591851,-1.2956764863172074,0.1980727136941027,0.45323697427650556
GOBP,GOBP_DNA_RECOMBINATION,GOBP|GOBP_DNA_RECOMBINATION,BFR_post_vs_pre,0.004331027409085716,1.0058278994069199,0.316928411562489,0.5801654216367446
GOBP,GOBP_DNA_REPLICATION,GOBP|GOBP_DNA_REPLICATION,BFR_post_vs_pre,0.0028657693423575215,0.8060441238606498,0.4221319672046744,0.6743709866226626
GOBP,GOBP_DNA_TEMPLATED_DNA_REPLICATION,GOBP|GOBP_DNA_TEMPLATED_DNA_REPLICATION,BFR_post_vs_pre,0.012978191889724346,2.716798337428011,0.007770074931294847,0.07029207321566734
GOBP,GOBP_DNA_TEMPLATED_TRANSCRIPTION_ELONGATION,GOBP|GOBP_DNA_TEMPLATED_TRANSCRIPTION_ELONGATION,BFR_post_vs_pre,-0.01486328901087949,-2.6313667811671886,0.00985210158240609,0.08068352664328356
GOBP,GOBP_DNA_TEMPLATED_TRANSCRIPTION_INITIATION,GOBP|GOBP_DNA_TEMPLATED_TRANSCRIPTION_INITIATION,BFR_post_vs_pre,-0.005271525681345562,-1.3269575673675005,0.1875476848841815,0.44205841506409804
GOBP,GOBP_DOUBLE_STRAND_BREAK_REPAIR,GOBP|GOBP_DOUBLE_STRAND_BREAK_REPAIR,BFR_post_vs_pre,-0.0041802450048979214,-1.0375299847762796,0.3019937018044995,0.5677280074215483
GOBP,GOBP_EAR_DEVELOPMENT,GOBP|GOBP_EAR_DEVELOPMENT,BFR_post_vs_pre,-0.010124763091231975,-1.8300558019327406,0.07022344459366188,0.258928151155777
GOBP,GOBP_EMBRYONIC_ORGAN_DEVELOPMENT,GOBP|GOBP_EMBRYONIC_ORGAN_DEVELOPMENT,BFR_post_vs_pre,-0.008663730138333657,-1.5176281861151208,0.13226639812778118,0.3618576045993169
GOBP,GOBP_EMBRYO_IMPLANTATION,GOBP|GOBP_EMBRYO_IMPLANTATION,BFR_post_vs_pre,0.002919687160282819,0.4283443168926206,0.6693225675474976,0.8530297404273766
GOBP,GOBP_ENDOCRINE_PROCESS,GOBP|GOBP_ENDOCRINE_PROCESS,BFR_post_vs_pre,-0.0027197101435679424,-0.3735322959190042,0.7095438115108443,0.8611935808977174
GOBP,GOBP_ENDOCRINE_SYSTEM_DEVELOPMENT,GOBP|GOBP_ENDOCRINE_SYSTEM_DEVELOPMENT,BFR_post_vs_pre,-0.006734680473653257,-0.7239510445204909,0.4707876955052862,0.7125209539739303
GOBP,GOBP_ENDOPLASMIC_RETICULUM_ORGANIZATION,GOBP|GOBP_ENDOPLASMIC_RETICULUM_ORGANIZATION,BFR_post_vs_pre,-0.012498997528210074,-2.5455303873744763,0.012439886879858308,0.09396341740320159
GOBP,GOBP_ENDOSOMAL_TRANSPORT,GOBP|GOBP_ENDOSOMAL_TRANSPORT,BFR_post_vs_pre,-0.010272712585606657,-2.1445720908234245,0.034412332290692446,0.1703868435444569
GOBP,GOBP_ENDOSOME_ORGANIZATION,GOBP|GOBP_ENDOSOME_ORGANIZATION,BFR_post_vs_pre,-0.018486386070563403,-3.1771976451742288,0.001979012585358754,0.04051767872129239
GOBP,GOBP_ENDOSOME_TO_LYSOSOME_TRANSPORT,GOBP|GOBP_ENDOSOME_TO_LYSOSOME_TRANSPORT,BFR_post_vs_pre,-0.015856558005197762,-2.839404335649944,0.005476540989086924,0.05983328581126325
GOBP,GOBP_ENDOTHELIAL_CELL_MIGRATION,GOBP|GOBP_ENDOTHELIAL_CELL_MIGRATION,BFR_post_vs_pre,-0.0037357465628955477,-0.5997145506568745,0.5500542976768946,0.7752576876677971
GOBP,GOBP_ENDOTHELIAL_CELL_PROLIFERATION,GOBP|GOBP_ENDOTHELIAL_CELL_PROLIFERATION,BFR_post_vs_pre,-0.005047991115605174,-0.6128991103731033,0.5413358170875833,0.7699438129691769
GOBP,GOBP_ENDOTHELIUM_DEVELOPMENT,GOBP|GOBP_ENDOTHELIUM_DEVELOPMENT,BFR_post_vs_pre,-0.009524889698348731,-1.1677035306481067,0.2457057469088197,0.505711828293814
GOBP,GOBP_ENSHEATHMENT_OF_NEURONS,GOBP|GOBP_ENSHEATHMENT_OF_NEURONS,BFR_post_vs_pre,-0.0088131707225647,-1.6191873229248006,0.10855974730833996,0.33121366041524897
GOBP,GOBP_EPIDERMIS_DEVELOPMENT,GOBP|GOBP_EPIDERMIS_DEVELOPMENT,BFR_post_vs_pre,-0.007865243172188504,-1.1535913734206429,0.25142019838814517,0.5117174961042787
GOBP,GOBP_EPIGENETIC_REGULATION_OF_GENE_EXPRESSION,GOBP|GOBP_EPIGENETIC_REGULATION_OF_GENE_EXPRESSION,BFR_post_vs_pre,-0.014028604278629661,-2.763210420827297,0.006814932344444981,0.06590761599908053
GOBP,GOBP_EPITHELIAL_CELL_DEVELOPMENT,GOBP|GOBP_EPITHELIAL_CELL_DEVELOPMENT,BFR_post_vs_pre,-0.009669469408443748,-1.0921568799694938,0.2773910011884783,0.539307552425499
GOBP,GOBP_EPITHELIAL_CELL_PROLIFERATION,GOBP|GOBP_EPITHELIAL_CELL_PROLIFERATION,BFR_post_vs_pre,-0.004987609041963992,-0.9269314952609834,0.35619607798490516,0.6130985590094163
GOBP,GOBP_EPITHELIAL_TUBE_MORPHOGENESIS,GOBP|GOBP_EPITHELIAL_TUBE_MORPHOGENESIS,BFR_post_vs_pre,-0.009376228261850167,-2.757107822918288,0.0069340915372461676,0.06590761599908053
GOBP,GOBP_ERAD_PATHWAY,GOBP|GOBP_ERAD_PATHWAY,BFR_post_vs_pre,-0.012738992808274913,-3.0649247847810486,0.002799876541254903,0.04473378117335871
GOBP,GOBP_ERBB_SIGNALING_PATHWAY,GOBP|GOBP_ERBB_SIGNALING_PATHWAY,BFR_post_vs_pre,-0.007151736120487258,-1.0372851475003324,0.30210719160992416,0.5677280074215483
GOBP,GOBP_ERK1_AND_ERK2_CASCADE,GOBP|GOBP_ERK1_AND_ERK2_CASCADE,BFR_post_vs_pre,0.0020634853353162785,0.3503784796762844,0.7267923621805124,0.8659834333145761
GOBP,GOBP_ERYTHROCYTE_HOMEOSTASIS,GOBP|GOBP_ERYTHROCYTE_HOMEOSTASIS,BFR_post_vs_pre,5.643455018811971e-4,0.12597234456713252,0.900006990769254,0.9494288662964459
GOBP,GOBP_ER_NUCLEUS_SIGNALING_PATHWAY,GOBP|GOBP_ER_NUCLEUS_SIGNALING_PATHWAY,BFR_post_vs_pre,-0.007057345566075391,-1.0449169656673407,0.29858314430480293,0.5652011831365855
GOBP,GOBP_ESTABLISHMENT_OF_ORGANELLE_LOCALIZATION,GOBP|GOBP_ESTABLISHMENT_OF_ORGANELLE_LOCALIZATION,BFR_post_vs_pre,-0.0023302480043071675,-0.6629932242041005,0.508861763772276,0.7399896303080947
GOBP,GOBP_ESTABLISHMENT_OF_PROTEIN_LOCALIZATION_TO_ENDOPLASMIC_RETICULUM,GOBP|GOBP_ESTABLISHMENT_OF_PROTEIN_LOCALIZATION_TO_ENDOPLASMIC_RETICULUM,BFR_post_vs_pre,-0.00458996314228623,-0.8209743242442065,0.4136156799579569,0.669152086739352
GOBP,GOBP_ESTABLISHMENT_OF_PROTEIN_LOCALIZATION_TO_MEMBRANE,GOBP|GOBP_ESTABLISHMENT_OF_PROTEIN_LOCALIZATION_TO_MEMBRANE,BFR_post_vs_pre,-0.0014502762392367787,-0.40552595467190816,0.6859581283840761,0.8604611380416856
GOBP,GOBP_ESTABLISHMENT_OF_PROTEIN_LOCALIZATION_TO_MITOCHONDRION,GOBP|GOBP_ESTABLISHMENT_OF_PROTEIN_LOCALIZATION_TO_MITOCHONDRION,BFR_post_vs_pre,0.012652644131051188,2.614573830469666,0.01031637642832542,0.08209837391470184
GOBP,GOBP_ESTABLISHMENT_OF_PROTEIN_LOCALIZATION_TO_ORGANELLE,GOBP|GOBP_ESTABLISHMENT_OF_PROTEIN_LOCALIZATION_TO_ORGANELLE,BFR_post_vs_pre,0.0013723433040917013,0.580661151694376,0.5627764367182493,0.7767911884544536
GOBP,GOBP_ESTABLISHMENT_OF_PROTEIN_LOCALIZATION_TO_PLASMA_MEMBRANE,GOBP|GOBP_ESTABLISHMENT_OF_PROTEIN_LOCALIZATION_TO_PLASMA_MEMBRANE,BFR_post_vs_pre,-0.010708113833026112,-1.9966620035825282,0.04858264144249532,0.20998497245700753
GOBP,GOBP_ESTABLISHMENT_OR_MAINTENANCE_OF_CELL_POLARITY,GOBP|GOBP_ESTABLISHMENT_OR_MAINTENANCE_OF_CELL_POLARITY,BFR_post_vs_pre,0.0010746174288735616,0.18548372678507713,0.8532257152228566,0.9297053311531966
GOBP,GOBP_EXECUTION_PHASE_OF_APOPTOSIS,GOBP|GOBP_EXECUTION_PHASE_OF_APOPTOSIS,BFR_post_vs_pre,0.008465704763300747,1.5443523033664064,0.12566495340226438,0.3542294700976873
GOBP,GOBP_EXOCYTIC_PROCESS,GOBP|GOBP_EXOCYTIC_PROCESS,BFR_post_vs_pre,0.0031814970080967647,0.3504844498076532,0.7267130901114096,0.8659834333145761
GOBP,GOBP_EXOCYTOSIS,GOBP|GOBP_EXOCYTOSIS,BFR_post_vs_pre,-0.0037071128369526862,-0.7265351627570229,0.46920968330034474,0.7115889544009127
GOBP,GOBP_EXTERNAL_ENCAPSULATING_STRUCTURE_ORGANIZATION,GOBP|GOBP_EXTERNAL_ENCAPSULATING_STRUCTURE_ORGANIZATION,BFR_post_vs_pre,-0.024267662992118424,-1.502213779310223,0.13619632631585915,0.36791924261714726
GOBP,GOBP_EXTRACELLULAR_VESICLE_BIOGENESIS,GOBP|GOBP_EXTRACELLULAR_VESICLE_BIOGENESIS,BFR_post_vs_pre,-0.01677790845096969,-2.2288146427789615,0.02806697352434386,0.1505938303582036
GOBP,GOBP_EXTRINSIC_APOPTOTIC_SIGNALING_PATHWAY,GOBP|GOBP_EXTRINSIC_APOPTOTIC_SIGNALING_PATHWAY,BFR_post_vs_pre,-0.0059431777777816525,-1.1459215285457387,0.25456514081397547,0.5130872527286863
GOBP,GOBP_EXTRINSIC_APOPTOTIC_SIGNALING_PATHWAY_VIA_DEATH_DOMAIN_RECEPTORS,GOBP|GOBP_EXTRINSIC_APOPTOTIC_SIGNALING_PATHWAY_VIA_DEATH_DOMAIN_RECEPTORS,BFR_post_vs_pre,-0.008597954579796488,-1.316364607363363,0.19106390375346233,0.4424039200005765
GOBP,GOBP_FATTY_ACID_DERIVATIVE_METABOLIC_PROCESS,GOBP|GOBP_FATTY_ACID_DERIVATIVE_METABOLIC_PROCESS,BFR_post_vs_pre,0.003230808894185082,0.5798248828417262,0.5633381076563043,0.7767911884544536
GOBP,GOBP_FATTY_ACID_METABOLIC_PROCESS,GOBP|GOBP_FATTY_ACID_METABOLIC_PROCESS,BFR_post_vs_pre,0.010285293194261969,3.0738102395204967,0.002724883380164151,0.04473378117335871
GOBP,GOBP_FATTY_ACID_TRANSPORT,GOBP|GOBP_FATTY_ACID_TRANSPORT,BFR_post_vs_pre,0.013335953081180185,2.7564747486104713,0.006946561069311829,0.06590761599908053
GOBP,GOBP_FAT_CELL_DIFFERENTIATION,GOBP|GOBP_FAT_CELL_DIFFERENTIATION,BFR_post_vs_pre,0.004130512374869416,1.1462270670939816,0.25443932892602283,0.5130872527286863
GOBP,GOBP_FEMALE_SEX_DIFFERENTIATION,GOBP|GOBP_FEMALE_SEX_DIFFERENTIATION,BFR_post_vs_pre,-0.01384168873438861,-2.3850674535736807,0.01896225271801373,0.11463324864634568
GOBP,GOBP_FERTILIZATION,GOBP|GOBP_FERTILIZATION,BFR_post_vs_pre,0.0036570840027012053,0.9354452076297919,0.35181463681888503,0.6130985590094163
GOBP,GOBP_FIBROBLAST_MIGRATION,GOBP|GOBP_FIBROBLAST_MIGRATION,BFR_post_vs_pre,-0.016352238465743744,-1.9508431730013605,0.05387724050080812,0.22531476103524747
GOBP,GOBP_FIBROBLAST_PROLIFERATION,GOBP|GOBP_FIBROBLAST_PROLIFERATION,BFR_post_vs_pre,-0.009958240583856231,-1.0074847162277096,0.31613591553400494,0.5801654216367446
GOBP,GOBP_FOREBRAIN_DEVELOPMENT,GOBP|GOBP_FOREBRAIN_DEVELOPMENT,BFR_post_vs_pre,6.78300316794573e-4,0.13402749595676472,0.8936504680166509,0.9494288662964459
GOBP,GOBP_GASTRULATION,GOBP|GOBP_GASTRULATION,BFR_post_vs_pre,-0.007220568196473352,-0.7465188245297456,0.45710728218034813,0.6986826434898051
GOBP,GOBP_GENERATION_OF_PRECURSOR_METABOLITES_AND_ENERGY,GOBP|GOBP_GENERATION_OF_PRECURSOR_METABOLITES_AND_ENERGY,BFR_post_vs_pre,0.012257765016091882,4.0310485831012235,1.0857359594545186e-4,0.007847726294170776
GOBP,GOBP_GLAND_DEVELOPMENT,GOBP|GOBP_GLAND_DEVELOPMENT,BFR_post_vs_pre,-0.004631529915119489,-1.158950423251721,0.24923916527790577,0.5102843962795018
GOBP,GOBP_GLAND_MORPHOGENESIS,GOBP|GOBP_GLAND_MORPHOGENESIS,BFR_post_vs_pre,6.343765768451193e-4,0.0981463428218621,0.9220127423501912,0.9589918630326854
GOBP,GOBP_GLIAL_CELL_MIGRATION,GOBP|GOBP_GLIAL_CELL_MIGRATION,BFR_post_vs_pre,-0.00584370500893076,-0.5059107086229386,0.6140338716041909,0.8166125677060863
GOBP,GOBP_GLIOGENESIS,GOBP|GOBP_GLIOGENESIS,BFR_post_vs_pre,-0.008524886325551942,-1.7173952968619706,0.08900546440751267,0.3023853768953924
GOBP,GOBP_GLUCAN_BIOSYNTHETIC_PROCESS,GOBP|GOBP_GLUCAN_BIOSYNTHETIC_PROCESS,BFR_post_vs_pre,0.004455002828127511,0.6667631018973683,0.5064604957657526,0.7387660778069375
GOBP,GOBP_GLUCOSE_6_PHOSPHATE_METABOLIC_PROCESS,GOBP|GOBP_GLUCOSE_6_PHOSPHATE_METABOLIC_PROCESS,BFR_post_vs_pre,-0.004501904540569986,-0.4690122113040372,0.6400828282530175,0.8397714003049708
GOBP,GOBP_GLUTAMINE_FAMILY_AMINO_ACID_METABOLIC_PROCESS,GOBP|GOBP_GLUTAMINE_FAMILY_AMINO_ACID_METABOLIC_PROCESS,BFR_post_vs_pre,0.004906006955417694,0.7942324699662001,0.42894275317193864,0.679668965311137
GOBP,GOBP_GLUTATHIONE_METABOLIC_PROCESS,GOBP|GOBP_GLUTATHIONE_METABOLIC_PROCESS,BFR_post_vs_pre,-9.854962763133912e-4,-0.19145916708363234,0.8485544628304797,0.9272126012389231
GOBP,GOBP_GLYCEROLIPID_BIOSYNTHETIC_PROCESS,GOBP|GOBP_GLYCEROLIPID_BIOSYNTHETIC_PROCESS,BFR_post_vs_pre,-0.0034949322000831923,-0.7124603404290372,0.4778404680569409,0.7190713426466152
GOBP,GOBP_GLYCEROLIPID_CATABOLIC_PROCESS,GOBP|GOBP_GLYCEROLIPID_CATABOLIC_PROCESS,BFR_post_vs_pre,-0.012627559156659529,-2.07907306666312,0.040172313201895314,0.18384740982985032
GOBP,GOBP_GLYCOPROTEIN_METABOLIC_PROCESS,GOBP|GOBP_GLYCOPROTEIN_METABOLIC_PROCESS,BFR_post_vs_pre,-0.012323150834003843,-2.27570844673264,0.024998655682671452,0.14438921168031693
GOBP,GOBP_GOLGI_ORGANIZATION,GOBP|GOBP_GOLGI_ORGANIZATION,BFR_post_vs_pre,-0.008686001488156627,-1.576461664143575,0.11808096433637513,0.3447056755192715
GOBP,GOBP_GOLGI_VESICLE_TRANSPORT,GOBP|GOBP_GOLGI_VESICLE_TRANSPORT,BFR_post_vs_pre,-0.005271184218431278,-1.1064171310609163,0.27120318922596814,0.5314762751078167
GOBP,GOBP_GRANULOCYTE_MIGRATION,GOBP|GOBP_GRANULOCYTE_MIGRATION,BFR_post_vs_pre,0.007637513505998228,0.9524692891858787,0.3431578670746276,0.6037565569074265
GOBP,GOBP_HEART_MORPHOGENESIS,GOBP|GOBP_HEART_MORPHOGENESIS,BFR_post_vs_pre,-0.016072410493224512,-3.0279423451212515,0.003133021518510449,0.04599039134719112
GOBP,GOBP_HEART_PROCESS,GOBP|GOBP_HEART_PROCESS,BFR_post_vs_pre,-0.010908060776717882,-2.3371475008342144,0.02142696569397733,0.1272532771749188
GOBP,GOBP_HEPATICOBILIARY_SYSTEM_DEVELOPMENT,GOBP|GOBP_HEPATICOBILIARY_SYSTEM_DEVELOPMENT,BFR_post_vs_pre,-0.011113405480222369,-1.8431504286597906,0.06827191511910305,0.2553632209743374
GOBP,GOBP_HINDBRAIN_DEVELOPMENT,GOBP|GOBP_HINDBRAIN_DEVELOPMENT,BFR_post_vs_pre,-0.008722094522599033,-1.7996148451411396,0.07494016514718263,0.26992337261346333
GOBP,GOBP_HOMEOSTASIS_OF_NUMBER_OF_CELLS,GOBP|GOBP_HOMEOSTASIS_OF_NUMBER_OF_CELLS,BFR_post_vs_pre,-0.00329526683316278,-1.3274910053459952,0.18737190678928342,0.44205841506409804
GOBP,GOBP_HORMONE_MEDIATED_SIGNALING_PATHWAY,GOBP|GOBP_HORMONE_MEDIATED_SIGNALING_PATHWAY,BFR_post_vs_pre,-0.00293655732093398,-0.6743256939397213,0.5016617091334044,0.7377935911262544
GOBP,GOBP_HORMONE_METABOLIC_PROCESS,GOBP|GOBP_HORMONE_METABOLIC_PROCESS,BFR_post_vs_pre,0.007305614292295259,1.2293753062862074,0.2218187770833769,0.476414582002003
GOBP,GOBP_HORMONE_TRANSPORT,GOBP|GOBP_HORMONE_TRANSPORT,BFR_post_vs_pre,-0.001495599681335974,-0.3386796170359363,0.7355619004217415,0.8676106334953422
GOBP,GOBP_HUMORAL_IMMUNE_RESPONSE,GOBP|GOBP_HUMORAL_IMMUNE_RESPONSE,BFR_post_vs_pre,0.002037833812243234,0.2504022117909432,0.8027905614251598,0.9015087744475967
GOBP,GOBP_HYDROGEN_PEROXIDE_METABOLIC_PROCESS,GOBP|GOBP_HYDROGEN_PEROXIDE_METABOLIC_PROCESS,BFR_post_vs_pre,-0.003656855628753286,-0.9763839146090537,0.3312326669379505,0.5910527864168016
GOBP,GOBP_ICOSANOID_METABOLIC_PROCESS,GOBP|GOBP_ICOSANOID_METABOLIC_PROCESS,BFR_post_vs_pre,-0.0011340209795558387,-0.25219119063205425,0.8014114077090811,0.9015087744475967
GOBP,GOBP_IMMUNE_RESPONSE_REGULATING_CELL_SURFACE_RECEPTOR_SIGNALING_PATHWAY,GOBP|GOBP_IMMUNE_RESPONSE_REGULATING_CELL_SURFACE_RECEPTOR_SIGNALING_PATHWAY,BFR_post_vs_pre,0.001305624206200607,0.25809029670702177,0.7968681597064924,0.8993235067169892
GOBP,GOBP_IMMUNE_SYSTEM_DEVELOPMENT,GOBP|GOBP_IMMUNE_SYSTEM_DEVELOPMENT,BFR_post_vs_pre,-0.0071643915888001675,-1.6093477430131162,0.110695937682368,0.3314663919635934
GOBP,GOBP_IMPORT_ACROSS_PLASMA_MEMBRANE,GOBP|GOBP_IMPORT_ACROSS_PLASMA_MEMBRANE,BFR_post_vs_pre,-0.006039269779136824,-1.1487817448161692,0.253389105287544,0.5130872527286863
GOBP,GOBP_INSULIN_LIKE_GROWTH_FACTOR_RECEPTOR_SIGNALING_PATHWAY,GOBP|GOBP_INSULIN_LIKE_GROWTH_FACTOR_RECEPTOR_SIGNALING_PATHWAY,BFR_post_vs_pre,-0.006200726229508027,-0.773284541747441,0.441179896507223,0.6929316921964187
GOBP,GOBP_INSULIN_RECEPTOR_SIGNALING_PATHWAY,GOBP|GOBP_INSULIN_RECEPTOR_SIGNALING_PATHWAY,BFR_post_vs_pre,0.006528810611255938,1.562587538785249,0.12131199423315488,0.34698798350512683
GOBP,GOBP_INSULIN_SECRETION_INVOLVED_IN_CELLULAR_RESPONSE_TO_GLUCOSE_STIMULUS,GOBP|GOBP_INSULIN_SECRETION_INVOLVED_IN_CELLULAR_RESPONSE_TO_GLUCOSE_STIMULUS,BFR_post_vs_pre,-0.009402580709333308,-1.5091038943326487,0.13442851450460358,0.364409004475894
GOBP,GOBP_INTEGRATED_STRESS_RESPONSE_SIGNALING,GOBP|GOBP_INTEGRATED_STRESS_RESPONSE_SIGNALING,BFR_post_vs_pre,-0.004418384502255263,-0.5854368492771577,0.559574158206471,0.7767911884544536
GOBP,GOBP_INTEGRIN_MEDIATED_SIGNALING_PATHWAY,GOBP|GOBP_INTEGRIN_MEDIATED_SIGNALING_PATHWAY,BFR_post_vs_pre,-0.008464086935014051,-0.6020074389762503,0.5485330617592314,0.7752576876677971
GOBP,GOBP_INTERLEUKIN_2_PRODUCTION,GOBP|GOBP_INTERLEUKIN_2_PRODUCTION,BFR_post_vs_pre,-0.0020429391687364906,-0.4316367405278193,0.6669355497557452,0.8530297404273766
GOBP,GOBP_INTERLEUKIN_6_PRODUCTION,GOBP|GOBP_INTERLEUKIN_6_PRODUCTION,BFR_post_vs_pre,-0.008106032623327292,-1.7637615026713773,0.08082927687584372,0.28027764864357513
GOBP,GOBP_INTRACELLULAR_IRON_ION_HOMEOSTASIS,GOBP|GOBP_INTRACELLULAR_IRON_ION_HOMEOSTASIS,BFR_post_vs_pre,0.00555515546210722,1.1268304849030175,0.26251354195215826,0.5223415233728367
GOBP,GOBP_INTRACELLULAR_LIPID_TRANSPORT,GOBP|GOBP_INTRACELLULAR_LIPID_TRANSPORT,BFR_post_vs_pre,0.006069846018522451,0.8671842003266622,0.3879192593739038,0.6407668445709069
GOBP,GOBP_INTRACELLULAR_RECEPTOR_SIGNALING_PATHWAY,GOBP|GOBP_INTRACELLULAR_RECEPTOR_SIGNALING_PATHWAY,BFR_post_vs_pre,-0.009415015505420066,-2.7674482660684636,0.006733286326447018,0.06590761599908053
GOBP,GOBP_INTRA_GOLGI_VESICLE_MEDIATED_TRANSPORT,GOBP|GOBP_INTRA_GOLGI_VESICLE_MEDIATED_TRANSPORT,BFR_post_vs_pre,0.005293074594867777,0.6165032256686811,0.5389647923206222,0.7679754733066742
GOBP,GOBP_INTRINSIC_APOPTOTIC_SIGNALING_PATHWAY,GOBP|GOBP_INTRINSIC_APOPTOTIC_SIGNALING_PATHWAY,BFR_post_vs_pre,4.997168647783157e-4,0.21023847919215527,0.8339097418898282,0.920728729827089
GOBP,GOBP_INTRINSIC_APOPTOTIC_SIGNALING_PATHWAY_BY_P53_CLASS_MEDIATOR,GOBP|GOBP_INTRINSIC_APOPTOTIC_SIGNALING_PATHWAY_BY_P53_CLASS_MEDIATOR,BFR_post_vs_pre,-0.0013063155110900337,-0.26634754104451386,0.7905205209448561,0.8987855063293554
GOBP,GOBP_INTRINSIC_APOPTOTIC_SIGNALING_PATHWAY_IN_RESPONSE_TO_DNA_DAMAGE,GOBP|GOBP_INTRINSIC_APOPTOTIC_SIGNALING_PATHWAY_IN_RESPONSE_TO_DNA_DAMAGE,BFR_post_vs_pre,0.002627739213135978,0.5702244052696621,0.5698057436397035,0.7818498563521857
GOBP,GOBP_INTRINSIC_APOPTOTIC_SIGNALING_PATHWAY_IN_RESPONSE_TO_ENDOPLASMIC_RETICULUM_STRESS,GOBP|GOBP_INTRINSIC_APOPTOTIC_SIGNALING_PATHWAY_IN_RESPONSE_TO_ENDOPLASMIC_RETICULUM_STRESS,BFR_post_vs_pre,-0.009489388717908106,-1.68664396614762,0.09479231473167715,0.3082308427488099
GOBP,GOBP_INTRINSIC_APOPTOTIC_SIGNALING_PATHWAY_IN_RESPONSE_TO_OXIDATIVE_STRESS,GOBP|GOBP_INTRINSIC_APOPTOTIC_SIGNALING_PATHWAY_IN_RESPONSE_TO_OXIDATIVE_STRESS,BFR_post_vs_pre,-0.0015114627911650136,-0.36969805329637156,0.7123900140817939,0.8619586795577537
GOBP,GOBP_IN_UTERO_EMBRYONIC_DEVELOPMENT,GOBP|GOBP_IN_UTERO_EMBRYONIC_DEVELOPMENT,BFR_post_vs_pre,-0.0021481018171368746,-0.6564715002749929,0.5130301110398601,0.7432726748398717
GOBP,GOBP_ISOPRENOID_METABOLIC_PROCESS,GOBP|GOBP_ISOPRENOID_METABOLIC_PROCESS,BFR_post_vs_pre,0.008938095024677812,1.5755171248871855,0.11829873440057262,0.3447056755192715
GOBP,GOBP_JNK_CASCADE,GOBP|GOBP_JNK_CASCADE,BFR_post_vs_pre,-0.006171376546954252,-1.022394476316721,0.3090636589769912,0.5752428868040649
GOBP,GOBP_KERATINOCYTE_DIFFERENTIATION,GOBP|GOBP_KERATINOCYTE_DIFFERENTIATION,BFR_post_vs_pre,0.006330075741219795,0.6462713076158817,0.5195855704301935,0.7487087385372945
GOBP,GOBP_KETONE_BIOSYNTHETIC_PROCESS,GOBP|GOBP_KETONE_BIOSYNTHETIC_PROCESS,BFR_post_vs_pre,0.02126191979991804,3.2924519804833645,0.001373883648825801,0.03283769547582987
GOBP,GOBP_KETONE_METABOLIC_PROCESS,GOBP|GOBP_KETONE_METABOLIC_PROCESS,BFR_post_vs_pre,0.006861279176172047,2.0252127827649535,0.04551298635212331,0.20586688012762752
GOBP,GOBP_LAMELLIPODIUM_ORGANIZATION,GOBP|GOBP_LAMELLIPODIUM_ORGANIZATION,BFR_post_vs_pre,-0.001975102235509729,-0.28572894041140673,0.7756773451585273,0.8913987806991642
GOBP,GOBP_LEARNING,GOBP|GOBP_LEARNING,BFR_post_vs_pre,8.952074721816361e-4,0.13932089308193088,0.8894770609335536,0.9494288662964459
GOBP,GOBP_LEUKOCYTE_CELL_CELL_ADHESION,GOBP|GOBP_LEUKOCYTE_CELL_CELL_ADHESION,BFR_post_vs_pre,-1.8027681245423588e-4,-0.028947276228209057,0.9769643899646733,0.9897488524596004
GOBP,GOBP_LEUKOCYTE_CHEMOTAXIS,GOBP|GOBP_LEUKOCYTE_CHEMOTAXIS,BFR_post_vs_pre,0.0037797905090925787,0.6277724033775169,0.5315854307885208,0.7602394354197255
GOBP,GOBP_LEUKOCYTE_HOMEOSTASIS,GOBP|GOBP_LEUKOCYTE_HOMEOSTASIS,BFR_post_vs_pre,-0.009567073212379068,-2.958856327246548,0.003855497850865219,0.049992955466219006
GOBP,GOBP_LEUKOCYTE_MEDIATED_IMMUNITY,GOBP|GOBP_LEUKOCYTE_MEDIATED_IMMUNITY,BFR_post_vs_pre,-0.005942063989208275,-1.0838147629923898,0.281055738310476,0.5425840307830032
GOBP,GOBP_LEUKOCYTE_MIGRATION,GOBP|GOBP_LEUKOCYTE_MIGRATION,BFR_post_vs_pre,-2.9431127195084228e-5,-0.004265794178266046,0.9966049057480901,0.9975142391031097
GOBP,GOBP_LEUKOCYTE_PROLIFERATION,GOBP|GOBP_LEUKOCYTE_PROLIFERATION,BFR_post_vs_pre,-1.073690124203941e-4,-0.017731049911902046,0.9858887743326694,0.9941542062213775
GOBP,GOBP_LIMBIC_SYSTEM_DEVELOPMENT,GOBP|GOBP_LIMBIC_SYSTEM_DEVELOPMENT,BFR_post_vs_pre,-0.0013177125917764737,-0.3740103315295658,0.7091892474612871,0.8611935808977174
GOBP,GOBP_LIPID_CATABOLIC_PROCESS,GOBP|GOBP_LIPID_CATABOLIC_PROCESS,BFR_post_vs_pre,0.01060903946767952,2.788215775811551,0.006345935486042996,0.06590761599908053
GOBP,GOBP_LIPID_DROPLET_ORGANIZATION,GOBP|GOBP_LIPID_DROPLET_ORGANIZATION,BFR_post_vs_pre,0.0015419590955120521,0.2640120891040432,0.792314456426752,0.8987855063293554
GOBP,GOBP_LIPID_HOMEOSTASIS,GOBP|GOBP_LIPID_HOMEOSTASIS,BFR_post_vs_pre,-7.037736708814524e-4,-0.1488704599426914,0.8819559516028631,0.9438263140949483
GOBP,GOBP_LIPID_LOCALIZATION,GOBP|GOBP_LIPID_LOCALIZATION,BFR_post_vs_pre,0.002940086290194696,0.7587078799407156,0.44981365071712465,0.6966830166191075
GOBP,GOBP_LIPOPROTEIN_METABOLIC_PROCESS,GOBP|GOBP_LIPOPROTEIN_METABOLIC_PROCESS,BFR_post_vs_pre,-0.01266614175082317,-2.1233405130142096,0.036195614351606516,0.17330111851773947
GOBP,GOBP_LOCOMOTORY_BEHAVIOR,GOBP|GOBP_LOCOMOTORY_BEHAVIOR,BFR_post_vs_pre,-0.0011315799558851286,-0.1959798754843589,0.8450240097825862,0.9246535578211703
GOBP,GOBP_LONG_CHAIN_FATTY_ACID_METABOLIC_PROCESS,GOBP|GOBP_LONG_CHAIN_FATTY_ACID_METABOLIC_PROCESS,BFR_post_vs_pre,0.006850711073173893,1.4888278838851028,0.1396827957917325,0.37095527031896447
GOBP,GOBP_LYMPHOCYTE_MIGRATION,GOBP|GOBP_LYMPHOCYTE_MIGRATION,BFR_post_vs_pre,-0.007466349067828476,-0.9921535293748677,0.3235196697365138,0.5860232863905842
GOBP,GOBP_LYTIC_VACUOLE_ORGANIZATION,GOBP|GOBP_LYTIC_VACUOLE_ORGANIZATION,BFR_post_vs_pre,-0.01362799436730533,-1.958810974183647,0.052922851984714483,0.22377162415276017
GOBP,GOBP_L_AMINO_ACID_METABOLIC_PROCESS,GOBP|GOBP_L_AMINO_ACID_METABOLIC_PROCESS,BFR_post_vs_pre,0.005639152342151427,1.3194066459527907,0.19004912806769406,0.44205841506409804
GOBP,GOBP_MACROAUTOPHAGY,GOBP|GOBP_MACROAUTOPHAGY,BFR_post_vs_pre,-0.0034058031468581227,-1.05506268995831,0.293941579170607,0.5618834117806688
GOBP,GOBP_MAINTENANCE_OF_CELL_NUMBER,GOBP|GOBP_MAINTENANCE_OF_CELL_NUMBER,BFR_post_vs_pre,-0.005826418940360345,-0.932181033778408,0.3534903784786275,0.6130985590094163
GOBP,GOBP_MAINTENANCE_OF_LOCATION,GOBP|GOBP_MAINTENANCE_OF_LOCATION,BFR_post_vs_pre,0.0010632670061430372,0.3021206319193142,0.76318818490008,0.8837149413807062
GOBP,GOBP_MAINTENANCE_OF_PROTEIN_LOCATION,GOBP|GOBP_MAINTENANCE_OF_PROTEIN_LOCATION,BFR_post_vs_pre,-0.0024546252514918328,-0.3786696701222128,0.7057367259580263,0.8608102844107416
GOBP,GOBP_MAMMARY_GLAND_DEVELOPMENT,GOBP|GOBP_MAMMARY_GLAND_DEVELOPMENT,BFR_post_vs_pre,-0.0060534535995059036,-1.422166758494216,0.15809258745162724,0.39548563677609644
GOBP,GOBP_MEIOTIC_CELL_CYCLE,GOBP|GOBP_MEIOTIC_CELL_CYCLE,BFR_post_vs_pre,-0.002217802889356968,-0.6869518192891731,0.4937046585622388,0.7289281405409215
GOBP,GOBP_MEIOTIC_CELL_CYCLE_PROCESS,GOBP|GOBP_MEIOTIC_CELL_CYCLE_PROCESS,BFR_post_vs_pre,0.0066669867546061135,1.4382370604990131,0.15349216931122922,0.38841570482871707
GOBP,GOBP_MEMBRANELESS_ORGANELLE_ASSEMBLY,GOBP|GOBP_MEMBRANELESS_ORGANELLE_ASSEMBLY,BFR_post_vs_pre,-0.013288673394119849,-1.7662923631266247,0.08040141467498053,0.28027764864357513
GOBP,GOBP_MEMBRANE_BIOGENESIS,GOBP|GOBP_MEMBRANE_BIOGENESIS,BFR_post_vs_pre,-0.016122531442280187,-2.4263367360194814,0.017044805136031172,0.10975734441633198
GOBP,GOBP_MEMBRANE_DEPOLARIZATION,GOBP|GOBP_MEMBRANE_DEPOLARIZATION,BFR_post_vs_pre,-0.007197626925878636,-1.7129405900632781,0.08982542292533546,0.30252891357537226
GOBP,GOBP_MEMBRANE_DOCKING,GOBP|GOBP_MEMBRANE_DOCKING,BFR_post_vs_pre,-0.0016781100454523745,-0.30186196133874577,0.7633847958231793,0.8837149413807062
GOBP,GOBP_MEMBRANE_FISSION,GOBP|GOBP_MEMBRANE_FISSION,BFR_post_vs_pre,-0.011599123100498966,-1.5691397277556156,0.11977746604277333,0.34641958580400617
GOBP,GOBP_MEMBRANE_INVAGINATION,GOBP|GOBP_MEMBRANE_INVAGINATION,BFR_post_vs_pre,-0.0050249253979159775,-0.8161136525763825,0.4163768420048034,0.669152086739352
GOBP,GOBP_MEMBRANE_LIPID_METABOLIC_PROCESS,GOBP|GOBP_MEMBRANE_LIPID_METABOLIC_PROCESS,BFR_post_vs_pre,1.0438678818257274e-4,0.016979031904891778,0.9864872072016754,0.9941542062213775
GOBP,GOBP_MEMBRANE_REPOLARIZATION,GOBP|GOBP_MEMBRANE_REPOLARIZATION,BFR_post_vs_pre,-0.009733279194181266,-1.8176131923591747,0.07212063476343364,0.263426543877706
GOBP,GOBP_MEMORY,GOBP|GOBP_MEMORY,BFR_post_vs_pre,-0.00217823517850612,-0.330027193819801,0.7420704641150228,0.8718706444402301
GOBP,GOBP_MESENCHYME_DEVELOPMENT,GOBP|GOBP_MESENCHYME_DEVELOPMENT,BFR_post_vs_pre,-0.006639027771352737,-1.0495427271546498,0.2964607791024756,0.5629589867647529
GOBP,GOBP_MESODERM_DEVELOPMENT,GOBP|GOBP_MESODERM_DEVELOPMENT,BFR_post_vs_pre,-0.011958777681147673,-1.8134445522003475,0.07276570191606774,0.26454072939579765
GOBP,GOBP_METABOLIC_COMPOUND_SALVAGE,GOBP|GOBP_METABOLIC_COMPOUND_SALVAGE,BFR_post_vs_pre,0.005425605719662947,0.5615191726678294,0.5757011820459823,0.786804631238718
GOBP,GOBP_METALLO_SULFUR_CLUSTER_ASSEMBLY,GOBP|GOBP_METALLO_SULFUR_CLUSTER_ASSEMBLY,BFR_post_vs_pre,0.015055275615497868,1.8932794319964321,0.06121458069214286,0.24175098364714287
GOBP,GOBP_METHYLATION,GOBP|GOBP_METHYLATION,BFR_post_vs_pre,0.007296379992714819,1.3886831385001515,0.16801748127119834,0.40995074337864035
GOBP,GOBP_MICROTUBULE_ORGANIZING_CENTER_ORGANIZATION,GOBP|GOBP_MICROTUBULE_ORGANIZING_CENTER_ORGANIZATION,BFR_post_vs_pre,0.0015305882050092312,0.2708844953227756,0.7870387673420645,0.8987855063293554
GOBP,GOBP_MICROTUBULE_POLYMERIZATION_OR_DEPOLYMERIZATION,GOBP|GOBP_MICROTUBULE_POLYMERIZATION_OR_DEPOLYMERIZATION,BFR_post_vs_pre,-0.01223455793555481,-2.1122241356564886,0.03716079891513738,0.17506853695760413
GOBP,GOBP_MIDBRAIN_DEVELOPMENT,GOBP|GOBP_MIDBRAIN_DEVELOPMENT,BFR_post_vs_pre,-0.003035525594611843,-0.7917788225971751,0.43036565844618624,0.6805375655917335
GOBP,GOBP_MIRNA_METABOLIC_PROCESS,GOBP|GOBP_MIRNA_METABOLIC_PROCESS,BFR_post_vs_pre,-0.0037602700201216643,-0.4869693425706923,0.6273468131540574,0.8280618232016899
GOBP,GOBP_MITOCHONDRIAL_ELECTRON_TRANSPORT_CYTOCHROME_C_TO_OXYGEN,GOBP|GOBP_MITOCHONDRIAL_ELECTRON_TRANSPORT_CYTOCHROME_C_TO_OXYGEN,BFR_post_vs_pre,0.012346800400905356,2.1498826342707145,0.033978385387864435,0.1703868435444569
GOBP,GOBP_MITOCHONDRIAL_ELECTRON_TRANSPORT_NADH_TO_UBIQUINONE,GOBP|GOBP_MITOCHONDRIAL_ELECTRON_TRANSPORT_NADH_TO_UBIQUINONE,BFR_post_vs_pre,0.01581593145188509,2.4274039028680545,0.016997599308911603,0.10975734441633198
GOBP,GOBP_MITOCHONDRIAL_FISSION,GOBP|GOBP_MITOCHONDRIAL_FISSION,BFR_post_vs_pre,0.0018851572605408512,0.24458211736503413,0.8072816633682366,0.9035431598144286
GOBP,GOBP_MITOCHONDRIAL_FUSION,GOBP|GOBP_MITOCHONDRIAL_FUSION,BFR_post_vs_pre,0.010102252183737268,1.2206980031661592,0.22507375730704515,0.4784354731827353
GOBP,GOBP_MITOCHONDRIAL_GENE_EXPRESSION,GOBP|GOBP_MITOCHONDRIAL_GENE_EXPRESSION,BFR_post_vs_pre,0.04407462176593441,4.1710807271133055,6.470569579229262e-5,0.006292628915800458
GOBP,GOBP_MITOCHONDRIAL_MEMBRANE_ORGANIZATION,GOBP|GOBP_MITOCHONDRIAL_MEMBRANE_ORGANIZATION,BFR_post_vs_pre,0.012939100484747307,2.1327721504113244,0.03539379233440617,0.17210231522605
GOBP,GOBP_MITOCHONDRIAL_RESPIRATORY_CHAIN_COMPLEX_ASSEMBLY,GOBP|GOBP_MITOCHONDRIAL_RESPIRATORY_CHAIN_COMPLEX_ASSEMBLY,BFR_post_vs_pre,0.029549718905487105,3.695468450666984,3.5848327751424275e-4,0.01640588175918123
GOBP,GOBP_MITOCHONDRIAL_RNA_METABOLIC_PROCESS,GOBP|GOBP_MITOCHONDRIAL_RNA_METABOLIC_PROCESS,BFR_post_vs_pre,0.04204627934827715,4.774791694821715,6.1695735699472254e-6,0.002013652000068652
GOBP,GOBP_MITOCHONDRIAL_TRANSPORT,GOBP|GOBP_MITOCHONDRIAL_TRANSPORT,BFR_post_vs_pre,0.00837374526454672,1.5832821653794,0.11651791113147744,0.3424720823016992
GOBP,GOBP_MITOCHONDRION_LOCALIZATION,GOBP|GOBP_MITOCHONDRION_LOCALIZATION,BFR_post_vs_pre,-0.004965289695273245,-0.6660268314225085,0.5069289961813787,0.7387660778069375
GOBP,GOBP_MITOCHONDRION_ORGANIZATION,GOBP|GOBP_MITOCHONDRION_ORGANIZATION,BFR_post_vs_pre,0.019476065718800242,3.489627358066446,7.212077538674536e-4,0.02337915135453662
GOBP,GOBP_MITOTIC_CELL_CYCLE_PHASE_TRANSITION,GOBP|GOBP_MITOTIC_CELL_CYCLE_PHASE_TRANSITION,BFR_post_vs_pre,-0.005181750519306541,-1.616860501697655,0.10906189179879854,0.3314459055447862
GOBP,GOBP_MITOTIC_SPINDLE_ASSEMBLY,GOBP|GOBP_MITOTIC_SPINDLE_ASSEMBLY,BFR_post_vs_pre,-0.00834615825896811,-1.2552573614822589,0.21231364802300054,0.4752894516487413
GOBP,GOBP_MODIFICATION_OF_SYNAPTIC_STRUCTURE,GOBP|GOBP_MODIFICATION_OF_SYNAPTIC_STRUCTURE,BFR_post_vs_pre,-0.005331112545420569,-0.6519472309737468,0.5159323615189528,0.7460880618248055
GOBP,GOBP_MODIFIED_AMINO_ACID_BIOSYNTHETIC_PROCESS,GOBP|GOBP_MODIFIED_AMINO_ACID_BIOSYNTHETIC_PROCESS,BFR_post_vs_pre,-0.0035563465580507048,-0.7834522271884655,0.4352150564642142,0.6854196638242078
GOBP,GOBP_MODIFIED_AMINO_ACID_METABOLIC_PROCESS,GOBP|GOBP_MODIFIED_AMINO_ACID_METABOLIC_PROCESS,BFR_post_vs_pre,0.0012518376832107991,0.3649979043588888,0.7158845407548892,0.8632016810067459
GOBP,GOBP_MODULATION_OF_PROCESS_OF_ANOTHER_ORGANISM,GOBP|GOBP_MODULATION_OF_PROCESS_OF_ANOTHER_ORGANISM,BFR_post_vs_pre,-0.019785445192880988,-2.6373101314127982,0.009692368148737904,0.08068352664328356
GOBP,GOBP_MONOATOMIC_ANION_TRANSPORT,GOBP|GOBP_MONOATOMIC_ANION_TRANSPORT,BFR_post_vs_pre,0.01060918818287207,1.3493151623271697,0.18028586042438072,0.4315766135697483
GOBP,GOBP_MONOCARBOXYLIC_ACID_CATABOLIC_PROCESS,GOBP|GOBP_MONOCARBOXYLIC_ACID_CATABOLIC_PROCESS,BFR_post_vs_pre,0.017072222582651453,3.947871579811071,1.4688082526388956e-4,0.009522773504608839
GOBP,GOBP_MONOSACCHARIDE_CATABOLIC_PROCESS,GOBP|GOBP_MONOSACCHARIDE_CATABOLIC_PROCESS,BFR_post_vs_pre,-0.004145382563556288,-0.9218805687517676,0.3588118854539716,0.6162376310887193
GOBP,GOBP_MONOSACCHARIDE_METABOLIC_PROCESS,GOBP|GOBP_MONOSACCHARIDE_METABOLIC_PROCESS,BFR_post_vs_pre,0.0011257438007753473,0.328799942025407,0.7429951635782424,0.8718706444402301
GOBP,GOBP_MORPHOGENESIS_OF_A_BRANCHING_STRUCTURE,GOBP|GOBP_MORPHOGENESIS_OF_A_BRANCHING_STRUCTURE,BFR_post_vs_pre,-0.012743574698011718,-2.2945056062529083,0.023854023026357585,0.14059416601898636
GOBP,GOBP_MULTICELLULAR_ORGANISMAL_LEVEL_CHEMICAL_HOMEOSTASIS,GOBP|GOBP_MULTICELLULAR_ORGANISMAL_LEVEL_CHEMICAL_HOMEOSTASIS,BFR_post_vs_pre,0.00578543735096565,0.990010224756575,0.3245609386069921,0.5860232863905842
GOBP,GOBP_MULTICELLULAR_ORGANISMAL_RESPONSE_TO_STRESS,GOBP|GOBP_MULTICELLULAR_ORGANISMAL_RESPONSE_TO_STRESS,BFR_post_vs_pre,-0.006278201418265336,-0.9060306647005507,0.3670996791327241,0.6197086019866572
GOBP,GOBP_MULTICELLULAR_ORGANISM_GROWTH,GOBP|GOBP_MULTICELLULAR_ORGANISM_GROWTH,BFR_post_vs_pre,0.002699579010437124,0.5852263423622627,0.559715121486171,0.7767911884544536
GOBP,GOBP_MULTI_MULTICELLULAR_ORGANISM_PROCESS,GOBP|GOBP_MULTI_MULTICELLULAR_ORGANISM_PROCESS,BFR_post_vs_pre,0.0015191943215100991,0.25713874262526143,0.7976005393762501,0.8993235067169892
GOBP,GOBP_MUSCLE_ADAPTATION,GOBP|GOBP_MUSCLE_ADAPTATION,BFR_post_vs_pre,-0.019430452788000957,-2.369092761971865,0.019754408119915055,0.11822253474841471
GOBP,GOBP_MUSCLE_CELL_APOPTOTIC_PROCESS,GOBP|GOBP_MUSCLE_CELL_APOPTOTIC_PROCESS,BFR_post_vs_pre,-0.0030841748430847082,-0.5703907374181187,0.5696933838115402,0.7818498563521857
GOBP,GOBP_MUSCLE_CELL_DIFFERENTIATION,GOBP|GOBP_MUSCLE_CELL_DIFFERENTIATION,BFR_post_vs_pre,-0.01727691615261734,-1.4977013006022444,0.13736394026851337,0.36978943089585953
GOBP,GOBP_MUSCLE_CELL_MIGRATION,GOBP|GOBP_MUSCLE_CELL_MIGRATION,BFR_post_vs_pre,0.001177487813140558,0.1270089679027884,0.8991885911806585,0.9494288662964459
GOBP,GOBP_MUSCLE_CELL_PROLIFERATION,GOBP|GOBP_MUSCLE_CELL_PROLIFERATION,BFR_post_vs_pre,-0.007995015294387973,-1.337806300648665,0.18399705529426866,0.43776669424752607
GOBP,GOBP_MUSCLE_CONTRACTION,GOBP|GOBP_MUSCLE_CONTRACTION,BFR_post_vs_pre,-0.014250517639468302,-1.5124447905772973,0.1335778411839198,0.3633690924513623
GOBP,GOBP_MUSCLE_ORGAN_MORPHOGENESIS,GOBP|GOBP_MUSCLE_ORGAN_MORPHOGENESIS,BFR_post_vs_pre,-0.025995263113335082,-2.61187506378014,0.010392805858685373,0.08209837391470184
GOBP,GOBP_MUSCLE_TISSUE_DEVELOPMENT,GOBP|GOBP_MUSCLE_TISSUE_DEVELOPMENT,BFR_post_vs_pre,-0.018378504066550977,-2.6349615391467096,0.009755206768402962,0.08068352664328356
GOBP,GOBP_MYELOID_CELL_DIFFERENTIATION,GOBP|GOBP_MYELOID_CELL_DIFFERENTIATION,BFR_post_vs_pre,4.743307710211586e-5,0.012100591979069729,0.9903694923381358,0.9954876809290305
GOBP,GOBP_MYELOID_LEUKOCYTE_ACTIVATION,GOBP|GOBP_MYELOID_LEUKOCYTE_ACTIVATION,BFR_post_vs_pre,-0.0031246135855089348,-0.4551818243960937,0.6499661394390004,0.8498716915689787
GOBP,GOBP_MYELOID_LEUKOCYTE_DIFFERENTIATION,GOBP|GOBP_MYELOID_LEUKOCYTE_DIFFERENTIATION,BFR_post_vs_pre,-0.0021297635089998993,-0.4025526572466391,0.6881374286437268,0.8604611380416856
GOBP,GOBP_MYELOID_LEUKOCYTE_MEDIATED_IMMUNITY,GOBP|GOBP_MYELOID_LEUKOCYTE_MEDIATED_IMMUNITY,BFR_post_vs_pre,-0.01382522411867825,-1.6437869659242637,0.10336380527418677,0.3227683469708085
GOBP,GOBP_MYOBLAST_DIFFERENTIATION,GOBP|GOBP_MYOBLAST_DIFFERENTIATION,BFR_post_vs_pre,-0.01708384038749186,-3.440901714345186,8.476877230723524e-4,0.02536542494424193
GOBP,GOBP_MYOTUBE_CELL_DEVELOPMENT,GOBP|GOBP_MYOTUBE_CELL_DEVELOPMENT,BFR_post_vs_pre,-0.01735528170168424,-1.48109244112443,0.14172911838450178,0.37095527031896447
GOBP,GOBP_MYOTUBE_DIFFERENTIATION,GOBP|GOBP_MYOTUBE_DIFFERENTIATION,BFR_post_vs_pre,-0.012575204221027536,-0.9833957321542469,0.32778836639830766,0.5876021867693164
GOBP,GOBP_NADH_DEHYDROGENASE_COMPLEX_ASSEMBLY,GOBP|GOBP_NADH_DEHYDROGENASE_COMPLEX_ASSEMBLY,BFR_post_vs_pre,0.02069375648963548,2.7586251249222107,0.006904288587429127,0.06590761599908053
GOBP,GOBP_NADPLUS_METABOLIC_PROCESS,GOBP|GOBP_NADPLUS_METABOLIC_PROCESS,BFR_post_vs_pre,0.01083511283996813,2.6639118766662144,0.009005755919146461,0.0778497567232883
GOBP,GOBP_NADPPLUS_METABOLIC_PROCESS,GOBP|GOBP_NADPPLUS_METABOLIC_PROCESS,BFR_post_vs_pre,0.0043516415180627765,0.661173384750837,0.5100230957334815,0.7402947173146429
GOBP,GOBP_NEGATIVE_REGULATION_OF_ACTIN_FILAMENT_POLYMERIZATION,GOBP|GOBP_NEGATIVE_REGULATION_OF_ACTIN_FILAMENT_POLYMERIZATION,BFR_post_vs_pre,-0.010161748639149218,-0.706278768059613,0.481658728261002,0.7192523811651814
GOBP,GOBP_NEGATIVE_REGULATION_OF_AUTOPHAGY,GOBP|GOBP_NEGATIVE_REGULATION_OF_AUTOPHAGY,BFR_post_vs_pre,0.01014951164880415,1.6978763094194305,0.09264407520039551,0.30541140044876147
GOBP,GOBP_NEGATIVE_REGULATION_OF_CALCIUM_ION_TRANSPORT,GOBP|GOBP_NEGATIVE_REGULATION_OF_CALCIUM_ION_TRANSPORT,BFR_post_vs_pre,-0.010626386825851541,-1.968350273918112,0.05179912641685345,0.22021705110552994
GOBP,GOBP_NEGATIVE_REGULATION_OF_CANONICAL_NF_KAPPAB_SIGNAL_TRANSDUCTION,GOBP|GOBP_NEGATIVE_REGULATION_OF_CANONICAL_NF_KAPPAB_SIGNAL_TRANSDUCTION,BFR_post_vs_pre,0.004502827109177689,0.6889560636555062,0.49244790915302283,0.7289281405409215
GOBP,GOBP_NEGATIVE_REGULATION_OF_CARBOHYDRATE_METABOLIC_PROCESS,GOBP|GOBP_NEGATIVE_REGULATION_OF_CARBOHYDRATE_METABOLIC_PROCESS,BFR_post_vs_pre,-0.006594930874142757,-0.9281721520427555,0.35555542983995037,0.6130985590094163
GOBP,GOBP_NEGATIVE_REGULATION_OF_CATABOLIC_PROCESS,GOBP|GOBP_NEGATIVE_REGULATION_OF_CATABOLIC_PROCESS,BFR_post_vs_pre,-0.003812768373330005,-1.2926712849312052,0.1991065095954374,0.45426646470747895
GOBP,GOBP_NEGATIVE_REGULATION_OF_CELL_ACTIVATION,GOBP|GOBP_NEGATIVE_REGULATION_OF_CELL_ACTIVATION,BFR_post_vs_pre,-0.002267074748536435,-0.36235070544544185,0.7178553825338876,0.8632016810067459
GOBP,GOBP_NEGATIVE_REGULATION_OF_CELL_ADHESION,GOBP|GOBP_NEGATIVE_REGULATION_OF_CELL_ADHESION,BFR_post_vs_pre,-0.010198274178475575,-1.8728842589026982,0.0640082329480586,0.24899202616794797
GOBP,GOBP_NEGATIVE_REGULATION_OF_CELL_CYCLE,GOBP|GOBP_NEGATIVE_REGULATION_OF_CELL_CYCLE,BFR_post_vs_pre,0.002211254749630319,0.48609465001002683,0.6279646217082223,0.8280618232016899
GOBP,GOBP_NEGATIVE_REGULATION_OF_CELL_DEVELOPMENT,GOBP|GOBP_NEGATIVE_REGULATION_OF_CELL_DEVELOPMENT,BFR_post_vs_pre,-0.002120497515747999,-0.5259665843657685,0.6000770796554594,0.8066349652046418
GOBP,GOBP_NEGATIVE_REGULATION_OF_CELL_PROJECTION_ORGANIZATION,GOBP|GOBP_NEGATIVE_REGULATION_OF_CELL_PROJECTION_ORGANIZATION,BFR_post_vs_pre,0.00130683638833326,0.23678122698269724,0.8133113582244714,0.9065275597401702
GOBP,GOBP_NEGATIVE_REGULATION_OF_CYTOKINE_PRODUCTION,GOBP|GOBP_NEGATIVE_REGULATION_OF_CYTOKINE_PRODUCTION,BFR_post_vs_pre,-0.0010558846926595929,-0.2417460571992546,0.8094724709391474,0.9035431598144286
GOBP,GOBP_NEGATIVE_REGULATION_OF_DNA_METABOLIC_PROCESS,GOBP|GOBP_NEGATIVE_REGULATION_OF_DNA_METABOLIC_PROCESS,BFR_post_vs_pre,0.006050145308987689,0.9271182195794697,0.35609961041945115,0.6130985590094163
GOBP,GOBP_NEGATIVE_REGULATION_OF_ENDOCYTOSIS,GOBP|GOBP_NEGATIVE_REGULATION_OF_ENDOCYTOSIS,BFR_post_vs_pre,-0.001023244416852781,-0.1541143380332719,0.8778304900846425,0.9433040349252099
GOBP,GOBP_NEGATIVE_REGULATION_OF_EPITHELIAL_CELL_PROLIFERATION,GOBP|GOBP_NEGATIVE_REGULATION_OF_EPITHELIAL_CELL_PROLIFERATION,BFR_post_vs_pre,-0.0022244266858618966,-0.2957547863468771,0.7680312256204312,0.8854842806505813
GOBP,GOBP_NEGATIVE_REGULATION_OF_ESTABLISHMENT_OF_PROTEIN_LOCALIZATION,GOBP|GOBP_NEGATIVE_REGULATION_OF_ESTABLISHMENT_OF_PROTEIN_LOCALIZATION,BFR_post_vs_pre,-0.01141115614342833,-2.7825447990210948,0.006449637443334927,0.06590761599908053
GOBP,GOBP_NEGATIVE_REGULATION_OF_GROWTH,GOBP|GOBP_NEGATIVE_REGULATION_OF_GROWTH,BFR_post_vs_pre,-0.02126750803198267,-4.767623426184438,6.350917032157365e-6,0.002013652000068652
GOBP,GOBP_NEGATIVE_REGULATION_OF_IMMUNE_EFFECTOR_PROCESS,GOBP|GOBP_NEGATIVE_REGULATION_OF_IMMUNE_EFFECTOR_PROCESS,BFR_post_vs_pre,-3.843973487993868e-4,-0.052161426592210756,0.9585042272394371,0.9812056431477395
GOBP,GOBP_NEGATIVE_REGULATION_OF_IMMUNE_RESPONSE,GOBP|GOBP_NEGATIVE_REGULATION_OF_IMMUNE_RESPONSE,BFR_post_vs_pre,-0.0055122924229722425,-1.1617247879221209,0.248115339368162,0.5093238364866227
GOBP,GOBP_NEGATIVE_REGULATION_OF_INFLAMMATORY_RESPONSE,GOBP|GOBP_NEGATIVE_REGULATION_OF_INFLAMMATORY_RESPONSE,BFR_post_vs_pre,-0.010108805134969062,-3.0761046842988518,0.002705823187995104,0.04473378117335871
GOBP,GOBP_NEGATIVE_REGULATION_OF_INTRACELLULAR_TRANSPORT,GOBP|GOBP_NEGATIVE_REGULATION_OF_INTRACELLULAR_TRANSPORT,BFR_post_vs_pre,-0.007695240612809934,-1.5533942443145603,0.12349133891489171,0.35064329078753925
GOBP,GOBP_NEGATIVE_REGULATION_OF_INTRINSIC_APOPTOTIC_SIGNALING_PATHWAY,GOBP|GOBP_NEGATIVE_REGULATION_OF_INTRINSIC_APOPTOTIC_SIGNALING_PATHWAY,BFR_post_vs_pre,-0.0023858743728754905,-0.7468963448446828,0.45688037597821174,0.6986826434898051
GOBP,GOBP_NEGATIVE_REGULATION_OF_KINASE_ACTIVITY,GOBP|GOBP_NEGATIVE_REGULATION_OF_KINASE_ACTIVITY,BFR_post_vs_pre,-0.004055643732079409,-0.7346636420313396,0.46426537473450535,0.7082148613457842
GOBP,GOBP_NEGATIVE_REGULATION_OF_LIPID_METABOLIC_PROCESS,GOBP|GOBP_NEGATIVE_REGULATION_OF_LIPID_METABOLIC_PROCESS,BFR_post_vs_pre,-5.505149531285711e-4,-0.07261216472750039,0.9422599258543367,0.9739119143410728
GOBP,GOBP_NEGATIVE_REGULATION_OF_LOCOMOTION,GOBP|GOBP_NEGATIVE_REGULATION_OF_LOCOMOTION,BFR_post_vs_pre,-0.0019606913372496454,-0.41114716605499363,0.6818452685804969,0.8590233016774566
GOBP,GOBP_NEGATIVE_REGULATION_OF_MAPK_CASCADE,GOBP|GOBP_NEGATIVE_REGULATION_OF_MAPK_CASCADE,BFR_post_vs_pre,-0.006353222578955292,-1.7966610642167562,0.07541150643372309,0.2703693640803528
GOBP,GOBP_NEGATIVE_REGULATION_OF_MITOTIC_CELL_CYCLE_PHASE_TRANSITION,GOBP|GOBP_NEGATIVE_REGULATION_OF_MITOTIC_CELL_CYCLE_PHASE_TRANSITION,BFR_post_vs_pre,0.006915897566848329,1.1139789253636423,0.2679612064917337,0.530170633721282
GOBP,GOBP_NEGATIVE_REGULATION_OF_MOLECULAR_FUNCTION,GOBP|GOBP_NEGATIVE_REGULATION_OF_MOLECULAR_FUNCTION,BFR_post_vs_pre,-0.0011173686442248199,-0.3506596695334713,0.7265820216720772,0.8659834333145761
GOBP,GOBP_NEGATIVE_REGULATION_OF_MRNA_METABOLIC_PROCESS,GOBP|GOBP_NEGATIVE_REGULATION_OF_MRNA_METABOLIC_PROCESS,BFR_post_vs_pre,-0.004014754159665701,-0.5148917447151105,0.6077660323526843,0.8124432528700831
GOBP,GOBP_NEGATIVE_REGULATION_OF_NERVOUS_SYSTEM_DEVELOPMENT,GOBP|GOBP_NEGATIVE_REGULATION_OF_NERVOUS_SYSTEM_DEVELOPMENT,BFR_post_vs_pre,0.016328992283385663,2.449673426222057,0.01603872819621728,0.10975734441633198
GOBP,GOBP_NEGATIVE_REGULATION_OF_ORGANELLE_ORGANIZATION,GOBP|GOBP_NEGATIVE_REGULATION_OF_ORGANELLE_ORGANIZATION,BFR_post_vs_pre,-0.0010253949861476416,-0.1994030446111642,0.8423527777327556,0.9246535578211703
GOBP,GOBP_NEGATIVE_REGULATION_OF_PHOSPHORUS_METABOLIC_PROCESS,GOBP|GOBP_NEGATIVE_REGULATION_OF_PHOSPHORUS_METABOLIC_PROCESS,BFR_post_vs_pre,5.052483015894893e-4,0.1231630795271312,0.9022254062050326,0.9498394668843239
GOBP,GOBP_NEGATIVE_REGULATION_OF_PROTEASOMAL_UBIQUITIN_DEPENDENT_PROTEIN_CATABOLIC_PROCESS,GOBP|GOBP_NEGATIVE_REGULATION_OF_PROTEASOMAL_UBIQUITIN_DEPENDENT_PROTEIN_CATABOLIC_PROCESS,BFR_post_vs_pre,-0.007332685424373934,-1.1332096593136773,0.2598384914912126,0.5206845009008598
GOBP,GOBP_NEGATIVE_REGULATION_OF_PROTEIN_CATABOLIC_PROCESS,GOBP|GOBP_NEGATIVE_REGULATION_OF_PROTEIN_CATABOLIC_PROCESS,BFR_post_vs_pre,-0.0020672261290281616,-0.4195220596037236,0.6757354169234229,0.8548327713275171
GOBP,GOBP_NEGATIVE_REGULATION_OF_PROTEIN_CONTAINING_COMPLEX_ASSEMBLY,GOBP|GOBP_NEGATIVE_REGULATION_OF_PROTEIN_CONTAINING_COMPLEX_ASSEMBLY,BFR_post_vs_pre,-0.008303370526418899,-1.1876483051710425,0.2377880871479144,0.4933310181362065
GOBP,GOBP_NEGATIVE_REGULATION_OF_PROTEIN_LOCALIZATION,GOBP|GOBP_NEGATIVE_REGULATION_OF_PROTEIN_LOCALIZATION,BFR_post_vs_pre,-0.009022352920422777,-2.83082576969639,0.005614177203370459,0.05983328581126325
GOBP,GOBP_NEGATIVE_REGULATION_OF_PROTEIN_MODIFICATION_PROCESS,GOBP|GOBP_NEGATIVE_REGULATION_OF_PROTEIN_MODIFICATION_PROCESS,BFR_post_vs_pre,-0.007975225095728157,-2.1956584150489395,0.030430713562003425,0.15575720494235962
GOBP,GOBP_NEGATIVE_REGULATION_OF_PROTEIN_UBIQUITINATION,GOBP|GOBP_NEGATIVE_REGULATION_OF_PROTEIN_UBIQUITINATION,BFR_post_vs_pre,-0.0076650188148542735,-1.3189180954216244,0.19021182857760965,0.44205841506409804
GOBP,GOBP_NEGATIVE_REGULATION_OF_PROTEOLYSIS,GOBP|GOBP_NEGATIVE_REGULATION_OF_PROTEOLYSIS,BFR_post_vs_pre,-0.001852757102940139,-0.41029580473913146,0.6824675698210751,0.8590233016774566
GOBP,GOBP_NEGATIVE_REGULATION_OF_REACTIVE_OXYGEN_SPECIES_METABOLIC_PROCESS,GOBP|GOBP_NEGATIVE_REGULATION_OF_REACTIVE_OXYGEN_SPECIES_METABOLIC_PROCESS,BFR_post_vs_pre,8.428581534553892e-4,0.1714077613555685,0.8642498690018605,0.9364713065229074
GOBP,GOBP_NEGATIVE_REGULATION_OF_RESPONSE_TO_BIOTIC_STIMULUS,GOBP|GOBP_NEGATIVE_REGULATION_OF_RESPONSE_TO_BIOTIC_STIMULUS,BFR_post_vs_pre,-0.001598270984255086,-0.318437107878358,0.7508181550022321,0.8770818687563613
GOBP,GOBP_NEGATIVE_REGULATION_OF_RESPONSE_TO_EXTERNAL_STIMULUS,GOBP|GOBP_NEGATIVE_REGULATION_OF_RESPONSE_TO_EXTERNAL_STIMULUS,BFR_post_vs_pre,-0.004243655276071873,-1.5826950772197292,0.11665180181227543,0.3424720823016992
GOBP,GOBP_NEGATIVE_REGULATION_OF_SECRETION,GOBP|GOBP_NEGATIVE_REGULATION_OF_SECRETION,BFR_post_vs_pre,2.0489400377712852e-4,0.031711579266999634,0.9747653301953642,0.9897488524596004
GOBP,GOBP_NEGATIVE_REGULATION_OF_SMALL_MOLECULE_METABOLIC_PROCESS,GOBP|GOBP_NEGATIVE_REGULATION_OF_SMALL_MOLECULE_METABOLIC_PROCESS,BFR_post_vs_pre,0.0026723386241425673,0.4972939104814502,0.6200745450392695,0.8210301449250625
GOBP,GOBP_NEGATIVE_REGULATION_OF_SMOOTH_MUSCLE_CELL_PROLIFERATION,GOBP|GOBP_NEGATIVE_REGULATION_OF_SMOOTH_MUSCLE_CELL_PROLIFERATION,BFR_post_vs_pre,-0.013191833182345666,-1.685134534955771,0.0950840646011753,0.3082308427488099
GOBP,GOBP_NEGATIVE_REGULATION_OF_SUPRAMOLECULAR_FIBER_ORGANIZATION,GOBP|GOBP_NEGATIVE_REGULATION_OF_SUPRAMOLECULAR_FIBER_ORGANIZATION,BFR_post_vs_pre,-0.012733668210740443,-1.6099407886010897,0.11056623922580627,0.3314663919635934
GOBP,GOBP_NEGATIVE_REGULATION_OF_TOR_SIGNALING,GOBP|GOBP_NEGATIVE_REGULATION_OF_TOR_SIGNALING,BFR_post_vs_pre,-0.0022823394576122966,-0.34308958549581264,0.73225197919082,0.8676106334953422
GOBP,GOBP_NEGATIVE_REGULATION_OF_TRANSLATION,GOBP|GOBP_NEGATIVE_REGULATION_OF_TRANSLATION,BFR_post_vs_pre,-0.008272463906612834,-1.4870138655899479,0.14016058979287027,0.37095527031896447
GOBP,GOBP_NEGATIVE_REGULATION_OF_TRANSMEMBRANE_TRANSPORT,GOBP|GOBP_NEGATIVE_REGULATION_OF_TRANSMEMBRANE_TRANSPORT,BFR_post_vs_pre,-0.008654577520545215,-2.085711941613682,0.0395529308139328,0.18316773912642692
GOBP,GOBP_NEGATIVE_REGULATION_OF_TRANSPORT,GOBP|GOBP_NEGATIVE_REGULATION_OF_TRANSPORT,BFR_post_vs_pre,-0.00543150054695174,-1.6133878585738268,0.10981477880827967,0.3314663919635934
GOBP,GOBP_NEGATIVE_REGULATION_OF_VASCULATURE_DEVELOPMENT,GOBP|GOBP_NEGATIVE_REGULATION_OF_VASCULATURE_DEVELOPMENT,BFR_post_vs_pre,-0.010824910692189313,-1.1924485864496486,0.23591008716080597,0.49203532627058005
GOBP,GOBP_NEGATIVE_REGULATION_OF_WNT_SIGNALING_PATHWAY,GOBP|GOBP_NEGATIVE_REGULATION_OF_WNT_SIGNALING_PATHWAY,BFR_post_vs_pre,-0.01879449540743329,-3.0145577435401676,0.003262374084295536,0.046147764319671394
GOBP,GOBP_NEPHRON_DEVELOPMENT,GOBP|GOBP_NEPHRON_DEVELOPMENT,BFR_post_vs_pre,-0.012372670929673313,-1.2649875047202763,0.20881861841924323,0.4695401304340209
GOBP,GOBP_NEURAL_CREST_CELL_DIFFERENTIATION,GOBP|GOBP_NEURAL_CREST_CELL_DIFFERENTIATION,BFR_post_vs_pre,-0.004809860432086989,-0.5923046283560367,0.5549848513017369,0.7765795221452362
GOBP,GOBP_NEURAL_PRECURSOR_CELL_PROLIFERATION,GOBP|GOBP_NEURAL_PRECURSOR_CELL_PROLIFERATION,BFR_post_vs_pre,-0.006254637486239292,-1.1115196131342548,0.26901261294466694,0.530170633721282
GOBP,GOBP_NEURAL_TUBE_DEVELOPMENT,GOBP|GOBP_NEURAL_TUBE_DEVELOPMENT,BFR_post_vs_pre,5.837233225693406e-4,0.09206214664287499,0.9268330213920623,0.9627184120734639
GOBP,GOBP_NEUROMUSCULAR_JUNCTION_DEVELOPMENT,GOBP|GOBP_NEUROMUSCULAR_JUNCTION_DEVELOPMENT,BFR_post_vs_pre,-0.019904720690411652,-1.6240254518243455,0.10752158950415949,0.3293377820245515
GOBP,GOBP_NEUROMUSCULAR_PROCESS,GOBP|GOBP_NEUROMUSCULAR_PROCESS,BFR_post_vs_pre,-0.015094444046549749,-2.2073515002709216,0.02957799577814502,0.15548432915808666
GOBP,GOBP_NEURON_APOPTOTIC_PROCESS,GOBP|GOBP_NEURON_APOPTOTIC_PROCESS,BFR_post_vs_pre,-0.004605041557298239,-0.7697244265226486,0.4432796127560126,0.6939065165476415
GOBP,GOBP_NEURON_MIGRATION,GOBP|GOBP_NEURON_MIGRATION,BFR_post_vs_pre,-0.0067938458906579985,-1.3906511995162092,0.16742128847925952,0.40995074337864035
GOBP,GOBP_NEURON_PROJECTION_GUIDANCE,GOBP|GOBP_NEURON_PROJECTION_GUIDANCE,BFR_post_vs_pre,-0.02494230375173625,-2.430023140076798,0.01688223138933172,0.10975734441633198
GOBP,GOBP_NEURON_PROJECTION_ORGANIZATION,GOBP|GOBP_NEURON_PROJECTION_ORGANIZATION,BFR_post_vs_pre,-0.008363553936913425,-1.5351454965601394,0.12790917971019183,0.35636096025167574
GOBP,GOBP_NEUROTRANSMITTER_TRANSPORT,GOBP|GOBP_NEUROTRANSMITTER_TRANSPORT,BFR_post_vs_pre,-0.010903577995972316,-2.202240636693049,0.02994810517379931,0.15575720494235962
GOBP,GOBP_NEUTRAL_LIPID_METABOLIC_PROCESS,GOBP|GOBP_NEUTRAL_LIPID_METABOLIC_PROCESS,BFR_post_vs_pre,-0.009612519446441453,-1.566007344150741,0.12050913667074672,0.34698798350512683
GOBP,GOBP_NON_CANONICAL_NF_KAPPAB_SIGNAL_TRANSDUCTION,GOBP|GOBP_NON_CANONICAL_NF_KAPPAB_SIGNAL_TRANSDUCTION,BFR_post_vs_pre,-0.010374958415489993,-2.196293997765145,0.030383818677351057,0.15575720494235962
GOBP,GOBP_NON_PROTEINOGENIC_AMINO_ACID_METABOLIC_PROCESS,GOBP|GOBP_NON_PROTEINOGENIC_AMINO_ACID_METABOLIC_PROCESS,BFR_post_vs_pre,-0.005248870252494625,-1.0139076434743237,0.3130761635813956,0.5788357598195804
GOBP,GOBP_NOTCH_SIGNALING_PATHWAY,GOBP|GOBP_NOTCH_SIGNALING_PATHWAY,BFR_post_vs_pre,-0.008849820074646145,-1.6279712585755464,0.10668082627144732,0.3280540823683242
GOBP,GOBP_NUCLEAR_TRANSCRIBED_MRNA_CATABOLIC_PROCESS,GOBP|GOBP_NUCLEAR_TRANSCRIBED_MRNA_CATABOLIC_PROCESS,BFR_post_vs_pre,-0.01433041136686021,-2.503306667819804,0.01392470573728561,0.10124692582811406
GOBP,GOBP_NUCLEAR_TRANSPORT,GOBP|GOBP_NUCLEAR_TRANSPORT,BFR_post_vs_pre,-0.010366413241748994,-3.7144059389834236,3.3571343623782854e-4,0.016324065837064413
GOBP,GOBP_NUCLEOBASE_METABOLIC_PROCESS,GOBP|GOBP_NUCLEOBASE_METABOLIC_PROCESS,BFR_post_vs_pre,3.6400834726348086e-4,0.04477287413206412,0.9643777200508954,0.984627120996846
GOBP,GOBP_NUCLEOSIDE_METABOLIC_PROCESS,GOBP|GOBP_NUCLEOSIDE_METABOLIC_PROCESS,BFR_post_vs_pre,0.0036706040193420775,0.34080436943000464,0.7339665315704504,0.8676106334953422
GOBP,GOBP_NUCLEOSIDE_MONOPHOSPHATE_METABOLIC_PROCESS,GOBP|GOBP_NUCLEOSIDE_MONOPHOSPHATE_METABOLIC_PROCESS,BFR_post_vs_pre,-5.332771846471018e-5,-0.008126262624522953,0.9935324574516274,0.9973783895449886
GOBP,GOBP_NUCLEOSIDE_PHOSPHATE_BIOSYNTHETIC_PROCESS,GOBP|GOBP_NUCLEOSIDE_PHOSPHATE_BIOSYNTHETIC_PROCESS,BFR_post_vs_pre,0.012027868852126644,3.5350794017024274,6.194564579186675e-4,0.02190623292094197
GOBP,GOBP_NUCLEOSIDE_TRIPHOSPHATE_BIOSYNTHETIC_PROCESS,GOBP|GOBP_NUCLEOSIDE_TRIPHOSPHATE_BIOSYNTHETIC_PROCESS,BFR_post_vs_pre,0.013197120335895263,2.869509934056463,0.005017624821777658,0.05914715320216694
GOBP,GOBP_NUCLEOTIDE_SUGAR_METABOLIC_PROCESS,GOBP|GOBP_NUCLEOTIDE_SUGAR_METABOLIC_PROCESS,BFR_post_vs_pre,0.001552249604958457,0.18976595147854428,0.8498775800202901,0.9273559007795031
GOBP,GOBP_NUCLEUS_LOCALIZATION,GOBP|GOBP_NUCLEUS_LOCALIZATION,BFR_post_vs_pre,-0.013623092407435977,-1.3984641168269394,0.16507039534357987,0.40769767484858777
GOBP,GOBP_NUCLEUS_ORGANIZATION,GOBP|GOBP_NUCLEUS_ORGANIZATION,BFR_post_vs_pre,-0.012966388171771828,-2.0080162294124415,0.047341367007343114,0.2069190086051289
GOBP,GOBP_NUTRIENT_STORAGE,GOBP|GOBP_NUTRIENT_STORAGE,BFR_post_vs_pre,-0.007381814462833542,-1.2281241480737066,0.2222859810626312,0.476414582002003
GOBP,GOBP_OLEFINIC_COMPOUND_METABOLIC_PROCESS,GOBP|GOBP_OLEFINIC_COMPOUND_METABOLIC_PROCESS,BFR_post_vs_pre,0.0017614334539085563,0.34279074419677036,0.7324761170270018,0.8676106334953422
GOBP,GOBP_OLIGODENDROCYTE_DIFFERENTIATION,GOBP|GOBP_OLIGODENDROCYTE_DIFFERENTIATION,BFR_post_vs_pre,-0.0029911828657089076,-0.38650863557119697,0.6999420175261295,0.8608102844107416
GOBP,GOBP_ORGANELLE_DISASSEMBLY,GOBP|GOBP_ORGANELLE_DISASSEMBLY,BFR_post_vs_pre,0.0040486825938614995,0.8132564829339196,0.4180050310479757,0.669152086739352
GOBP,GOBP_ORGANELLE_FUSION,GOBP|GOBP_ORGANELLE_FUSION,BFR_post_vs_pre,-0.004244602416513341,-0.9670976807419114,0.3358306263380153,0.5965210668743742
GOBP,GOBP_ORGANIC_ACID_BIOSYNTHETIC_PROCESS,GOBP|GOBP_ORGANIC_ACID_BIOSYNTHETIC_PROCESS,BFR_post_vs_pre,0.00377685442932435,1.0965157844168307,0.2754893100609639,0.5371696321489471
GOBP,GOBP_ORGANIC_ANION_TRANSPORT,GOBP|GOBP_ORGANIC_ANION_TRANSPORT,BFR_post_vs_pre,0.010749136464896503,2.4092494818562225,0.017816719109917396,0.11221669950345829
GOBP,GOBP_ORGANIC_HYDROXY_COMPOUND_TRANSPORT,GOBP|GOBP_ORGANIC_HYDROXY_COMPOUND_TRANSPORT,BFR_post_vs_pre,0.0020976893732341934,0.39648397515390366,0.6925936643685012,0.8608102844107416
GOBP,GOBP_ORGANOPHOSPHATE_CATABOLIC_PROCESS,GOBP|GOBP_ORGANOPHOSPHATE_CATABOLIC_PROCESS,BFR_post_vs_pre,0.004672456570162381,1.3188479825146262,0.19023518660933592,0.44205841506409804
GOBP,GOBP_ORGANOPHOSPHATE_ESTER_TRANSPORT,GOBP|GOBP_ORGANOPHOSPHATE_ESTER_TRANSPORT,BFR_post_vs_pre,-0.002773116459288207,-0.43858616112032256,0.6619084420337096,0.8530297404273766
GOBP,GOBP_ORGAN_GROWTH,GOBP|GOBP_ORGAN_GROWTH,BFR_post_vs_pre,-0.021611277772549925,-4.7022585608243865,8.261751427461313e-6,0.002013652000068652
GOBP,GOBP_OSSIFICATION,GOBP|GOBP_OSSIFICATION,BFR_post_vs_pre,-0.011321349367295796,-1.8232178878042564,0.07126084733954871,0.2615138642932495
GOBP,GOBP_OXIDATIVE_PHOSPHORYLATION,GOBP|GOBP_OXIDATIVE_PHOSPHORYLATION,BFR_post_vs_pre,0.015406427721921523,3.154841680583705,0.0021220139544406544,0.042331457860380235
GOBP,GOBP_PATTERN_SPECIFICATION_PROCESS,GOBP|GOBP_PATTERN_SPECIFICATION_PROCESS,BFR_post_vs_pre,0.0024963253351872605,0.325670432721824,0.745354861593468,0.8733224131321055
GOBP,GOBP_PEPTIDE_METABOLIC_PROCESS,GOBP|GOBP_PEPTIDE_METABOLIC_PROCESS,BFR_post_vs_pre,0.002041834902118976,0.3037195149834153,0.7619732467827087,0.8837149413807062
GOBP,GOBP_PEPTIDYL_AMINO_ACID_MODIFICATION,GOBP|GOBP_PEPTIDYL_AMINO_ACID_MODIFICATION,BFR_post_vs_pre,-0.009208163070101867,-2.4249123058600635,0.01710799633361333,0.10975734441633198
GOBP,GOBP_PEPTIDYL_LYSINE_MODIFICATION,GOBP|GOBP_PEPTIDYL_LYSINE_MODIFICATION,BFR_post_vs_pre,-0.0015513024520994248,-0.3104007014065674,0.7569029076619846,0.8823811231965984
GOBP,GOBP_PERIPHERAL_NERVOUS_SYSTEM_DEVELOPMENT,GOBP|GOBP_PERIPHERAL_NERVOUS_SYSTEM_DEVELOPMENT,BFR_post_vs_pre,-0.015719619653948524,-2.2621896069547383,0.025851447971905854,0.14438921168031693
GOBP,GOBP_PHAGOCYTOSIS,GOBP|GOBP_PHAGOCYTOSIS,BFR_post_vs_pre,-0.004511372607901437,-0.9630647488649063,0.3378404086897917,0.5980252446515396
GOBP,GOBP_PHENOL_CONTAINING_COMPOUND_METABOLIC_PROCESS,GOBP|GOBP_PHENOL_CONTAINING_COMPOUND_METABOLIC_PROCESS,BFR_post_vs_pre,-0.0033131109195309316,-0.54898453506652245,0.584241019053078,0.7891310986515533
GOBP,GOBP_PHOSPHATIDYLINOSITOL_3_KINASE_PROTEIN_KINASE_B_SIGNAL_TRANSDUCTION,GOBP|GOBP_PHOSPHATIDYLINOSITOL_3_KINASE_PROTEIN_KINASE_B_SIGNAL_TRANSDUCTION,BFR_post_vs_pre,-0.012191772468778152,-2.0094895584893577,0.04718230022241548,0.2069190086051289
GOBP,GOBP_PHOSPHATIDYLINOSITOL_METABOLIC_PROCESS,GOBP|GOBP_PHOSPHATIDYLINOSITOL_METABOLIC_PROCESS,BFR_post_vs_pre,-0.009755607928057158,-1.4951765386137783,0.13802063837304182,0.37027605742836733
GOBP,GOBP_PHOSPHOLIPID_METABOLIC_PROCESS,GOBP|GOBP_PHOSPHOLIPID_METABOLIC_PROCESS,BFR_post_vs_pre,-0.005189889153593272,-1.3473591509922827,0.1809125913475402,0.4317484541975039
GOBP,GOBP_PIGMENTATION,GOBP|GOBP_PIGMENTATION,BFR_post_vs_pre,-0.007451667874151302,-1.2082674522299826,0.22979676356127438,0.48391803932309446
GOBP,GOBP_PIGMENT_METABOLIC_PROCESS,GOBP|GOBP_PIGMENT_METABOLIC_PROCESS,BFR_post_vs_pre,0.014100360551394173,1.7078255614380853,0.09077452589200381,0.30440767734473695
GOBP,GOBP_PLACENTA_DEVELOPMENT,GOBP|GOBP_PLACENTA_DEVELOPMENT,BFR_post_vs_pre,-0.00453915910371764,-0.8195041807728707,0.4144496495357677,0.669152086739352
GOBP,GOBP_PLASMA_MEMBRANE_ORGANIZATION,GOBP|GOBP_PLASMA_MEMBRANE_ORGANIZATION,BFR_post_vs_pre,-0.011132580717752014,-1.975030487061317,0.05102431944777183,0.21811494796904662
GOBP,GOBP_PLASMA_MEMBRANE_REPAIR,GOBP|GOBP_PLASMA_MEMBRANE_REPAIR,BFR_post_vs_pre,-0.009829670820926506,-1.4717698402724202,0.14422628292443002,0.3740268270506885
GOBP,GOBP_PLATELET_ACTIVATION,GOBP|GOBP_PLATELET_ACTIVATION,BFR_post_vs_pre,-3.375565096894323e-4,-0.03139133226826598,0.9750200836038194,0.9897488524596004
GOBP,GOBP_POLYOL_METABOLIC_PROCESS,GOBP|GOBP_POLYOL_METABOLIC_PROCESS,BFR_post_vs_pre,2.988028829268019e-4,0.053873764203210495,0.9571433274772196,0.9811034371242119
GOBP,GOBP_POLYSACCHARIDE_CATABOLIC_PROCESS,GOBP|GOBP_POLYSACCHARIDE_CATABOLIC_PROCESS,BFR_post_vs_pre,0.004963939309135301,1.0239276828650223,0.308342467409252,0.5752428868040649
GOBP,GOBP_POLYSACCHARIDE_METABOLIC_PROCESS,GOBP|GOBP_POLYSACCHARIDE_METABOLIC_PROCESS,BFR_post_vs_pre,0.004168845199923055,0.8819306872332364,0.37993136813744965,0.6343060180492185
GOBP,GOBP_POSITIVE_REGULATION_OF_ACTIN_FILAMENT_POLYMERIZATION,GOBP|GOBP_POSITIVE_REGULATION_OF_ACTIN_FILAMENT_POLYMERIZATION,BFR_post_vs_pre,-0.007290854756579053,-1.0102272129755958,0.3148270164479045,0.5801654216367446
GOBP,GOBP_POSITIVE_REGULATION_OF_APOPTOTIC_SIGNALING_PATHWAY,GOBP|GOBP_POSITIVE_REGULATION_OF_APOPTOTIC_SIGNALING_PATHWAY,BFR_post_vs_pre,-0.00176893485909968,-0.3094511661825208,0.7576228667035061,0.8823811231965984
GOBP,GOBP_POSITIVE_REGULATION_OF_AUTOPHAGY,GOBP|GOBP_POSITIVE_REGULATION_OF_AUTOPHAGY,BFR_post_vs_pre,-0.01079825967467416,-3.04335909041281,0.002989918536008551,0.04473378117335871
GOBP,GOBP_POSITIVE_REGULATION_OF_CALCIUM_ION_TRANSPORT,GOBP|GOBP_POSITIVE_REGULATION_OF_CALCIUM_ION_TRANSPORT,BFR_post_vs_pre,7.592506291567158e-4,0.10710004717467854,0.9149243963404299,0.956735457463514
GOBP,GOBP_POSITIVE_REGULATION_OF_CARBOHYDRATE_METABOLIC_PROCESS,GOBP|GOBP_POSITIVE_REGULATION_OF_CARBOHYDRATE_METABOLIC_PROCESS,BFR_post_vs_pre,0.006061045980629315,0.9747318952501752,0.33204760725670357,0.5911511177247492
GOBP,GOBP_POSITIVE_REGULATION_OF_CELL_ACTIVATION,GOBP|GOBP_POSITIVE_REGULATION_OF_CELL_ACTIVATION,BFR_post_vs_pre,-0.002420630706659724,-0.3987977114939514,0.6908934024013214,0.8608102844107416
GOBP,GOBP_POSITIVE_REGULATION_OF_CELL_ADHESION,GOBP|GOBP_POSITIVE_REGULATION_OF_CELL_ADHESION,BFR_post_vs_pre,-0.005422746373276645,-0.7945977113646134,0.4287311821190044,0.679668965311137
GOBP,GOBP_POSITIVE_REGULATION_OF_CELL_CYCLE,GOBP|GOBP_POSITIVE_REGULATION_OF_CELL_CYCLE,BFR_post_vs_pre,-0.007964256901853609,-2.239449182234371,0.027343633162624347,0.1505938303582036
GOBP,GOBP_POSITIVE_REGULATION_OF_CELL_DEVELOPMENT,GOBP|GOBP_POSITIVE_REGULATION_OF_CELL_DEVELOPMENT,BFR_post_vs_pre,-0.007671196940630641,-1.8462209463433317,0.06782091656273001,0.2553632209743374
GOBP,GOBP_POSITIVE_REGULATION_OF_CELL_MATRIX_ADHESION,GOBP|GOBP_POSITIVE_REGULATION_OF_CELL_MATRIX_ADHESION,BFR_post_vs_pre,0.0015633306638764416,0.17548742621282967,0.8610518547799869,0.9356122109201535
GOBP,GOBP_POSITIVE_REGULATION_OF_CELL_PROJECTION_ORGANIZATION,GOBP|GOBP_POSITIVE_REGULATION_OF_CELL_PROJECTION_ORGANIZATION,BFR_post_vs_pre,-0.0017247529296384179,-0.3852692367481899,0.7008570352600816,0.8608102844107416
GOBP,GOBP_POSITIVE_REGULATION_OF_CELL_SUBSTRATE_ADHESION,GOBP|GOBP_POSITIVE_REGULATION_OF_CELL_SUBSTRATE_ADHESION,BFR_post_vs_pre,8.114118896462158e-4,0.10506583076642899,0.9165342349486251,0.9571323956913159
GOBP,GOBP_POSITIVE_REGULATION_OF_CYTOSKELETON_ORGANIZATION,GOBP|GOBP_POSITIVE_REGULATION_OF_CYTOSKELETON_ORGANIZATION,BFR_post_vs_pre,-0.012186332013899084,-2.4262841183478643,0.017047135681604025,0.10975734441633198
GOBP,GOBP_POSITIVE_REGULATION_OF_CYTOSOLIC_CALCIUM_ION_CONCENTRATION,GOBP|GOBP_POSITIVE_REGULATION_OF_CYTOSOLIC_CALCIUM_ION_CONCENTRATION,BFR_post_vs_pre,-0.028384220790791885,-4.61914466713753,1.150899325442979e-5,0.002013652000068652
GOBP,GOBP_POSITIVE_REGULATION_OF_DNA_METABOLIC_PROCESS,GOBP|GOBP_POSITIVE_REGULATION_OF_DNA_METABOLIC_PROCESS,BFR_post_vs_pre,-6.045728999812122e-4,-0.20619047567412074,0.8370617523491424,0.9224278234102448
GOBP,GOBP_POSITIVE_REGULATION_OF_EPITHELIAL_CELL_PROLIFERATION,GOBP|GOBP_POSITIVE_REGULATION_OF_EPITHELIAL_CELL_PROLIFERATION,BFR_post_vs_pre,-0.007060662866605656,-0.8582708179909433,0.3927974673241976,0.6460812464655935
GOBP,GOBP_POSITIVE_REGULATION_OF_ESTABLISHMENT_OF_PROTEIN_LOCALIZATION_TO_MITOCHONDRION,GOBP|GOBP_POSITIVE_REGULATION_OF_ESTABLISHMENT_OF_PROTEIN_LOCALIZATION_TO_MITOCHONDRION,BFR_post_vs_pre,0.002810143182610386,0.44663231070384074,0.6561072545856989,0.8527666177863142
GOBP,GOBP_POSITIVE_REGULATION_OF_EXOCYTOSIS,GOBP|GOBP_POSITIVE_REGULATION_OF_EXOCYTOSIS,BFR_post_vs_pre,0.001346338009162458,0.21618228878616788,0.8292864663731059,0.9177594179776336
GOBP,GOBP_POSITIVE_REGULATION_OF_GROWTH,GOBP|GOBP_POSITIVE_REGULATION_OF_GROWTH,BFR_post_vs_pre,-0.01378977294499428,-3.576309943288229,5.390242116755507e-4,0.020340889036928572
GOBP,GOBP_POSITIVE_REGULATION_OF_HEMOPOIESIS,GOBP|GOBP_POSITIVE_REGULATION_OF_HEMOPOIESIS,BFR_post_vs_pre,-0.0010972605368903864,-0.12575106591282847,0.9001817011723782,0.9494288662964459
GOBP,GOBP_POSITIVE_REGULATION_OF_HORMONE_SECRETION,GOBP|GOBP_POSITIVE_REGULATION_OF_HORMONE_SECRETION,BFR_post_vs_pre,-0.006723394540707139,-1.5636252464049636,0.12106792711641405,0.34698798350512683
GOBP,GOBP_POSITIVE_REGULATION_OF_INFLAMMATORY_RESPONSE,GOBP|GOBP_POSITIVE_REGULATION_OF_INFLAMMATORY_RESPONSE,BFR_post_vs_pre,-0.008242094549218051,-1.265475998173161,0.208644275654864,0.4695401304340209
GOBP,GOBP_POSITIVE_REGULATION_OF_KINASE_ACTIVITY,GOBP|GOBP_POSITIVE_REGULATION_OF_KINASE_ACTIVITY,BFR_post_vs_pre,-0.010716864763142653,-2.2864568629396604,0.024338370185210262,0.1423703158202525
GOBP,GOBP_POSITIVE_REGULATION_OF_LEUKOCYTE_MIGRATION,GOBP|GOBP_POSITIVE_REGULATION_OF_LEUKOCYTE_MIGRATION,BFR_post_vs_pre,0.0038452644461799967,0.4269037724794862,0.6703680362303924,0.8530297404273766
GOBP,GOBP_POSITIVE_REGULATION_OF_LIPID_METABOLIC_PROCESS,GOBP|GOBP_POSITIVE_REGULATION_OF_LIPID_METABOLIC_PROCESS,BFR_post_vs_pre,0.0018588809394645411,0.42449551797751117,0.6721172633444497,0.8530297404273766
GOBP,GOBP_POSITIVE_REGULATION_OF_LIPID_TRANSPORT,GOBP|GOBP_POSITIVE_REGULATION_OF_LIPID_TRANSPORT,BFR_post_vs_pre,9.009232364639297e-4,0.15616411627937948,0.8762187980664172,0.9428744466053562
GOBP,GOBP_POSITIVE_REGULATION_OF_MAPK_CASCADE,GOBP|GOBP_POSITIVE_REGULATION_OF_MAPK_CASCADE,BFR_post_vs_pre,-0.001960621111647451,-0.2638177966424671,0.7924637491370383,0.8987855063293554
GOBP,GOBP_POSITIVE_REGULATION_OF_MICROTUBULE_POLYMERIZATION_OR_DEPOLYMERIZATION,GOBP|GOBP_POSITIVE_REGULATION_OF_MICROTUBULE_POLYMERIZATION_OR_DEPOLYMERIZATION,BFR_post_vs_pre,-0.018361596051118263,-2.015319100382292,0.046557385431066925,0.20668004520670233
GOBP,GOBP_POSITIVE_REGULATION_OF_MITOTIC_CELL_CYCLE,GOBP|GOBP_POSITIVE_REGULATION_OF_MITOTIC_CELL_CYCLE,BFR_post_vs_pre,-0.006444270959016757,-1.437260716071084,0.15376868520211423,0.38841570482871707
GOBP,GOBP_POSITIVE_REGULATION_OF_MOLECULAR_FUNCTION,GOBP|GOBP_POSITIVE_REGULATION_OF_MOLECULAR_FUNCTION,BFR_post_vs_pre,-0.007120834714778146,-2.7616829791334836,0.006844580618801335,0.06590761599908053
GOBP,GOBP_POSITIVE_REGULATION_OF_MRNA_METABOLIC_PROCESS,GOBP|GOBP_POSITIVE_REGULATION_OF_MRNA_METABOLIC_PROCESS,BFR_post_vs_pre,-0.013049277171470412,-2.6040292616933316,0.010617913164325046,0.08209837391470184
GOBP,GOBP_POSITIVE_REGULATION_OF_MYELOID_CELL_DIFFERENTIATION,GOBP|GOBP_POSITIVE_REGULATION_OF_MYELOID_CELL_DIFFERENTIATION,BFR_post_vs_pre,-4.3753021861124564e-4,-0.05871143188891762,0.953299234452285,0.978882673942251
GOBP,GOBP_POSITIVE_REGULATION_OF_NEURON_PROJECTION_DEVELOPMENT,GOBP|GOBP_POSITIVE_REGULATION_OF_NEURON_PROJECTION_DEVELOPMENT,BFR_post_vs_pre,-0.008753854385906961,-1.4186376054539054,0.15911692648387077,0.3967723359117034
GOBP,GOBP_POSITIVE_REGULATION_OF_NUCLEOCYTOPLASMIC_TRANSPORT,GOBP|GOBP_POSITIVE_REGULATION_OF_NUCLEOCYTOPLASMIC_TRANSPORT,BFR_post_vs_pre,-0.01117855956443959,-2.265711303016506,0.025626868480333586,0.14438921168031693
GOBP,GOBP_POSITIVE_REGULATION_OF_NUCLEOTIDE_METABOLIC_PROCESS,GOBP|GOBP_POSITIVE_REGULATION_OF_NUCLEOTIDE_METABOLIC_PROCESS,BFR_post_vs_pre,0.0023053764278348488,0.5805064243779164,0.5628803369620512,0.7767911884544536
GOBP,GOBP_POSITIVE_REGULATION_OF_ORGANELLE_ASSEMBLY,GOBP|GOBP_POSITIVE_REGULATION_OF_ORGANELLE_ASSEMBLY,BFR_post_vs_pre,0.004479130923597058,0.6108437432716921,0.5426903366916125,0.7704618283687491
GOBP,GOBP_POSITIVE_REGULATION_OF_PATTERN_RECOGNITION_RECEPTOR_SIGNALING_PATHWAY,GOBP|GOBP_POSITIVE_REGULATION_OF_PATTERN_RECOGNITION_RECEPTOR_SIGNALING_PATHWAY,BFR_post_vs_pre,-0.02329614688209941,-3.3997053518399873,9.706302396390114e-4,0.02796853060885744
GOBP,GOBP_POSITIVE_REGULATION_OF_PHOSPHORUS_METABOLIC_PROCESS,GOBP|GOBP_POSITIVE_REGULATION_OF_PHOSPHORUS_METABOLIC_PROCESS,BFR_post_vs_pre,-0.005821903003909251,-1.8751258720696669,0.06369604837890863,0.24899202616794797
GOBP,GOBP_POSITIVE_REGULATION_OF_PROTEASOMAL_UBIQUITIN_DEPENDENT_PROTEIN_CATABOLIC_PROCESS,GOBP|GOBP_POSITIVE_REGULATION_OF_PROTEASOMAL_UBIQUITIN_DEPENDENT_PROTEIN_CATABOLIC_PROCESS,BFR_post_vs_pre,-0.013432069761686573,-2.2332169130335635,0.027765533467890752,0.1505938303582036
GOBP,GOBP_POSITIVE_REGULATION_OF_PROTEIN_CATABOLIC_PROCESS,GOBP|GOBP_POSITIVE_REGULATION_OF_PROTEIN_CATABOLIC_PROCESS,BFR_post_vs_pre,-0.009143253632813039,-2.8386705912869044,0.005488191292739934,0.05983328581126325
GOBP,GOBP_POSITIVE_REGULATION_OF_PROTEIN_CONTAINING_COMPLEX_ASSEMBLY,GOBP|GOBP_POSITIVE_REGULATION_OF_PROTEIN_CONTAINING_COMPLEX_ASSEMBLY,BFR_post_vs_pre,-0.008816956220594502,-2.14225728868222,0.034602983650416703,0.1703868435444569
GOBP,GOBP_POSITIVE_REGULATION_OF_PROTEIN_CONTAINING_COMPLEX_DISASSEMBLY,GOBP|GOBP_POSITIVE_REGULATION_OF_PROTEIN_CONTAINING_COMPLEX_DISASSEMBLY,BFR_post_vs_pre,-0.007597246780104566,-1.4868024627881853,0.1402163540751206,0.37095527031896447
GOBP,GOBP_POSITIVE_REGULATION_OF_PROTEIN_LOCALIZATION,GOBP|GOBP_POSITIVE_REGULATION_OF_PROTEIN_LOCALIZATION,BFR_post_vs_pre,-0.006847603353583753,-2.1076780638968993,0.03756187583088269,0.17506853695760413
GOBP,GOBP_POSITIVE_REGULATION_OF_PROTEIN_LOCALIZATION_TO_CELL_PERIPHERY,GOBP|GOBP_POSITIVE_REGULATION_OF_PROTEIN_LOCALIZATION_TO_CELL_PERIPHERY,BFR_post_vs_pre,-0.0076673562208609825,-0.8440091179410854,0.4006808440465517,0.6562730456172994
GOBP,GOBP_POSITIVE_REGULATION_OF_PROTEIN_LOCALIZATION_TO_NUCLEUS,GOBP|GOBP_POSITIVE_REGULATION_OF_PROTEIN_LOCALIZATION_TO_NUCLEUS,BFR_post_vs_pre,-0.0035381729033857334,-0.9109785363730949,0.3644995665699078,0.6197086019866572
GOBP,GOBP_POSITIVE_REGULATION_OF_PROTEIN_MODIFICATION_PROCESS,GOBP|GOBP_POSITIVE_REGULATION_OF_PROTEIN_MODIFICATION_PROCESS,BFR_post_vs_pre,-0.01315746404207184,-4.274280605146023,4.388162315363394e-5,0.0054334958200984215
GOBP,GOBP_POSITIVE_REGULATION_OF_PROTEIN_UBIQUITINATION,GOBP|GOBP_POSITIVE_REGULATION_OF_PROTEIN_UBIQUITINATION,BFR_post_vs_pre,-0.014461931038143958,-3.1237699345819854,0.0023367844319117015,0.04328614971493581
GOBP,GOBP_POSITIVE_REGULATION_OF_PROTEOLYSIS,GOBP|GOBP_POSITIVE_REGULATION_OF_PROTEOLYSIS,BFR_post_vs_pre,-0.011281552573724547,-3.6307447987743435,4.478757513605791e-4,0.01872820677747316
GOBP,GOBP_POSITIVE_REGULATION_OF_REACTIVE_OXYGEN_SPECIES_METABOLIC_PROCESS,GOBP|GOBP_POSITIVE_REGULATION_OF_REACTIVE_OXYGEN_SPECIES_METABOLIC_PROCESS,BFR_post_vs_pre,0.0026909829731178725,0.5998657989707741,0.5499538857655253,0.7752576876677971
GOBP,GOBP_POSITIVE_REGULATION_OF_RESPONSE_TO_BIOTIC_STIMULUS,GOBP|GOBP_POSITIVE_REGULATION_OF_RESPONSE_TO_BIOTIC_STIMULUS,BFR_post_vs_pre,-0.006958056948602159,-2.4384709955245825,0.016514873001680013,0.10975734441633198
GOBP,GOBP_POSITIVE_REGULATION_OF_SECRETION,GOBP|GOBP_POSITIVE_REGULATION_OF_SECRETION,BFR_post_vs_pre,-0.002754483442078959,-0.8370188927878146,0.40457979000834277,0.6598806637871922
GOBP,GOBP_POSITIVE_REGULATION_OF_SMALL_GTPASE_MEDIATED_SIGNAL_TRANSDUCTION,GOBP|GOBP_POSITIVE_REGULATION_OF_SMALL_GTPASE_MEDIATED_SIGNAL_TRANSDUCTION,BFR_post_vs_pre,-0.011367636207519655,-1.6982193003029105,0.0925791059960718,0.30541140044876147
GOBP,GOBP_POSITIVE_REGULATION_OF_SYNAPTIC_TRANSMISSION,GOBP|GOBP_POSITIVE_REGULATION_OF_SYNAPTIC_TRANSMISSION,BFR_post_vs_pre,-0.01995597938002303,-3.1249365093414565,0.00232836865828944,0.04328614971493581
GOBP,GOBP_POSITIVE_REGULATION_OF_TOR_SIGNALING,GOBP|GOBP_POSITIVE_REGULATION_OF_TOR_SIGNALING,BFR_post_vs_pre,-0.006174221110705078,-1.0135920656922208,0.3132260345553256,0.5788357598195804
GOBP,GOBP_POSITIVE_REGULATION_OF_TRANSLATION,GOBP|GOBP_POSITIVE_REGULATION_OF_TRANSLATION,BFR_post_vs_pre,2.159725544532056e-4,0.04937912597545213,0.9607157522772524,0.9821772079785838
GOBP,GOBP_POSITIVE_REGULATION_OF_TRANSLATIONAL_INITIATION,GOBP|GOBP_POSITIVE_REGULATION_OF_TRANSLATIONAL_INITIATION,BFR_post_vs_pre,0.011170495311588063,1.4035977798393804,0.16353947150319778,0.4064974722986833
GOBP,GOBP_POSITIVE_REGULATION_OF_TRANSMEMBRANE_RECEPTOR_PROTEIN_SERINE_THREONINE_KINASE_SIGNALING_PATHWAY,GOBP|GOBP_POSITIVE_REGULATION_OF_TRANSMEMBRANE_RECEPTOR_PROTEIN_SERINE_THREONINE_KINASE_SIGNALING_PATHWAY,BFR_post_vs_pre,-0.008607879020396364,-1.6002659441467548,0.11269739039059852,0.3342971898714151
GOBP,GOBP_POSITIVE_REGULATION_OF_TRANSMEMBRANE_TRANSPORT,GOBP|GOBP_POSITIVE_REGULATION_OF_TRANSMEMBRANE_TRANSPORT,BFR_post_vs_pre,-0.003368909995948993,-0.7576699344500325,0.4504321119276281,0.6966830166191075
GOBP,GOBP_POSITIVE_REGULATION_OF_T_CELL_PROLIFERATION,GOBP|GOBP_POSITIVE_REGULATION_OF_T_CELL_PROLIFERATION,BFR_post_vs_pre,-0.0015765394616577381,-0.16220126027216494,0.8714749861746119,0.9403710669124107
GOBP,GOBP_POSITIVE_REGULATION_OF_WNT_SIGNALING_PATHWAY,GOBP|GOBP_POSITIVE_REGULATION_OF_WNT_SIGNALING_PATHWAY,BFR_post_vs_pre,-0.013539070412774832,-2.8906514334846976,0.004716744396023414,0.05733792406415963
GOBP,GOBP_POSTSYNAPSE_ORGANIZATION,GOBP|GOBP_POSTSYNAPSE_ORGANIZATION,BFR_post_vs_pre,-0.009074835802352316,-1.6763132825377205,0.09680370955292389,0.3125032615442937
GOBP,GOBP_POST_EMBRYONIC_DEVELOPMENT,GOBP|GOBP_POST_EMBRYONIC_DEVELOPMENT,BFR_post_vs_pre,-0.0050040483265252,-0.9035050626319273,0.36843139822854865,0.6197086019866572
GOBP,GOBP_POST_GOLGI_VESICLE_MEDIATED_TRANSPORT,GOBP|GOBP_POST_GOLGI_VESICLE_MEDIATED_TRANSPORT,BFR_post_vs_pre,-6.994386081042719e-4,-0.13254994416752924,0.8948159346893136,0.9494288662964459
GOBP,GOBP_POTASSIUM_ION_TRANSPORT,GOBP|GOBP_POTASSIUM_ION_TRANSPORT,BFR_post_vs_pre,-0.005113708455146332,-1.1274355333671535,0.26225899454975365,0.5223415233728367
GOBP,GOBP_PRESYNAPTIC_ENDOCYTOSIS,GOBP|GOBP_PRESYNAPTIC_ENDOCYTOSIS,BFR_post_vs_pre,0.0025163723237107416,0.35513163304614037,0.723239647911891,0.8659834333145761
GOBP,GOBP_PRIMARY_ALCOHOL_METABOLIC_PROCESS,GOBP|GOBP_PRIMARY_ALCOHOL_METABOLIC_PROCESS,BFR_post_vs_pre,0.006620783781559031,1.2397039317776999,0.21798914846259607,0.476414582002003
GOBP,GOBP_PRODUCTION_OF_MOLECULAR_MEDIATOR_INVOLVED_IN_INFLAMMATORY_RESPONSE,GOBP|GOBP_PRODUCTION_OF_MOLECULAR_MEDIATOR_INVOLVED_IN_INFLAMMATORY_RESPONSE,BFR_post_vs_pre,-0.006660207487913503,-1.296347774991228,0.19784233441899438,0.45323697427650556
GOBP,GOBP_PRODUCTION_OF_MOLECULAR_MEDIATOR_OF_IMMUNE_RESPONSE,GOBP|GOBP_PRODUCTION_OF_MOLECULAR_MEDIATOR_OF_IMMUNE_RESPONSE,BFR_post_vs_pre,-0.0021368823821395766,-0.4383979750930258,0.6620443707414261,0.8530297404273766
GOBP,GOBP_PROTEIN_AUTOPHOSPHORYLATION,GOBP|GOBP_PROTEIN_AUTOPHOSPHORYLATION,BFR_post_vs_pre,-0.02069850771058334,-3.0146012127900894,0.0032619461062446376,0.046147764319671394
GOBP,GOBP_PROTEIN_COMPLEX_OLIGOMERIZATION,GOBP|GOBP_PROTEIN_COMPLEX_OLIGOMERIZATION,BFR_post_vs_pre,0.005246573163400409,1.6386037580847614,0.10444158642654104,0.3237273077284818
GOBP,GOBP_PROTEIN_CONTAINING_COMPLEX_LOCALIZATION,GOBP|GOBP_PROTEIN_CONTAINING_COMPLEX_LOCALIZATION,BFR_post_vs_pre,-0.012193713910121704,-1.9038782531769842,0.05980373337648833,0.2379903180659706
GOBP,GOBP_PROTEIN_DNA_COMPLEX_ORGANIZATION,GOBP|GOBP_PROTEIN_DNA_COMPLEX_ORGANIZATION,BFR_post_vs_pre,-0.002171758092311002,-0.20969027847708055,0.834336445408866,0.920728729827089
GOBP,GOBP_PROTEIN_EXIT_FROM_ENDOPLASMIC_RETICULUM,GOBP|GOBP_PROTEIN_EXIT_FROM_ENDOPLASMIC_RETICULUM,BFR_post_vs_pre,-0.009434623015046599,-1.2093584365102092,0.22937939955389014,0.48391803932309446
GOBP,GOBP_PROTEIN_EXPORT_FROM_NUCLEUS,GOBP|GOBP_PROTEIN_EXPORT_FROM_NUCLEUS,BFR_post_vs_pre,-0.0025670513800263306,-0.5680721513321136,0.571260589895645,0.7824660896810067
GOBP,GOBP_PROTEIN_FOLDING,GOBP|GOBP_PROTEIN_FOLDING,BFR_post_vs_pre,0.005863155793798869,1.8571280764591072,0.06623893916173221,0.2546472494485958
GOBP,GOBP_PROTEIN_IMPORT_INTO_MITOCHONDRIAL_MATRIX,GOBP|GOBP_PROTEIN_IMPORT_INTO_MITOCHONDRIAL_MATRIX,BFR_post_vs_pre,0.037797694447181424,4.118176681028444,7.878123181462476e-5,0.006810199816864229
GOBP,GOBP_PROTEIN_INSERTION_INTO_ER_MEMBRANE,GOBP|GOBP_PROTEIN_INSERTION_INTO_ER_MEMBRANE,BFR_post_vs_pre,-0.015033370772849289,-1.7889128097959184,0.07665959559343066,0.2723340884552012
GOBP,GOBP_PROTEIN_INSERTION_INTO_MEMBRANE,GOBP|GOBP_PROTEIN_INSERTION_INTO_MEMBRANE,BFR_post_vs_pre,0.004125687493324922,0.5876467803321114,0.5580953620391714,0.7767911884544536
GOBP,GOBP_PROTEIN_K48_LINKED_UBIQUITINATION,GOBP|GOBP_PROTEIN_K48_LINKED_UBIQUITINATION,BFR_post_vs_pre,-0.019204053190868955,-3.325144648370958,0.0012367975955007804,0.032074284309986906
GOBP,GOBP_PROTEIN_K63_LINKED_UBIQUITINATION,GOBP|GOBP_PROTEIN_K63_LINKED_UBIQUITINATION,BFR_post_vs_pre,-0.02705916593552711,-4.589532841801693,1.2941208226662289e-5,0.002013652000068652
GOBP,GOBP_PROTEIN_LOCALIZATION_TO_CELL_JUNCTION,GOBP|GOBP_PROTEIN_LOCALIZATION_TO_CELL_JUNCTION,BFR_post_vs_pre,-0.006637296461654042,-1.2417001558976677,0.21725458803333636,0.476414582002003
GOBP,GOBP_PROTEIN_LOCALIZATION_TO_CELL_SURFACE,GOBP|GOBP_PROTEIN_LOCALIZATION_TO_CELL_SURFACE,BFR_post_vs_pre,-0.014997276556510876,-1.916375506064905,0.05817544759727319,0.23696595932292427
GOBP,GOBP_PROTEIN_LOCALIZATION_TO_ENDOPLASMIC_RETICULUM,GOBP|GOBP_PROTEIN_LOCALIZATION_TO_ENDOPLASMIC_RETICULUM,BFR_post_vs_pre,-0.014136649224203893,-1.944643612305683,0.054629879672344166,0.22607471481427532
GOBP,GOBP_PROTEIN_LOCALIZATION_TO_EXTRACELLULAR_REGION,GOBP|GOBP_PROTEIN_LOCALIZATION_TO_EXTRACELLULAR_REGION,BFR_post_vs_pre,-0.002667207884698819,-0.726780211392869,0.46906019670986043,0.7115889544009127
GOBP,GOBP_PROTEIN_LOCALIZATION_TO_MEMBRANE,GOBP|GOBP_PROTEIN_LOCALIZATION_TO_MEMBRANE,BFR_post_vs_pre,-0.008079298923118875,-2.014780627873986,0.04661481062517415,0.20668004520670233
GOBP,GOBP_PROTEIN_LOCALIZATION_TO_NUCLEUS,GOBP|GOBP_PROTEIN_LOCALIZATION_TO_NUCLEUS,BFR_post_vs_pre,-0.007750097884840407,-2.9819486853031107,0.0035984636231587786,0.04911587190907947
GOBP,GOBP_PROTEIN_LOCALIZATION_TO_VACUOLE,GOBP|GOBP_PROTEIN_LOCALIZATION_TO_VACUOLE,BFR_post_vs_pre,-0.01701862824042011,-2.3881596914786334,0.018812212895166065,0.11463324864634568
GOBP,GOBP_PROTEIN_METHYLATION,GOBP|GOBP_PROTEIN_METHYLATION,BFR_post_vs_pre,-0.004896133570784167,-0.6868639325331298,0.4937598072815753,0.7289281405409215
GOBP,GOBP_PROTEIN_MODIFICATION_BY_SMALL_PROTEIN_REMOVAL,GOBP|GOBP_PROTEIN_MODIFICATION_BY_SMALL_PROTEIN_REMOVAL,BFR_post_vs_pre,-0.00986684213903355,-2.2202428226716493,0.02866214213728075,0.1527283127171773
GOBP,GOBP_PROTEIN_MONOUBIQUITINATION,GOBP|GOBP_PROTEIN_MONOUBIQUITINATION,BFR_post_vs_pre,-0.02157715376250842,-3.4997098330684056,6.973610688110827e-4,0.02337915135453662
GOBP,GOBP_PROTEIN_NEDDYLATION,GOBP|GOBP_PROTEIN_NEDDYLATION,BFR_post_vs_pre,-0.00798635704557249,-1.1066291920477733,0.27111190173451144,0.5314762751078167
GOBP,GOBP_PROTEIN_N_LINKED_GLYCOSYLATION,GOBP|GOBP_PROTEIN_N_LINKED_GLYCOSYLATION,BFR_post_vs_pre,-0.011954283804830185,-1.775851902899582,0.07880211491169323,0.27616236667251054
GOBP,GOBP_PROTEIN_POLYUBIQUITINATION,GOBP|GOBP_PROTEIN_POLYUBIQUITINATION,BFR_post_vs_pre,-0.016879691778037588,-3.6246059281664262,4.5737265908996153e-4,0.01872820677747316
GOBP,GOBP_PROTEIN_PROCESSING,GOBP|GOBP_PROTEIN_PROCESSING,BFR_post_vs_pre,0.00442298675842924,1.207195736719341,0.23020728975798999,0.48391803932309446
GOBP,GOBP_PROTEIN_REFOLDING,GOBP|GOBP_PROTEIN_REFOLDING,BFR_post_vs_pre,0.0036405987305396237,1.1111426261087165,0.269174036400908,0.530170633721282
GOBP,GOBP_PROTEIN_RNA_COMPLEX_ORGANIZATION,GOBP|GOBP_PROTEIN_RNA_COMPLEX_ORGANIZATION,BFR_post_vs_pre,-0.010574095488629962,-1.983845251140042,0.05001702992912861,0.21499032754067438
GOBP,GOBP_PROTEIN_TARGETING,GOBP|GOBP_PROTEIN_TARGETING,BFR_post_vs_pre,0.003172272380714297,0.9113936242008749,0.3642819698139691,0.6197086019866572
GOBP,GOBP_PROTEIN_TARGETING_TO_MEMBRANE,GOBP|GOBP_PROTEIN_TARGETING_TO_MEMBRANE,BFR_post_vs_pre,1.0783036693584299e-4,0.01866069016603176,0.9851490063029553,0.9941542062213775
GOBP,GOBP_PROTEIN_TETRAMERIZATION,GOBP|GOBP_PROTEIN_TETRAMERIZATION,BFR_post_vs_pre,0.005972487934053861,1.6987342009000672,0.09248164343855302,0.30541140044876147
GOBP,GOBP_PROTEIN_TRANSMEMBRANE_TRANSPORT,GOBP|GOBP_PROTEIN_TRANSMEMBRANE_TRANSPORT,BFR_post_vs_pre,0.020202782726164353,3.288169777113174,0.00139285854846065,0.03283769547582987
GOBP,GOBP_PURINE_NUCLEOSIDE_MONOPHOSPHATE_BIOSYNTHETIC_PROCESS,GOBP|GOBP_PURINE_NUCLEOSIDE_MONOPHOSPHATE_BIOSYNTHETIC_PROCESS,BFR_post_vs_pre,0.0020488194579442454,0.2637675137792169,0.7925023873289688,0.8987855063293554
GOBP,GOBP_PYRIDINE_CONTAINING_COMPOUND_METABOLIC_PROCESS,GOBP|GOBP_PYRIDINE_CONTAINING_COMPOUND_METABOLIC_PROCESS,BFR_post_vs_pre,0.003593692622092498,0.9952332164426794,0.32202735687527795,0.5860232863905842
GOBP,GOBP_PYRIMIDINE_CONTAINING_COMPOUND_METABOLIC_PROCESS,GOBP|GOBP_PYRIMIDINE_CONTAINING_COMPOUND_METABOLIC_PROCESS,BFR_post_vs_pre,-0.006467679130727377,-1.0070971760428769,0.31632116707802954,0.5801654216367446
GOBP,GOBP_RAC_PROTEIN_SIGNAL_TRANSDUCTION,GOBP|GOBP_RAC_PROTEIN_SIGNAL_TRANSDUCTION,BFR_post_vs_pre,-0.00801977063463745,-1.527717590736232,0.1297427451647256,0.35921656846319044
GOBP,GOBP_RAS_PROTEIN_SIGNAL_TRANSDUCTION,GOBP|GOBP_RAS_PROTEIN_SIGNAL_TRANSDUCTION,BFR_post_vs_pre,-0.006251261430266414,-1.1858813187282442,0.2384820717032387,0.49345492496042476
GOBP,GOBP_REACTIVE_NITROGEN_SPECIES_METABOLIC_PROCESS,GOBP|GOBP_REACTIVE_NITROGEN_SPECIES_METABOLIC_PROCESS,BFR_post_vs_pre,0.002725287195868703,0.5536232407721063,0.5810737021793844,0.7883227387235299
GOBP,GOBP_REACTIVE_OXYGEN_SPECIES_BIOSYNTHETIC_PROCESS,GOBP|GOBP_REACTIVE_OXYGEN_SPECIES_BIOSYNTHETIC_PROCESS,BFR_post_vs_pre,-0.0016525520760359846,-0.40893246830571195,0.6834645549336062,0.8590233016774566
GOBP,GOBP_REACTIVE_OXYGEN_SPECIES_METABOLIC_PROCESS,GOBP|GOBP_REACTIVE_OXYGEN_SPECIES_METABOLIC_PROCESS,BFR_post_vs_pre,0.0015003215213090226,0.49665783246353273,0.6205214977068596,0.8210301449250625
GOBP,GOBP_RECEPTOR_LOCALIZATION_TO_SYNAPSE,GOBP|GOBP_RECEPTOR_LOCALIZATION_TO_SYNAPSE,BFR_post_vs_pre,-0.01727323864249968,-2.517341497287192,0.013414414486584514,0.09857298413849169
GOBP,GOBP_RECEPTOR_MEDIATED_ENDOCYTOSIS,GOBP|GOBP_RECEPTOR_MEDIATED_ENDOCYTOSIS,BFR_post_vs_pre,-0.0066677635460948665,-0.9871440304438234,0.32595686193797413,0.5860232863905842
GOBP,GOBP_RECEPTOR_METABOLIC_PROCESS,GOBP|GOBP_RECEPTOR_METABOLIC_PROCESS,BFR_post_vs_pre,0.0016305559005513892,0.26463885148100874,0.791832910141927,0.8987855063293554
GOBP,GOBP_REGENERATION,GOBP|GOBP_REGENERATION,BFR_post_vs_pre,-0.0038653496373129703,-0.9041838165760264,0.36807320002481325,0.6197086019866572
GOBP,GOBP_REGULATED_EXOCYTOSIS,GOBP|GOBP_REGULATED_EXOCYTOSIS,BFR_post_vs_pre,-0.002389060216159415,-0.3892480096487529,0.6979211744942866,0.8608102844107416
GOBP,GOBP_REGULATION_OF_ACTIN_FILAMENT_BASED_MOVEMENT,GOBP|GOBP_REGULATION_OF_ACTIN_FILAMENT_BASED_MOVEMENT,BFR_post_vs_pre,-0.00938307006517386,-1.8655482814534186,0.06503887804822119,0.25174252299261735
GOBP,GOBP_REGULATION_OF_ACTOMYOSIN_STRUCTURE_ORGANIZATION,GOBP|GOBP_REGULATION_OF_ACTOMYOSIN_STRUCTURE_ORGANIZATION,BFR_post_vs_pre,-0.016376568090618986,-3.049901405615399,0.002931039991317241,0.04473378117335871
GOBP,GOBP_REGULATION_OF_ALPHA_BETA_T_CELL_ACTIVATION,GOBP|GOBP_REGULATION_OF_ALPHA_BETA_T_CELL_ACTIVATION,BFR_post_vs_pre,0.003653971727383881,0.3380707209701921,0.7360193034793392,0.8676106334953422
GOBP,GOBP_REGULATION_OF_AMIDE_METABOLIC_PROCESS,GOBP|GOBP_REGULATION_OF_AMIDE_METABOLIC_PROCESS,BFR_post_vs_pre,0.009746418846143488,1.7041199073864919,0.09146721841267752,0.30541140044876147
GOBP,GOBP_REGULATION_OF_APOPTOTIC_SIGNALING_PATHWAY,GOBP|GOBP_REGULATION_OF_APOPTOTIC_SIGNALING_PATHWAY,BFR_post_vs_pre,-0.001556270959394479,-0.5571367425124657,0.5786801182578902,0.7880026109149874
GOBP,GOBP_REGULATION_OF_ATP_DEPENDENT_ACTIVITY,GOBP|GOBP_REGULATION_OF_ATP_DEPENDENT_ACTIVITY,BFR_post_vs_pre,-0.001032656767355672,-0.16386528753663973,0.8701682590170787,0.9402651465490101
GOBP,GOBP_REGULATION_OF_AUTOPHAGY,GOBP|GOBP_REGULATION_OF_AUTOPHAGY,BFR_post_vs_pre,-0.002720207477019239,-0.9808481215601863,0.32903704929489597,0.5884846536814461
GOBP,GOBP_REGULATION_OF_AXONOGENESIS,GOBP|GOBP_REGULATION_OF_AXONOGENESIS,BFR_post_vs_pre,0.002556057410059709,0.4259764313161544,0.6710413931021273,0.8530297404273766
GOBP,GOBP_REGULATION_OF_BINDING,GOBP|GOBP_REGULATION_OF_BINDING,BFR_post_vs_pre,-0.009289200961090503,-1.7924841261572617,0.07608221988949337,0.2715227847432378
GOBP,GOBP_REGULATION_OF_BLOOD_PRESSURE,GOBP|GOBP_REGULATION_OF_BLOOD_PRESSURE,BFR_post_vs_pre,-0.007463670209937011,-1.3884429824470657,0.16809034336476383,0.40995074337864035
GOBP,GOBP_REGULATION_OF_BODY_FLUID_LEVELS,GOBP|GOBP_REGULATION_OF_BODY_FLUID_LEVELS,BFR_post_vs_pre,-0.0024066187555190355,-0.4204452282487309,0.6750632405775736,0.8548327713275171
GOBP,GOBP_REGULATION_OF_CALCIUM_MEDIATED_SIGNALING,GOBP|GOBP_REGULATION_OF_CALCIUM_MEDIATED_SIGNALING,BFR_post_vs_pre,-0.013532130763696248,-1.7837086767409704,0.07750743686281826,0.27409448126942093
GOBP,GOBP_REGULATION_OF_CARBOHYDRATE_METABOLIC_PROCESS,GOBP|GOBP_REGULATION_OF_CARBOHYDRATE_METABOLIC_PROCESS,BFR_post_vs_pre,0.007874552815360831,1.8444442450304435,0.06808157477800773,0.2553632209743374
GOBP,GOBP_REGULATION_OF_CELLULAR_COMPONENT_SIZE,GOBP|GOBP_REGULATION_OF_CELLULAR_COMPONENT_SIZE,BFR_post_vs_pre,-0.007726324217199635,-1.2454663576510447,0.21587364441235318,0.476414582002003
GOBP,GOBP_REGULATION_OF_CELLULAR_RESPIRATION,GOBP|GOBP_REGULATION_OF_CELLULAR_RESPIRATION,BFR_post_vs_pre,0.02129408603926114,2.8343101770554546,0.0055578950678903,0.05983328581126325
GOBP,GOBP_REGULATION_OF_CELLULAR_RESPONSE_TO_INSULIN_STIMULUS,GOBP|GOBP_REGULATION_OF_CELLULAR_RESPONSE_TO_INSULIN_STIMULUS,BFR_post_vs_pre,-0.001314854226321785,-0.2774585545174038,0.7820013724771137,0.8973408079457146
GOBP,GOBP_REGULATION_OF_CELLULAR_RESPONSE_TO_TRANSFORMING_GROWTH_FACTOR_BETA_STIMULUS,GOBP|GOBP_REGULATION_OF_CELLULAR_RESPONSE_TO_TRANSFORMING_GROWTH_FACTOR_BETA_STIMULUS,BFR_post_vs_pre,-0.018284427875687043,-2.9051428397517,0.00452018007377026,0.05582063646655972
GOBP,GOBP_REGULATION_OF_CELL_CYCLE_CHECKPOINT,GOBP|GOBP_REGULATION_OF_CELL_CYCLE_CHECKPOINT,BFR_post_vs_pre,-7.12697058051024e-4,-0.09888920106612603,0.9214243992892849,0.9589918630326854
GOBP,GOBP_REGULATION_OF_CELL_CYCLE_G1_S_PHASE_TRANSITION,GOBP|GOBP_REGULATION_OF_CELL_CYCLE_G1_S_PHASE_TRANSITION,BFR_post_vs_pre,-0.01158981415405011,-2.7732835188688947,0.006622324905031049,0.06590761599908053
GOBP,GOBP_REGULATION_OF_CELL_DIVISION,GOBP|GOBP_REGULATION_OF_CELL_DIVISION,BFR_post_vs_pre,-0.004127035174166585,-0.7479360218865838,0.4562558168294678,0.6986826434898051
GOBP,GOBP_REGULATION_OF_CELL_GROWTH,GOBP|GOBP_REGULATION_OF_CELL_GROWTH,BFR_post_vs_pre,-0.01177359585408809,-4.025106426497273,1.1095756971192611e-4,0.007847726294170776
GOBP,GOBP_REGULATION_OF_CELL_JUNCTION_ASSEMBLY,GOBP|GOBP_REGULATION_OF_CELL_JUNCTION_ASSEMBLY,BFR_post_vs_pre,-0.006935522869772323,-1.38914244983754,0.16787819565555992,0.40995074337864035
GOBP,GOBP_REGULATION_OF_CELL_MORPHOGENESIS,GOBP|GOBP_REGULATION_OF_CELL_MORPHOGENESIS,BFR_post_vs_pre,-0.006425745972193267,-0.990782825365209,0.3241853356755612,0.5860232863905842
GOBP,GOBP_REGULATION_OF_CELL_PROJECTION_ASSEMBLY,GOBP|GOBP_REGULATION_OF_CELL_PROJECTION_ASSEMBLY,BFR_post_vs_pre,0.0016554516051407522,0.3716812484046682,0.7109173547369247,0.861516669759077
GOBP,GOBP_REGULATION_OF_CELL_SIZE,GOBP|GOBP_REGULATION_OF_CELL_SIZE,BFR_post_vs_pre,-0.00786233789950306,-1.9036789339325462,0.05983001073553572,0.2379903180659706
GOBP,GOBP_REGULATION_OF_CHEMOTAXIS,GOBP|GOBP_REGULATION_OF_CHEMOTAXIS,BFR_post_vs_pre,-0.001744689664887833,-0.33155696308778343,0.7409183554002141,0.8718706444402301
GOBP,GOBP_REGULATION_OF_CHROMOSOME_ORGANIZATION,GOBP|GOBP_REGULATION_OF_CHROMOSOME_ORGANIZATION,BFR_post_vs_pre,0.0029308156796699347,0.6461414575890604,0.5196693043832121,0.7487087385372945
GOBP,GOBP_REGULATION_OF_CHROMOSOME_SEGREGATION,GOBP|GOBP_REGULATION_OF_CHROMOSOME_SEGREGATION,BFR_post_vs_pre,0.008006668666246684,1.2442490294853559,0.21631929550523105,0.476414582002003
GOBP,GOBP_REGULATION_OF_CILIUM_ASSEMBLY,GOBP|GOBP_REGULATION_OF_CILIUM_ASSEMBLY,BFR_post_vs_pre,-0.00413748489439051,-0.6394910553978291,0.5239672552860746,0.7535055907810833
GOBP,GOBP_REGULATION_OF_CYTOPLASMIC_PATTERN_RECOGNITION_RECEPTOR_SIGNALING_PATHWAY,GOBP|GOBP_REGULATION_OF_CYTOPLASMIC_PATTERN_RECOGNITION_RECEPTOR_SIGNALING_PATHWAY,BFR_post_vs_pre,-0.013289302053574564,-2.438223259333366,0.01652554366056075,0.10975734441633198
GOBP,GOBP_REGULATION_OF_CYTOPLASMIC_TRANSLATION,GOBP|GOBP_REGULATION_OF_CYTOPLASMIC_TRANSLATION,BFR_post_vs_pre,9.864841098999877e-5,0.017647519744313278,0.985955244686916,0.9941542062213775
GOBP,GOBP_REGULATION_OF_DENDRITE_DEVELOPMENT,GOBP|GOBP_REGULATION_OF_DENDRITE_DEVELOPMENT,BFR_post_vs_pre,-0.001792815932701794,-0.24240608672478614,0.8089624734838432,0.9035431598144286
GOBP,GOBP_REGULATION_OF_DEVELOPMENTAL_GROWTH,GOBP|GOBP_REGULATION_OF_DEVELOPMENTAL_GROWTH,BFR_post_vs_pre,-0.011692133284416345,-2.8739564691293507,0.004952917215010932,0.05914715320216694
GOBP,GOBP_REGULATION_OF_DNA_BINDING_TRANSCRIPTION_FACTOR_ACTIVITY,GOBP|GOBP_REGULATION_OF_DNA_BINDING_TRANSCRIPTION_FACTOR_ACTIVITY,BFR_post_vs_pre,-0.018530331774039288,-3.4637517064584262,7.859748118533806e-4,0.024459536144877204
GOBP,GOBP_REGULATION_OF_DNA_RECOMBINATION,GOBP|GOBP_REGULATION_OF_DNA_RECOMBINATION,BFR_post_vs_pre,-0.002565872394516413,-0.42671607930773303,0.6705043014946734,0.8530297404273766
GOBP,GOBP_REGULATION_OF_DNA_REPAIR,GOBP|GOBP_REGULATION_OF_DNA_REPAIR,BFR_post_vs_pre,-0.006011249867838131,-1.4729208146955155,0.1439161413083844,0.3740268270506885
GOBP,GOBP_REGULATION_OF_DNA_REPLICATION,GOBP|GOBP_REGULATION_OF_DNA_REPLICATION,BFR_post_vs_pre,0.009941842636175355,2.0134648771680936,0.04675538297735168,0.20668004520670233
GOBP,GOBP_REGULATION_OF_EMBRYONIC_DEVELOPMENT,GOBP|GOBP_REGULATION_OF_EMBRYONIC_DEVELOPMENT,BFR_post_vs_pre,-6.543906503938268e-4,-0.07216290261835918,0.9426165443429664,0.9739119143410728
GOBP,GOBP_REGULATION_OF_ENDOCYTOSIS,GOBP|GOBP_REGULATION_OF_ENDOCYTOSIS,BFR_post_vs_pre,-0.007042594768625801,-1.5695123167372735,0.11969067124003832,0.34641958580400617
GOBP,GOBP_REGULATION_OF_ENDOPLASMIC_RETICULUM_UNFOLDED_PROTEIN_RESPONSE,GOBP|GOBP_REGULATION_OF_ENDOPLASMIC_RETICULUM_UNFOLDED_PROTEIN_RESPONSE,BFR_post_vs_pre,0.0011458712162754972,0.1671053386267335,0.867624947392141,0.9388208749250149
GOBP,GOBP_REGULATION_OF_EPITHELIAL_CELL_DIFFERENTIATION,GOBP|GOBP_REGULATION_OF_EPITHELIAL_CELL_DIFFERENTIATION,BFR_post_vs_pre,-0.005295581840219887,-0.476412577031554,0.6348208187525478,0.8356862893223049
GOBP,GOBP_REGULATION_OF_EPITHELIAL_TO_MESENCHYMAL_TRANSITION,GOBP|GOBP_REGULATION_OF_EPITHELIAL_TO_MESENCHYMAL_TRANSITION,BFR_post_vs_pre,-0.00544984688027253,-0.5245590636001551,0.6010518012876747,0.8066349652046418
GOBP,GOBP_REGULATION_OF_ERBB_SIGNALING_PATHWAY,GOBP|GOBP_REGULATION_OF_ERBB_SIGNALING_PATHWAY,BFR_post_vs_pre,-0.007632588648275582,-1.2220671094814775,0.22455789743536894,0.4784354731827353
GOBP,GOBP_REGULATION_OF_EXTRACELLULAR_MATRIX_ORGANIZATION,GOBP|GOBP_REGULATION_OF_EXTRACELLULAR_MATRIX_ORGANIZATION,BFR_post_vs_pre,-0.016001628809984153,-0.6690669097759232,0.5049960410287226,0.7387660778069375
GOBP,GOBP_REGULATION_OF_FAT_CELL_DIFFERENTIATION,GOBP|GOBP_REGULATION_OF_FAT_CELL_DIFFERENTIATION,BFR_post_vs_pre,3.8780020956474814e-4,0.06308615891033195,0.9498239488066755,0.978882673942251
GOBP,GOBP_REGULATION_OF_GENERATION_OF_PRECURSOR_METABOLITES_AND_ENERGY,GOBP|GOBP_REGULATION_OF_GENERATION_OF_PRECURSOR_METABOLITES_AND_ENERGY,BFR_post_vs_pre,0.012972357680700597,3.248431203378847,0.0015810233978206037,0.03514389152869799
GOBP,GOBP_REGULATION_OF_G_PROTEIN_COUPLED_RECEPTOR_SIGNALING_PATHWAY,GOBP|GOBP_REGULATION_OF_G_PROTEIN_COUPLED_RECEPTOR_SIGNALING_PATHWAY,BFR_post_vs_pre,-0.008876951842312821,-1.5168244801239525,0.132469076824694,0.3618576045993169
GOBP,GOBP_REGULATION_OF_HEART_RATE,GOBP|GOBP_REGULATION_OF_HEART_RATE,BFR_post_vs_pre,-0.014072062559595283,-2.71995426342423,0.007701457648919213,0.07029207321566734
GOBP,GOBP_REGULATION_OF_HEMOPOIESIS,GOBP|GOBP_REGULATION_OF_HEMOPOIESIS,BFR_post_vs_pre,-0.0030514062242340823,-0.6262967037829467,0.5325487928729618,0.7602394354197255
GOBP,GOBP_REGULATION_OF_HYDROLASE_ACTIVITY,GOBP|GOBP_REGULATION_OF_HYDROLASE_ACTIVITY,BFR_post_vs_pre,0.0041115703709980606,0.7225313592681946,0.47165590140947833,0.7125209539739303
GOBP,GOBP_REGULATION_OF_IMMUNE_EFFECTOR_PROCESS,GOBP|GOBP_REGULATION_OF_IMMUNE_EFFECTOR_PROCESS,BFR_post_vs_pre,-0.0024597058902099678,-0.5561467103655304,0.5793541046829984,0.7880026109149874
GOBP,GOBP_REGULATION_OF_INFLAMMATORY_RESPONSE,GOBP|GOBP_REGULATION_OF_INFLAMMATORY_RESPONSE,BFR_post_vs_pre,-0.009373206343302742,-2.6528245184486465,0.009286386433457668,0.07853052875250072
GOBP,GOBP_REGULATION_OF_INTRACELLULAR_PROTEIN_TRANSPORT,GOBP|GOBP_REGULATION_OF_INTRACELLULAR_PROTEIN_TRANSPORT,BFR_post_vs_pre,-0.009323718447979072,-2.055964444158616,0.04239380258072129,0.19287940589357405
GOBP,GOBP_REGULATION_OF_INTRACELLULAR_STEROID_HORMONE_RECEPTOR_SIGNALING_PATHWAY,GOBP|GOBP_REGULATION_OF_INTRACELLULAR_STEROID_HORMONE_RECEPTOR_SIGNALING_PATHWAY,BFR_post_vs_pre,-0.008566762711840675,-1.7343667557190914,0.08593750967145841,0.29453472477706893
GOBP,GOBP_REGULATION_OF_INTRACELLULAR_TRANSPORT,GOBP|GOBP_REGULATION_OF_INTRACELLULAR_TRANSPORT,BFR_post_vs_pre,-0.008576265851872183,-2.4298992150823344,0.016887674074647124,0.10975734441633198
GOBP,GOBP_REGULATION_OF_KETONE_METABOLIC_PROCESS,GOBP|GOBP_REGULATION_OF_KETONE_METABOLIC_PROCESS,BFR_post_vs_pre,0.010993445525210241,2.516898755768532,0.013430252337635114,0.09857298413849169
GOBP,GOBP_REGULATION_OF_LIPID_LOCALIZATION,GOBP|GOBP_REGULATION_OF_LIPID_LOCALIZATION,BFR_post_vs_pre,0.0018893514399529743,0.3927232004839623,0.6953606446458842,0.8608102844107416
GOBP,GOBP_REGULATION_OF_LIPID_METABOLIC_PROCESS,GOBP|GOBP_REGULATION_OF_LIPID_METABOLIC_PROCESS,BFR_post_vs_pre,0.005356258025034116,1.7257872280366096,0.08747742750209235,0.2984975377045081
GOBP,GOBP_REGULATION_OF_LYMPHOCYTE_MEDIATED_IMMUNITY,GOBP|GOBP_REGULATION_OF_LYMPHOCYTE_MEDIATED_IMMUNITY,BFR_post_vs_pre,-0.00888560885013772,-1.2284149294707611,0.2221773345433034,0.476414582002003
GOBP,GOBP_REGULATION_OF_MEMBRANE_POTENTIAL,GOBP|GOBP_REGULATION_OF_MEMBRANE_POTENTIAL,BFR_post_vs_pre,-0.005095570483695494,-1.855702418783443,0.0664439481209061,0.2546472494485958
GOBP,GOBP_REGULATION_OF_MICROTUBULE_BASED_PROCESS,GOBP|GOBP_REGULATION_OF_MICROTUBULE_BASED_PROCESS,BFR_post_vs_pre,-0.008220148266713126,-1.8838886003506048,0.062487906224797184,0.24553328809541522
GOBP,GOBP_REGULATION_OF_MITOCHONDRIAL_MEMBRANE_POTENTIAL,GOBP|GOBP_REGULATION_OF_MITOCHONDRIAL_MEMBRANE_POTENTIAL,BFR_post_vs_pre,0.0024261449947473313,0.6092011176951966,0.5437740843048892,0.7705942396888957
GOBP,GOBP_REGULATION_OF_MITOCHONDRION_ORGANIZATION,GOBP|GOBP_REGULATION_OF_MITOCHONDRION_ORGANIZATION,BFR_post_vs_pre,0.006056066115538106,1.3020392286501172,0.19589707766695225,0.4522490398364654
GOBP,GOBP_REGULATION_OF_MONONUCLEAR_CELL_MIGRATION,GOBP|GOBP_REGULATION_OF_MONONUCLEAR_CELL_MIGRATION,BFR_post_vs_pre,-0.005875096030697635,-0.7986547114274333,0.42638525535171456,0.679668965311137
GOBP,GOBP_REGULATION_OF_MRNA_METABOLIC_PROCESS,GOBP|GOBP_REGULATION_OF_MRNA_METABOLIC_PROCESS,BFR_post_vs_pre,-0.006799326185790988,-1.243768335640993,0.21649545750034443,0.476414582002003
GOBP,GOBP_REGULATION_OF_MUSCLE_CELL_DIFFERENTIATION,GOBP|GOBP_REGULATION_OF_MUSCLE_CELL_DIFFERENTIATION,BFR_post_vs_pre,-0.028045941217686013,-2.167946096875394,0.032537699604440064,0.16545313916506124
GOBP,GOBP_REGULATION_OF_MUSCLE_HYPERTROPHY,GOBP|GOBP_REGULATION_OF_MUSCLE_HYPERTROPHY,BFR_post_vs_pre,-0.015916855539594967,-3.0978560518551324,0.0025311766286254846,0.04473378117335871
GOBP,GOBP_REGULATION_OF_MUSCLE_SYSTEM_PROCESS,GOBP|GOBP_REGULATION_OF_MUSCLE_SYSTEM_PROCESS,BFR_post_vs_pre,-0.01437714478220245,-3.1404687908945332,0.0022189695094056634,0.04315895695794015
GOBP,GOBP_REGULATION_OF_MYELOID_LEUKOCYTE_DIFFERENTIATION,GOBP|GOBP_REGULATION_OF_MYELOID_LEUKOCYTE_DIFFERENTIATION,BFR_post_vs_pre,-0.006088713242219795,-0.8168391676538107,0.4159640049438448,0.669152086739352
GOBP,GOBP_REGULATION_OF_NERVOUS_SYSTEM_DEVELOPMENT,GOBP|GOBP_REGULATION_OF_NERVOUS_SYSTEM_DEVELOPMENT,BFR_post_vs_pre,-0.0020107737010477134,-0.5078514312120739,0.612676998440445,0.8162032616210039
GOBP,GOBP_REGULATION_OF_NEURON_DIFFERENTIATION,GOBP|GOBP_REGULATION_OF_NEURON_DIFFERENTIATION,BFR_post_vs_pre,-0.0144481787279723,-3.2238861237047636,0.0017088459226386598,0.03693005910591326
GOBP,GOBP_REGULATION_OF_NEURON_PROJECTION_DEVELOPMENT,GOBP|GOBP_REGULATION_OF_NEURON_PROJECTION_DEVELOPMENT,BFR_post_vs_pre,-0.004210957246005301,-0.9946129223762452,0.3223275632069782,0.5860232863905842
GOBP,GOBP_REGULATION_OF_NUCLEAR_DIVISION,GOBP|GOBP_REGULATION_OF_NUCLEAR_DIVISION,BFR_post_vs_pre,0.0020124001470696457,0.43642396823250695,0.6634708967683849,0.8530297404273766
GOBP,GOBP_REGULATION_OF_NUCLEOTIDE_METABOLIC_PROCESS,GOBP|GOBP_REGULATION_OF_NUCLEOTIDE_METABOLIC_PROCESS,BFR_post_vs_pre,0.011344272364688573,2.6537554457373744,0.00926252281722537,0.07853052875250072
GOBP,GOBP_REGULATION_OF_ORGANELLE_ASSEMBLY,GOBP|GOBP_REGULATION_OF_ORGANELLE_ASSEMBLY,BFR_post_vs_pre,-0.0020209570707035787,-0.464072959079882,0.6436051436607192,0.8429710467475412
GOBP,GOBP_REGULATION_OF_ORGANIC_ACID_TRANSPORT,GOBP|GOBP_REGULATION_OF_ORGANIC_ACID_TRANSPORT,BFR_post_vs_pre,0.003685471681043634,0.6904011962242596,0.49154282890988443,0.7289281405409215
GOBP,GOBP_REGULATION_OF_PH,GOBP|GOBP_REGULATION_OF_PH,BFR_post_vs_pre,-0.00590350568544834,-0.8230826634825619,0.4124214421047627,0.669152086739352
GOBP,GOBP_REGULATION_OF_PHAGOCYTOSIS,GOBP|GOBP_REGULATION_OF_PHAGOCYTOSIS,BFR_post_vs_pre,-0.0036514634829155346,-0.8740446252724525,0.38419025366024495,0.6397659252970431
GOBP,GOBP_REGULATION_OF_PHOSPHORYLATION,GOBP|GOBP_REGULATION_OF_PHOSPHORYLATION,BFR_post_vs_pre,-0.011141622618946828,-2.941788506507458,0.004056241703323813,0.05173370565878568
GOBP,GOBP_REGULATION_OF_PLASMA_LIPOPROTEIN_PARTICLE_LEVELS,GOBP|GOBP_REGULATION_OF_PLASMA_LIPOPROTEIN_PARTICLE_LEVELS,BFR_post_vs_pre,0.0016256765944996365,0.2603445538288963,0.795133858158187,0.8993235067169892
GOBP,GOBP_REGULATION_OF_POLYSACCHARIDE_METABOLIC_PROCESS,GOBP|GOBP_REGULATION_OF_POLYSACCHARIDE_METABOLIC_PROCESS,BFR_post_vs_pre,-0.003307968710881532,-0.4308440413161017,0.6675099477022413,0.8530297404273766
GOBP,GOBP_REGULATION_OF_POSTSYNAPTIC_MEMBRANE_NEUROTRANSMITTER_RECEPTOR_LEVELS,GOBP|GOBP_REGULATION_OF_POSTSYNAPTIC_MEMBRANE_NEUROTRANSMITTER_RECEPTOR_LEVELS,BFR_post_vs_pre,-0.014282231329684288,-2.4636218178706697,0.01546301431042457,0.10975734441633198
GOBP,GOBP_REGULATION_OF_POST_TRANSLATIONAL_PROTEIN_MODIFICATION,GOBP|GOBP_REGULATION_OF_POST_TRANSLATIONAL_PROTEIN_MODIFICATION,BFR_post_vs_pre,-0.011205517977387724,-3.311578130941895,0.0012920504379456486,0.03242629808779725
GOBP,GOBP_REGULATION_OF_POTASSIUM_ION_TRANSMEMBRANE_TRANSPORT,GOBP|GOBP_REGULATION_OF_POTASSIUM_ION_TRANSMEMBRANE_TRANSPORT,BFR_post_vs_pre,-0.012408653014092413,-2.42259360306472,0.017211305936751287,0.10975734441633198
GOBP,GOBP_REGULATION_OF_PROTEIN_CATABOLIC_PROCESS,GOBP|GOBP_REGULATION_OF_PROTEIN_CATABOLIC_PROCESS,BFR_post_vs_pre,-0.007560489077040294,-2.6240247669989567,0.01005271079399727,0.08146884372635287
GOBP,GOBP_REGULATION_OF_PROTEIN_CONTAINING_COMPLEX_ASSEMBLY,GOBP|GOBP_REGULATION_OF_PROTEIN_CONTAINING_COMPLEX_ASSEMBLY,BFR_post_vs_pre,-0.006791283285836516,-1.8403736164257156,0.06868192664906586,0.2556676503970012
GOBP,GOBP_REGULATION_OF_PROTEIN_CONTAINING_COMPLEX_DISASSEMBLY,GOBP|GOBP_REGULATION_OF_PROTEIN_CONTAINING_COMPLEX_DISASSEMBLY,BFR_post_vs_pre,-0.011285869112426716,-1.248520526521839,0.2147585000981456,0.476414582002003
GOBP,GOBP_REGULATION_OF_PROTEIN_IMPORT_INTO_NUCLEUS,GOBP|GOBP_REGULATION_OF_PROTEIN_IMPORT_INTO_NUCLEUS,BFR_post_vs_pre,-0.012170713479009693,-2.384143038085417,0.01900731243621927,0.11463324864634568
GOBP,GOBP_REGULATION_OF_PROTEIN_LOCALIZATION_TO_MEMBRANE,GOBP|GOBP_REGULATION_OF_PROTEIN_LOCALIZATION_TO_MEMBRANE,BFR_post_vs_pre,-0.008696878650261872,-1.903364663407,0.059871462503687134,0.2379903180659706
GOBP,GOBP_REGULATION_OF_PROTEIN_MATURATION,GOBP|GOBP_REGULATION_OF_PROTEIN_MATURATION,BFR_post_vs_pre,-4.500087172212841e-5,-0.005673218694271207,0.995484764144926,0.9975142391031097
GOBP,GOBP_REGULATION_OF_PROTEIN_SERINE_THREONINE_KINASE_ACTIVITY,GOBP|GOBP_REGULATION_OF_PROTEIN_SERINE_THREONINE_KINASE_ACTIVITY,BFR_post_vs_pre,-0.017328416697220836,-2.7254969247056087,0.007582279951256905,0.07022635478664134
GOBP,GOBP_REGULATION_OF_PROTEIN_STABILITY,GOBP|GOBP_REGULATION_OF_PROTEIN_STABILITY,BFR_post_vs_pre,-0.005032657656928577,-1.6624949249309717,0.09954818002599121,0.3148312360171592
GOBP,GOBP_REGULATION_OF_PROTEIN_TARGETING,GOBP|GOBP_REGULATION_OF_PROTEIN_TARGETING,BFR_post_vs_pre,8.694227024888812e-4,0.15650197328021362,0.8759531989426097,0.9428744466053562
GOBP,GOBP_REGULATION_OF_PROTEIN_TRANSPORT,GOBP|GOBP_REGULATION_OF_PROTEIN_TRANSPORT,BFR_post_vs_pre,-0.0072623594621821635,-2.265337058368057,0.025650652538406662,0.14438921168031693
GOBP,GOBP_REGULATION_OF_RECEPTOR_MEDIATED_ENDOCYTOSIS,GOBP|GOBP_REGULATION_OF_RECEPTOR_MEDIATED_ENDOCYTOSIS,BFR_post_vs_pre,-0.008056582452412385,-1.23589739262039,0.21939487846091452,0.476414582002003
GOBP,GOBP_REGULATION_OF_REGULATED_SECRETORY_PATHWAY,GOBP|GOBP_REGULATION_OF_REGULATED_SECRETORY_PATHWAY,BFR_post_vs_pre,-0.007822279733290114,-1.0588071842845261,0.29224098630701306,0.5601726559108487
GOBP,GOBP_REGULATION_OF_RELEASE_OF_SEQUESTERED_CALCIUM_ION_INTO_CYTOSOL,GOBP|GOBP_REGULATION_OF_RELEASE_OF_SEQUESTERED_CALCIUM_ION_INTO_CYTOSOL,BFR_post_vs_pre,-0.002397210531894678,-0.4736988873625587,0.636748225104689,0.8368076336679866
GOBP,GOBP_REGULATION_OF_REPRODUCTIVE_PROCESS,GOBP|GOBP_REGULATION_OF_REPRODUCTIVE_PROCESS,BFR_post_vs_pre,-0.005853756983855041,-0.9199907918852679,0.35979371922077286,0.6165628051844962
GOBP,GOBP_REGULATION_OF_RESPONSE_TO_CYTOKINE_STIMULUS,GOBP|GOBP_REGULATION_OF_RESPONSE_TO_CYTOKINE_STIMULUS,BFR_post_vs_pre,-0.007074383803441667,-1.6709377833186616,0.097863951180703,0.3133257367020038
GOBP,GOBP_REGULATION_OF_RESPONSE_TO_ENDOPLASMIC_RETICULUM_STRESS,GOBP|GOBP_REGULATION_OF_RESPONSE_TO_ENDOPLASMIC_RETICULUM_STRESS,BFR_post_vs_pre,-0.003581255861782024,-0.8147604936749571,0.4171474802453228,0.669152086739352
GOBP,GOBP_REGULATION_OF_RESPONSE_TO_WOUNDING,GOBP|GOBP_REGULATION_OF_RESPONSE_TO_WOUNDING,BFR_post_vs_pre,-0.008754561815509009,-1.5988684813062273,0.11300791894110819,0.3342971898714151
GOBP,GOBP_REGULATION_OF_RNA_SPLICING,GOBP|GOBP_REGULATION_OF_RNA_SPLICING,BFR_post_vs_pre,-0.005971385369300426,-0.761465845982602,0.4481726891438137,0.6966830166191075
GOBP,GOBP_REGULATION_OF_SIGNALING_RECEPTOR_ACTIVITY,GOBP|GOBP_REGULATION_OF_SIGNALING_RECEPTOR_ACTIVITY,BFR_post_vs_pre,-0.009658947345862756,-1.60878138860318,0.11081991262055166,0.3314663919635934
GOBP,GOBP_REGULATION_OF_SMALL_GTPASE_MEDIATED_SIGNAL_TRANSDUCTION,GOBP|GOBP_REGULATION_OF_SMALL_GTPASE_MEDIATED_SIGNAL_TRANSDUCTION,BFR_post_vs_pre,-0.008884967918026402,-1.9359646908716774,0.055698456740252776,0.22807052286271925
GOBP,GOBP_REGULATION_OF_SMALL_MOLECULE_METABOLIC_PROCESS,GOBP|GOBP_REGULATION_OF_SMALL_MOLECULE_METABOLIC_PROCESS,BFR_post_vs_pre,0.00935220439447379,3.0746873309605025,0.002717582636833322,0.04473378117335871
GOBP,GOBP_REGULATION_OF_STEROID_METABOLIC_PROCESS,GOBP|GOBP_REGULATION_OF_STEROID_METABOLIC_PROCESS,BFR_post_vs_pre,0.007462975989193897,1.356177516848322,0.17810002034114247,0.42898394992386635
GOBP,GOBP_REGULATION_OF_STRIATED_MUSCLE_CONTRACTION,GOBP|GOBP_REGULATION_OF_STRIATED_MUSCLE_CONTRACTION,BFR_post_vs_pre,-0.012708542285090885,-1.9485332810070592,0.054156632793819125,0.22531476103524747
GOBP,GOBP_REGULATION_OF_SUPRAMOLECULAR_FIBER_ORGANIZATION,GOBP|GOBP_REGULATION_OF_SUPRAMOLECULAR_FIBER_ORGANIZATION,BFR_post_vs_pre,-0.011873432500638458,-2.401564471885891,0.018173912773053656,0.11221669950345829
GOBP,GOBP_REGULATION_OF_SYNAPSE_STRUCTURE_OR_ACTIVITY,GOBP|GOBP_REGULATION_OF_SYNAPSE_STRUCTURE_OR_ACTIVITY,BFR_post_vs_pre,-0.00842508635146022,-1.8495155022334182,0.06733978024290453,0.2553632209743374
GOBP,GOBP_REGULATION_OF_SYNAPTIC_PLASTICITY,GOBP|GOBP_REGULATION_OF_SYNAPTIC_PLASTICITY,BFR_post_vs_pre,-0.009401151761167017,-2.1996694014961795,0.030135827492592845,0.15575720494235962
GOBP,GOBP_REGULATION_OF_SYSTEMIC_ARTERIAL_BLOOD_PRESSURE,GOBP|GOBP_REGULATION_OF_SYSTEMIC_ARTERIAL_BLOOD_PRESSURE,BFR_post_vs_pre,-0.011436865879105404,-1.6480762366158477,0.10247870894740332,0.3214856272624185
GOBP,GOBP_REGULATION_OF_THE_FORCE_OF_HEART_CONTRACTION,GOBP|GOBP_REGULATION_OF_THE_FORCE_OF_HEART_CONTRACTION,BFR_post_vs_pre,-0.0084598135071135,-1.101271932170032,0.27342463459584476,0.5344833309436362
GOBP,GOBP_REGULATION_OF_TRANSLATION,GOBP|GOBP_REGULATION_OF_TRANSLATION,BFR_post_vs_pre,-0.0013066830689513094,-0.3383009095489204,0.7358463745164427,0.8676106334953422
GOBP,GOBP_REGULATION_OF_TRANSMEMBRANE_TRANSPORT,GOBP|GOBP_REGULATION_OF_TRANSMEMBRANE_TRANSPORT,BFR_post_vs_pre,-0.007194766804280633,-3.267203421136413,0.001489354926584677,0.03407994508479055
GOBP,GOBP_REGULATION_OF_TRANSMEMBRANE_TRANSPORTER_ACTIVITY,GOBP|GOBP_REGULATION_OF_TRANSMEMBRANE_TRANSPORTER_ACTIVITY,BFR_post_vs_pre,-0.008545127169336308,-2.080832455254526,0.04000736087549919,0.18384740982985032
GOBP,GOBP_REGULATION_OF_TUMOR_NECROSIS_FACTOR_MEDIATED_SIGNALING_PATHWAY,GOBP|GOBP_REGULATION_OF_TUMOR_NECROSIS_FACTOR_MEDIATED_SIGNALING_PATHWAY,BFR_post_vs_pre,-0.016726917036603534,-2.4447938214136324,0.016244602972521026,0.10975734441633198
GOBP,GOBP_REGULATION_OF_UBIQUITIN_DEPENDENT_PROTEIN_CATABOLIC_PROCESS,GOBP|GOBP_REGULATION_OF_UBIQUITIN_DEPENDENT_PROTEIN_CATABOLIC_PROCESS,BFR_post_vs_pre,-0.013710060819963888,-3.7171288375585383,3.3255470212100087e-4,0.016324065837064413
GOBP,GOBP_REGULATION_OF_VACUOLE_ORGANIZATION,GOBP|GOBP_REGULATION_OF_VACUOLE_ORGANIZATION,BFR_post_vs_pre,-0.007206706402045335,-0.8723016494120555,0.3851355378461244,0.6397659252970431
GOBP,GOBP_REGULATION_OF_VASCULATURE_DEVELOPMENT,GOBP|GOBP_REGULATION_OF_VASCULATURE_DEVELOPMENT,BFR_post_vs_pre,-0.008647173486082719,-1.5446634261701764,0.12558966240376243,0.3542294700976873
GOBP,GOBP_REGULATION_OF_VIRAL_PROCESS,GOBP|GOBP_REGULATION_OF_VIRAL_PROCESS,BFR_post_vs_pre,-0.0029956958879343992,-0.7331822526965734,0.465164259829943,0.7082148613457842
GOBP,GOBP_RELAXATION_OF_MUSCLE,GOBP|GOBP_RELAXATION_OF_MUSCLE,BFR_post_vs_pre,-7.340424840901472e-4,-0.1252022458425218,0.9006150428364743,0.9494288662964459
GOBP,GOBP_RELEASE_OF_CYTOCHROME_C_FROM_MITOCHONDRIA,GOBP|GOBP_RELEASE_OF_CYTOCHROME_C_FROM_MITOCHONDRIA,BFR_post_vs_pre,0.003526847265300573,0.5786582298825528,0.5641221355742497,0.7767911884544536
GOBP,GOBP_RENAL_SYSTEM_DEVELOPMENT,GOBP|GOBP_RENAL_SYSTEM_DEVELOPMENT,BFR_post_vs_pre,-0.00945481760983849,-1.4414337605082692,0.1525894993192273,0.38841570482871707
GOBP,GOBP_RENAL_SYSTEM_PROCESS,GOBP|GOBP_RENAL_SYSTEM_PROCESS,BFR_post_vs_pre,0.0024011991594534154,0.5098853594822896,0.6112564049059312,0.8157075180391329
GOBP,GOBP_REPRODUCTIVE_SYSTEM_DEVELOPMENT,GOBP|GOBP_REPRODUCTIVE_SYSTEM_DEVELOPMENT,BFR_post_vs_pre,-0.008509391580317105,-1.9027210482957946,0.05995642974412627,0.2379903180659706
GOBP,GOBP_RESPIRATORY_SYSTEM_DEVELOPMENT,GOBP|GOBP_RESPIRATORY_SYSTEM_DEVELOPMENT,BFR_post_vs_pre,-0.01671728982727158,-2.115314939804375,0.03689023108115831,0.1750036572020803
GOBP,GOBP_RESPONSE_TO_ACID_CHEMICAL,GOBP|GOBP_RESPONSE_TO_ACID_CHEMICAL,BFR_post_vs_pre,-0.017146237455879756,-2.107485138948409,0.0375789790127505,0.17506853695760413
GOBP,GOBP_RESPONSE_TO_ACTIVITY,GOBP|GOBP_RESPONSE_TO_ACTIVITY,BFR_post_vs_pre,-0.013480713227544766,-2.6805403372816965,0.008599267192267406,0.0751711221975735
GOBP,GOBP_RESPONSE_TO_ALCOHOL,GOBP|GOBP_RESPONSE_TO_ALCOHOL,BFR_post_vs_pre,0.005741615703363123,1.2527857078893896,0.2132082501611963,0.4752894516487413
GOBP,GOBP_RESPONSE_TO_ALKALOID,GOBP|GOBP_RESPONSE_TO_ALKALOID,BFR_post_vs_pre,3.8139635961242924e-4,0.08525396304415676,0.9322301136017559,0.9670333711762216
GOBP,GOBP_RESPONSE_TO_AMINO_ACID_STARVATION,GOBP|GOBP_RESPONSE_TO_AMINO_ACID_STARVATION,BFR_post_vs_pre,0.00396757949863677,0.5241324142069075,0.6013474033659284,0.8066349652046418
GOBP,GOBP_RESPONSE_TO_ANGIOTENSIN,GOBP|GOBP_RESPONSE_TO_ANGIOTENSIN,BFR_post_vs_pre,-0.016672260115741383,-2.0203006663260132,0.046028988377922,0.20668004520670233
GOBP,GOBP_RESPONSE_TO_AXON_INJURY,GOBP|GOBP_RESPONSE_TO_AXON_INJURY,BFR_post_vs_pre,-0.0069308100340254725,-1.4013312121192747,0.16421404631188782,0.406874293091238
GOBP,GOBP_RESPONSE_TO_BMP,GOBP|GOBP_RESPONSE_TO_BMP,BFR_post_vs_pre,-0.01648387576461824,-2.608996530527402,0.010474889620673838,0.08209837391470184
GOBP,GOBP_RESPONSE_TO_CADMIUM_ION,GOBP|GOBP_RESPONSE_TO_CADMIUM_ION,BFR_post_vs_pre,0.005296524823279469,0.7518354708832925,0.45391766988418125,0.6986826434898051
GOBP,GOBP_RESPONSE_TO_CALCIUM_ION,GOBP|GOBP_RESPONSE_TO_CALCIUM_ION,BFR_post_vs_pre,0.0016634314992333282,0.4019405361797783,0.6885864145103171,0.8604611380416856
GOBP,GOBP_RESPONSE_TO_CARBOHYDRATE,GOBP|GOBP_RESPONSE_TO_CARBOHYDRATE,BFR_post_vs_pre,-0.00447594005695702,-1.085648910741272,0.2802471394672977,0.5423688420536259
GOBP,GOBP_RESPONSE_TO_CORTICOSTEROID,GOBP|GOBP_RESPONSE_TO_CORTICOSTEROID,BFR_post_vs_pre,-0.001374014287476022,-0.2696201534398199,0.7880086188162148,0.8987855063293554
GOBP,GOBP_RESPONSE_TO_ENDOPLASMIC_RETICULUM_STRESS,GOBP|GOBP_RESPONSE_TO_ENDOPLASMIC_RETICULUM_STRESS,BFR_post_vs_pre,-0.008317786541340771,-2.7004063027100336,0.008135502303653069,0.0727519631292194
GOBP,GOBP_RESPONSE_TO_ESTRADIOL,GOBP|GOBP_RESPONSE_TO_ESTRADIOL,BFR_post_vs_pre,-0.0035530641331828205,-0.6807438841938865,0.4976083406845446,0.733218350478363
GOBP,GOBP_RESPONSE_TO_ETHANOL,GOBP|GOBP_RESPONSE_TO_ETHANOL,BFR_post_vs_pre,0.006003042268931169,1.37401801280523,0.17251110309137138,0.4181110224457537
GOBP,GOBP_RESPONSE_TO_FATTY_ACID,GOBP|GOBP_RESPONSE_TO_FATTY_ACID,BFR_post_vs_pre,7.803696987790099e-4,0.10060811016815253,0.9200631927165251,0.9589918630326854
GOBP,GOBP_RESPONSE_TO_FIBROBLAST_GROWTH_FACTOR,GOBP|GOBP_RESPONSE_TO_FIBROBLAST_GROWTH_FACTOR,BFR_post_vs_pre,-0.01170049916931602,-1.0159933292243999,0.31208685624673005,0.5788357598195804
GOBP,GOBP_RESPONSE_TO_INTERLEUKIN_1,GOBP|GOBP_RESPONSE_TO_INTERLEUKIN_1,BFR_post_vs_pre,-0.012297471385307839,-1.1950663203627854,0.2348904578233448,0.4912493983509738
GOBP,GOBP_RESPONSE_TO_IONIZING_RADIATION,GOBP|GOBP_RESPONSE_TO_IONIZING_RADIATION,BFR_post_vs_pre,-0.0019940691652731227,-0.43428588218754133,0.6650173935548689,0.8530297404273766
GOBP,GOBP_RESPONSE_TO_ISCHEMIA,GOBP|GOBP_RESPONSE_TO_ISCHEMIA,BFR_post_vs_pre,-0.008108974285345141,-1.4816037000603282,0.14159315316333415,0.37095527031896447
GOBP,GOBP_RESPONSE_TO_KETONE,GOBP|GOBP_RESPONSE_TO_KETONE,BFR_post_vs_pre,0.00384907571963862,0.5604155170198044,0.5764506938381353,0.786804631238718
GOBP,GOBP_RESPONSE_TO_LEUKEMIA_INHIBITORY_FACTOR,GOBP|GOBP_RESPONSE_TO_LEUKEMIA_INHIBITORY_FACTOR,BFR_post_vs_pre,0.0019969967753324935,0.3795537432148097,0.7050823278413727,0.8608102844107416
GOBP,GOBP_RESPONSE_TO_MECHANICAL_STIMULUS,GOBP|GOBP_RESPONSE_TO_MECHANICAL_STIMULUS,BFR_post_vs_pre,-0.010153597801121558,-1.5164757654543088,0.1325570916591328,0.3618576045993169
GOBP,GOBP_RESPONSE_TO_METAL_ION,GOBP|GOBP_RESPONSE_TO_METAL_ION,BFR_post_vs_pre,-4.078308510852002e-5,-0.012583082212509459,0.9899855125330266,0.9954876809290305
GOBP,GOBP_RESPONSE_TO_MOLECULE_OF_BACTERIAL_ORIGIN,GOBP|GOBP_RESPONSE_TO_MOLECULE_OF_BACTERIAL_ORIGIN,BFR_post_vs_pre,-0.003081793820303297,-0.6940978082746941,0.48923178777574006,0.7277673630774871
GOBP,GOBP_RESPONSE_TO_NERVE_GROWTH_FACTOR,GOBP|GOBP_RESPONSE_TO_NERVE_GROWTH_FACTOR,BFR_post_vs_pre,0.0017004811742705878,0.19671711172210382,0.8444485617018255,0.9246535578211703
GOBP,GOBP_RESPONSE_TO_NUTRIENT,GOBP|GOBP_RESPONSE_TO_NUTRIENT,BFR_post_vs_pre,0.003993660852911821,0.8165741696688242,0.416114767287435,0.669152086739352
GOBP,GOBP_RESPONSE_TO_OSMOTIC_STRESS,GOBP|GOBP_RESPONSE_TO_OSMOTIC_STRESS,BFR_post_vs_pre,0.0023960443995929837,0.45137110201598474,0.6527004326100119,0.8520149942459551
GOBP,GOBP_RESPONSE_TO_OXIDATIVE_STRESS,GOBP|GOBP_RESPONSE_TO_OXIDATIVE_STRESS,BFR_post_vs_pre,-8.781177362944537e-4,-0.3630858243111741,0.7173078940815849,0.8632016810067459
GOBP,GOBP_RESPONSE_TO_OXYGEN_LEVELS,GOBP|GOBP_RESPONSE_TO_OXYGEN_LEVELS,BFR_post_vs_pre,-4.570967169594542e-4,-0.17339223440198376,0.8626939722617482,0.9360891358711856
GOBP,GOBP_RESPONSE_TO_PEPTIDE_HORMONE,GOBP|GOBP_RESPONSE_TO_PEPTIDE_HORMONE,BFR_post_vs_pre,-7.846852583588693e-4,-0.3210344838416162,0.7488548939405109,0.876103921031154
GOBP,GOBP_RESPONSE_TO_PURINE_CONTAINING_COMPOUND,GOBP|GOBP_RESPONSE_TO_PURINE_CONTAINING_COMPOUND,BFR_post_vs_pre,-6.80367930886161e-4,-0.14993897274400925,0.8811150641063902,0.9438263140949483
GOBP,GOBP_RESPONSE_TO_RADIATION,GOBP|GOBP_RESPONSE_TO_RADIATION,BFR_post_vs_pre,-0.0011227800827901396,-0.39252214892368165,0.6955086842447753,0.8608102844107416
GOBP,GOBP_RESPONSE_TO_REACTIVE_OXYGEN_SPECIES,GOBP|GOBP_RESPONSE_TO_REACTIVE_OXYGEN_SPECIES,BFR_post_vs_pre,0.0027325058819449577,0.9313841190669025,0.353900270345583,0.6130985590094163
GOBP,GOBP_RESPONSE_TO_STEROID_HORMONE,GOBP|GOBP_RESPONSE_TO_STEROID_HORMONE,BFR_post_vs_pre,-0.0038497521079816355,-1.141919266875991,0.25621721297613903,0.51508266587968
GOBP,GOBP_RESPONSE_TO_TEMPERATURE_STIMULUS,GOBP|GOBP_RESPONSE_TO_TEMPERATURE_STIMULUS,BFR_post_vs_pre,9.047304421606062e-4,0.22812077389700575,0.8200186179664052,0.9100919896973799
GOBP,GOBP_RESPONSE_TO_TOPOLOGICALLY_INCORRECT_PROTEIN,GOBP|GOBP_RESPONSE_TO_TOPOLOGICALLY_INCORRECT_PROTEIN,BFR_post_vs_pre,-0.00304565303912141,-0.8711650032012919,0.3857527623745861,0.6397659252970431
GOBP,GOBP_RESPONSE_TO_TOXIC_SUBSTANCE,GOBP|GOBP_RESPONSE_TO_TOXIC_SUBSTANCE,BFR_post_vs_pre,0.0012040319709895608,0.339792154332411,0.7347264076582833,0.8676106334953422
GOBP,GOBP_RESPONSE_TO_TUMOR_NECROSIS_FACTOR,GOBP|GOBP_RESPONSE_TO_TUMOR_NECROSIS_FACTOR,BFR_post_vs_pre,-0.0069580053255676455,-1.450782953511068,0.14997304352134166,0.38635439688610534
GOBP,GOBP_RESPONSE_TO_TYPE_II_INTERFERON,GOBP|GOBP_RESPONSE_TO_TYPE_II_INTERFERON,BFR_post_vs_pre,-0.003501493201284289,-0.8955655734614414,0.3726376375719824,0.6248105216185394
GOBP,GOBP_RESPONSE_TO_TYPE_I_INTERFERON,GOBP|GOBP_RESPONSE_TO_TYPE_I_INTERFERON,BFR_post_vs_pre,-0.00647580215264959,-1.4629800164243116,0.1466119669511759,0.3789505325183217
GOBP,GOBP_RESPONSE_TO_UV,GOBP|GOBP_RESPONSE_TO_UV,BFR_post_vs_pre,-0.003137681401216487,-0.5936953494097721,0.5540577979353003,0.7765795221452362
GOBP,GOBP_RESPONSE_TO_VIRUS,GOBP|GOBP_RESPONSE_TO_VIRUS,BFR_post_vs_pre,-0.005565244101607136,-1.8514806293099944,0.06705415337094651,0.2553632209743374
GOBP,GOBP_RESPONSE_TO_VITAMIN,GOBP|GOBP_RESPONSE_TO_VITAMIN,BFR_post_vs_pre,0.004534845362051038,0.7574833442385136,0.45054334377818783,0.6966830166191075
GOBP,GOBP_RESPONSE_TO_XENOBIOTIC_STIMULUS,GOBP|GOBP_RESPONSE_TO_XENOBIOTIC_STIMULUS,BFR_post_vs_pre,-0.0024745488793335713,-0.5528281601225817,0.581616005176486,0.7883227387235299
GOBP,GOBP_RETINA_DEVELOPMENT_IN_CAMERA_TYPE_EYE,GOBP|GOBP_RETINA_DEVELOPMENT_IN_CAMERA_TYPE_EYE,BFR_post_vs_pre,0.004391982103106429,0.3818387720651039,0.703391957689354,0.8608102844107416
GOBP,GOBP_RETROGRADE_VESICLE_MEDIATED_TRANSPORT_GOLGI_TO_ENDOPLASMIC_RETICULUM,GOBP|GOBP_RETROGRADE_VESICLE_MEDIATED_TRANSPORT_GOLGI_TO_ENDOPLASMIC_RETICULUM,BFR_post_vs_pre,-0.0026435780443259393,-0.2865268446796892,0.7750680106389458,0.8913987806991642
GOBP,GOBP_RHO_PROTEIN_SIGNAL_TRANSDUCTION,GOBP|GOBP_RHO_PROTEIN_SIGNAL_TRANSDUCTION,BFR_post_vs_pre,-0.011187533964194765,-1.2057472720128184,0.23076297247926486,0.48391803932309446
GOBP,GOBP_RHYTHMIC_PROCESS,GOBP|GOBP_RHYTHMIC_PROCESS,BFR_post_vs_pre,-0.0014435370966214972,-0.401332512671224,0.6890325051413497,0.8604611380416856
GOBP,GOBP_RIBOSE_PHOSPHATE_METABOLIC_PROCESS,GOBP|GOBP_RIBOSE_PHOSPHATE_METABOLIC_PROCESS,BFR_post_vs_pre,0.006854059535968071,2.4228982826345304,0.017197699341118818,0.10975734441633198
GOBP,GOBP_RIBOSOMAL_LARGE_SUBUNIT_BIOGENESIS,GOBP|GOBP_RIBOSOMAL_LARGE_SUBUNIT_BIOGENESIS,BFR_post_vs_pre,-0.007389800200963581,-0.5802493703804575,0.5630529709022815,0.7767911884544536
GOBP,GOBP_RIBOSOMAL_SMALL_SUBUNIT_BIOGENESIS,GOBP|GOBP_RIBOSOMAL_SMALL_SUBUNIT_BIOGENESIS,BFR_post_vs_pre,-0.012874145160971906,-0.9145857910330243,0.3626113318872898,0.6197086019866572
GOBP,GOBP_RIBOSOME_ASSEMBLY,GOBP|GOBP_RIBOSOME_ASSEMBLY,BFR_post_vs_pre,-0.005884995405800203,-0.6659454606624244,0.5069807878508117,0.7387660778069375
GOBP,GOBP_RIBOSOME_BIOGENESIS,GOBP|GOBP_RIBOSOME_BIOGENESIS,BFR_post_vs_pre,-0.009603466579084508,-0.9375370002595564,0.3507434543432788,0.6130985590094163
GOBP,GOBP_RNA_EXPORT_FROM_NUCLEUS,GOBP|GOBP_RNA_EXPORT_FROM_NUCLEUS,BFR_post_vs_pre,-0.011248022256423712,-1.3249104853346076,0.18822338488369858,0.44205841506409804
GOBP,GOBP_RNA_LOCALIZATION,GOBP|GOBP_RNA_LOCALIZATION,BFR_post_vs_pre,-0.0020249989821824327,-0.37708911075675244,0.70690721931931,0.8608102844107416
GOBP,GOBP_RNA_MODIFICATION,GOBP|GOBP_RNA_MODIFICATION,BFR_post_vs_pre,-0.003191402715628719,-0.44169434474716607,0.6596650077889098,0.8530297404273766
GOBP,GOBP_RNA_SPLICING,GOBP|GOBP_RNA_SPLICING,BFR_post_vs_pre,-0.007148812087242759,-1.1209344902725948,0.26500308954928875,0.5259500093605781
GOBP,GOBP_RRNA_METABOLIC_PROCESS,GOBP|GOBP_RRNA_METABOLIC_PROCESS,BFR_post_vs_pre,-0.010259920512242587,-1.0381014073337624,0.3017289414718963,0.5677280074215483
GOBP,GOBP_SENSORY_ORGAN_MORPHOGENESIS,GOBP|GOBP_SENSORY_ORGAN_MORPHOGENESIS,BFR_post_vs_pre,-0.0019970246858225446,-0.2501113052576896,0.8030148852084633,0.9015087744475967
GOBP,GOBP_SENSORY_PERCEPTION_OF_LIGHT_STIMULUS,GOBP|GOBP_SENSORY_PERCEPTION_OF_LIGHT_STIMULUS,BFR_post_vs_pre,-0.00843143604528386,-0.9567511308043918,0.3410024712536137,0.6015871261571689
GOBP,GOBP_SENSORY_PERCEPTION_OF_MECHANICAL_STIMULUS,GOBP|GOBP_SENSORY_PERCEPTION_OF_MECHANICAL_STIMULUS,BFR_post_vs_pre,-0.010283066533573457,-2.1472083952884464,0.034196311594637166,0.1703868435444569
GOBP,GOBP_SENSORY_SYSTEM_DEVELOPMENT,GOBP|GOBP_SENSORY_SYSTEM_DEVELOPMENT,BFR_post_vs_pre,-0.010954682560418441,-1.6729980231323767,0.09745649004498523,0.3133105341115641
GOBP,GOBP_SIGNAL_TRANSDUCTION_BY_P53_CLASS_MEDIATOR,GOBP|GOBP_SIGNAL_TRANSDUCTION_BY_P53_CLASS_MEDIATOR,BFR_post_vs_pre,-0.009788097820852111,-2.2174644565634543,0.028857406130366404,0.1527283127171773
GOBP,GOBP_SIGNAL_TRANSDUCTION_IN_RESPONSE_TO_DNA_DAMAGE,GOBP|GOBP_SIGNAL_TRANSDUCTION_IN_RESPONSE_TO_DNA_DAMAGE,BFR_post_vs_pre,-0.012748123632542454,-2.7400563600465753,0.007277176111998306,0.06821256644740581
GOBP,GOBP_SKELETAL_MUSCLE_CELL_DIFFERENTIATION,GOBP|GOBP_SKELETAL_MUSCLE_CELL_DIFFERENTIATION,BFR_post_vs_pre,-0.010314186792812041,-1.5232638448593627,0.13085203897796302,0.3610031429959405
GOBP,GOBP_SKELETAL_MUSCLE_ORGAN_DEVELOPMENT,GOBP|GOBP_SKELETAL_MUSCLE_ORGAN_DEVELOPMENT,BFR_post_vs_pre,-0.018023381742863165,-2.231962560619147,0.027851133703293524,0.1505938303582036
GOBP,GOBP_SKELETAL_SYSTEM_MORPHOGENESIS,GOBP|GOBP_SKELETAL_SYSTEM_MORPHOGENESIS,BFR_post_vs_pre,-0.017578054490855588,-1.2134798278306,0.22780767262652543,0.48292743679410566
GOBP,GOBP_SMALL_MOLECULE_CATABOLIC_PROCESS,GOBP|GOBP_SMALL_MOLECULE_CATABOLIC_PROCESS,BFR_post_vs_pre,0.008804917687350422,2.4029676383096383,0.01810822346376372,0.11221669950345829
GOBP,GOBP_SMOOTH_MUSCLE_CONTRACTION,GOBP|GOBP_SMOOTH_MUSCLE_CONTRACTION,BFR_post_vs_pre,-0.012076594894524539,-1.2260300222329803,0.22306956336429984,0.47678055026765187
GOBP,GOBP_SODIUM_ION_TRANSPORT,GOBP|GOBP_SODIUM_ION_TRANSPORT,BFR_post_vs_pre,-0.004801439929817311,-0.9867391941064517,0.32615434833820434,0.5860232863905842
GOBP,GOBP_SPINDLE_LOCALIZATION,GOBP|GOBP_SPINDLE_LOCALIZATION,BFR_post_vs_pre,0.007639617704379917,1.2956868592969912,0.19806915228106145,0.45323697427650556
GOBP,GOBP_SPINDLE_ORGANIZATION,GOBP|GOBP_SPINDLE_ORGANIZATION,BFR_post_vs_pre,-0.004285619411447186,-1.0531497929414617,0.29481293184261076,0.5621677965038019
GOBP,GOBP_SPLICEOSOMAL_COMPLEX_ASSEMBLY,GOBP|GOBP_SPLICEOSOMAL_COMPLEX_ASSEMBLY,BFR_post_vs_pre,-0.010241451395281265,-1.0711303767480038,0.28669174407682074,0.5520944972568479
GOBP,GOBP_SPLICEOSOMAL_SNRNP_ASSEMBLY,GOBP|GOBP_SPLICEOSOMAL_SNRNP_ASSEMBLY,BFR_post_vs_pre,-0.014162611107708042,-1.6890295267600397,0.09433270753694557,0.3082308427488099
GOBP,GOBP_SPROUTING_ANGIOGENESIS,GOBP|GOBP_SPROUTING_ANGIOGENESIS,BFR_post_vs_pre,-0.001729315538484967,-0.25860249305483324,0.7964740142474613,0.8993235067169892
GOBP,GOBP_STEM_CELL_DIFFERENTIATION,GOBP|GOBP_STEM_CELL_DIFFERENTIATION,BFR_post_vs_pre,-4.6021400341631283e-4,-0.11438573228089788,0.9091616019584088,0.9532718683607035
GOBP,GOBP_STEROID_METABOLIC_PROCESS,GOBP|GOBP_STEROID_METABOLIC_PROCESS,BFR_post_vs_pre,0.005287921309631766,1.4797438064400175,0.1420882654949247,0.37095527031896447
GOBP,GOBP_STEROL_HOMEOSTASIS,GOBP|GOBP_STEROL_HOMEOSTASIS,BFR_post_vs_pre,-0.010025587007406578,-1.2771657860812504,0.20450409251062016,0.463417206992805
GOBP,GOBP_STRESS_ACTIVATED_PROTEIN_KINASE_SIGNALING_CASCADE,GOBP|GOBP_STRESS_ACTIVATED_PROTEIN_KINASE_SIGNALING_CASCADE,BFR_post_vs_pre,-0.004509408502277434,-0.9382066496099107,0.3504009787392649,0.6130985590094163
GOBP,GOBP_STRESS_GRANULE_ASSEMBLY,GOBP|GOBP_STRESS_GRANULE_ASSEMBLY,BFR_post_vs_pre,-0.007512594661028438,-0.7880433106066154,0.43253726710410123,0.6825841659371009
GOBP,GOBP_SUBSTRATE_ADHESION_DEPENDENT_CELL_SPREADING,GOBP|GOBP_SUBSTRATE_ADHESION_DEPENDENT_CELL_SPREADING,BFR_post_vs_pre,-0.014494265854274296,-1.376610059058997,0.1717102892856067,0.41747064082563123
GOBP,GOBP_SULFUR_AMINO_ACID_METABOLIC_PROCESS,GOBP|GOBP_SULFUR_AMINO_ACID_METABOLIC_PROCESS,BFR_post_vs_pre,9.07866425380089e-4,0.11275205562063755,0.9104533884246524,0.953341502280457
GOBP,GOBP_SULFUR_COMPOUND_METABOLIC_PROCESS,GOBP|GOBP_SULFUR_COMPOUND_METABOLIC_PROCESS,BFR_post_vs_pre,0.0075545812703295134,1.907068468303874,0.059384470276652834,0.2379903180659706
GOBP,GOBP_SUPEROXIDE_METABOLIC_PROCESS,GOBP|GOBP_SUPEROXIDE_METABOLIC_PROCESS,BFR_post_vs_pre,-0.005420511326542643,-0.9623152243571848,0.33821479131963683,0.5980252446515396
GOBP,GOBP_SYNAPSE_ASSEMBLY,GOBP|GOBP_SYNAPSE_ASSEMBLY,BFR_post_vs_pre,-0.012099296572489933,-2.6947646879076523,0.008264838330248603,0.0730686843287888
GOBP,GOBP_TAXIS,GOBP|GOBP_TAXIS,BFR_post_vs_pre,-5.469084979383143e-4,-0.1294597699095869,0.8972541516405124,0.9494288662964459
GOBP,GOBP_TELOMERE_ORGANIZATION,GOBP|GOBP_TELOMERE_ORGANIZATION,BFR_post_vs_pre,-0.001786981763909734,-0.4278193284313572,0.669703500378591,0.8530297404273766
GOBP,GOBP_TEMPERATURE_HOMEOSTASIS,GOBP|GOBP_TEMPERATURE_HOMEOSTASIS,BFR_post_vs_pre,-0.003170647052698178,-0.8598430991970528,0.3919342419285773,0.6460272038568499
GOBP,GOBP_TISSUE_HOMEOSTASIS,GOBP|GOBP_TISSUE_HOMEOSTASIS,BFR_post_vs_pre,-0.010066712247941534,-1.4846499966241258,0.14078512280992483,0.37095527031896447
GOBP,GOBP_TISSUE_MIGRATION,GOBP|GOBP_TISSUE_MIGRATION,BFR_post_vs_pre,-0.011595270362786902,-1.9369955088698398,0.05557062106030561,0.22807052286271925
GOBP,GOBP_TISSUE_REGENERATION,GOBP|GOBP_TISSUE_REGENERATION,BFR_post_vs_pre,-0.012577735144844227,-1.714201080104217,0.0895927862205119,0.30252891357537226
GOBP,GOBP_TISSUE_REMODELING,GOBP|GOBP_TISSUE_REMODELING,BFR_post_vs_pre,-3.867976051561764e-4,-0.036543650396843444,0.9709217962535142,0.9897488524596004
GOBP,GOBP_TOR_SIGNALING,GOBP|GOBP_TOR_SIGNALING,BFR_post_vs_pre,-0.0036556559354621355,-0.703531305011663,0.48336118701538333,0.7204118840957245
GOBP,GOBP_TRANSITION_METAL_ION_TRANSPORT,GOBP|GOBP_TRANSITION_METAL_ION_TRANSPORT,BFR_post_vs_pre,0.010075582679945683,1.7811162050702831,0.07793267904017079,0.2743512411459406
GOBP,GOBP_TRANSLATIONAL_ELONGATION,GOBP|GOBP_TRANSLATIONAL_ELONGATION,BFR_post_vs_pre,0.004175010977491164,1.132004836685603,0.2603422504504299,0.5206845009008598
GOBP,GOBP_TRANSLATIONAL_INITIATION,GOBP|GOBP_TRANSLATIONAL_INITIATION,BFR_post_vs_pre,-0.006620404650353157,-1.1908581620202605,0.23653112085500894,0.49203532627058005
GOBP,GOBP_TRICARBOXYLIC_ACID_CYCLE,GOBP|GOBP_TRICARBOXYLIC_ACID_CYCLE,BFR_post_vs_pre,0.015386235450301267,4.245727479451687,4.888749452530713e-5,0.0054334958200984215
GOBP,GOBP_TRNA_METABOLIC_PROCESS,GOBP|GOBP_TRNA_METABOLIC_PROCESS,BFR_post_vs_pre,0.01423438924175665,3.0072917441778064,0.003334645892995241,0.04632775901339817
GOBP,GOBP_TRNA_PROCESSING,GOBP|GOBP_TRNA_PROCESSING,BFR_post_vs_pre,0.0031775698137940928,0.5412657815696501,0.589529399882751,0.7948940608471061
GOBP,GOBP_TUMOR_NECROSIS_FACTOR_SUPERFAMILY_CYTOKINE_PRODUCTION,GOBP|GOBP_TUMOR_NECROSIS_FACTOR_SUPERFAMILY_CYTOKINE_PRODUCTION,BFR_post_vs_pre,-0.01118941534267659,-3.375450580670234,0.0010506589559188095,0.02919330956088692
GOBP,GOBP_TYPE_II_INTERFERON_PRODUCTION,GOBP|GOBP_TYPE_II_INTERFERON_PRODUCTION,BFR_post_vs_pre,-0.007151627686319495,-1.3534347679605587,0.17897124379043153,0.4297519372498634
GOBP,GOBP_TYPE_I_INTERFERON_PRODUCTION,GOBP|GOBP_TYPE_I_INTERFERON_PRODUCTION,BFR_post_vs_pre,-0.007104601812992023,-1.3702920814903288,0.1736671940582284,0.4196058291220549
GOBP,GOBP_T_CELL_DIFFERENTIATION,GOBP|GOBP_T_CELL_DIFFERENTIATION,BFR_post_vs_pre,-0.00340920171836101,-0.8535865017164809,0.3953762109229595,0.6489508272111023
GOBP,GOBP_T_HELPER_17_CELL_DIFFERENTIATION,GOBP|GOBP_T_HELPER_17_CELL_DIFFERENTIATION,BFR_post_vs_pre,-0.004872266965885719,-1.4382500772946778,0.15348848534694007,0.38841570482871707
GOBP,GOBP_VACUOLAR_LOCALIZATION,GOBP|GOBP_VACUOLAR_LOCALIZATION,BFR_post_vs_pre,-0.003264904907983285,-0.4098236508263645,0.6828127845205614,0.8590233016774566
GOBP,GOBP_VACUOLAR_TRANSPORT,GOBP|GOBP_VACUOLAR_TRANSPORT,BFR_post_vs_pre,-0.012351591808358525,-2.4066834086336644,0.01793528786638128,0.11221669950345829
GOBP,GOBP_VACUOLE_ORGANIZATION,GOBP|GOBP_VACUOLE_ORGANIZATION,BFR_post_vs_pre,-0.008639598476618542,-1.8322809829278652,0.06988857956621271,0.25892054715482615
GOBP,GOBP_VASCULAR_PROCESS_IN_CIRCULATORY_SYSTEM,GOBP|GOBP_VASCULAR_PROCESS_IN_CIRCULATORY_SYSTEM,BFR_post_vs_pre,-0.0066148219330466745,-1.2760283197454978,0.2049042663310089,0.463417206992805
GOBP,GOBP_VESICLE_BUDDING_FROM_MEMBRANE,GOBP|GOBP_VESICLE_BUDDING_FROM_MEMBRANE,BFR_post_vs_pre,-0.0020432479600207346,-0.44906160302238507,0.654359869788768,0.85275038307481
GOBP,GOBP_VESICLE_LOCALIZATION,GOBP|GOBP_VESICLE_LOCALIZATION,BFR_post_vs_pre,-0.007044394169469547,-1.6556493561625794,0.10093093733206243,0.3179120212321643
GOBP,GOBP_VESICLE_MEDIATED_TRANSPORT_BETWEEN_ENDOSOMAL_COMPARTMENTS,GOBP|GOBP_VESICLE_MEDIATED_TRANSPORT_BETWEEN_ENDOSOMAL_COMPARTMENTS,BFR_post_vs_pre,-0.00634314250120184,-1.0908289543291108,0.27797214463062353,0.539307552425499
GOBP,GOBP_VESICLE_MEDIATED_TRANSPORT_IN_SYNAPSE,GOBP|GOBP_VESICLE_MEDIATED_TRANSPORT_IN_SYNAPSE,BFR_post_vs_pre,-0.004216968034558205,-0.8233442340910522,0.4122734240777838,0.669152086739352
GOBP,GOBP_VESICLE_MEDIATED_TRANSPORT_TO_THE_PLASMA_MEMBRANE,GOBP|GOBP_VESICLE_MEDIATED_TRANSPORT_TO_THE_PLASMA_MEMBRANE,BFR_post_vs_pre,-0.004268557847795701,-0.7595210673602569,0.44932945345232367,0.6966830166191075
GOBP,GOBP_VESICLE_ORGANIZATION,GOBP|GOBP_VESICLE_ORGANIZATION,BFR_post_vs_pre,-0.008288721783809808,-1.9493282499410751,0.054060339373987125,0.22531476103524747
GOBP,GOBP_VESICLE_TARGETING,GOBP|GOBP_VESICLE_TARGETING,BFR_post_vs_pre,-7.506573057899785e-4,-0.11782538671773293,0.9064425875236704,0.9521393422626733
GOBP,GOBP_VIRAL_GENE_EXPRESSION,GOBP|GOBP_VIRAL_GENE_EXPRESSION,BFR_post_vs_pre,-0.007642576108948702,-1.231884238232835,0.2208840512050554,0.476414582002003
GOBP,GOBP_VIRAL_GENOME_REPLICATION,GOBP|GOBP_VIRAL_GENOME_REPLICATION,BFR_post_vs_pre,-0.009343514697011848,-1.665617205237492,0.09892261508778745,0.314619273606937
GOBP,GOBP_VIRAL_PROCESS,GOBP|GOBP_VIRAL_PROCESS,BFR_post_vs_pre,-0.008626139964085837,-2.5879181644454436,0.011094014742046424,0.08461905362070704
GOBP,GOBP_VIRAL_RELEASE_FROM_HOST_CELL,GOBP|GOBP_VIRAL_RELEASE_FROM_HOST_CELL,BFR_post_vs_pre,-0.012245955692956778,-2.2633084705154225,0.02577991122962957,0.14438921168031693
GOBP,GOBP_VIRION_ASSEMBLY,GOBP|GOBP_VIRION_ASSEMBLY,BFR_post_vs_pre,-0.016106425253474374,-2.5173424550297354,0.013414380244167001,0.09857298413849169
GOBP,GOBP_WNT_SIGNALING_PATHWAY,GOBP|GOBP_WNT_SIGNALING_PATHWAY,BFR_post_vs_pre,-0.01103078118464004,-2.8383492747932144,0.005493300261974813,0.05983328581126325
GOBP,GOBP_WOUND_HEALING,GOBP|GOBP_WOUND_HEALING,BFR_post_vs_pre,-0.007111246230579085,-1.1544314590543696,0.251077408806708,0.5117174961042787
Hallmark,HALLMARK_ADIPOGENESIS,Hallmark|HALLMARK_ADIPOGENESIS,HLRT_post_vs_pre,-1.498885335097233e-4,-0.06505986400048862,0.9482563494082906,0.9511209876876984
Hallmark,HALLMARK_ALLOGRAFT_REJECTION,Hallmark|HALLMARK_ALLOGRAFT_REJECTION,HLRT_post_vs_pre,0.017762279302037484,3.018202969888589,0.0032266647117705637,0.04409775106086437
Hallmark,HALLMARK_ANDROGEN_RESPONSE,Hallmark|HALLMARK_ANDROGEN_RESPONSE,HLRT_post_vs_pre,-0.006081036958362165,-1.356062262444571,0.1781365658423314,0.5216856571096847
Hallmark,HALLMARK_APICAL_JUNCTION,Hallmark|HALLMARK_APICAL_JUNCTION,HLRT_post_vs_pre,0.01755272600299042,1.8969021406665258,0.06072923339153592,0.2766553965614414
Hallmark,HALLMARK_APOPTOSIS,Hallmark|HALLMARK_APOPTOSIS,HLRT_post_vs_pre,0.005336192158559891,0.8396000894861991,0.4031373977460424,0.7513015139812608
Hallmark,HALLMARK_BILE_ACID_METABOLISM,Hallmark|HALLMARK_BILE_ACID_METABOLISM,HLRT_post_vs_pre,-0.006662304746735875,-1.5171687667103126,0.13238222470746897,0.4523059344171856
Hallmark,HALLMARK_CHOLESTEROL_HOMEOSTASIS,Hallmark|HALLMARK_CHOLESTEROL_HOMEOSTASIS,HLRT_post_vs_pre,0.002726436269294169,0.335346805858962,0.7380666709448481,0.8966450220129628
Hallmark,HALLMARK_COAGULATION,Hallmark|HALLMARK_COAGULATION,HLRT_post_vs_pre,0.01654219024111578,1.9952738346591654,0.04873628630326838,0.24977346730425046
Hallmark,HALLMARK_COMPLEMENT,Hallmark|HALLMARK_COMPLEMENT,HLRT_post_vs_pre,0.0018551331138429161,0.3694078267515238,0.7126056188394299,0.8966450220129628
Hallmark,HALLMARK_DNA_REPAIR,Hallmark|HALLMARK_DNA_REPAIR,HLRT_post_vs_pre,-0.0046005140566026115,-0.9489705857951745,0.3449255916328787,0.7411474125468036
Hallmark,HALLMARK_E2F_TARGETS,Hallmark|HALLMARK_E2F_TARGETS,HLRT_post_vs_pre,-0.0077611762396211925,-1.7073403336385253,0.09086498441443473,0.338678578271984
Hallmark,HALLMARK_EPITHELIAL_MESENCHYMAL_TRANSITION,Hallmark|HALLMARK_EPITHELIAL_MESENCHYMAL_TRANSITION,HLRT_post_vs_pre,0.001025789263066637,0.06145329428922047,0.9511209876876984,0.9511209876876984
Hallmark,HALLMARK_ESTROGEN_RESPONSE_EARLY,Hallmark|HALLMARK_ESTROGEN_RESPONSE_EARLY,HLRT_post_vs_pre,-8.246609057077289e-4,-0.13486453344109292,0.8929903309232246,0.9468491815619429
Hallmark,HALLMARK_ESTROGEN_RESPONSE_LATE,Hallmark|HALLMARK_ESTROGEN_RESPONSE_LATE,HLRT_post_vs_pre,-0.0016625666052728916,-0.37142589122747827,0.7111069137946766,0.8966450220129628
Hallmark,HALLMARK_FATTY_ACID_METABOLISM,Hallmark|HALLMARK_FATTY_ACID_METABOLISM,HLRT_post_vs_pre,0.003932452355684624,1.4150789450403756,0.1601549841956228,0.5051041809246565
Hallmark,HALLMARK_G2M_CHECKPOINT,Hallmark|HALLMARK_G2M_CHECKPOINT,HLRT_post_vs_pre,-0.014527302255970646,-2.7099863298155884,0.007920083044509378,0.08118085120622114
Hallmark,HALLMARK_GLYCOLYSIS,Hallmark|HALLMARK_GLYCOLYSIS,HLRT_post_vs_pre,-0.004084873676325651,-1.1316667593287717,0.2604837301154989,0.673369255762351
Hallmark,HALLMARK_HEME_METABOLISM,Hallmark|HALLMARK_HEME_METABOLISM,HLRT_post_vs_pre,-0.022183478554310104,-2.431418112994319,0.016821073028535326,0.13793279883398965
Hallmark,HALLMARK_HYPOXIA,Hallmark|HALLMARK_HYPOXIA,HLRT_post_vs_pre,7.740423023684662e-4,0.16409524489146174,0.8699877063404913,0.9468491815619429
Hallmark,HALLMARK_IL2_STAT5_SIGNALING,Hallmark|HALLMARK_IL2_STAT5_SIGNALING,HLRT_post_vs_pre,0.0015871765105798796,0.2348470790098967,0.8148081115454902,0.9468491815619429
Hallmark,HALLMARK_INFLAMMATORY_RESPONSE,Hallmark|HALLMARK_INFLAMMATORY_RESPONSE,HLRT_post_vs_pre,0.0033508745935582618,0.4334228655102713,0.665642031850009,0.8966450220129628
Hallmark,HALLMARK_INTERFERON_ALPHA_RESPONSE,Hallmark|HALLMARK_INTERFERON_ALPHA_RESPONSE,HLRT_post_vs_pre,0.006678868435194468,0.8825241018061106,0.37961208935324087,0.7411474125468036
Hallmark,HALLMARK_INTERFERON_GAMMA_RESPONSE,Hallmark|HALLMARK_INTERFERON_GAMMA_RESPONSE,HLRT_post_vs_pre,0.006238850430879902,0.9801270518697518,0.32939104103661077,0.7411474125468036
Hallmark,HALLMARK_KRAS_SIGNALING_DN,Hallmark|HALLMARK_KRAS_SIGNALING_DN,HLRT_post_vs_pre,-0.004500543904080168,-0.6854459732415428,0.4946500356149882,0.7815917714055097
Hallmark,HALLMARK_KRAS_SIGNALING_UP,Hallmark|HALLMARK_KRAS_SIGNALING_UP,HLRT_post_vs_pre,0.017661506864496232,2.1669572776742636,0.032615168346115116,0.19103170031295996
Hallmark,HALLMARK_MITOTIC_SPINDLE,Hallmark|HALLMARK_MITOTIC_SPINDLE,HLRT_post_vs_pre,0.005713226626421304,0.887094762827417,0.3771585225481098,0.7411474125468036
Hallmark,HALLMARK_MTORC1_SIGNALING,Hallmark|HALLMARK_MTORC1_SIGNALING,HLRT_post_vs_pre,-0.0017036307800662176,-0.4836765361583727,0.6296739485099291,0.8902286858243824
Hallmark,HALLMARK_MYC_TARGETS_V1,Hallmark|HALLMARK_MYC_TARGETS_V1,HLRT_post_vs_pre,5.01368567757815e-4,0.1572844178018407,0.8753381512557419,0.9468491815619429
Hallmark,HALLMARK_MYOGENESIS,Hallmark|HALLMARK_MYOGENESIS,HLRT_post_vs_pre,-0.012677757009291968,-1.742202961256918,0.08455050330807874,0.338678578271984
Hallmark,HALLMARK_OXIDATIVE_PHOSPHORYLATION,Hallmark|HALLMARK_OXIDATIVE_PHOSPHORYLATION,HLRT_post_vs_pre,0.013245271659269364,3.518141877912683,6.556771093156126e-4,0.013441380740970057
Hallmark,HALLMARK_P53_PATHWAY,Hallmark|HALLMARK_P53_PATHWAY,HLRT_post_vs_pre,0.0028028441467270737,0.7083092847200735,0.4804026547058854,0.7815917714055097
Hallmark,HALLMARK_PEROXISOME,Hallmark|HALLMARK_PEROXISOME,HLRT_post_vs_pre,5.212650320780832e-4,0.12514351648477148,0.9006614166077017,0.9468491815619429
Hallmark,HALLMARK_PI3K_AKT_MTOR_SIGNALING,Hallmark|HALLMARK_PI3K_AKT_MTOR_SIGNALING,HLRT_post_vs_pre,0.0013618594088807556,0.32805148914023247,0.743559286547335,0.8966450220129628
Hallmark,HALLMARK_PROTEIN_SECRETION,Hallmark|HALLMARK_PROTEIN_SECRETION,HLRT_post_vs_pre,-0.006344541832975607,-1.1262017302192588,0.26277824615116135,0.673369255762351
Hallmark,HALLMARK_REACTIVE_OXYGEN_SPECIES_PATHWAY,Hallmark|HALLMARK_REACTIVE_OXYGEN_SPECIES_PATHWAY,HLRT_post_vs_pre,-0.003231663926524686,-0.6615028681113616,0.5098127313710836,0.7815917714055097
Hallmark,HALLMARK_SPERMATOGENESIS,Hallmark|HALLMARK_SPERMATOGENESIS,HLRT_post_vs_pre,-0.014498146974479903,-3.589954100111531,5.14657353719949e-4,0.013441380740970057
Hallmark,HALLMARK_TNFA_SIGNALING_VIA_NFKB,Hallmark|HALLMARK_TNFA_SIGNALING_VIA_NFKB,HLRT_post_vs_pre,0.004486117710033974,0.6538561328979814,0.5147067762914332,0.7815917714055097
Hallmark,HALLMARK_UNFOLDED_PROTEIN_RESPONSE,Hallmark|HALLMARK_UNFOLDED_PROTEIN_RESPONSE,HLRT_post_vs_pre,0.008919295342881106,2.292000322761474,0.02400386521302005,0.16402641228897033
Hallmark,HALLMARK_UV_RESPONSE_DN,Hallmark|HALLMARK_UV_RESPONSE_DN,HLRT_post_vs_pre,-0.006636355231050772,-0.7815270202413828,0.43634083389754996,0.7778249647738934
Hallmark,HALLMARK_UV_RESPONSE_UP,Hallmark|HALLMARK_UV_RESPONSE_UP,HLRT_post_vs_pre,-0.0027039665333692675,-0.891907333650347,0.3745858496995773,0.7411474125468036
Hallmark,HALLMARK_XENOBIOTIC_METABOLISM,Hallmark|HALLMARK_XENOBIOTIC_METABOLISM,HLRT_post_vs_pre,-0.0024580746888148985,-0.5057615950752904,0.6141381812421269,0.8902286858243824
Reactome,REACTOME_ACTIVATION_OF_NMDA_RECEPTORS_AND_POSTSYNAPTIC_EVENTS,Reactome|REACTOME_ACTIVATION_OF_NMDA_RECEPTORS_AND_POSTSYNAPTIC_EVENTS,HLRT_post_vs_pre,0.005331294447104007,0.9937513160447272,0.3227448658879155,0.6034057990978983
Reactome,REACTOME_ADIPOGENESIS,Reactome|REACTOME_ADIPOGENESIS,HLRT_post_vs_pre,8.194414011617676e-4,0.15679856788330213,0.8757200490659978,0.9486967198214975
Reactome,REACTOME_AEROBIC_RESPIRATION_AND_RESPIRATORY_ELECTRON_TRANSPORT,Reactome|REACTOME_AEROBIC_RESPIRATION_AND_RESPIRATORY_ELECTRON_TRANSPORT,HLRT_post_vs_pre,0.01481214717446555,3.0572495021926427,0.0028661912546296083,0.05278568893942862
Reactome,REACTOME_AGGREPHAGY,Reactome|REACTOME_AGGREPHAGY,HLRT_post_vs_pre,0.01103623933744019,1.9992534870927232,0.048296916381247224,0.24210124555401444
Reactome,REACTOME_AMINO_ACIDS_REGULATE_MTORC1,Reactome|REACTOME_AMINO_ACIDS_REGULATE_MTORC1,HLRT_post_vs_pre,-0.008275660844724406,-1.1122530790995988,0.2686987407915516,0.5709848241820471
Reactome,REACTOME_ANTIGEN_PRESENTATION_FOLDING_ASSEMBLY_AND_PEPTIDE_LOADING_OF_CLASS_I_MHC,Reactome|REACTOME_ANTIGEN_PRESENTATION_FOLDING_ASSEMBLY_AND_PEPTIDE_LOADING_OF_CLASS_I_MHC,HLRT_post_vs_pre,0.016205171182891845,2.2658786809204705,0.025616237520131164,0.16650554388085256
Reactome,REACTOME_ANTIGEN_PROCESSING_CROSS_PRESENTATION,Reactome|REACTOME_ANTIGEN_PROCESSING_CROSS_PRESENTATION,HLRT_post_vs_pre,-0.0016197567683695901,-0.41006983599021396,0.6826327781597521,0.8720337801925158
Reactome,REACTOME_ANTIGEN_PROCESSING_UB_ATP_INDEPENDENT_PROTEASOMAL_DEGRADATION,Reactome|REACTOME_ANTIGEN_PROCESSING_UB_ATP_INDEPENDENT_PROTEASOMAL_DEGRADATION,HLRT_post_vs_pre,-0.009113756331188327,-2.199903690920191,0.03011867994525755,0.1848952296639422
Reactome,REACTOME_ANTI_INFLAMMATORY_RESPONSE_FAVOURING_LEISHMANIA_PARASITE_INFECTION,Reactome|REACTOME_ANTI_INFLAMMATORY_RESPONSE_FAVOURING_LEISHMANIA_PARASITE_INFECTION,HLRT_post_vs_pre,-0.0026877167334391217,-0.30605527013849576,0.7601994546976211,0.9032477391837326
Reactome,REACTOME_APOPTOTIC_EXECUTION_PHASE,Reactome|REACTOME_APOPTOTIC_EXECUTION_PHASE,HLRT_post_vs_pre,0.006472929101622518,0.8066531177891625,0.42178256449084073,0.6760476785477163
Reactome,REACTOME_ARACHIDONATE_METABOLISM,Reactome|REACTOME_ARACHIDONATE_METABOLISM,HLRT_post_vs_pre,-2.2372009424406758e-4,-0.04016361343130492,0.9680428434439496,0.9846197918482816
Reactome,REACTOME_ASPARAGINE_N_LINKED_GLYCOSYLATION,Reactome|REACTOME_ASPARAGINE_N_LINKED_GLYCOSYLATION,HLRT_post_vs_pre,0.004260848298417955,1.1736228198550565,0.2433365712968345,0.5648292926695688
Reactome,REACTOME_AUTOPHAGY,Reactome|REACTOME_AUTOPHAGY,HLRT_post_vs_pre,0.002453605589396321,0.7625664077208503,0.4475188308712338,0.6899511812889519
Reactome,REACTOME_BACTERIAL_INFECTION_PATHWAYS,Reactome|REACTOME_BACTERIAL_INFECTION_PATHWAYS,HLRT_post_vs_pre,-0.015145672332814122,-1.8582323314681943,0.06608051153955748,0.2808421740431193
Reactome,REACTOME_BINDING_AND_UPTAKE_OF_LIGANDS_BY_SCAVENGER_RECEPTORS,Reactome|REACTOME_BINDING_AND_UPTAKE_OF_LIGANDS_BY_SCAVENGER_RECEPTORS,HLRT_post_vs_pre,-0.0017133937513447717,-0.12778509645875602,0.8985759197477009,0.9640062051662228
Reactome,REACTOME_BIOLOGICAL_OXIDATIONS,Reactome|REACTOME_BIOLOGICAL_OXIDATIONS,HLRT_post_vs_pre,1.6608185591379665e-4,0.037042394045611084,0.9705251222461062,0.9846197918482816
Reactome,REACTOME_BIOSYNTHESIS_OF_THE_N_GLYCAN_PRECURSOR_DOLICHOL_LIPID_LINKED_OLIGOSACCHARIDE_LLO_AND_TRANSFER_TO_A_NASCENT_PROTEIN,Reactome|REACTOME_BIOSYNTHESIS_OF_THE_N_GLYCAN_PRECURSOR_DOLICHOL_LIPID_LINKED_OLIGOSACCHARIDE_LLO_AND_TRANSFER_TO_A_NASCENT_PROTEIN,HLRT_post_vs_pre,0.007895010584966472,0.9985872632810614,0.3204072943201983,0.6034057990978983
Reactome,REACTOME_BRANCHED_CHAIN_AMINO_ACID_CATABOLISM,Reactome|REACTOME_BRANCHED_CHAIN_AMINO_ACID_CATABOLISM,HLRT_post_vs_pre,0.008041393242772393,1.1663436284895685,0.24625235490510003,0.5648292926695688
Reactome,REACTOME_CARDIAC_CONDUCTION,Reactome|REACTOME_CARDIAC_CONDUCTION,HLRT_post_vs_pre,-0.006937422405911969,-1.5258568110492496,0.13020530465167837,0.39965794900029056
Reactome,REACTOME_CARGO_CONCENTRATION_IN_THE_ER,Reactome|REACTOME_CARGO_CONCENTRATION_IN_THE_ER,HLRT_post_vs_pre,-0.001596134022813916,-0.22705601777447365,0.8208441734957997,0.9255838116552042
Reactome,REACTOME_CARGO_TRAFFICKING_TO_THE_PERICILIARY_MEMBRANE,Reactome|REACTOME_CARGO_TRAFFICKING_TO_THE_PERICILIARY_MEMBRANE,HLRT_post_vs_pre,0.017910083642950603,2.907337715973475,0.004491073891953309,0.0724823252861098
Reactome,REACTOME_CELLULAR_RESPONSES_TO_MECHANICAL_STIMULI,Reactome|REACTOME_CELLULAR_RESPONSES_TO_MECHANICAL_STIMULI,HLRT_post_vs_pre,-0.0029402478971439633,-0.5753386172303261,0.5663559344584189,0.7826336936973837
Reactome,REACTOME_CELLULAR_RESPONSE_TO_CHEMICAL_STRESS,Reactome|REACTOME_CELLULAR_RESPONSE_TO_CHEMICAL_STRESS,HLRT_post_vs_pre,-0.008483212453651967,-3.147244463142837,0.0021727603588636737,0.05278568893942862
Reactome,REACTOME_CELLULAR_RESPONSE_TO_HEAT_STRESS,Reactome|REACTOME_CELLULAR_RESPONSE_TO_HEAT_STRESS,HLRT_post_vs_pre,-0.0026109835378671786,-0.6661766389278463,0.506833652593992,0.7474665368935481
Reactome,REACTOME_CELLULAR_SENESCENCE,Reactome|REACTOME_CELLULAR_SENESCENCE,HLRT_post_vs_pre,-0.004896769310569697,-0.8871655904308248,0.37712057998787996,0.6460747920722595
Reactome,REACTOME_CELL_CELL_COMMUNICATION,Reactome|REACTOME_CELL_CELL_COMMUNICATION,HLRT_post_vs_pre,-0.003943091383560721,-1.0957042777628607,0.27584266620757475,0.5776590461336616
Reactome,REACTOME_CELL_CYCLE_CHECKPOINTS,Reactome|REACTOME_CELL_CYCLE_CHECKPOINTS,HLRT_post_vs_pre,-0.006365246937664049,-1.5817446924838783,0.11686880549168947,0.3913334244494451
Reactome,REACTOME_CELL_SURFACE_INTERACTIONS_AT_THE_VASCULAR_WALL,Reactome|REACTOME_CELL_SURFACE_INTERACTIONS_AT_THE_VASCULAR_WALL,HLRT_post_vs_pre,0.0015050129562616255,0.18752045615544627,0.8516329227119098,0.9363725170116023
Reactome,REACTOME_CHROMATIN_ORGANIZATION,Reactome|REACTOME_CHROMATIN_ORGANIZATION,HLRT_post_vs_pre,-0.0220883009223663,-3.908485001025339,1.692418750001204e-4,0.007480490875005322
Reactome,REACTOME_CHROMOSOME_MAINTENANCE,Reactome|REACTOME_CHROMOSOME_MAINTENANCE,HLRT_post_vs_pre,-0.01925128711029403,-2.4398373071460595,0.016456132602209357,0.13987712711877953
Reactome,REACTOME_CILIUM_ASSEMBLY,Reactome|REACTOME_CILIUM_ASSEMBLY,HLRT_post_vs_pre,0.012623034010155049,2.685343873128359,0.008484982258407351,0.10417672661711248
Reactome,REACTOME_CITRIC_ACID_CYCLE_TCA_CYCLE,Reactome|REACTOME_CITRIC_ACID_CYCLE_TCA_CYCLE,HLRT_post_vs_pre,0.015823005462880402,3.192985167995499,0.0018834921319739871,0.05278568893942862
Reactome,REACTOME_CLASS_I_MHC_MEDIATED_ANTIGEN_PROCESSING_PRESENTATION,Reactome|REACTOME_CLASS_I_MHC_MEDIATED_ANTIGEN_PROCESSING_PRESENTATION,HLRT_post_vs_pre,-0.005314066764931208,-1.774586749813627,0.07901225330438463,0.32336496259757413
Reactome,REACTOME_CLATHRIN_MEDIATED_ENDOCYTOSIS,Reactome|REACTOME_CLATHRIN_MEDIATED_ENDOCYTOSIS,HLRT_post_vs_pre,0.002319955306458818,0.4794084378700008,0.6326959142926083,0.8273715802287954
Reactome,REACTOME_COLLAGEN_FORMATION,Reactome|REACTOME_COLLAGEN_FORMATION,HLRT_post_vs_pre,-0.015794597006764867,-0.6047376706626938,0.5467244214384923,0.7745262637045308
Reactome,REACTOME_COMPLEX_III_ASSEMBLY,Reactome|REACTOME_COMPLEX_III_ASSEMBLY,HLRT_post_vs_pre,0.009159539477519685,1.516579867010371,0.13253081183772963,0.40122341665942807
Reactome,REACTOME_COMPLEX_IV_ASSEMBLY,Reactome|REACTOME_COMPLEX_IV_ASSEMBLY,HLRT_post_vs_pre,0.01661711331307758,2.512106071368711,0.01360277393770404,0.13070491479272142
Reactome,REACTOME_COMPLEX_I_BIOGENESIS,Reactome|REACTOME_COMPLEX_I_BIOGENESIS,HLRT_post_vs_pre,0.017892857586279676,2.704104151989845,0.008051728316417803,0.10417672661711248
Reactome,REACTOME_COOPERATION_OF_PDCL_PHLP1_AND_TRIC_CCT_IN_G_PROTEIN_BETA_FOLDING,Reactome|REACTOME_COOPERATION_OF_PDCL_PHLP1_AND_TRIC_CCT_IN_G_PROTEIN_BETA_FOLDING,HLRT_post_vs_pre,0.0019160821253930704,0.2903494027418969,0.7721507987862575,0.9125418531110316
Reactome,REACTOME_COPII_MEDIATED_VESICLE_TRANSPORT,Reactome|REACTOME_COPII_MEDIATED_VESICLE_TRANSPORT,HLRT_post_vs_pre,1.9679630757331312e-4,0.036303273045602304,0.9711129821485485,0.9846197918482816
Reactome,REACTOME_CRISTAE_FORMATION,Reactome|REACTOME_CRISTAE_FORMATION,HLRT_post_vs_pre,0.007914850667029183,1.6289992036609113,0.10646266475248634,0.3794878856499916
Reactome,REACTOME_CYTOPROTECTION_BY_HMOX1,Reactome|REACTOME_CYTOPROTECTION_BY_HMOX1,HLRT_post_vs_pre,0.002454043796396077,0.5579597204852834,0.5781201424876639,0.7838316042317406
Reactome,REACTOME_DARPP_32_EVENTS,Reactome|REACTOME_DARPP_32_EVENTS,HLRT_post_vs_pre,-0.013824350433362498,-2.1102934016356443,0.037330683457407456,0.20625202610217622
Reactome,REACTOME_DDX58_IFIH1_MEDIATED_INDUCTION_OF_INTERFERON_ALPHA_BETA,Reactome|REACTOME_DDX58_IFIH1_MEDIATED_INDUCTION_OF_INTERFERON_ALPHA_BETA,HLRT_post_vs_pre,3.1665504755928886e-4,0.05834082259051896,0.9535936890559858,0.9846197918482816
Reactome,REACTOME_DEADENYLATION_DEPENDENT_MRNA_DECAY,Reactome|REACTOME_DEADENYLATION_DEPENDENT_MRNA_DECAY,HLRT_post_vs_pre,-0.013952896587503408,-2.0899185533011786,0.03916474254464732,0.2111075146918795
Reactome,REACTOME_DEATH_RECEPTOR_SIGNALING,Reactome|REACTOME_DEATH_RECEPTOR_SIGNALING,HLRT_post_vs_pre,-0.00914781176974655,-1.9854108528601946,0.04983990509067586,0.24210124555401444
Reactome,REACTOME_DEGRADATION_OF_THE_EXTRACELLULAR_MATRIX,Reactome|REACTOME_DEGRADATION_OF_THE_EXTRACELLULAR_MATRIX,HLRT_post_vs_pre,-0.025603101997073344,-1.2545210593192087,0.212579860437939,0.5152243141478803
Reactome,REACTOME_DENGUE_VIRUS_ATTACHMENT_AND_ENTRY,Reactome|REACTOME_DENGUE_VIRUS_ATTACHMENT_AND_ENTRY,HLRT_post_vs_pre,-5.671915911053954e-4,-0.08895362169098397,0.9292968524138918,0.9846197918482816
Reactome,REACTOME_DENGUE_VIRUS_GENOME_TRANSLATION_AND_REPLICATION,Reactome|REACTOME_DENGUE_VIRUS_GENOME_TRANSLATION_AND_REPLICATION,HLRT_post_vs_pre,-0.0033669801836820334,-0.7534542822904922,0.4529490334845465,0.6899511812889519
Reactome,REACTOME_DENGUE_VIRUS_INFECTION,Reactome|REACTOME_DENGUE_VIRUS_INFECTION,HLRT_post_vs_pre,-0.0021347774268085026,-0.45552744225147485,0.6497183853345982,0.8396945213973463
Reactome,REACTOME_DETOXIFICATION_OF_REACTIVE_OXYGEN_SPECIES,Reactome|REACTOME_DETOXIFICATION_OF_REACTIVE_OXYGEN_SPECIES,HLRT_post_vs_pre,-0.010431750838118481,-2.664745395392034,0.008984972708279318,0.10450941939630154
Reactome,REACTOME_DEUBIQUITINATION,Reactome|REACTOME_DEUBIQUITINATION,HLRT_post_vs_pre,-0.006785919112199029,-1.9710259540750543,0.05148759520831982,0.24210124555401444
Reactome,REACTOME_DEVELOPMENTAL_CELL_LINEAGES,Reactome|REACTOME_DEVELOPMENTAL_CELL_LINEAGES,HLRT_post_vs_pre,-1.2100481441349505e-4,-0.006922473838470168,0.9944905139438346,0.9944905139438346
Reactome,REACTOME_DISEASES_OF_GLYCOSYLATION,Reactome|REACTOME_DISEASES_OF_GLYCOSYLATION,HLRT_post_vs_pre,-0.0033686452140830776,-0.329436737528482,0.7425153091256904,0.8929107269804589
Reactome,REACTOME_DISEASES_OF_METABOLISM,Reactome|REACTOME_DISEASES_OF_METABOLISM,HLRT_post_vs_pre,0.0028255195976049016,0.5832262299395962,0.5610553428720566,0.7826336936973837
Reactome,REACTOME_DISEASES_OF_SIGNAL_TRANSDUCTION_BY_GROWTH_FACTOR_RECEPTORS_AND_SECOND_MESSENGERS,Reactome|REACTOME_DISEASES_OF_SIGNAL_TRANSDUCTION_BY_GROWTH_FACTOR_RECEPTORS_AND_SECOND_MESSENGERS,HLRT_post_vs_pre,-0.0026712429702139273,-0.9892910741902441,0.3249108148988683,0.6034057990978983
Reactome,REACTOME_DISORDERS_OF_TRANSMEMBRANE_TRANSPORTERS,Reactome|REACTOME_DISORDERS_OF_TRANSMEMBRANE_TRANSPORTERS,HLRT_post_vs_pre,-0.005922119940312276,-1.5890588667097771,0.11520700845883095,0.3913334244494451
Reactome,REACTOME_DNA_DAMAGE_BYPASS,Reactome|REACTOME_DNA_DAMAGE_BYPASS,HLRT_post_vs_pre,-0.012994061012190902,-1.695637362495772,0.093069089147543,0.3546253224415
Reactome,REACTOME_DNA_DOUBLE_STRAND_BREAK_REPAIR,Reactome|REACTOME_DNA_DOUBLE_STRAND_BREAK_REPAIR,HLRT_post_vs_pre,-0.009428882402459919,-1.5648069590126015,0.12079046532238884,0.3943851840477852
Reactome,REACTOME_DNA_REPAIR,Reactome|REACTOME_DNA_REPAIR,HLRT_post_vs_pre,-0.010439232641217641,-2.7592542643480167,0.006891965280194857,0.09519527043269146
Reactome,REACTOME_DRUG_ADME,Reactome|REACTOME_DRUG_ADME,HLRT_post_vs_pre,-0.0028038624290239456,-0.3973458847791747,0.69196010097883065,0.8765612992154194
Reactome,REACTOME_ECM_PROTEOGLYCANS,Reactome|REACTOME_ECM_PROTEOGLYCANS,HLRT_post_vs_pre,-0.0280382401436369,-0.9268227148187265,0.3562522850384202,0.6248551983610386
Reactome,REACTOME_ENDOSOMAL_SORTING_COMPLEX_REQUIRED_FOR_TRANSPORT_ESCRT,Reactome|REACTOME_ENDOSOMAL_SORTING_COMPLEX_REQUIRED_FOR_TRANSPORT_ESCRT,HLRT_post_vs_pre,-0.01810885467155473,-2.150988060898178,0.033888655789532686,0.19708928761807168
Reactome,REACTOME_EPH_EPHRIN_SIGNALING,Reactome|REACTOME_EPH_EPHRIN_SIGNALING,HLRT_post_vs_pre,0.015970315272503983,1.7454570698711667,0.08397995458839029,0.33744672661880465
Reactome,REACTOME_EPIGENETIC_REGULATION_OF_GENE_EXPRESSION,Reactome|REACTOME_EPIGENETIC_REGULATION_OF_GENE_EXPRESSION,HLRT_post_vs_pre,0.0027838314243176857,0.4593169337156544,0.6470044945171556,0.8396945213973463
Reactome,REACTOME_EUKARYOTIC_TRANSLATION_INITIATION,Reactome|REACTOME_EUKARYOTIC_TRANSLATION_INITIATION,HLRT_post_vs_pre,0.004565254235968902,0.32868413026020227,0.7430824439251937,0.8929107269804589
Reactome,REACTOME_EXTRACELLULAR_MATRIX_ORGANIZATION,Reactome|REACTOME_EXTRACELLULAR_MATRIX_ORGANIZATION,HLRT_post_vs_pre,-0.017904542441190427,-1.2023967430554237,0.23205206122871447,0.5455692077824031
Reactome,REACTOME_EXTRA_NUCLEAR_ESTROGEN_SIGNALING,Reactome|REACTOME_EXTRA_NUCLEAR_ESTROGEN_SIGNALING,HLRT_post_vs_pre,-2.863400304652375e-4,-0.03370147857847356,0.9731824440133086,0.9846197918482816
Reactome,REACTOME_FACTORS_INVOLVED_IN_MEGAKARYOCYTE_DEVELOPMENT_AND_PLATELET_PRODUCTION,Reactome|REACTOME_FACTORS_INVOLVED_IN_MEGAKARYOCYTE_DEVELOPMENT_AND_PLATELET_PRODUCTION,HLRT_post_vs_pre,0.0034978550138450304,0.8547521258822955,0.394733559230106,0.6659245541210186
Reactome,REACTOME_FATTY_ACID_METABOLISM,Reactome|REACTOME_FATTY_ACID_METABOLISM,HLRT_post_vs_pre,0.005457949808330531,1.344997105245015,0.18167160786225092,0.4632634802193823
Reactome,REACTOME_FCGAMMA_RECEPTOR_FCGR_DEPENDENT_PHAGOCYTOSIS,Reactome|REACTOME_FCGAMMA_RECEPTOR_FCGR_DEPENDENT_PHAGOCYTOSIS,HLRT_post_vs_pre,0.016197073451007293,2.5732674370703363,0.011543581492869166,0.12271736770656691
Reactome,REACTOME_FC_EPSILON_RECEPTOR_FCERI_SIGNALING,Reactome|REACTOME_FC_EPSILON_RECEPTOR_FCERI_SIGNALING,HLRT_post_vs_pre,-0.011384891228185978,-2.476856873828012,0.014933885778947794,0.1320155502858985
Reactome,REACTOME_FOXO_MEDIATED_TRANSCRIPTION,Reactome|REACTOME_FOXO_MEDIATED_TRANSCRIPTION,HLRT_post_vs_pre,0.005605405004537378,1.1277833935554178,0.2621127261262681,0.5648292926695688
Reactome,REACTOME_G2_M_DNA_DAMAGE_CHECKPOINT,Reactome|REACTOME_G2_M_DNA_DAMAGE_CHECKPOINT,HLRT_post_vs_pre,-0.0057667135570879935,-0.9639600741699251,0.3373935538464118,0.6161186907721352
Reactome,REACTOME_GAMMA_CARBOXYLATION_HYPUSINYLATION_HYDROXYLATION_AND_ARYLSULFATASE_ACTIVATION,Reactome|REACTOME_GAMMA_CARBOXYLATION_HYPUSINYLATION_HYDROXYLATION_AND_ARYLSULFATASE_ACTIVATION,HLRT_post_vs_pre,-0.009558297550049444,-1.487563373618711,0.14001572040398588,0.418155056882174
Reactome,REACTOME_GLUCONEOGENESIS,Reactome|REACTOME_GLUCONEOGENESIS,HLRT_post_vs_pre,-0.01583068682093236,-3.059933775002255,0.002842835289974282,0.05278568893942862
Reactome,REACTOME_GLUCOSE_METABOLISM,Reactome|REACTOME_GLUCOSE_METABOLISM,HLRT_post_vs_pre,-0.007730936192654303,-1.884997214998936,0.06233643818680067,0.2701245654761362
Reactome,REACTOME_GLUTATHIONE_CONJUGATION,Reactome|REACTOME_GLUTATHIONE_CONJUGATION,HLRT_post_vs_pre,-0.006386955561403562,-1.136773630941932,0.2583523396034901,0.5648292926695688
Reactome,REACTOME_GLYCOGEN_METABOLISM,Reactome|REACTOME_GLYCOGEN_METABOLISM,HLRT_post_vs_pre,0.017362744517430695,2.521948831405653,0.013250591531637905,0.13070491479272142
Reactome,REACTOME_GLYCOSAMINOGLYCAN_METABOLISM,Reactome|REACTOME_GLYCOSAMINOGLYCAN_METABOLISM,HLRT_post_vs_pre,-0.009906652768516707,-0.6258445820645738,0.532844125112864,0.7597325912899545
Reactome,REACTOME_G_ALPHA_I_SIGNALLING_EVENTS,Reactome|REACTOME_G_ALPHA_I_SIGNALLING_EVENTS,HLRT_post_vs_pre,-0.007109246564140942,-1.355561352151388,0.17829546305693575,0.4632634802193823
Reactome,REACTOME_G_ALPHA_Q_SIGNALLING_EVENTS,Reactome|REACTOME_G_ALPHA_Q_SIGNALLING_EVENTS,HLRT_post_vs_pre,-0.005806109045266329,-0.570455829888557,0.5696494158057417,0.7826336936973837
Reactome,REACTOME_G_PROTEIN_MEDIATED_EVENTS,Reactome|REACTOME_G_PROTEIN_MEDIATED_EVENTS,HLRT_post_vs_pre,-0.007653513990916266,-1.142283733345868,0.2560664546898647,0.5648292926695688
Reactome,REACTOME_HCMV_INFECTION,Reactome|REACTOME_HCMV_INFECTION,HLRT_post_vs_pre,-0.0015813903492839718,-0.326883718317218,0.7444397363499509,0.8929107269804589
Reactome,REACTOME_HIV_INFECTION,Reactome|REACTOME_HIV_INFECTION,HLRT_post_vs_pre,-0.007723072891774652,-2.354123429635124,0.0205231881493008,0.16198659217840988
Reactome,REACTOME_HIV_LIFE_CYCLE,Reactome|REACTOME_HIV_LIFE_CYCLE,HLRT_post_vs_pre,-0.013598251980824844,-3.1080101690177098,0.0024532825568617557,0.05278568893942862
Reactome,REACTOME_HSF1_ACTIVATION,Reactome|REACTOME_HSF1_ACTIVATION,HLRT_post_vs_pre,-0.0026922352455588383,-0.6393462502005729,0.5240610438129606,0.7597325912899545
Reactome,REACTOME_HSF1_DEPENDENT_TRANSACTIVATION,Reactome|REACTOME_HSF1_DEPENDENT_TRANSACTIVATION,HLRT_post_vs_pre,-0.001994830919194668,-0.3901151456567207,0.6972819380742505,0.8765612992154194
Reactome,REACTOME_HSP90_CHAPERONE_CYCLE_FOR_STEROID_HORMONE_RECEPTORS_SHR_IN_THE_PRESENCE_OF_LIGAND,Reactome|REACTOME_HSP90_CHAPERONE_CYCLE_FOR_STEROID_HORMONE_RECEPTORS_SHR_IN_THE_PRESENCE_OF_LIGAND,HLRT_post_vs_pre,0.004916782970281863,1.3709603639345682,0.17345940643888533,0.4618617930481163
Reactome,REACTOME_INFECTION_WITH_MYCOBACTERIUM_TUBERCULOSIS,Reactome|REACTOME_INFECTION_WITH_MYCOBACTERIUM_TUBERCULOSIS,HLRT_post_vs_pre,0.001319323104413489,0.20894319169300432,0.8349180357769365,0.9319034641752675
Reactome,REACTOME_INTEGRATION_OF_ENERGY_METABOLISM,Reactome|REACTOME_INTEGRATION_OF_ENERGY_METABOLISM,HLRT_post_vs_pre,-0.005835714956438157,-0.8322521744281188,0.40725169083024204,0.6760476785477163
Reactome,REACTOME_INTEGRIN_CELL_SURFACE_INTERACTIONS,Reactome|REACTOME_INTEGRIN_CELL_SURFACE_INTERACTIONS,HLRT_post_vs_pre,-0.028983324423289804,-1.1293332327445496,0.2614617442546655,0.5648292926695688
Reactome,REACTOME_INTERCONVERSION_OF_NUCLEOTIDE_DI_AND_TRIPHOSPHATES,Reactome|REACTOME_INTERCONVERSION_OF_NUCLEOTIDE_DI_AND_TRIPHOSPHATES,HLRT_post_vs_pre,-0.004287693693897199,-0.712695251363226,0.4776956993694029,0.7181683643580818
Reactome,REACTOME_INTERFERON_GAMMA_SIGNALING,Reactome|REACTOME_INTERFERON_GAMMA_SIGNALING,HLRT_post_vs_pre,0.016286443838633327,2.003605952347521,0.04782025759062506,0.24210124555401444
Reactome,REACTOME_INTERFERON_SIGNALING,Reactome|REACTOME_INTERFERON_SIGNALING,HLRT_post_vs_pre,9.944197515452807e-4,0.26730021504513374,0.7897890643118974,0.9159223353610697
Reactome,REACTOME_INTERLEUKIN_12_FAMILY_SIGNALING,Reactome|REACTOME_INTERLEUKIN_12_FAMILY_SIGNALING,HLRT_post_vs_pre,0.0033198393845272622,0.7487612819269659,0.4557604102787708,0.6899511812889519
Reactome,REACTOME_INTERLEUKIN_4_AND_INTERLEUKIN_13_SIGNALING,Reactome|REACTOME_INTERLEUKIN_4_AND_INTERLEUKIN_13_SIGNALING,HLRT_post_vs_pre,0.011069484210269123,1.0151088913417552,0.3125061177071693,0.6013816743826024
Reactome,REACTOME_INTRACELLULAR_SIGNALING_BY_SECOND_MESSENGERS,Reactome|REACTOME_INTRACELLULAR_SIGNALING_BY_SECOND_MESSENGERS,HLRT_post_vs_pre,-0.004000592701606381,-1.1250912050282666,0.26324623142518366,0.5648292926695688
Reactome,REACTOME_INTRA_GOLGI_AND_RETROGRADE_GOLGI_TO_ER_TRAFFIC,Reactome|REACTOME_INTRA_GOLGI_AND_RETROGRADE_GOLGI_TO_ER_TRAFFIC,HLRT_post_vs_pre,0.00777256802935697,1.6490180674669284,0.10228518283474779,0.376750423441321
Reactome,REACTOME_INTRINSIC_PATHWAY_FOR_APOPTOSIS,Reactome|REACTOME_INTRINSIC_PATHWAY_FOR_APOPTOSIS,HLRT_post_vs_pre,0.0035504096448552014,0.8367603007792421,0.40472446566292464,0.6760476785477163
Reactome,REACTOME_ION_CHANNEL_TRANSPORT,Reactome|REACTOME_ION_CHANNEL_TRANSPORT,HLRT_post_vs_pre,-0.005200370573850144,-1.4032125656582444,0.16365396897665097,0.4465126807881465
Reactome,REACTOME_ION_TRANSPORT_BY_P_TYPE_ATPASES,Reactome|REACTOME_ION_TRANSPORT_BY_P_TYPE_ATPASES,HLRT_post_vs_pre,1.622015322868542e-4,0.03052506283395987,0.9757092054967134,0.9846197918482816
Reactome,REACTOME_IRON_UPTAKE_AND_TRANSPORT,Reactome|REACTOME_IRON_UPTAKE_AND_TRANSPORT,HLRT_post_vs_pre,-0.005150282272692139,-0.813072331730051,0.4181101020181285,0.6760476785477163
Reactome,REACTOME_ISG15_ANTIVIRAL_MECHANISM,Reactome|REACTOME_ISG15_ANTIVIRAL_MECHANISM,HLRT_post_vs_pre,-0.002581806682369573,-0.4994683789305533,0.6185476886796417,0.8185571209473104
Reactome,REACTOME_L1CAM_INTERACTIONS,Reactome|REACTOME_L1CAM_INTERACTIONS,HLRT_post_vs_pre,9.532919743902857e-4,0.14948421483575827,0.88147292835588,0.9502708154470707
Reactome,REACTOME_LATE_ENDOSOMAL_MICROAUTOPHAGY,Reactome|REACTOME_LATE_ENDOSOMAL_MICROAUTOPHAGY,HLRT_post_vs_pre,-0.012545341217081202,-2.275837865038828,0.024990612664587464,0.16650554388085256
Reactome,REACTOME_LATE_SARS_COV_2_INFECTION_EVENTS,Reactome|REACTOME_LATE_SARS_COV_2_INFECTION_EVENTS,HLRT_post_vs_pre,-0.013597562288775122,-1.709727216526509,0.09042071855326596,0.35303141989496717
Reactome,REACTOME_LEISHMANIA_INFECTION,Reactome|REACTOME_LEISHMANIA_INFECTION,HLRT_post_vs_pre,0.005165358937770689,0.7486872276125839,0.45580485279722616,0.6899511812889519
Reactome,REACTOME_LYSOSOME_VESICLE_BIOGENESIS,Reactome|REACTOME_LYSOSOME_VESICLE_BIOGENESIS,HLRT_post_vs_pre,0.015128323582626835,1.4077989109271762,0.16229474273016237,0.4465126807881465
Reactome,REACTOME_MAPK_FAMILY_SIGNALING_CASCADES,Reactome|REACTOME_MAPK_FAMILY_SIGNALING_CASCADES,HLRT_post_vs_pre,-0.004238216102043946,-1.4061166311068682,0.16279230179360446,0.4465126807881465
Reactome,REACTOME_MATERNAL_TO_ZYGOTIC_TRANSITION_MZT,Reactome|REACTOME_MATERNAL_TO_ZYGOTIC_TRANSITION_MZT,HLRT_post_vs_pre,-0.006131002139110005,-0.9282627552722127,0.35550867323188995,0.6248551983610386
Reactome,REACTOME_METABOLISM_OF_AMINO_ACIDS_AND_DERIVATIVES,Reactome|REACTOME_METABOLISM_OF_AMINO_ACIDS_AND_DERIVATIVES,HLRT_post_vs_pre,0.005429502211442061,1.0084865617970313,0.31565734944969176,0.6013816743826024
Reactome,REACTOME_METABOLISM_OF_CARBOHYDRATES_AND_CARBOHYDRATE_DERIVATIVES,Reactome|REACTOME_METABOLISM_OF_CARBOHYDRATES_AND_CARBOHYDRATE_DERIVATIVES,HLRT_post_vs_pre,-0.007191769000889137,-1.7063311733930941,0.09105335264259334,0.35303141989496717
Reactome,REACTOME_METABOLISM_OF_NUCLEOTIDES,Reactome|REACTOME_METABOLISM_OF_NUCLEOTIDES,HLRT_post_vs_pre,-0.008853439823026957,-1.3428281367054222,0.18237069130808262,0.4632634802193823
Reactome,REACTOME_METABOLISM_OF_STEROIDS,Reactome|REACTOME_METABOLISM_OF_STEROIDS,HLRT_post_vs_pre,-0.012800081811841758,-2.7885360470664846,0.00634012455472262,0.09341116843957993
Reactome,REACTOME_METABOLISM_OF_VITAMINS_AND_COFACTORS,Reactome|REACTOME_METABOLISM_OF_VITAMINS_AND_COFACTORS,HLRT_post_vs_pre,-0.0021829837778657712,-0.4868383275644262,0.6274393341584701,0.8253815050537017
Reactome,REACTOME_MHC_CLASS_II_ANTIGEN_PRESENTATION,Reactome|REACTOME_MHC_CLASS_II_ANTIGEN_PRESENTATION,HLRT_post_vs_pre,0.005560624369033533,1.0193759275867929,0.31048683263507076,0.6013816743826024
Reactome,REACTOME_MITF_M_DEPENDENT_GENE_EXPRESSION,Reactome|REACTOME_MITF_M_DEPENDENT_GENE_EXPRESSION,HLRT_post_vs_pre,-0.012750476939599025,-1.9767068866978033,0.05083143512484207,0.24210124555401444
Reactome,REACTOME_MITF_M_REGULATED_MELANOCYTE_DEVELOPMENT,Reactome|REACTOME_MITF_M_REGULATED_MELANOCYTE_DEVELOPMENT,HLRT_post_vs_pre,0.0010328114921995257,0.23836401900285412,0.8120870185059821,0.9251094386073301
Reactome,REACTOME_MITOCHONDRIAL_FATTY_ACID_BETA_OXIDATION,Reactome|REACTOME_MITOCHONDRIAL_FATTY_ACID_BETA_OXIDATION,HLRT_post_vs_pre,0.012247354173229974,2.1859358081578835,0.03115597760901148,0.18609381220517668
Reactome,REACTOME_MITOCHONDRIAL_PROTEIN_DEGRADATION,Reactome|REACTOME_MITOCHONDRIAL_PROTEIN_DEGRADATION,HLRT_post_vs_pre,0.021549865980467986,4.672335740874161,9.312590803157558e-6,0.00205808256749782
Reactome,REACTOME_MITOCHONDRIAL_TRANSLATION,Reactome|REACTOME_MITOCHONDRIAL_TRANSLATION,HLRT_post_vs_pre,0.04002398517577628,3.9896263260625715,1.2626915353186155e-4,0.007480490875005322
Reactome,REACTOME_MITOCHONDRIAL_TRNA_AMINOACYLATION,Reactome|REACTOME_MITOCHONDRIAL_TRNA_AMINOACYLATION,HLRT_post_vs_pre,0.028014896354067773,2.311249217209123,0.022873558961477306,0.16650554388085256
Reactome,REACTOME_MITOPHAGY,Reactome|REACTOME_MITOPHAGY,HLRT_post_vs_pre,0.0060224122127822965,1.229993414485484,0.22158822855054908,0.5265698764480791
Reactome,REACTOME_MITOTIC_G2_G2_M_PHASES,Reactome|REACTOME_MITOTIC_G2_G2_M_PHASES,HLRT_post_vs_pre,-0.004167782969356049,-1.1558957006914896,0.25048072948462213,0.5648292926695688
Reactome,REACTOME_MITOTIC_PROMETAPHASE,Reactome|REACTOME_MITOTIC_PROMETAPHASE,HLRT_post_vs_pre,0.00617874370835958,1.3832509442989724,0.16967147457178108,0.4572853156141905
Reactome,REACTOME_MITOTIC_PROPHASE,Reactome|REACTOME_MITOTIC_PROPHASE,HLRT_post_vs_pre,-0.007205214940823285,-1.2883956417190732,0.20058423093654593,0.5037399436020074
Reactome,REACTOME_MRNA_SPLICING_MINOR_PATHWAY,Reactome|REACTOME_MRNA_SPLICING_MINOR_PATHWAY,HLRT_post_vs_pre,-0.007677532080963612,-0.6653965641674888,0.5073302286607793,0.7474665368935481
Reactome,REACTOME_MTOR_SIGNALLING,Reactome|REACTOME_MTOR_SIGNALLING,HLRT_post_vs_pre,0.0018937052141575067,0.42305328103893436,0.6731656911497397,0.8649396380470493
Reactome,REACTOME_MUSCLE_CONTRACTION,Reactome|REACTOME_MUSCLE_CONTRACTION,HLRT_post_vs_pre,-0.008078039065491538,-0.9133628494636029,0.36325078871521943,0.6321135772130984
Reactome,REACTOME_M_PHASE,Reactome|REACTOME_M_PHASE,HLRT_post_vs_pre,-0.0020252480438114617,-0.6288748575772402,0.5308663153116309,0.7597325912899545
Reactome,REACTOME_NCAM_SIGNALING_FOR_NEURITE_OUT_GROWTH,Reactome|REACTOME_NCAM_SIGNALING_FOR_NEURITE_OUT_GROWTH,HLRT_post_vs_pre,-0.03126422141341377,-1.4774334430856377,0.14270517328070598,0.42050457726714696
Reactome,REACTOME_NEDDYLATION,Reactome|REACTOME_NEDDYLATION,HLRT_post_vs_pre,-0.012372622562720703,-3.0669433039865406,0.002782674206916042,0.05278568893942862
Reactome,REACTOME_NEGATIVE_REGULATION_OF_MAPK_PATHWAY,Reactome|REACTOME_NEGATIVE_REGULATION_OF_MAPK_PATHWAY,HLRT_post_vs_pre,-0.005907724283714305,-0.7696845721214454,0.44330315120092245,0.6899511812889519
Reactome,REACTOME_NEGATIVE_REGULATION_OF_THE_PI3K_AKT_NETWORK,Reactome|REACTOME_NEGATIVE_REGULATION_OF_THE_PI3K_AKT_NETWORK,HLRT_post_vs_pre,0.010556958908474901,1.5980243713734845,0.11319581892197628,0.3913334244494451
Reactome,REACTOME_NEURONAL_SYSTEM,Reactome|REACTOME_NEURONAL_SYSTEM,HLRT_post_vs_pre,-0.0013026307854873964,-0.36205514343545026,0.7180755473110543,0.8915432357064214
Reactome,REACTOME_NEUTROPHIL_DEGRANULATION,Reactome|REACTOME_NEUTROPHIL_DEGRANULATION,HLRT_post_vs_pre,0.0019140877831349545,0.3890380754421142,0.6980759667959902,0.8765612992154194
Reactome,REACTOME_NON_INTEGRIN_MEMBRANE_ECM_INTERACTIONS,Reactome|REACTOME_NON_INTEGRIN_MEMBRANE_ECM_INTERACTIONS,HLRT_post_vs_pre,-0.04280298145779295,-2.06456989602566,0.04155450821512623,0.21865586465578327
Reactome,REACTOME_NUCLEAR_ENVELOPE_NE_REASSEMBLY,Reactome|REACTOME_NUCLEAR_ENVELOPE_NE_REASSEMBLY,HLRT_post_vs_pre,-0.004377761680472492,-1.068934324837121,0.28767532107701127,0.588668944055736
Reactome,REACTOME_ONCOGENIC_MAPK_SIGNALING,Reactome|REACTOME_ONCOGENIC_MAPK_SIGNALING,HLRT_post_vs_pre,-2.0459469221710547e-4,-0.044858670921943525,0.9643095044332304,0.9846197918482816
Reactome,REACTOME_ORGANELLE_BIOGENESIS_AND_MAINTENANCE,Reactome|REACTOME_ORGANELLE_BIOGENESIS_AND_MAINTENANCE,HLRT_post_vs_pre,0.009260765409393856,2.8998086895925472,0.0045916405158621595,0.0724823252861098
Reactome,REACTOME_PEPTIDE_HORMONE_METABOLISM,Reactome|REACTOME_PEPTIDE_HORMONE_METABOLISM,HLRT_post_vs_pre,-0.00434368215232132,-0.5413936640309797,0.5894416009953773,0.7943084989023074
Reactome,REACTOME_PEROXISOMAL_PROTEIN_IMPORT,Reactome|REACTOME_PEROXISOMAL_PROTEIN_IMPORT,HLRT_post_vs_pre,0.001937526347400187,0.32675254980826945,0.7445386530642712,0.8929107269804589
Reactome,REACTOME_PHASE_I_FUNCTIONALIZATION_OF_COMPOUNDS,Reactome|REACTOME_PHASE_I_FUNCTIONALIZATION_OF_COMPOUNDS,HLRT_post_vs_pre,0.0030865273297485396,0.5285502003473002,0.5982897925926067,0.796518338331121
Reactome,REACTOME_PHOSPHOLIPID_METABOLISM,Reactome|REACTOME_PHOSPHOLIPID_METABOLISM,HLRT_post_vs_pre,-0.005176141727363248,-1.0548938020432925,0.29401843946148515,0.5961291295503507
Reactome,REACTOME_PKR_MEDIATED_SIGNALING,Reactome|REACTOME_PKR_MEDIATED_SIGNALING,HLRT_post_vs_pre,-0.004105852619688766,-0.977911786984535,0.33048013789953434,0.6086342539649757
Reactome,REACTOME_PLASMA_LIPOPROTEIN_ASSEMBLY_REMODELING_AND_CLEARANCE,Reactome|REACTOME_PLASMA_LIPOPROTEIN_ASSEMBLY_REMODELING_AND_CLEARANCE,HLRT_post_vs_pre,-0.0017645473909704557,-0.2542150055259039,0.7998519721287782,0.9206629470857292
Reactome,REACTOME_PLATELET_ACTIVATION_SIGNALING_AND_AGGREGATION,Reactome|REACTOME_PLATELET_ACTIVATION_SIGNALING_AND_AGGREGATION,HLRT_post_vs_pre,-0.0010499582394928597,-0.15912893636271047,0.8738885536401615,0.9486967198214975
Reactome,REACTOME_PLATELET_HOMEOSTASIS,Reactome|REACTOME_PLATELET_HOMEOSTASIS,HLRT_post_vs_pre,-0.004183489520777836,-0.7058143341465858,0.4819462808200955,0.7196630274408182
Reactome,REACTOME_POTENTIAL_THERAPEUTICS_FOR_SARS,Reactome|REACTOME_POTENTIAL_THERAPEUTICS_FOR_SARS,HLRT_post_vs_pre,-0.002853505601667722,-0.8193351812467777,0.41454558269467345,0.6760476785477163
Reactome,REACTOME_PROCESSING_OF_CAPPED_INTRON_CONTAINING_PRE_MRNA,Reactome|REACTOME_PROCESSING_OF_CAPPED_INTRON_CONTAINING_PRE_MRNA,HLRT_post_vs_pre,-2.6523488609948853e-4,-0.03852300952409597,0.9693475639181448,0.9846197918482816
Reactome,REACTOME_PROGRAMMED_CELL_DEATH,Reactome|REACTOME_PROGRAMMED_CELL_DEATH,HLRT_post_vs_pre,-0.0038752211883104626,-1.4101014473555606,0.1616156228932012,0.4465126807881465
Reactome,REACTOME_PROTEIN_FOLDING,Reactome|REACTOME_PROTEIN_FOLDING,HLRT_post_vs_pre,-0.0014785158103176321,-0.2649563730441366,0.7915889866695217,0.9159223353610697
Reactome,REACTOME_PROTEIN_LOCALIZATION,Reactome|REACTOME_PROTEIN_LOCALIZATION,HLRT_post_vs_pre,0.011096023799604948,2.1285395689464948,0.03575169860082699,0.20259295873801964
Reactome,REACTOME_PROTEIN_UBIQUITINATION,Reactome|REACTOME_PROTEIN_UBIQUITINATION,HLRT_post_vs_pre,-0.011081393276548557,-2.2884126867495738,0.02421988600904808,0.16650554388085256
Reactome,REACTOME_PYRUVATE_METABOLISM,Reactome|REACTOME_PYRUVATE_METABOLISM,HLRT_post_vs_pre,0.01072332089138378,2.3893201378522733,0.018756178936345905,0.15352279796046092
Reactome,REACTOME_RAB_GERANYLGERANYLATION,Reactome|REACTOME_RAB_GERANYLGERANYLATION,HLRT_post_vs_pre,-0.0052834504604575006,-0.8622069748756321,0.3906386101143019,0.6640856371943132
Reactome,REACTOME_RAB_REGULATION_OF_TRAFFICKING,Reactome|REACTOME_RAB_REGULATION_OF_TRAFFICKING,HLRT_post_vs_pre,0.0011815618601487702,0.2216124944301183,0.8250679226066753,0.9255838116552042
Reactome,REACTOME_RAC1_GTPASE_CYCLE,Reactome|REACTOME_RAC1_GTPASE_CYCLE,HLRT_post_vs_pre,0.0056135279698046395,0.7669400721087359,0.44492582605639575,0.6899511812889519
Reactome,REACTOME_RECYCLING_PATHWAY_OF_L1,Reactome|REACTOME_RECYCLING_PATHWAY_OF_L1,HLRT_post_vs_pre,0.01608636456973525,2.2804641446791982,0.02470459096970923,0.16650554388085256
Reactome,REACTOME_REGULATED_NECROSIS,Reactome|REACTOME_REGULATED_NECROSIS,HLRT_post_vs_pre,-0.012996909619297115,-1.9487456713897142,0.05413089204644239,0.24922764879716186
Reactome,REACTOME_REGULATION_OF_CDH1_POSTTRANSLATIONAL_PROCESSING_AND_TRAFFICKING_TO_PLASMA_MEMBRANE,Reactome|REACTOME_REGULATION_OF_CDH1_POSTTRANSLATIONAL_PROCESSING_AND_TRAFFICKING_TO_PLASMA_MEMBRANE,HLRT_post_vs_pre,0.00485612541235312,0.6314209645471681,0.5292074423126394,0.7597325912899545
Reactome,REACTOME_REGULATION_OF_CHOLESTEROL_BIOSYNTHESIS_BY_SREBP_SREBF,Reactome|REACTOME_REGULATION_OF_CHOLESTEROL_BIOSYNTHESIS_BY_SREBP_SREBF,HLRT_post_vs_pre,-0.023042061653374794,-3.9342618748002414,1.5426764195797935e-4,0.007480490875005322
Reactome,REACTOME_REGULATION_OF_INSULIN_LIKE_GROWTH_FACTOR_IGF_TRANSPORT_AND_UPTAKE_BY_INSULIN_LIKE_GROWTH_FACTOR_BINDING_PROTEINS_IGFBPS,Reactome|REACTOME_REGULATION_OF_INSULIN_LIKE_GROWTH_FACTOR_IGF_TRANSPORT_AND_UPTAKE_BY_INSULIN_LIKE_GROWTH_FACTOR_BINDING_PROTEINS_IGFBPS,HLRT_post_vs_pre,-0.0043457048316899935,-0.3228822949057681,0.7474592058433706,0.8929107269804589
Reactome,REACTOME_REGULATION_OF_PLK1_ACTIVITY_AT_G2_M_TRANSITION,Reactome|REACTOME_REGULATION_OF_PLK1_ACTIVITY_AT_G2_M_TRANSITION,HLRT_post_vs_pre,2.163599941049088e-4,0.05466966261880595,0.9565108210910572,0.9846197918482816
Reactome,REACTOME_REGULATION_OF_TP53_ACTIVITY,Reactome|REACTOME_REGULATION_OF_TP53_ACTIVITY,HLRT_post_vs_pre,-0.005692865946815095,-0.8060171986516956,0.42214741918364185,0.6760476785477163
Reactome,REACTOME_REGULATION_OF_T_CELL_ACTIVATION_BY_CD28_FAMILY,Reactome|REACTOME_REGULATION_OF_T_CELL_ACTIVATION_BY_CD28_FAMILY,HLRT_post_vs_pre,-0.0048021133501682245,-1.4626554022243985,0.1467006551331109,0.42659006295286195
Reactome,REACTOME_RESPIRATORY_SYNCYTIAL_VIRUS_INFECTION_PATHWAY,Reactome|REACTOME_RESPIRATORY_SYNCYTIAL_VIRUS_INFECTION_PATHWAY,HLRT_post_vs_pre,-0.0011037476888324793,-0.2441231430952229,0.8076361095158717,0.9248061150414905
Reactome,REACTOME_RHOA_GTPASE_CYCLE,Reactome|REACTOME_RHOA_GTPASE_CYCLE,HLRT_post_vs_pre,-6.72918226757177e-4,-0.11560516738341556,0.9081975247029194,0.9696215118808946
Reactome,REACTOME_RHOBTB_GTPASE_CYCLE,Reactome|REACTOME_RHOBTB_GTPASE_CYCLE,HLRT_post_vs_pre,-0.006913607325696458,-1.249278174102722,0.21448251991676465,0.5152243141478803
Reactome,REACTOME_RHOB_GTPASE_CYCLE,Reactome|REACTOME_RHOB_GTPASE_CYCLE,HLRT_post_vs_pre,-0.0037444786995325524,-0.33686891845586,0.7369223768377282,0.8929107269804589
Reactome,REACTOME_RHOD_GTPASE_CYCLE,Reactome|REACTOME_RHOD_GTPASE_CYCLE,HLRT_post_vs_pre,0.005486791854652487,0.6456461881812257,0.5199887443539664,0.7597325912899545
Reactome,REACTOME_RHOG_GTPASE_CYCLE,Reactome|REACTOME_RHOG_GTPASE_CYCLE,HLRT_post_vs_pre,0.005290863856460951,1.0274747897601184,0.3066783088972387,0.6013816743826024
Reactome,REACTOME_RHOH_GTPASE_CYCLE,Reactome|REACTOME_RHOH_GTPASE_CYCLE,HLRT_post_vs_pre,-0.00549244247311112,-1.1522563624178517,0.2519656194826589,0.5648292926695688
Reactome,REACTOME_RHOQ_GTPASE_CYCLE,Reactome|REACTOME_RHOQ_GTPASE_CYCLE,HLRT_post_vs_pre,0.004443087720537614,0.7707080866753544,0.44269888212835296,0.6899511812889519
Reactome,REACTOME_RHOU_GTPASE_CYCLE,Reactome|REACTOME_RHOU_GTPASE_CYCLE,HLRT_post_vs_pre,0.008513085846332433,1.0315785000738822,0.30476056400601775,0.6013816743826024
Reactome,REACTOME_RHO_GTPASES_ACTIVATE_PAKS,Reactome|REACTOME_RHO_GTPASES_ACTIVATE_PAKS,HLRT_post_vs_pre,0.020433607525997016,1.8437538845874557,0.06818308225536102,0.28431058827235445
Reactome,REACTOME_RHO_GTPASES_ACTIVATE_PKNS,Reactome|REACTOME_RHO_GTPASES_ACTIVATE_PKNS,HLRT_post_vs_pre,0.005999635467052844,0.9585096524802922,0.3401198202452511,0.6161186907721352
Reactome,REACTOME_RHO_GTPASE_CYCLE,Reactome|REACTOME_RHO_GTPASE_CYCLE,HLRT_post_vs_pre,0.0035505150553348103,0.8073052213818521,0.4214086190554944,0.6760476785477163
Reactome,REACTOME_RHO_GTPASE_EFFECTORS,Reactome|REACTOME_RHO_GTPASE_EFFECTORS,HLRT_post_vs_pre,0.012266040210458726,2.2922635193404215,0.02398808444758875,0.16650554388085256
Reactome,REACTOME_SARS_COV_1_INFECTION,Reactome|REACTOME_SARS_COV_1_INFECTION,HLRT_post_vs_pre,-0.0012428338313565934,-0.17186907489042713,0.8638881350466268,0.9451449398282402
Reactome,REACTOME_SARS_COV_2_ACTIVATES_MODULATES_INNATE_AND_ADAPTIVE_IMMUNE_RESPONSES,Reactome|REACTOME_SARS_COV_2_ACTIVATES_MODULATES_INNATE_AND_ADAPTIVE_IMMUNE_RESPONSES,HLRT_post_vs_pre,0.007523901013675505,1.683551748353234,0.09539077673831199,0.3573112145621517
Reactome,REACTOME_SARS_COV_2_MODULATES_HOST_TRANSLATION_MACHINERY,Reactome|REACTOME_SARS_COV_2_MODULATES_HOST_TRANSLATION_MACHINERY,HLRT_post_vs_pre,2.1616241072841547e-4,0.01457478944721375,0.9884004797216174,0.9928932091748975
Reactome,REACTOME_SARS_COV_INFECTIONS,Reactome|REACTOME_SARS_COV_INFECTIONS,HLRT_post_vs_pre,-0.001478868739661604,-0.35205924694737045,0.7255353970267984,0.8929107269804589
Reactome,REACTOME_SEALING_OF_THE_NUCLEAR_ENVELOPE_NE_BY_ESCRT_III,Reactome|REACTOME_SEALING_OF_THE_NUCLEAR_ENVELOPE_NE_BY_ESCRT_III,HLRT_post_vs_pre,0.0062272922570437705,0.9441286766966948,0.3473816794987895,0.6241573265791258
Reactome,REACTOME_SEMAPHORIN_INTERACTIONS,Reactome|REACTOME_SEMAPHORIN_INTERACTIONS,HLRT_post_vs_pre,0.01146810519383934,1.5345944019055309,0.12804451021746802,0.39856108109944266
Reactome,REACTOME_SENSORY_PROCESSING_OF_SOUND,Reactome|REACTOME_SENSORY_PROCESSING_OF_SOUND,HLRT_post_vs_pre,0.006595900215799783,0.9027638266742488,0.36882282147301815,0.6367956526995079
Reactome,REACTOME_SIGNALING_BY_ALK_IN_CANCER,Reactome|REACTOME_SIGNALING_BY_ALK_IN_CANCER,HLRT_post_vs_pre,0.003206109977526045,0.5917483102538384,0.5553559078065062,0.7817430294601139
Reactome,REACTOME_SIGNALING_BY_FGFR,Reactome|REACTOME_SIGNALING_BY_FGFR,HLRT_post_vs_pre,-0.009765520991129071,-1.5538982737718914,0.12337105616613422,0.3943851840477852
Reactome,REACTOME_SIGNALING_BY_INSULIN_RECEPTOR,Reactome|REACTOME_SIGNALING_BY_INSULIN_RECEPTOR,HLRT_post_vs_pre,0.0073887043986096135,0.9380203136991964,0.3504962540095875,0.6246747752912809
Reactome,REACTOME_SIGNALING_BY_INTERLEUKINS,Reactome|REACTOME_SIGNALING_BY_INTERLEUKINS,HLRT_post_vs_pre,-0.004309063370916771,-1.5829598867588666,0.11659139446111079,0.3913334244494451
Reactome,REACTOME_SIGNALING_BY_MET,Reactome|REACTOME_SIGNALING_BY_MET,HLRT_post_vs_pre,-0.007611948377401756,-0.5678907238871532,0.5713833102772785,0.7826336936973837
Reactome,REACTOME_SIGNALING_BY_NOTCH,Reactome|REACTOME_SIGNALING_BY_NOTCH,HLRT_post_vs_pre,-0.008042677528757591,-2.209976983811762,0.02938942532879323,0.1848952296639422
Reactome,REACTOME_SIGNALING_BY_NTRKS,Reactome|REACTOME_SIGNALING_BY_NTRKS,HLRT_post_vs_pre,-0.008005987012946372,-1.5514383978213504,0.1239589667925662,0.3943851840477852
Reactome,REACTOME_SIGNALING_BY_NUCLEAR_RECEPTORS,Reactome|REACTOME_SIGNALING_BY_NUCLEAR_RECEPTORS,HLRT_post_vs_pre,9.957489922526042e-4,0.22357363236983469,0.8235456332917623,0.9255838116552042
Reactome,REACTOME_SIGNALING_BY_PDGF,Reactome|REACTOME_SIGNALING_BY_PDGF,HLRT_post_vs_pre,-0.026106848568055098,-1.2573279238286976,0.21156634000355629,0.5152243141478803
Reactome,REACTOME_SIGNALING_BY_RETINOIC_ACID,Reactome|REACTOME_SIGNALING_BY_RETINOIC_ACID,HLRT_post_vs_pre,0.019764910167658273,3.621246323920279,4.626504405444267e-4,0.017040957893386385
Reactome,REACTOME_SIGNALING_BY_ROBO_RECEPTORS,Reactome|REACTOME_SIGNALING_BY_ROBO_RECEPTORS,HLRT_post_vs_pre,5.000210498796731e-4,0.058948486422488004,0.9531108944877181,0.9846197918482816
Reactome,REACTOME_SIGNALING_BY_TGFB_FAMILY_MEMBERS,Reactome|REACTOME_SIGNALING_BY_TGFB_FAMILY_MEMBERS,HLRT_post_vs_pre,-0.00649676521921265,-1.3530187636011821,0.17910366648140474,0.4632634802193823
Reactome,REACTOME_SIGNALING_BY_VEGF,Reactome|REACTOME_SIGNALING_BY_VEGF,HLRT_post_vs_pre,-0.002509971270307894,-0.5644762480205342,0.5736952867826975,0.7826336936973837
Reactome,REACTOME_SIGNALING_BY_WNT,Reactome|REACTOME_SIGNALING_BY_WNT,HLRT_post_vs_pre,-0.0056350226601309394,-1.5474438725587312,0.12491838408753378,0.3943851840477852
Reactome,REACTOME_SIGNALLING_TO_ERKS,Reactome|REACTOME_SIGNALLING_TO_ERKS,HLRT_post_vs_pre,-0.015710681542125765,-2.4894386592569466,0.014445948303057482,0.1320155502858985
Reactome,REACTOME_SLC_MEDIATED_TRANSMEMBRANE_TRANSPORT,Reactome|REACTOME_SLC_MEDIATED_TRANSMEMBRANE_TRANSPORT,HLRT_post_vs_pre,-0.003017402082973686,-0.3754849140028856,0.708095937175196,0.8841197859645102
Reactome,REACTOME_SMOOTH_MUSCLE_CONTRACTION,Reactome|REACTOME_SMOOTH_MUSCLE_CONTRACTION,HLRT_post_vs_pre,0.007992832792939109,1.012473413226365,0.3137576796616123,0.6013816743826024
Reactome,REACTOME_STRIATED_MUSCLE_CONTRACTION,Reactome|REACTOME_STRIATED_MUSCLE_CONTRACTION,HLRT_post_vs_pre,-0.020842066529999814,-1.079273955806868,0.2830645015016912,0.5846472414193808
Reactome,REACTOME_SULFUR_AMINO_ACID_METABOLISM,Reactome|REACTOME_SULFUR_AMINO_ACID_METABOLISM,HLRT_post_vs_pre,-0.0021427479290459656,-0.2733591514025848,0.7851414793459711,0.9159223353610697
Reactome,REACTOME_SUMOYLATION,Reactome|REACTOME_SUMOYLATION,HLRT_post_vs_pre,-0.008272161064176678,-1.4249727405938244,0.1572817729774736,0.4465126807881465
Reactome,REACTOME_TBC_RABGAPS,Reactome|REACTOME_TBC_RABGAPS,HLRT_post_vs_pre,0.0016280183637485818,0.2023160234066374,0.84008111513647,0.9329544042470346
Reactome,REACTOME_TOLL_LIKE_RECEPTOR_CASCADES,Reactome|REACTOME_TOLL_LIKE_RECEPTOR_CASCADES,HLRT_post_vs_pre,-0.006846907886698256,-1.2675472022220802,0.207906254726449,0.5152243141478803
Reactome,REACTOME_TRANSCRIPTIONAL_ACTIVITY_OF_SMAD2_SMAD3_SMAD4_HETEROTRIMER,Reactome|REACTOME_TRANSCRIPTIONAL_ACTIVITY_OF_SMAD2_SMAD3_SMAD4_HETEROTRIMER,HLRT_post_vs_pre,-0.0012784048281617374,-0.18816533585888184,0.8511287322687984,0.9363725170116023
Reactome,REACTOME_TRANSCRIPTIONAL_REGULATION_BY_TP53,Reactome|REACTOME_TRANSCRIPTIONAL_REGULATION_BY_TP53,HLRT_post_vs_pre,-0.0031157577915298107,-1.0928975278172033,0.27706723479714085,0.5776590461336616
Reactome,REACTOME_TRANSCRIPTION_COUPLED_NUCLEOTIDE_EXCISION_REPAIR_TC_NER,Reactome|REACTOME_TRANSCRIPTION_COUPLED_NUCLEOTIDE_EXCISION_REPAIR_TC_NER,HLRT_post_vs_pre,-0.017178045555941573,-2.569528010677788,0.011660926343157942,0.12271736770656691
Reactome,REACTOME_TRANSLATION,Reactome|REACTOME_TRANSLATION,HLRT_post_vs_pre,0.013426162431658811,1.9281362819578134,0.056677426100080294,0.2556267585330152
Reactome,REACTOME_TRANSLOCATION_OF_SLC2A4_GLUT4_TO_THE_PLASMA_MEMBRANE,Reactome|REACTOME_TRANSLOCATION_OF_SLC2A4_GLUT4_TO_THE_PLASMA_MEMBRANE,HLRT_post_vs_pre,0.009183050584645386,1.913445411180008,0.058553820190110344,0.2588078852402877
Reactome,REACTOME_TRANSPORT_OF_MATURE_TRANSCRIPT_TO_CYTOPLASM,Reactome|REACTOME_TRANSPORT_OF_MATURE_TRANSCRIPT_TO_CYTOPLASM,HLRT_post_vs_pre,8.602521680409758e-4,0.08257909127482249,0.9343514605636244,0.9846197918482816
Reactome,REACTOME_TRANS_GOLGI_NETWORK_VESICLE_BUDDING,Reactome|REACTOME_TRANS_GOLGI_NETWORK_VESICLE_BUDDING,HLRT_post_vs_pre,0.014326360695562076,1.6400627195528312,0.10413730203614542,0.3772843237702973
Reactome,REACTOME_TRIGLYCERIDE_METABOLISM,Reactome|REACTOME_TRIGLYCERIDE_METABOLISM,HLRT_post_vs_pre,-0.004500210751114453,-0.7616492077203011,0.44806371328653594,0.6899511812889519
Reactome,REACTOME_TRNA_AMINOACYLATION,Reactome|REACTOME_TRNA_AMINOACYLATION,HLRT_post_vs_pre,0.026768856479539124,4.0721809984212,9.336668152873849e-5,0.007480490875005322
Reactome,REACTOME_TRNA_PROCESSING,Reactome|REACTOME_TRNA_PROCESSING,HLRT_post_vs_pre,-0.0015700241187022457,-0.26668500590592426,0.7902613962539111,0.9159223353610697
Reactome,REACTOME_UNFOLDED_PROTEIN_RESPONSE_UPR,Reactome|REACTOME_UNFOLDED_PROTEIN_RESPONSE_UPR,HLRT_post_vs_pre,0.005755889400903172,1.0404071140000084,0.3006622194262459,0.6013816743826024
Reactome,REACTOME_VISUAL_PHOTOTRANSDUCTION,Reactome|REACTOME_VISUAL_PHOTOTRANSDUCTION,HLRT_post_vs_pre,-0.00464289453175349,-0.5353621991133211,0.5935892053771143,0.7950497841717713
GOBP,GOBP_ACETYL_COA_METABOLIC_PROCESS,GOBP|GOBP_ACETYL_COA_METABOLIC_PROCESS,HLRT_post_vs_pre,0.018284030816656943,3.6775226447913583,3.8140743284888044e-4,0.0413517004765813
GOBP,GOBP_ACTIN_FILAMENT_BASED_MOVEMENT,GOBP|GOBP_ACTIN_FILAMENT_BASED_MOVEMENT,HLRT_post_vs_pre,-0.007528044027777209,-1.1616662698950853,0.24813900634447048,0.550006116626775
GOBP,GOBP_ACTIN_FILAMENT_BUNDLE_ORGANIZATION,GOBP|GOBP_ACTIN_FILAMENT_BUNDLE_ORGANIZATION,HLRT_post_vs_pre,0.0027414142886580325,0.41167588565891206,0.6814589123124231,0.8705376750087449
GOBP,GOBP_ACTIN_FILAMENT_ORGANIZATION,GOBP|GOBP_ACTIN_FILAMENT_ORGANIZATION,HLRT_post_vs_pre,0.0048609185277656425,0.6918456793133632,0.49063906209206243,0.7470003724219659
GOBP,GOBP_ACTIN_FILAMENT_POLYMERIZATION,GOBP|GOBP_ACTIN_FILAMENT_POLYMERIZATION,HLRT_post_vs_pre,0.0015013286568544204,0.185091261265925,0.8535327068012162,0.945329601940688
GOBP,GOBP_ACTIN_NUCLEATION,GOBP|GOBP_ACTIN_NUCLEATION,HLRT_post_vs_pre,0.02020341748823095,2.144681997524886,0.03440330287048207,0.22604324701391332
GOBP,GOBP_ACTION_POTENTIAL,GOBP|GOBP_ACTION_POTENTIAL,HLRT_post_vs_pre,-2.89636778010971e-4,-0.06716302432815154,0.9465861551006769,0.9854889561184702
GOBP,GOBP_ACTOMYOSIN_STRUCTURE_ORGANIZATION,GOBP|GOBP_ACTOMYOSIN_STRUCTURE_ORGANIZATION,HLRT_post_vs_pre,-0.011928636664581965,-1.2076627395983317,0.2300283368492248,0.5303548526220632
GOBP,GOBP_ACYL_COA_METABOLIC_PROCESS,GOBP|GOBP_ACYL_COA_METABOLIC_PROCESS,HLRT_post_vs_pre,0.0136431984274136,2.6377340622970116,0.00968106460820212,0.16485601988520474
GOBP,GOBP_ADAPTIVE_IMMUNE_RESPONSE_BASED_ON_SOMATIC_RECOMBINATION_OF_IMMUNE_RECEPTORS_BUILT_FROM_IMMUNOGLOBULIN_SUPERFAMILY_DOMAINS,GOBP|GOBP_ADAPTIVE_IMMUNE_RESPONSE_BASED_ON_SOMATIC_RECOMBINATION_OF_IMMUNE_RECEPTORS_BUILT_FROM_IMMUNOGLOBULIN_SUPERFAMILY_DOMAINS,HLRT_post_vs_pre,7.766568844451704e-4,0.16089175460956023,0.8725035652603726,0.9578065623084354
GOBP,GOBP_ADENYLATE_CYCLASE_MODULATING_G_PROTEIN_COUPLED_RECEPTOR_SIGNALING_PATHWAY,GOBP|GOBP_ADENYLATE_CYCLASE_MODULATING_G_PROTEIN_COUPLED_RECEPTOR_SIGNALING_PATHWAY,HLRT_post_vs_pre,-0.0014846949640955759,-0.17851449713091236,0.8586804504892191,0.9478732896766079
GOBP,GOBP_ALCOHOL_BIOSYNTHETIC_PROCESS,GOBP|GOBP_ALCOHOL_BIOSYNTHETIC_PROCESS,HLRT_post_vs_pre,-0.010282809601264514,-2.4671959369528875,0.015318497247341745,0.17094036482795238
GOBP,GOBP_ALCOHOL_METABOLIC_PROCESS,GOBP|GOBP_ALCOHOL_METABOLIC_PROCESS,HLRT_post_vs_pre,-0.0033392346772138926,-0.9465915294170318,0.3461309743682599,0.643035813612748
GOBP,GOBP_ALDEHYDE_METABOLIC_PROCESS,GOBP|GOBP_ALDEHYDE_METABOLIC_PROCESS,HLRT_post_vs_pre,-0.003998099933259003,-0.8077420054260298,0.4211582579417248,0.7110617444388129
GOBP,GOBP_ALTERNATIVE_MRNA_SPLICING_VIA_SPLICEOSOME,GOBP|GOBP_ALTERNATIVE_MRNA_SPLICING_VIA_SPLICEOSOME,HLRT_post_vs_pre,0.0030604377714642667,0.2524635537034713,0.8012014934330225,0.9289638776317309
GOBP,GOBP_AMEBOIDAL_TYPE_CELL_MIGRATION,GOBP|GOBP_AMEBOIDAL_TYPE_CELL_MIGRATION,HLRT_post_vs_pre,0.0010746815811599857,0.21565956799605704,0.8296928163867494,0.9374167896202443
GOBP,GOBP_AMIDE_BIOSYNTHETIC_PROCESS,GOBP|GOBP_AMIDE_BIOSYNTHETIC_PROCESS,HLRT_post_vs_pre,0.012339023587731465,2.5015872155393346,0.013988404631875511,0.17094036482795238
GOBP,GOBP_AMINE_METABOLIC_PROCESS,GOBP|GOBP_AMINE_METABOLIC_PROCESS,HLRT_post_vs_pre,-0.0117139686329963,-1.6809468336960385,0.0958973072591411,0.35192502380948953
GOBP,GOBP_AMINO_ACID_BIOSYNTHETIC_PROCESS,GOBP|GOBP_AMINO_ACID_BIOSYNTHETIC_PROCESS,HLRT_post_vs_pre,4.6840535693734586e-4,0.07825902340373168,0.9377785477102729,0.9819538494193706
GOBP,GOBP_AMINO_ACID_METABOLIC_PROCESS,GOBP|GOBP_AMINO_ACID_METABOLIC_PROCESS,HLRT_post_vs_pre,0.008927559934204257,2.0535343922073075,0.04263342626728033,0.24958021123640975
GOBP,GOBP_AMYLOID_BETA_METABOLIC_PROCESS,GOBP|GOBP_AMYLOID_BETA_METABOLIC_PROCESS,HLRT_post_vs_pre,-0.004916995694359258,-0.8904001125301287,0.3753903831897182,0.6715249962127013
GOBP,GOBP_AMYLOID_FIBRIL_FORMATION,GOBP|GOBP_AMYLOID_FIBRIL_FORMATION,HLRT_post_vs_pre,-0.024032795354041625,-5.18977885577343,1.1082568895320596e-6,8.622238600559423e-4
GOBP,GOBP_ANTIGEN_PROCESSING_AND_PRESENTATION,GOBP|GOBP_ANTIGEN_PROCESSING_AND_PRESENTATION,HLRT_post_vs_pre,0.0025054693837490566,0.380966994457063,0.7040366878243729,0.8763848690037793
GOBP,GOBP_ANTIVIRAL_INNATE_IMMUNE_RESPONSE,GOBP|GOBP_ANTIVIRAL_INNATE_IMMUNE_RESPONSE,HLRT_post_vs_pre,0.0052279328797187816,0.6817095284102905,0.4970000293924427,0.7522685269792225
GOBP,GOBP_APICAL_JUNCTION_ASSEMBLY,GOBP|GOBP_APICAL_JUNCTION_ASSEMBLY,HLRT_post_vs_pre,0.005586355200221382,0.985483913582016,0.32676719838597024,0.6308309685962403
GOBP,GOBP_APOPTOTIC_MITOCHONDRIAL_CHANGES,GOBP|GOBP_APOPTOTIC_MITOCHONDRIAL_CHANGES,HLRT_post_vs_pre,0.004416385876737927,1.0952566946687126,0.27603769253454813,0.5835796869344524
GOBP,GOBP_APPENDAGE_DEVELOPMENT,GOBP|GOBP_APPENDAGE_DEVELOPMENT,HLRT_post_vs_pre,0.002910116213896932,0.3112417031677468,0.756265419900396,0.9013307066519798
GOBP,GOBP_ARTERY_DEVELOPMENT,GOBP|GOBP_ARTERY_DEVELOPMENT,HLRT_post_vs_pre,0.013877394441367527,1.4455627672675433,0.1514296441476861,0.43362087394284876
GOBP,GOBP_AUTOPHAGOSOME_MATURATION,GOBP|GOBP_AUTOPHAGOSOME_MATURATION,HLRT_post_vs_pre,-0.02210958621492274,-3.426695264008816,8.883262008661082e-4,0.04607451895158881
GOBP,GOBP_AUTOPHAGY_OF_MITOCHONDRION,GOBP|GOBP_AUTOPHAGY_OF_MITOCHONDRION,HLRT_post_vs_pre,0.0033812509125886875,0.7894173573302434,0.43173772879039163,0.7249827291895802
GOBP,GOBP_AXO_DENDRITIC_TRANSPORT,GOBP|GOBP_AXO_DENDRITIC_TRANSPORT,HLRT_post_vs_pre,-3.8582761294131407e-4,-0.08078735249394131,0.9357726913660283,0.9819538494193706
GOBP,GOBP_BASEMENT_MEMBRANE_ORGANIZATION,GOBP|GOBP_BASEMENT_MEMBRANE_ORGANIZATION,HLRT_post_vs_pre,-0.04478875572130578,-1.6412007996652118,0.10390043804668532,0.36576715294262974
GOBP,GOBP_BIOLOGICAL_PROCESS_INVOLVED_IN_SYMBIOTIC_INTERACTION,GOBP|GOBP_BIOLOGICAL_PROCESS_INVOLVED_IN_SYMBIOTIC_INTERACTION,HLRT_post_vs_pre,-0.002961158488547888,-0.7406604395764481,0.46063665191044634,0.7269276170108058
GOBP,GOBP_BIOMINERAL_TISSUE_DEVELOPMENT,GOBP|GOBP_BIOMINERAL_TISSUE_DEVELOPMENT,HLRT_post_vs_pre,-0.020690776178982462,-1.24305960482128,0.2167553803595944,0.5258829666703781
GOBP,GOBP_BLASTOCYST_DEVELOPMENT,GOBP|GOBP_BLASTOCYST_DEVELOPMENT,HLRT_post_vs_pre,0.004037413469008697,0.8483831962988149,0.3982528052576202,0.6907806397492223
GOBP,GOBP_BLOOD_VESSEL_ENDOTHELIAL_CELL_MIGRATION,GOBP|GOBP_BLOOD_VESSEL_ENDOTHELIAL_CELL_MIGRATION,HLRT_post_vs_pre,0.011154078046615029,1.8092039758367278,0.07342681138091983,0.3100761541044457
GOBP,GOBP_BONE_DEVELOPMENT,GOBP|GOBP_BONE_DEVELOPMENT,HLRT_post_vs_pre,-6.157554043937155e-4,-0.06178387631679948,0.9508583846213807,0.9858992398712811
GOBP,GOBP_BRANCHED_CHAIN_AMINO_ACID_METABOLIC_PROCESS,GOBP|GOBP_BRANCHED_CHAIN_AMINO_ACID_METABOLIC_PROCESS,HLRT_post_vs_pre,0.013325034886567583,1.8264335225380155,0.07077141510775856,0.30725148534953356
GOBP,GOBP_B_CELL_ACTIVATION,GOBP|GOBP_B_CELL_ACTIVATION,HLRT_post_vs_pre,-0.005411944566473072,-1.2124502696410748,0.22819957141608066,0.5283906742908059
GOBP,GOBP_CALCIUM_ION_IMPORT,GOBP|GOBP_CALCIUM_ION_IMPORT,HLRT_post_vs_pre,-0.006397049940081834,-0.9215999465030276,0.3589575745755147,0.657103512987648
GOBP,GOBP_CALCIUM_ION_TRANSPORT,GOBP|GOBP_CALCIUM_ION_TRANSPORT,HLRT_post_vs_pre,-0.003445279492548331,-1.3014194978610825,0.19610819987747033,0.4969777834028401
GOBP,GOBP_CALCIUM_MEDIATED_SIGNALING,GOBP|GOBP_CALCIUM_MEDIATED_SIGNALING,HLRT_post_vs_pre,-0.01010642053684846,-1.7574725142994256,0.08190061074212301,0.31859337578685853
GOBP,GOBP_CANONICAL_NF_KAPPAB_SIGNAL_TRANSDUCTION,GOBP|GOBP_CANONICAL_NF_KAPPAB_SIGNAL_TRANSDUCTION,HLRT_post_vs_pre,-8.256988391231873e-4,-0.256073565307817,0.7984205856452545,0.9285070487772916
GOBP,GOBP_CARBOHYDRATE_BIOSYNTHETIC_PROCESS,GOBP|GOBP_CARBOHYDRATE_BIOSYNTHETIC_PROCESS,HLRT_post_vs_pre,0.0014964893551889513,0.42048617773272196,0.6750334305810101,0.865199355835298
GOBP,GOBP_CARBOHYDRATE_CATABOLIC_PROCESS,GOBP|GOBP_CARBOHYDRATE_CATABOLIC_PROCESS,HLRT_post_vs_pre,-0.004896001908201941,-1.4923867026183995,0.1387491367469184,0.4249875133429233
GOBP,GOBP_CARBOHYDRATE_HOMEOSTASIS,GOBP|GOBP_CARBOHYDRATE_HOMEOSTASIS,HLRT_post_vs_pre,0.0022245689995209067,0.7683589847490896,0.4440864705758184,0.7249827291895802
GOBP,GOBP_CARBOHYDRATE_TRANSPORT,GOBP|GOBP_CARBOHYDRATE_TRANSPORT,HLRT_post_vs_pre,-0.0012057065984012565,-0.21860518870279078,0.8274035719024271,0.9374167896202443
GOBP,GOBP_CARBOXYLIC_ACID_TRANSMEMBRANE_TRANSPORT,GOBP|GOBP_CARBOXYLIC_ACID_TRANSMEMBRANE_TRANSPORT,HLRT_post_vs_pre,0.022008677596284498,3.442553820543377,8.430770359259507e-4,0.04607451895158881
GOBP,GOBP_CARDIAC_CHAMBER_DEVELOPMENT,GOBP|GOBP_CARDIAC_CHAMBER_DEVELOPMENT,HLRT_post_vs_pre,-0.0012708486712400546,-0.22093477358792907,0.8255941438061687,0.9374167896202443
GOBP,GOBP_CARDIAC_CONDUCTION,GOBP|GOBP_CARDIAC_CONDUCTION,HLRT_post_vs_pre,9.450004212376573e-4,0.23056087870261271,0.8181274547377708,0.9360340585088024
GOBP,GOBP_CARDIAC_MUSCLE_CELL_ACTION_POTENTIAL_INVOLVED_IN_CONTRACTION,GOBP|GOBP_CARDIAC_MUSCLE_CELL_ACTION_POTENTIAL_INVOLVED_IN_CONTRACTION,HLRT_post_vs_pre,0.004155260943064121,0.7488677048597882,0.45569654658315617,0.7255645723582931
GOBP,GOBP_CARDIAC_MUSCLE_TISSUE_DEVELOPMENT,GOBP|GOBP_CARDIAC_MUSCLE_TISSUE_DEVELOPMENT,HLRT_post_vs_pre,-0.008934946556845152,-1.3253735514055476,0.188070376890014,0.4860000797951066
GOBP,GOBP_CARDIAC_SEPTUM_DEVELOPMENT,GOBP|GOBP_CARDIAC_SEPTUM_DEVELOPMENT,HLRT_post_vs_pre,0.0011722655728779174,0.10813521946189063,0.9141053170288774,0.9809295677909885
GOBP,GOBP_CELLULAR_COMPONENT_ASSEMBLY_INVOLVED_IN_MORPHOGENESIS,GOBP|GOBP_CELLULAR_COMPONENT_ASSEMBLY_INVOLVED_IN_MORPHOGENESIS,HLRT_post_vs_pre,-0.01767759328797977,-1.3111657053187167,0.19280753613768914,0.49181725611515453
GOBP,GOBP_CELLULAR_COMPONENT_DISASSEMBLY,GOBP|GOBP_CELLULAR_COMPONENT_DISASSEMBLY,HLRT_post_vs_pre,-0.005748730635286567,-1.6758665835576458,0.09689145791825042,0.35390401061220106
GOBP,GOBP_CELLULAR_OXIDANT_DETOXIFICATION,GOBP|GOBP_CELLULAR_OXIDANT_DETOXIFICATION,HLRT_post_vs_pre,-0.003215572790891963,-0.7760498053111213,0.4395529734727599,0.7249827291895802
GOBP,GOBP_CELLULAR_PROCESS_INVOLVED_IN_REPRODUCTION_IN_MULTICELLULAR_ORGANISM,GOBP|GOBP_CELLULAR_PROCESS_INVOLVED_IN_REPRODUCTION_IN_MULTICELLULAR_ORGANISM,HLRT_post_vs_pre,-0.007503007219987423,-2.3645255596861676,0.019986215025787797,0.18511042011979653
GOBP,GOBP_CELLULAR_RESPONSE_TO_ABIOTIC_STIMULUS,GOBP|GOBP_CELLULAR_RESPONSE_TO_ABIOTIC_STIMULUS,HLRT_post_vs_pre,-3.19019131468784e-4,-0.09062257490649331,0.9279739454321774,0.9819538494193706
GOBP,GOBP_CELLULAR_RESPONSE_TO_ALCOHOL,GOBP|GOBP_CELLULAR_RESPONSE_TO_ALCOHOL,HLRT_post_vs_pre,0.0062868852887081605,0.8158422581422926,0.4165313355911332,0.7106609190568018
GOBP,GOBP_CELLULAR_RESPONSE_TO_CHEMICAL_STRESS,GOBP|GOBP_CELLULAR_RESPONSE_TO_CHEMICAL_STRESS,HLRT_post_vs_pre,3.320082151420378e-4,0.1228935903770685,0.9024382569472983,0.9738171782621146
GOBP,GOBP_CELLULAR_RESPONSE_TO_CORTICOSTEROID_STIMULUS,GOBP|GOBP_CELLULAR_RESPONSE_TO_CORTICOSTEROID_STIMULUS,HLRT_post_vs_pre,0.006174256360584218,1.291307426428557,0.19957699821014713,0.49926335886654166
GOBP,GOBP_CELLULAR_RESPONSE_TO_EXTERNAL_STIMULUS,GOBP|GOBP_CELLULAR_RESPONSE_TO_EXTERNAL_STIMULUS,HLRT_post_vs_pre,-0.014542907426553453,-1.5307351412108527,0.1289953852376226,0.4080358704705033
GOBP,GOBP_CELLULAR_RESPONSE_TO_GLUCOSE_STARVATION,GOBP|GOBP_CELLULAR_RESPONSE_TO_GLUCOSE_STARVATION,HLRT_post_vs_pre,-0.016470344750543403,-2.239988260463298,0.02730740487519062,0.20233486659903144
GOBP,GOBP_CELLULAR_RESPONSE_TO_HEAT,GOBP|GOBP_CELLULAR_RESPONSE_TO_HEAT,HLRT_post_vs_pre,0.0030969703371696716,0.5610346605794416,0.5760301651189974,0.7997450162016971
GOBP,GOBP_CELLULAR_RESPONSE_TO_HYDROGEN_PEROXIDE,GOBP|GOBP_CELLULAR_RESPONSE_TO_HYDROGEN_PEROXIDE,HLRT_post_vs_pre,3.073384923900635e-4,0.05878834895028767,0.9532381235117037,0.9858992398712811
GOBP,GOBP_CELLULAR_RESPONSE_TO_METAL_ION,GOBP|GOBP_CELLULAR_RESPONSE_TO_METAL_ION,HLRT_post_vs_pre,0.0033468487050347384,0.7808659258413573,0.4367278057769991,0.7249827291895802
GOBP,GOBP_CELLULAR_RESPONSE_TO_NUTRIENT_LEVELS,GOBP|GOBP_CELLULAR_RESPONSE_TO_NUTRIENT_LEVELS,HLRT_post_vs_pre,-0.0030890590147486414,-0.8283765341344793,0.4094319663838967,0.7047302430236098
GOBP,GOBP_CELLULAR_RESPONSE_TO_OXYGEN_LEVELS,GOBP|GOBP_CELLULAR_RESPONSE_TO_OXYGEN_LEVELS,HLRT_post_vs_pre,-0.0018612894246568257,-0.7593025443558402,0.4494595394018508,0.725476186005477
GOBP,GOBP_CELLULAR_RESPONSE_TO_RADIATION,GOBP|GOBP_CELLULAR_RESPONSE_TO_RADIATION,HLRT_post_vs_pre,0.004407019082978815,1.0685266578624926,0.2878581626875645,0.5940415134507299
GOBP,GOBP_CELLULAR_RESPONSE_TO_UV,GOBP|GOBP_CELLULAR_RESPONSE_TO_UV,HLRT_post_vs_pre,0.007342127758520944,1.0490088888479707,0.29670518746229346,0.6042843870305348
GOBP,GOBP_CELLULAR_RESPONSE_TO_VASCULAR_ENDOTHELIAL_GROWTH_FACTOR_STIMULUS,GOBP|GOBP_CELLULAR_RESPONSE_TO_VASCULAR_ENDOTHELIAL_GROWTH_FACTOR_STIMULUS,HLRT_post_vs_pre,0.006908738331151206,0.7831273324561788,0.4354049213745256,0.7249827291895802
GOBP,GOBP_CELLULAR_RESPONSE_TO_XENOBIOTIC_STIMULUS,GOBP|GOBP_CELLULAR_RESPONSE_TO_XENOBIOTIC_STIMULUS,HLRT_post_vs_pre,0.00243436894617835,0.5961137858506567,0.5524475050256883,0.7871871042307427
GOBP,GOBP_CELLULAR_SENESCENCE,GOBP|GOBP_CELLULAR_SENESCENCE,HLRT_post_vs_pre,0.0038765159566229723,0.8567742452498641,0.3936202123626289,0.6850928975796986
GOBP,GOBP_CELL_ACTIVATION_INVOLVED_IN_IMMUNE_RESPONSE,GOBP|GOBP_CELL_ACTIVATION_INVOLVED_IN_IMMUNE_RESPONSE,HLRT_post_vs_pre,2.7584448353465407e-4,0.05267885660254459,0.9580929807344876,0.9866312097002674
GOBP,GOBP_CELL_CELL_JUNCTION_ORGANIZATION,GOBP|GOBP_CELL_CELL_JUNCTION_ORGANIZATION,HLRT_post_vs_pre,-8.244379612541708e-4,-0.13740235484461183,0.8909893172210064,0.9708539058794718
GOBP,GOBP_CELL_COMMUNICATION_BY_ELECTRICAL_COUPLING,GOBP|GOBP_CELL_COMMUNICATION_BY_ELECTRICAL_COUPLING,HLRT_post_vs_pre,0.004556755905161747,0.7099521027091161,0.47938773831980486,0.7454914742029067
GOBP,GOBP_CELL_CYCLE_G2_M_PHASE_TRANSITION,GOBP|GOBP_CELL_CYCLE_G2_M_PHASE_TRANSITION,HLRT_post_vs_pre,-0.01157655522384127,-1.5602240741424442,0.12186933532193911,0.39854466767793817
GOBP,GOBP_CELL_FATE_COMMITMENT,GOBP|GOBP_CELL_FATE_COMMITMENT,HLRT_post_vs_pre,0.001324288461839719,0.3316483203279567,0.7408495705316244,0.8936139005792306
GOBP,GOBP_CELL_KILLING,GOBP|GOBP_CELL_KILLING,HLRT_post_vs_pre,-2.3817509794528402e-4,-0.037986687458392794,0.9697741021550073,0.9908848309575081
GOBP,GOBP_CELL_MATURATION,GOBP|GOBP_CELL_MATURATION,HLRT_post_vs_pre,-0.009915504109406253,-1.4740213595836769,0.14362007413283026,0.43238960733086307
GOBP,GOBP_CELL_RECOGNITION,GOBP|GOBP_CELL_RECOGNITION,HLRT_post_vs_pre,0.007341552516298228,1.2506278493254177,0.2139915313624402,0.5258829666703781
GOBP,GOBP_CELL_REDOX_HOMEOSTASIS,GOBP|GOBP_CELL_REDOX_HOMEOSTASIS,HLRT_post_vs_pre,-0.0052236336493851065,-0.9883678156699242,0.32536035754171,0.6308309685962403
GOBP,GOBP_CELL_SUBSTRATE_ADHESION,GOBP|GOBP_CELL_SUBSTRATE_ADHESION,HLRT_post_vs_pre,-0.0023817947054846833,-0.26289283509888356,0.7931745877090288,0.9249659367015535
GOBP,GOBP_CELL_SUBSTRATE_JUNCTION_ORGANIZATION,GOBP|GOBP_CELL_SUBSTRATE_JUNCTION_ORGANIZATION,HLRT_post_vs_pre,-7.432861658039115e-4,-0.08498196781607932,0.9324458014187547,0.9819538494193706
GOBP,GOBP_CELL_SURFACE_RECEPTOR_PROTEIN_SERINE_THREONINE_KINASE_SIGNALING_PATHWAY,GOBP|GOBP_CELL_SURFACE_RECEPTOR_PROTEIN_SERINE_THREONINE_KINASE_SIGNALING_PATHWAY,HLRT_post_vs_pre,-0.00719579746497474,-1.2357070244702442,0.21946535321880353,0.5258829666703781
GOBP,GOBP_CENTRAL_NERVOUS_SYSTEM_NEURON_DIFFERENTIATION,GOBP|GOBP_CENTRAL_NERVOUS_SYSTEM_NEURON_DIFFERENTIATION,HLRT_post_vs_pre,0.00416134665831315,0.6713880357616384,0.5035228713684438,0.7556836953055959
GOBP,GOBP_CHROMOSOME_LOCALIZATION,GOBP|GOBP_CHROMOSOME_LOCALIZATION,HLRT_post_vs_pre,-8.483016212305142e-4,-0.18569788975470713,0.8530582037051726,0.945329601940688
GOBP,GOBP_CHROMOSOME_SEGREGATION,GOBP|GOBP_CHROMOSOME_SEGREGATION,HLRT_post_vs_pre,2.8762450173783205e-4,0.09421356807298774,0.9251282104527461,0.9819538494193706
GOBP,GOBP_CILIUM_MOVEMENT,GOBP|GOBP_CILIUM_MOVEMENT,HLRT_post_vs_pre,-0.009597804997487747,-2.523306835476282,0.013202648747387975,0.17094036482795238
GOBP,GOBP_CILIUM_ORGANIZATION,GOBP|GOBP_CILIUM_ORGANIZATION,HLRT_post_vs_pre,0.004285066728535115,0.9905087643526896,0.324318538653638,0.6308309685962403
GOBP,GOBP_COGNITION,GOBP|GOBP_COGNITION,HLRT_post_vs_pre,0.006890263726780657,1.4100328782769265,0.16163581543516714,0.44848860472208474
GOBP,GOBP_COLLAGEN_FIBRIL_ORGANIZATION,GOBP|GOBP_COLLAGEN_FIBRIL_ORGANIZATION,HLRT_post_vs_pre,-0.015514503020233186,-0.5568247983807186,0.5788924408129422,0.7997450162016971
GOBP,GOBP_COLLAGEN_METABOLIC_PROCESS,GOBP|GOBP_COLLAGEN_METABOLIC_PROCESS,HLRT_post_vs_pre,0.010769258037050741,0.7832525552863012,0.4353317367844599,0.7249827291895802
GOBP,GOBP_CONNECTIVE_TISSUE_DEVELOPMENT,GOBP|GOBP_CONNECTIVE_TISSUE_DEVELOPMENT,HLRT_post_vs_pre,0.010343753451595513,1.2243180650900771,0.22371163436446453,0.5274171258653133
GOBP,GOBP_CORTICAL_CYTOSKELETON_ORGANIZATION,GOBP|GOBP_CORTICAL_CYTOSKELETON_ORGANIZATION,HLRT_post_vs_pre,0.011109989117495153,1.3520466732745986,0.1794133910228179,0.4763946014189499
GOBP,GOBP_CYTOCHROME_COMPLEX_ASSEMBLY,GOBP|GOBP_CYTOCHROME_COMPLEX_ASSEMBLY,HLRT_post_vs_pre,0.029374083595701067,2.758352561160983,0.006909633682125813,0.13744726598873994
GOBP,GOBP_CYTOKINESIS,GOBP|GOBP_CYTOKINESIS,HLRT_post_vs_pre,0.006384130618669178,1.420965961135379,0.15844054918840925,0.4466186495238493
GOBP,GOBP_CYTOKINETIC_PROCESS,GOBP|GOBP_CYTOKINETIC_PROCESS,HLRT_post_vs_pre,8.35673555780958e-4,0.14709586067632244,0.883352805954654,0.9638828654035355
GOBP,GOBP_CYTOPLASMIC_MICROTUBULE_ORGANIZATION,GOBP|GOBP_CYTOPLASMIC_MICROTUBULE_ORGANIZATION,HLRT_post_vs_pre,0.005911429586477224,1.1438667828630553,0.2554123663820163,0.5596282110417868
GOBP,GOBP_CYTOPLASMIC_TRANSLATION,GOBP|GOBP_CYTOPLASMIC_TRANSLATION,HLRT_post_vs_pre,0.005535578231661176,0.4860451818912772,0.6279995696999338,0.8351857525240144
GOBP,GOBP_CYTOPLASMIC_TRANSLATIONAL_INITIATION,GOBP|GOBP_CYTOPLASMIC_TRANSLATIONAL_INITIATION,HLRT_post_vs_pre,8.8351996910703e-4,0.15692091102306305,0.8756238796077623,0.958136959683318
GOBP,GOBP_CYTOSKELETON_DEPENDENT_INTRACELLULAR_TRANSPORT,GOBP|GOBP_CYTOSKELETON_DEPENDENT_INTRACELLULAR_TRANSPORT,HLRT_post_vs_pre,0.002058001873862167,0.5382167296194192,0.5916245650293241,0.8075156343733583
GOBP,GOBP_CYTOSOLIC_TRANSPORT,GOBP|GOBP_CYTOSOLIC_TRANSPORT,HLRT_post_vs_pre,-0.0031325674623749605,-0.4784495039320028,0.63337573334648,0.8371335251523734
GOBP,GOBP_DEFENSE_RESPONSE_TO_BACTERIUM,GOBP|GOBP_DEFENSE_RESPONSE_TO_BACTERIUM,HLRT_post_vs_pre,-0.0063772038533199266,-0.9652793916941754,0.3367357884943982,0.642108930021181
GOBP,GOBP_DENDRITE_DEVELOPMENT,GOBP|GOBP_DENDRITE_DEVELOPMENT,HLRT_post_vs_pre,0.0033973863879948017,0.7680194142946513,0.44428725936718827,0.7249827291895802
GOBP,GOBP_DENDRITIC_SPINE_DEVELOPMENT,GOBP|GOBP_DENDRITIC_SPINE_DEVELOPMENT,HLRT_post_vs_pre,0.01261194680702625,2.1979879790004793,0.03025914017296391,0.2109015669940162
GOBP,GOBP_DEOXYRIBONUCLEOTIDE_METABOLIC_PROCESS,GOBP|GOBP_DEOXYRIBONUCLEOTIDE_METABOLIC_PROCESS,HLRT_post_vs_pre,-0.013193942608867831,-1.508885612721635,0.13448424193772565,0.4201957438857452
GOBP,GOBP_DEPHOSPHORYLATION,GOBP|GOBP_DEPHOSPHORYLATION,HLRT_post_vs_pre,-0.006770829198494953,-1.0513060040160764,0.29565446605228307,0.6037248676868143
GOBP,GOBP_DETECTION_OF_ABIOTIC_STIMULUS,GOBP|GOBP_DETECTION_OF_ABIOTIC_STIMULUS,HLRT_post_vs_pre,-0.018111694065377354,-2.4799818698057,0.01481133802231167,0.17094036482795238
GOBP,GOBP_DEVELOPMENTAL_CELL_GROWTH,GOBP|GOBP_DEVELOPMENTAL_CELL_GROWTH,HLRT_post_vs_pre,-0.00816093223223955,-2.028736319689427,0.04514590492391443,0.25826113257945166
GOBP,GOBP_DEVELOPMENTAL_MATURATION,GOBP|GOBP_DEVELOPMENTAL_MATURATION,HLRT_post_vs_pre,-0.004727645093312513,-1.1053169427729437,0.27167713868504856,0.5790816819095007
GOBP,GOBP_DICARBOXYLIC_ACID_METABOLIC_PROCESS,GOBP|GOBP_DICARBOXYLIC_ACID_METABOLIC_PROCESS,HLRT_post_vs_pre,-0.002169795471475333,-0.5510645072615952,0.5828198016153519,0.8011197979801126
GOBP,GOBP_DIGESTIVE_SYSTEM_DEVELOPMENT,GOBP|GOBP_DIGESTIVE_SYSTEM_DEVELOPMENT,HLRT_post_vs_pre,0.008293159781727538,0.7999593410369977,0.4256324817835886,0.7167577290641384
GOBP,GOBP_DNA_BIOSYNTHETIC_PROCESS,GOBP|GOBP_DNA_BIOSYNTHETIC_PROCESS,HLRT_post_vs_pre,-0.0032095315423326942,-0.8476414876109737,0.3986638910634972,0.6907806397492223
GOBP,GOBP_DNA_DAMAGE_RESPONSE_SIGNAL_TRANSDUCTION_BY_P53_CLASS_MEDIATOR,GOBP|GOBP_DNA_DAMAGE_RESPONSE_SIGNAL_TRANSDUCTION_BY_P53_CLASS_MEDIATOR,HLRT_post_vs_pre,0.008554419979899662,1.2278593406746194,0.22238495634261493,0.5258829666703781
GOBP,GOBP_DNA_RECOMBINATION,GOBP|GOBP_DNA_RECOMBINATION,HLRT_post_vs_pre,0.003708832021279954,0.8702566104302579,0.3862464808203607,0.6773249679634414
GOBP,GOBP_DNA_REPLICATION,GOBP|GOBP_DNA_REPLICATION,HLRT_post_vs_pre,-0.0033239516421365994,-0.9446038300799873,0.3471401564490413,0.643035813612748
GOBP,GOBP_DNA_TEMPLATED_DNA_REPLICATION,GOBP|GOBP_DNA_TEMPLATED_DNA_REPLICATION,HLRT_post_vs_pre,7.674564252882314e-7,1.6232086912527807e-4,0.9998708103784743,0.9998708103784743
GOBP,GOBP_DNA_TEMPLATED_TRANSCRIPTION_ELONGATION,GOBP|GOBP_DNA_TEMPLATED_TRANSCRIPTION_ELONGATION,HLRT_post_vs_pre,-0.012330565411697796,-2.20560063404822,0.029704334759913853,0.2109015669940162
GOBP,GOBP_DNA_TEMPLATED_TRANSCRIPTION_INITIATION,GOBP|GOBP_DNA_TEMPLATED_TRANSCRIPTION_INITIATION,HLRT_post_vs_pre,-0.012033111924104,-3.0603851533870334,0.0028389251953923173,0.07606683195948324
GOBP,GOBP_DOUBLE_STRAND_BREAK_REPAIR,GOBP|GOBP_DOUBLE_STRAND_BREAK_REPAIR,HLRT_post_vs_pre,0.0015713054639137497,0.394036962116135,0.6943935774872574,0.8752640782608443
GOBP,GOBP_EAR_DEVELOPMENT,GOBP|GOBP_EAR_DEVELOPMENT,HLRT_post_vs_pre,-0.009980090230830102,-1.8225999396631212,0.07135522333397426,0.30725148534953356
GOBP,GOBP_EMBRYONIC_ORGAN_DEVELOPMENT,GOBP|GOBP_EMBRYONIC_ORGAN_DEVELOPMENT,HLRT_post_vs_pre,-0.0011924437633196866,-0.21104535376954234,0.833281784494805,0.9374167896202443
GOBP,GOBP_EMBRYO_IMPLANTATION,GOBP|GOBP_EMBRYO_IMPLANTATION,HLRT_post_vs_pre,0.0013321499778804619,0.19746368274949289,0.8438659132323957,0.9447905297350898
GOBP,GOBP_ENDOCRINE_PROCESS,GOBP|GOBP_ENDOCRINE_PROCESS,HLRT_post_vs_pre,-0.002968769619114027,-0.411964178556335,0.6812482810342708,0.8705376750087449
GOBP,GOBP_ENDOCRINE_SYSTEM_DEVELOPMENT,GOBP|GOBP_ENDOCRINE_SYSTEM_DEVELOPMENT,HLRT_post_vs_pre,5.299166834339085e-4,0.05755422596726749,0.9542186730373711,0.9858992398712811
GOBP,GOBP_ENDOPLASMIC_RETICULUM_ORGANIZATION,GOBP|GOBP_ENDOPLASMIC_RETICULUM_ORGANIZATION,HLRT_post_vs_pre,-0.012021942763806276,-2.473746432711263,0.01505676237214317,0.17094036482795238
GOBP,GOBP_ENDOSOMAL_TRANSPORT,GOBP|GOBP_ENDOSOMAL_TRANSPORT,HLRT_post_vs_pre,-0.0054536825921848026,-1.1503309158632464,0.2527537381605837,0.5573454303680411
GOBP,GOBP_ENDOSOME_ORGANIZATION,GOBP|GOBP_ENDOSOME_ORGANIZATION,HLRT_post_vs_pre,-0.01481407586025009,-2.5724337507626593,0.011569650417181691,0.17094036482795238
GOBP,GOBP_ENDOSOME_TO_LYSOSOME_TRANSPORT,GOBP|GOBP_ENDOSOME_TO_LYSOSOME_TRANSPORT,HLRT_post_vs_pre,-0.019185168666736398,-3.471053947258678,7.671626794445267e-4,0.04607451895158881
GOBP,GOBP_ENDOTHELIAL_CELL_MIGRATION,GOBP|GOBP_ENDOTHELIAL_CELL_MIGRATION,HLRT_post_vs_pre,0.007179071745100907,1.1644286848175935,0.2470235259253975,0.550006116626775
GOBP,GOBP_ENDOTHELIAL_CELL_PROLIFERATION,GOBP|GOBP_ENDOTHELIAL_CELL_PROLIFERATION,HLRT_post_vs_pre,0.0038485501187404385,0.47211193229763504,0.6378765232326029,0.8371335251523734
GOBP,GOBP_ENDOTHELIUM_DEVELOPMENT,GOBP|GOBP_ENDOTHELIUM_DEVELOPMENT,HLRT_post_vs_pre,0.00916582908530093,1.1353292169773974,0.2589539279884875,0.5596282110417868
GOBP,GOBP_ENSHEATHMENT_OF_NEURONS,GOBP|GOBP_ENSHEATHMENT_OF_NEURONS,HLRT_post_vs_pre,-0.0033094342878929803,-0.6143220380690877,0.540399090031453,0.7757020148421965
GOBP,GOBP_EPIDERMIS_DEVELOPMENT,GOBP|GOBP_EPIDERMIS_DEVELOPMENT,HLRT_post_vs_pre,-0.00980118068862965,-1.4524315103767662,0.14951530364063634,0.43238960733086307
GOBP,GOBP_EPIGENETIC_REGULATION_OF_GENE_EXPRESSION,GOBP|GOBP_EPIGENETIC_REGULATION_OF_GENE_EXPRESSION,HLRT_post_vs_pre,-0.019850064167360897,-3.9503795980922445,1.455569806725842e-4,0.028310832740817627
GOBP,GOBP_EPITHELIAL_CELL_DEVELOPMENT,GOBP|GOBP_EPITHELIAL_CELL_DEVELOPMENT,HLRT_post_vs_pre,0.005146198530805231,0.5872815265853608,0.5583396418954949,0.7906017843696022
GOBP,GOBP_EPITHELIAL_CELL_PROLIFERATION,GOBP|GOBP_EPITHELIAL_CELL_PROLIFERATION,HLRT_post_vs_pre,-0.0039925495518332715,-0.749692164000106,0.45520196734365714,0.7255645723582931
GOBP,GOBP_EPITHELIAL_TUBE_MORPHOGENESIS,GOBP|GOBP_EPITHELIAL_TUBE_MORPHOGENESIS,HLRT_post_vs_pre,-0.0031892173653919886,-0.9475172394545287,0.3456616268645736,0.643035813612748
GOBP,GOBP_ERAD_PATHWAY,GOBP|GOBP_ERAD_PATHWAY,HLRT_post_vs_pre,-0.013796029747491521,-3.3536386963207887,0.001127880728613138,0.048375919998610316
GOBP,GOBP_ERBB_SIGNALING_PATHWAY,GOBP|GOBP_ERBB_SIGNALING_PATHWAY,HLRT_post_vs_pre,0.001696739963554201,0.24864480390389226,0.8041459839195713,0.9296070958238134
GOBP,GOBP_ERK1_AND_ERK2_CASCADE,GOBP|GOBP_ERK1_AND_ERK2_CASCADE,HLRT_post_vs_pre,0.011375608056420933,1.9515877280333453,0.05378744374766342,0.2747723329462564
GOBP,GOBP_ERYTHROCYTE_HOMEOSTASIS,GOBP|GOBP_ERYTHROCYTE_HOMEOSTASIS,HLRT_post_vs_pre,-0.002783533554453488,-0.6277750146127085,0.5315837269242976,0.7714870703580795
GOBP,GOBP_ER_NUCLEUS_SIGNALING_PATHWAY,GOBP|GOBP_ER_NUCLEUS_SIGNALING_PATHWAY,HLRT_post_vs_pre,8.877399022520095e-4,0.13280167709953292,0.8946173558514372,0.9717267348699032
GOBP,GOBP_ESTABLISHMENT_OF_ORGANELLE_LOCALIZATION,GOBP|GOBP_ESTABLISHMENT_OF_ORGANELLE_LOCALIZATION,HLRT_post_vs_pre,0.001712838005131518,0.49238028712557486,0.6235308876118092,0.8320875309811107
GOBP,GOBP_ESTABLISHMENT_OF_PROTEIN_LOCALIZATION_TO_ENDOPLASMIC_RETICULUM,GOBP|GOBP_ESTABLISHMENT_OF_PROTEIN_LOCALIZATION_TO_ENDOPLASMIC_RETICULUM,HLRT_post_vs_pre,0.0032525216835669543,0.5877843229393922,0.5580033879156792,0.7906017843696022
GOBP,GOBP_ESTABLISHMENT_OF_PROTEIN_LOCALIZATION_TO_MEMBRANE,GOBP|GOBP_ESTABLISHMENT_OF_PROTEIN_LOCALIZATION_TO_MEMBRANE,HLRT_post_vs_pre,0.004976272786539757,1.4058841160711655,0.16286116331077935,0.44848860472208474
GOBP,GOBP_ESTABLISHMENT_OF_PROTEIN_LOCALIZATION_TO_MITOCHONDRION,GOBP|GOBP_ESTABLISHMENT_OF_PROTEIN_LOCALIZATION_TO_MITOCHONDRION,HLRT_post_vs_pre,0.013568887769024013,2.8329655177799733,0.005579553252998454,0.11732141704953507
GOBP,GOBP_ESTABLISHMENT_OF_PROTEIN_LOCALIZATION_TO_ORGANELLE,GOBP|GOBP_ESTABLISHMENT_OF_PROTEIN_LOCALIZATION_TO_ORGANELLE,HLRT_post_vs_pre,0.00144427519554894,0.6174295024721606,0.538356280870888,0.7753242166876003
GOBP,GOBP_ESTABLISHMENT_OF_PROTEIN_LOCALIZATION_TO_PLASMA_MEMBRANE,GOBP|GOBP_ESTABLISHMENT_OF_PROTEIN_LOCALIZATION_TO_PLASMA_MEMBRANE,HLRT_post_vs_pre,-0.001347317230020198,-0.25382760918647784,0.8001504150403017,0.9289638776317309
GOBP,GOBP_ESTABLISHMENT_OR_MAINTENANCE_OF_CELL_POLARITY,GOBP|GOBP_ESTABLISHMENT_OR_MAINTENANCE_OF_CELL_POLARITY,HLRT_post_vs_pre,0.010123253235606755,1.7654257450797526,0.08054771265905819,0.3185531044730498
GOBP,GOBP_EXECUTION_PHASE_OF_APOPTOSIS,GOBP|GOBP_EXECUTION_PHASE_OF_APOPTOSIS,HLRT_post_vs_pre,0.005145559253775772,0.9484037588307337,0.3452125356802088,0.643035813612748
GOBP,GOBP_EXOCYTIC_PROCESS,GOBP|GOBP_EXOCYTIC_PROCESS,HLRT_post_vs_pre,-0.001966897691986616,-0.2189255386666124,0.8271546952600229,0.9374167896202443
GOBP,GOBP_EXOCYTOSIS,GOBP|GOBP_EXOCYTOSIS,HLRT_post_vs_pre,-0.006955464504757709,-1.3772868240608749,0.17150166811713194,0.46168961174785
GOBP,GOBP_EXTERNAL_ENCAPSULATING_STRUCTURE_ORGANIZATION,GOBP|GOBP_EXTERNAL_ENCAPSULATING_STRUCTURE_ORGANIZATION,HLRT_post_vs_pre,-0.018163774299840958,-1.1360234707941688,0.2586646532382479,0.5596282110417868
GOBP,GOBP_EXTRACELLULAR_VESICLE_BIOGENESIS,GOBP|GOBP_EXTRACELLULAR_VESICLE_BIOGENESIS,HLRT_post_vs_pre,-0.02328842702431998,-3.12574618052458,0.002322544190547976,0.07014006428081669
GOBP,GOBP_EXTRINSIC_APOPTOTIC_SIGNALING_PATHWAY,GOBP|GOBP_EXTRINSIC_APOPTOTIC_SIGNALING_PATHWAY,HLRT_post_vs_pre,-0.01084281952292367,-2.1123010142265457,0.03715404825269347,0.23693319295570098
GOBP,GOBP_EXTRINSIC_APOPTOTIC_SIGNALING_PATHWAY_VIA_DEATH_DOMAIN_RECEPTORS,GOBP|GOBP_EXTRINSIC_APOPTOTIC_SIGNALING_PATHWAY_VIA_DEATH_DOMAIN_RECEPTORS,HLRT_post_vs_pre,-0.014631050240176021,-2.26325752717303,0.025783164612580692,0.19665982420184097
GOBP,GOBP_FATTY_ACID_DERIVATIVE_METABOLIC_PROCESS,GOBP|GOBP_FATTY_ACID_DERIVATIVE_METABOLIC_PROCESS,HLRT_post_vs_pre,-0.0017032914335298535,-0.3088530984890952,0.7580764447496007,0.90174703808757
GOBP,GOBP_FATTY_ACID_METABOLIC_PROCESS,GOBP|GOBP_FATTY_ACID_METABOLIC_PROCESS,HLRT_post_vs_pre,0.007922897860929562,2.392334235224845,0.01861133029109438,0.18099518708089285
GOBP,GOBP_FATTY_ACID_TRANSPORT,GOBP|GOBP_FATTY_ACID_TRANSPORT,HLRT_post_vs_pre,0.0119740611633391,2.5006266368461914,0.014024103821213666,0.17094036482795238
GOBP,GOBP_FAT_CELL_DIFFERENTIATION,GOBP|GOBP_FAT_CELL_DIFFERENTIATION,HLRT_post_vs_pre,-0.0032992567107559684,-0.9250394664386418,0.3571745017286525,0.6558605425651892
GOBP,GOBP_FEMALE_SEX_DIFFERENTIATION,GOBP|GOBP_FEMALE_SEX_DIFFERENTIATION,HLRT_post_vs_pre,-0.018492516934577388,-3.219474827063503,0.0017328172929939206,0.056172160581219585
GOBP,GOBP_FERTILIZATION,GOBP|GOBP_FERTILIZATION,HLRT_post_vs_pre,0.002711497354386805,0.7007611628394952,0.4850810504122496,0.7458360814638936
GOBP,GOBP_FIBROBLAST_MIGRATION,GOBP|GOBP_FIBROBLAST_MIGRATION,HLRT_post_vs_pre,6.91043336065433e-4,0.08329671051202764,0.9337822948349104,0.9819538494193706
GOBP,GOBP_FIBROBLAST_PROLIFERATION,GOBP|GOBP_FIBROBLAST_PROLIFERATION,HLRT_post_vs_pre,0.005081506991049877,0.5194285312570209,0.6046108726481212,0.8152292182326486
GOBP,GOBP_FOREBRAIN_DEVELOPMENT,GOBP|GOBP_FOREBRAIN_DEVELOPMENT,HLRT_post_vs_pre,0.003220874412787754,0.6430179498646857,0.5216856298156445,0.7675190548057269
GOBP,GOBP_GASTRULATION,GOBP|GOBP_GASTRULATION,HLRT_post_vs_pre,-0.01494381142418204,-1.5610190005989701,0.12168165316000652,0.39854466767793817
GOBP,GOBP_GENERATION_OF_PRECURSOR_METABOLITES_AND_ENERGY,GOBP|GOBP_GENERATION_OF_PRECURSOR_METABOLITES_AND_ENERGY,HLRT_post_vs_pre,0.0077595182952380215,2.5782137698929737,0.011389997620800842,0.17094036482795238
GOBP,GOBP_GLAND_DEVELOPMENT,GOBP|GOBP_GLAND_DEVELOPMENT,HLRT_post_vs_pre,0.004136334161899208,1.0457633636654868,0.298194037055298,0.6057309682219892
GOBP,GOBP_GLAND_MORPHOGENESIS,GOBP|GOBP_GLAND_MORPHOGENESIS,HLRT_post_vs_pre,0.010183269719125795,1.5918115457961735,0.11458650042896332,0.38929387481979677
GOBP,GOBP_GLIAL_CELL_MIGRATION,GOBP|GOBP_GLIAL_CELL_MIGRATION,HLRT_post_vs_pre,0.010085731564679373,0.8822068265867513,0.37978277420769746,0.6715249962127013
GOBP,GOBP_GLIOGENESIS,GOBP|GOBP_GLIOGENESIS,HLRT_post_vs_pre,-0.003825407708419354,-0.7786402011971495,0.4380321087573753,0.7249827291895802
GOBP,GOBP_GLUCAN_BIOSYNTHETIC_PROCESS,GOBP|GOBP_GLUCAN_BIOSYNTHETIC_PROCESS,HLRT_post_vs_pre,0.005342370670056898,0.807857968311949,0.42109180383126676,0.7110617444388129
GOBP,GOBP_GLUCOSE_6_PHOSPHATE_METABOLIC_PROCESS,GOBP|GOBP_GLUCOSE_6_PHOSPHATE_METABOLIC_PROCESS,HLRT_post_vs_pre,-0.013583520097934586,-1.4298076598308778,0.1558921886612153,0.44264278386286676
GOBP,GOBP_GLUTAMINE_FAMILY_AMINO_ACID_METABOLIC_PROCESS,GOBP|GOBP_GLUTAMINE_FAMILY_AMINO_ACID_METABOLIC_PROCESS,HLRT_post_vs_pre,-1.1291343572017443e-4,-0.018468963458169074,0.9853015731929484,0.9946541980591793
GOBP,GOBP_GLUTATHIONE_METABOLIC_PROCESS,GOBP|GOBP_GLUTATHIONE_METABOLIC_PROCESS,HLRT_post_vs_pre,-0.007996034494897608,-1.5695431430179587,0.11968349248192457,0.39854466767793817
GOBP,GOBP_GLYCEROLIPID_BIOSYNTHETIC_PROCESS,GOBP|GOBP_GLYCEROLIPID_BIOSYNTHETIC_PROCESS,HLRT_post_vs_pre,-0.007934069317429931,-1.6341629157159396,0.10537219194561902,0.36856569677926565
GOBP,GOBP_GLYCEROLIPID_CATABOLIC_PROCESS,GOBP|GOBP_GLYCEROLIPID_CATABOLIC_PROCESS,HLRT_post_vs_pre,-0.015052751574953241,-2.504053804047985,0.013897108400567714,0.17094036482795238
GOBP,GOBP_GLYCOPROTEIN_METABOLIC_PROCESS,GOBP|GOBP_GLYCOPROTEIN_METABOLIC_PROCESS,HLRT_post_vs_pre,-0.007879004972087392,-1.4700890851299333,0.14468011316466947,0.43238960733086307
GOBP,GOBP_GOLGI_ORGANIZATION,GOBP|GOBP_GOLGI_ORGANIZATION,HLRT_post_vs_pre,-0.007285338082471046,-1.3359513601752726,0.18460054268852463,0.4828540982951351
GOBP,GOBP_GOLGI_VESICLE_TRANSPORT,GOBP|GOBP_GOLGI_VESICLE_TRANSPORT,HLRT_post_vs_pre,0.007077983809121509,1.5010587255845216,0.13649445592796886,0.4230784331153776
GOBP,GOBP_GRANULOCYTE_MIGRATION,GOBP|GOBP_GRANULOCYTE_MIGRATION,HLRT_post_vs_pre,0.014588919447243665,1.8382286808507975,0.06900004246679652,0.30725148534953356
GOBP,GOBP_HEART_MORPHOGENESIS,GOBP|GOBP_HEART_MORPHOGENESIS,HLRT_post_vs_pre,-0.0083358765099501991,-1.5867016714518944,0.11574049612814477,0.39051327983897155
GOBP,GOBP_HEART_PROCESS,GOBP|GOBP_HEART_PROCESS,HLRT_post_vs_pre,-0.005712478939335852,-1.2366323587914296,0.21912294691660428,0.5258829666703781
GOBP,GOBP_HEPATICOBILIARY_SYSTEM_DEVELOPMENT,GOBP|GOBP_HEPATICOBILIARY_SYSTEM_DEVELOPMENT,HLRT_post_vs_pre,2.970770526553382e-4,0.04978060258039868,0.9603966173124293,0.9870390598006209
GOBP,GOBP_HINDBRAIN_DEVELOPMENT,GOBP|GOBP_HINDBRAIN_DEVELOPMENT,HLRT_post_vs_pre,0.0020230569596533937,0.4217395303716803,0.6741212779571364,0.865199355835298
GOBP,GOBP_HOMEOSTASIS_OF_NUMBER_OF_CELLS,GOBP|GOBP_HOMEOSTASIS_OF_NUMBER_OF_CELLS,HLRT_post_vs_pre,-0.005105840244221754,-2.07819187884676,0.04025514922870887,0.24277911705376357
GOBP,GOBP_HORMONE_MEDIATED_SIGNALING_PATHWAY,GOBP|GOBP_HORMONE_MEDIATED_SIGNALING_PATHWAY,HLRT_post_vs_pre,-0.0055710610843155706,-1.292547663850901,0.19914912107124974,0.49926335886654166
GOBP,GOBP_HORMONE_METABOLIC_PROCESS,GOBP|GOBP_HORMONE_METABOLIC_PROCESS,HLRT_post_vs_pre,0.010351181340070584,1.7599287434216753,0.08148080692819655,0.3185531044730498
GOBP,GOBP_HORMONE_TRANSPORT,GOBP|GOBP_HORMONE_TRANSPORT,HLRT_post_vs_pre,3.679053720770653e-4,0.08417579887042394,0.9330851098714816,0.9819538494193706
GOBP,GOBP_HUMORAL_IMMUNE_RESPONSE,GOBP|GOBP_HUMORAL_IMMUNE_RESPONSE,HLRT_post_vs_pre,0.00524976649150824,0.6517586513013418,0.5160535199526484,0.7647421686155437
GOBP,GOBP_HYDROGEN_PEROXIDE_METABOLIC_PROCESS,GOBP|GOBP_HYDROGEN_PEROXIDE_METABOLIC_PROCESS,HLRT_post_vs_pre,-0.00919657424252901,-2.4809402422258526,0.014773935777387096,0.17094036482795238
GOBP,GOBP_ICOSANOID_METABOLIC_PROCESS,GOBP|GOBP_ICOSANOID_METABOLIC_PROCESS,HLRT_post_vs_pre,-0.0010444624511289358,-0.23468161905975515,0.8149361857816599,0.9337560420296486
GOBP,GOBP_IMMUNE_RESPONSE_REGULATING_CELL_SURFACE_RECEPTOR_SIGNALING_PATHWAY,GOBP|GOBP_IMMUNE_RESPONSE_REGULATING_CELL_SURFACE_RECEPTOR_SIGNALING_PATHWAY,HLRT_post_vs_pre,0.006041647621245002,1.2066638343268041,0.2304112341725673,0.5303548526220632
GOBP,GOBP_IMMUNE_SYSTEM_DEVELOPMENT,GOBP|GOBP_IMMUNE_SYSTEM_DEVELOPMENT,HLRT_post_vs_pre,-0.005597878969342579,-1.2704907448846852,0.20686070686978417,0.5158257370022182
GOBP,GOBP_IMPORT_ACROSS_PLASMA_MEMBRANE,GOBP|GOBP_IMPORT_ACROSS_PLASMA_MEMBRANE,HLRT_post_vs_pre,0.0014897527406788624,0.2863154011211271,0.7752294697926393,0.9138311022707172
GOBP,GOBP_INSULIN_LIKE_GROWTH_FACTOR_RECEPTOR_SIGNALING_PATHWAY,GOBP|GOBP_INSULIN_LIKE_GROWTH_FACTOR_RECEPTOR_SIGNALING_PATHWAY,HLRT_post_vs_pre,-0.004803811463103845,-0.6052853281821684,0.5463619873280454,0.7799442681490263
GOBP,GOBP_INSULIN_RECEPTOR_SIGNALING_PATHWAY,GOBP|GOBP_INSULIN_RECEPTOR_SIGNALING_PATHWAY,HLRT_post_vs_pre,0.009486965517536507,2.2941141798140463,0.023877380008000038,0.19324814980306732
GOBP,GOBP_INSULIN_SECRETION_INVOLVED_IN_CELLULAR_RESPONSE_TO_GLUCOSE_STIMULUS,GOBP|GOBP_INSULIN_SECRETION_INVOLVED_IN_CELLULAR_RESPONSE_TO_GLUCOSE_STIMULUS,HLRT_post_vs_pre,-0.015273637890983932,-2.476805944063299,0.014935890493834317,0.17094036482795238
GOBP,GOBP_INTEGRATED_STRESS_RESPONSE_SIGNALING,GOBP|GOBP_INTEGRATED_STRESS_RESPONSE_SIGNALING,HLRT_post_vs_pre,0.0021472887719084788,0.28746463415764845,0.7743520298847881,0.9138311022707172
GOBP,GOBP_INTEGRIN_MEDIATED_SIGNALING_PATHWAY,GOBP|GOBP_INTEGRIN_MEDIATED_SIGNALING_PATHWAY,HLRT_post_vs_pre,2.849031574985589e-4,0.0204737042862801,0.9837063249364044,0.9946541980591793
GOBP,GOBP_INTERLEUKIN_2_PRODUCTION,GOBP|GOBP_INTERLEUKIN_2_PRODUCTION,HLRT_post_vs_pre,-0.005761348783028808,-1.2298851509362072,0.22162859723988262,0.5258829666703781
GOBP,GOBP_INTERLEUKIN_6_PRODUCTION,GOBP|GOBP_INTERLEUKIN_6_PRODUCTION,HLRT_post_vs_pre,9.644394025191683e-4,0.21202344097402542,0.8325207241047812,0.9374167896202443
GOBP,GOBP_INTRACELLULAR_IRON_ION_HOMEOSTASIS,GOBP|GOBP_INTRACELLULAR_IRON_ION_HOMEOSTASIS,HLRT_post_vs_pre,0.007050409758943554,1.4449544274255508,0.1516000998874741,0.43362087394284876
GOBP,GOBP_INTRACELLULAR_LIPID_TRANSPORT,GOBP|GOBP_INTRACELLULAR_LIPID_TRANSPORT,HLRT_post_vs_pre,-0.0046961925643906055,-0.6778865242333639,0.49941069999032073,0.7544495623154748
GOBP,GOBP_INTRACELLULAR_RECEPTOR_SIGNALING_PATHWAY,GOBP|GOBP_INTRACELLULAR_RECEPTOR_SIGNALING_PATHWAY,HLRT_post_vs_pre,-0.008013757806866195,-2.379973414294898,0.01921173973877793,0.1814204659660556
GOBP,GOBP_INTRA_GOLGI_VESICLE_MEDIATED_TRANSPORT,GOBP|GOBP_INTRA_GOLGI_VESICLE_MEDIATED_TRANSPORT,HLRT_post_vs_pre,0.011868072023525956,1.3966414701966667,0.1656165581368428,0.45052336444218083
GOBP,GOBP_INTRINSIC_APOPTOTIC_SIGNALING_PATHWAY,GOBP|GOBP_INTRINSIC_APOPTOTIC_SIGNALING_PATHWAY,HLRT_post_vs_pre,0.002802501305087357,1.1912734002798127,0.23636886430718598,0.5377046094473412
GOBP,GOBP_INTRINSIC_APOPTOTIC_SIGNALING_PATHWAY_BY_P53_CLASS_MEDIATOR,GOBP|GOBP_INTRINSIC_APOPTOTIC_SIGNALING_PATHWAY_BY_P53_CLASS_MEDIATOR,HLRT_post_vs_pre,-0.0018672389269605155,-0.3846607924964028,0.7013063960896353,0.8763848690037793
GOBP,GOBP_INTRINSIC_APOPTOTIC_SIGNALING_PATHWAY_IN_RESPONSE_TO_DNA_DAMAGE,GOBP|GOBP_INTRINSIC_APOPTOTIC_SIGNALING_PATHWAY_IN_RESPONSE_TO_DNA_DAMAGE,HLRT_post_vs_pre,0.010231132063521168,2.2431827203005543,0.0270935854425724,0.20233486659903144
GOBP,GOBP_INTRINSIC_APOPTOTIC_SIGNALING_PATHWAY_IN_RESPONSE_TO_ENDOPLASMIC_RETICULUM_STRESS,GOBP|GOBP_INTRINSIC_APOPTOTIC_SIGNALING_PATHWAY_IN_RESPONSE_TO_ENDOPLASMIC_RETICULUM_STRESS,HLRT_post_vs_pre,-0.0015510063548429091,-0.27853269312102835,0.7811791853616663,0.9176823031247006
GOBP,GOBP_INTRINSIC_APOPTOTIC_SIGNALING_PATHWAY_IN_RESPONSE_TO_OXIDATIVE_STRESS,GOBP|GOBP_INTRINSIC_APOPTOTIC_SIGNALING_PATHWAY_IN_RESPONSE_TO_OXIDATIVE_STRESS,HLRT_post_vs_pre,-0.00570676412976015,-1.4103179957376313,0.16155186540985142,0.44848860472208474
GOBP,GOBP_IN_UTERO_EMBRYONIC_DEVELOPMENT,GOBP|GOBP_IN_UTERO_EMBRYONIC_DEVELOPMENT,HLRT_post_vs_pre,0.004010436042531634,1.238311853478009,0.21850246975387713,0.5258829666703781
GOBP,GOBP_ISOPRENOID_METABOLIC_PROCESS,GOBP|GOBP_ISOPRENOID_METABOLIC_PROCESS,HLRT_post_vs_pre,-0.009338376702490592,-1.6631329614904569,0.09942008635575769,0.35809642215175685
GOBP,GOBP_JNK_CASCADE,GOBP|GOBP_JNK_CASCADE,HLRT_post_vs_pre,-0.011993426118015987,-2.007507304577431,0.04739641893070494,0.2615206661566556
GOBP,GOBP_KERATINOCYTE_DIFFERENTIATION,GOBP|GOBP_KERATINOCYTE_DIFFERENTIATION,HLRT_post_vs_pre,-0.008503829168448898,-0.8771985740617964,0.3824834103179363,0.6734509772117783
GOBP,GOBP_KETONE_BIOSYNTHETIC_PROCESS,GOBP|GOBP_KETONE_BIOSYNTHETIC_PROCESS,HLRT_post_vs_pre,0.014040504329380477,2.196732134348431,0.030351528567213206,0.2109015669940162
GOBP,GOBP_KETONE_METABOLIC_PROCESS,GOBP|GOBP_KETONE_METABOLIC_PROCESS,HLRT_post_vs_pre,0.007626077896840305,2.2742815478561362,0.025087484743071722,0.19324814980306732
GOBP,GOBP_LAMELLIPODIUM_ORGANIZATION,GOBP|GOBP_LAMELLIPODIUM_ORGANIZATION,HLRT_post_vs_pre,0.011378976845076869,1.663203097432198,0.09940601385139401,0.35809642215175685
GOBP,GOBP_LEARNING,GOBP|GOBP_LEARNING,HLRT_post_vs_pre,0.00661627432480133,1.0403595932944734,0.3006841788334171,0.6061824046441265
GOBP,GOBP_LEUKOCYTE_CELL_CELL_ADHESION,GOBP|GOBP_LEUKOCYTE_CELL_CELL_ADHESION,HLRT_post_vs_pre,0.007241054241345454,1.1747543365646829,0.24288554692694064,0.5477245087222025
GOBP,GOBP_LEUKOCYTE_CHEMOTAXIS,GOBP|GOBP_LEUKOCYTE_CHEMOTAXIS,HLRT_post_vs_pre,0.00864432056481923,1.450583640841847,0.15002845830536188,0.43238960733086307
GOBP,GOBP_LEUKOCYTE_HOMEOSTASIS,GOBP|GOBP_LEUKOCYTE_HOMEOSTASIS,HLRT_post_vs_pre,-0.01034293697327171,-3.231960764212719,0.001665767666343827,0.056172160581219585
GOBP,GOBP_LEUKOCYTE_MEDIATED_IMMUNITY,GOBP|GOBP_LEUKOCYTE_MEDIATED_IMMUNITY,HLRT_post_vs_pre,-0.0029765802039306774,-0.5485456159527665,0.5845411357375858,0.802068789424765
GOBP,GOBP_LEUKOCYTE_MIGRATION,GOBP|GOBP_LEUKOCYTE_MIGRATION,HLRT_post_vs_pre,0.008312773933455364,1.2173526146532774,0.22633786584898796,0.5283906742908059
GOBP,GOBP_LEUKOCYTE_PROLIFERATION,GOBP|GOBP_LEUKOCYTE_PROLIFERATION,HLRT_post_vs_pre,5.394007197491932e-4,0.09000039940791682,0.9284670935976262,0.9819538494193706
GOBP,GOBP_LIMBIC_SYSTEM_DEVELOPMENT,GOBP|GOBP_LIMBIC_SYSTEM_DEVELOPMENT,HLRT_post_vs_pre,0.0035825964330068044,1.0273968117444274,0.3067148279633998,0.6102919083261511
GOBP,GOBP_LIPID_CATABOLIC_PROCESS,GOBP|GOBP_LIPID_CATABOLIC_PROCESS,HLRT_post_vs_pre,0.0057786378495346125,1.5344516701035176,0.12807957881595894,0.4080358704705033
GOBP,GOBP_LIPID_DROPLET_ORGANIZATION,GOBP|GOBP_LIPID_DROPLET_ORGANIZATION,HLRT_post_vs_pre,6.365467722442147e-4,0.1101180981792288,0.9125366249844084,0.9809295677909885
GOBP,GOBP_LIPID_HOMEOSTASIS,GOBP|GOBP_LIPID_HOMEOSTASIS,HLRT_post_vs_pre,0.010208780886355573,2.1818596900296687,0.031464489749107045,0.21102907780004554
GOBP,GOBP_LIPID_LOCALIZATION,GOBP|GOBP_LIPID_LOCALIZATION,HLRT_post_vs_pre,0.003918539294534729,1.021682948470273,0.30939873249244304,0.6130646937397473
GOBP,GOBP_LIPOPROTEIN_METABOLIC_PROCESS,GOBP|GOBP_LIPOPROTEIN_METABOLIC_PROCESS,HLRT_post_vs_pre,-0.012347005744263609,-2.0912905431724726,0.039038846865648506,0.24277911705376357
GOBP,GOBP_LOCOMOTORY_BEHAVIOR,GOBP|GOBP_LOCOMOTORY_BEHAVIOR,HLRT_post_vs_pre,-0.0014969012549237715,-0.2619369734663052,0.7939093565039532,0.9249659367015535
GOBP,GOBP_LONG_CHAIN_FATTY_ACID_METABOLIC_PROCESS,GOBP|GOBP_LONG_CHAIN_FATTY_ACID_METABOLIC_PROCESS,HLRT_post_vs_pre,0.003316232697447033,0.7281674486398326,0.46821444719482663,0.7332069337336549
GOBP,GOBP_LYMPHOCYTE_MIGRATION,GOBP|GOBP_LYMPHOCYTE_MIGRATION,HLRT_post_vs_pre,-0.00160100037868436,-0.21495098883645644,0.8302437218448981,0.9374167896202443
GOBP,GOBP_LYTIC_VACUOLE_ORGANIZATION,GOBP|GOBP_LYTIC_VACUOLE_ORGANIZATION,HLRT_post_vs_pre,-0.004419767209660225,-0.6418556965148738,0.522436943520711,0.7675190548057269
GOBP,GOBP_L_AMINO_ACID_METABOLIC_PROCESS,GOBP|GOBP_L_AMINO_ACID_METABOLIC_PROCESS,HLRT_post_vs_pre,4.644977375847237e-4,0.10980594766999663,0.9127835502471675,0.9809295677909885
GOBP,GOBP_MACROAUTOPHAGY,GOBP|GOBP_MACROAUTOPHAGY,HLRT_post_vs_pre,-0.006281119132992605,-1.9659531993648873,0.05207957745458947,0.27356476394497553
GOBP,GOBP_MAINTENANCE_OF_CELL_NUMBER,GOBP|GOBP_MAINTENANCE_OF_CELL_NUMBER,HLRT_post_vs_pre,-0.0033083634265486384,-0.5347972756281758,0.5939783749487912,0.8088813009896848
GOBP,GOBP_MAINTENANCE_OF_LOCATION,GOBP|GOBP_MAINTENANCE_OF_LOCATION,HLRT_post_vs_pre,-1.775141008930614e-5,-0.00509622184548753,0.9959439836692785,0.9974193099064115
GOBP,GOBP_MAINTENANCE_OF_PROTEIN_LOCATION,GOBP|GOBP_MAINTENANCE_OF_PROTEIN_LOCATION,HLRT_post_vs_pre,-0.002920188399583811,-0.45515950497487667,0.6499821403341346,0.8456289384280212
GOBP,GOBP_MAMMARY_GLAND_DEVELOPMENT,GOBP|GOBP_MAMMARY_GLAND_DEVELOPMENT,HLRT_post_vs_pre,0.00743473322020502,1.7647781423232172,0.08065718083109931,0.3185531044730498
GOBP,GOBP_MEIOTIC_CELL_CYCLE,GOBP|GOBP_MEIOTIC_CELL_CYCLE,HLRT_post_vs_pre,-0.004259350011492913,-1.33298138343246,0.18556989124710205,0.4828540982951351
GOBP,GOBP_MEIOTIC_CELL_CYCLE_PROCESS,GOBP|GOBP_MEIOTIC_CELL_CYCLE_PROCESS,HLRT_post_vs_pre,0.009549800635064193,2.081481760753475,0.039946632433600075,0.24277911705376357
GOBP,GOBP_MEMBRANELESS_ORGANELLE_ASSEMBLY,GOBP|GOBP_MEMBRANELESS_ORGANELLE_ASSEMBLY,HLRT_post_vs_pre,-0.004864847039157599,-0.6533224389078508,0.5150492727301357,0.7647105614199342
GOBP,GOBP_MEMBRANE_BIOGENESIS,GOBP|GOBP_MEMBRANE_BIOGENESIS,HLRT_post_vs_pre,-0.010557678123989056,-1.605327627180766,0.11157835103734877,0.3841060048984838
GOBP,GOBP_MEMBRANE_DEPOLARIZATION,GOBP|GOBP_MEMBRANE_DEPOLARIZATION,HLRT_post_vs_pre,-0.0031605734051957657,-0.7599696892566602,0.4490624584134142,0.725476186005477
GOBP,GOBP_MEMBRANE_DOCKING,GOBP|GOBP_MEMBRANE_DOCKING,HLRT_post_vs_pre,0.001856413206760988,0.33739607269896954,0.7365262105652788,0.8897785587263771
GOBP,GOBP_MEMBRANE_FISSION,GOBP|GOBP_MEMBRANE_FISSION,HLRT_post_vs_pre,-0.013107583083761906,-1.7915812186601392,0.07622785202842136,0.31213299409532536
GOBP,GOBP_MEMBRANE_INVAGINATION,GOBP|GOBP_MEMBRANE_INVAGINATION,HLRT_post_vs_pre,1.0946116487393909e-4,0.017962157972350984,0.9857048672283127,0.9946541980591793
GOBP,GOBP_MEMBRANE_LIPID_METABOLIC_PROCESS,GOBP|GOBP_MEMBRANE_LIPID_METABOLIC_PROCESS,HLRT_post_vs_pre,-0.0027904323302028813,-0.45858126244399955,0.6475309833929035,0.8449509666351587
GOBP,GOBP_MEMBRANE_REPOLARIZATION,GOBP|GOBP_MEMBRANE_REPOLARIZATION,HLRT_post_vs_pre,0.013551940207601504,2.5569438039195673,0.012063755165585156,0.17094036482795238
GOBP,GOBP_MEMORY,GOBP|GOBP_MEMORY,HLRT_post_vs_pre,-0.0038509261097652223,-0.5895050990638092,0.5568533455322797,0.7906017843696022
GOBP,GOBP_MESENCHYME_DEVELOPMENT,GOBP|GOBP_MESENCHYME_DEVELOPMENT,HLRT_post_vs_pre,-0.0020642415395130953,-0.3297111034312066,0.7423085931983064,0.8939690193366736
GOBP,GOBP_MESODERM_DEVELOPMENT,GOBP|GOBP_MESODERM_DEVELOPMENT,HLRT_post_vs_pre,-0.0070891821428128495,-1.08615309756741,0.2800251460136016,0.5871239109245249
GOBP,GOBP_METABOLIC_COMPOUND_SALVAGE,GOBP|GOBP_METABOLIC_COMPOUND_SALVAGE,HLRT_post_vs_pre,-0.0026118177424130987,-0.2731094001356407,0.7853329019639415,0.9201641532047385
GOBP,GOBP_METALLO_SULFUR_CLUSTER_ASSEMBLY,GOBP|GOBP_METALLO_SULFUR_CLUSTER_ASSEMBLY,HLRT_post_vs_pre,0.014755266905062377,1.8747808012659748,0.06374402233818938,0.2934488128941499
GOBP,GOBP_METHYLATION,GOBP|GOBP_METHYLATION,HLRT_post_vs_pre,-0.008080376530660328,-1.5538344229733863,0.12338628852948814,0.3993907855667431
GOBP,GOBP_MICROTUBULE_ORGANIZING_CENTER_ORGANIZATION,GOBP|GOBP_MICROTUBULE_ORGANIZING_CENTER_ORGANIZATION,HLRT_post_vs_pre,-0.0030978371245090446,-0.5539388015199054,0.5808585333336673,0.799837060059457
GOBP,GOBP_MICROTUBULE_POLYMERIZATION_OR_DEPOLYMERIZATION,GOBP|GOBP_MICROTUBULE_POLYMERIZATION_OR_DEPOLYMERIZATION,HLRT_post_vs_pre,-0.010758360462186659,-1.8766152087651375,0.06348933838821288,0.2934488128941499
GOBP,GOBP_MIDBRAIN_DEVELOPMENT,GOBP|GOBP_MIDBRAIN_DEVELOPMENT,HLRT_post_vs_pre,-0.0029168239447240896,-0.7687013087131495,0.4438841068642094,0.7249827291895802
GOBP,GOBP_MIRNA_METABOLIC_PROCESS,GOBP|GOBP_MIRNA_METABOLIC_PROCESS,HLRT_post_vs_pre,-0.0016036613074022696,-0.20983245450329802,0.834225774956957,0.9374167896202443
GOBP,GOBP_MITOCHONDRIAL_ELECTRON_TRANSPORT_CYTOCHROME_C_TO_OXYGEN,GOBP|GOBP_MITOCHONDRIAL_ELECTRON_TRANSPORT_CYTOCHROME_C_TO_OXYGEN,HLRT_post_vs_pre,0.008427256431798036,1.4825998602699273,0.14132852455587608,0.4307729981361491
GOBP,GOBP_MITOCHONDRIAL_ELECTRON_TRANSPORT_NADH_TO_UBIQUINONE,GOBP|GOBP_MITOCHONDRIAL_ELECTRON_TRANSPORT_NADH_TO_UBIQUINONE,HLRT_post_vs_pre,0.012305904701669756,1.9082630484810155,0.059228115036864135,0.2873744704297736
GOBP,GOBP_MITOCHONDRIAL_FISSION,GOBP|GOBP_MITOCHONDRIAL_FISSION,HLRT_post_vs_pre,0.011933211310815019,1.5642705452549759,0.12091635064336193,0.39854466767793817
GOBP,GOBP_MITOCHONDRIAL_FUSION,GOBP|GOBP_MITOCHONDRIAL_FUSION,HLRT_post_vs_pre,0.021789065488661108,2.6601495576049876,0.009100109998720879,0.16090649043192828
GOBP,GOBP_MITOCHONDRIAL_GENE_EXPRESSION,GOBP|GOBP_MITOCHONDRIAL_GENE_EXPRESSION,HLRT_post_vs_pre,0.04397855382982904,4.2051197393827815,5.6962652008755425e-5,0.01624146300245525
GOBP,GOBP_MITOCHONDRIAL_MEMBRANE_ORGANIZATION,GOBP|GOBP_MITOCHONDRIAL_MEMBRANE_ORGANIZATION,HLRT_post_vs_pre,0.0157299174969798,2.6196558546757736,0.010173829793184886,0.1671287667155307
GOBP,GOBP_MITOCHONDRIAL_RESPIRATORY_CHAIN_COMPLEX_ASSEMBLY,GOBP|GOBP_MITOCHONDRIAL_RESPIRATORY_CHAIN_COMPLEX_ASSEMBLY,HLRT_post_vs_pre,0.021248732981662966,2.6848906677246758,0.008495705647997136,0.15371299986376213
GOBP,GOBP_MITOCHONDRIAL_RNA_METABOLIC_PROCESS,GOBP|GOBP_MITOCHONDRIAL_RNA_METABOLIC_PROCESS,HLRT_post_vs_pre,0.036429457461845026,4.179814258806083,6.262774936679402e-5,0.01624146300245525
GOBP,GOBP_MITOCHONDRIAL_TRANSPORT,GOBP|GOBP_MITOCHONDRIAL_TRANSPORT,HLRT_post_vs_pre,0.00745290618540749,1.4237759424900716,0.15762720675900285,0.4459416976672881
GOBP,GOBP_MITOCHONDRION_LOCALIZATION,GOBP|GOBP_MITOCHONDRION_LOCALIZATION,HLRT_post_vs_pre,0.00451264408666064,0.6115833262533156,0.5422027423416202,0.7768577044968333
GOBP,GOBP_MITOCHONDRION_ORGANIZATION,GOBP|GOBP_MITOCHONDRION_ORGANIZATION,HLRT_post_vs_pre,0.01684599159135014,3.0496628026647543,0.0029331683274865005,0.07606683195948324
GOBP,GOBP_MITOTIC_CELL_CYCLE_PHASE_TRANSITION,GOBP|GOBP_MITOTIC_CELL_CYCLE_PHASE_TRANSITION,HLRT_post_vs_pre,-0.007292126076150041,-2.2989400288808253,0.02359081617574669,0.19324814980306732
GOBP,GOBP_MITOTIC_SPINDLE_ASSEMBLY,GOBP|GOBP_MITOTIC_SPINDLE_ASSEMBLY,HLRT_post_vs_pre,-0.005977123746394848,-0.9082717992612144,0.3659205096600133,0.6627811424490848
GOBP,GOBP_MODIFICATION_OF_SYNAPTIC_STRUCTURE,GOBP|GOBP_MODIFICATION_OF_SYNAPTIC_STRUCTURE,HLRT_post_vs_pre,-0.0014911155289056323,-0.18423973846907743,0.8541988562523183,0.945329601940688
GOBP,GOBP_MODIFIED_AMINO_ACID_BIOSYNTHETIC_PROCESS,GOBP|GOBP_MODIFIED_AMINO_ACID_BIOSYNTHETIC_PROCESS,HLRT_post_vs_pre,-0.01556526800582797,-3.4645151778031944,7.839877895841514e-4,0.04607451895158881
GOBP,GOBP_MODIFIED_AMINO_ACID_METABOLIC_PROCESS,GOBP|GOBP_MODIFIED_AMINO_ACID_METABOLIC_PROCESS,HLRT_post_vs_pre,-0.0054811114777463255,-1.6146872153759966,0.10953258479966135,0.378739337662829
GOBP,GOBP_MODULATION_OF_PROCESS_OF_ANOTHER_ORGANISM,GOBP|GOBP_MODULATION_OF_PROCESS_OF_ANOTHER_ORGANISM,HLRT_post_vs_pre,-0.008067428286317763,-1.0864954482102425,0.2798744781871177,0.5871239109245249
GOBP,GOBP_MONOATOMIC_ANION_TRANSPORT,GOBP|GOBP_MONOATOMIC_ANION_TRANSPORT,HLRT_post_vs_pre,0.021513532308046007,2.7645241751930953,0.006789525582419508,0.13744726598873994
GOBP,GOBP_MONOCARBOXYLIC_ACID_CATABOLIC_PROCESS,GOBP|GOBP_MONOCARBOXYLIC_ACID_CATABOLIC_PROCESS,HLRT_post_vs_pre,0.012492648611856894,2.918803770285091,0.0043418055795896755,0.1057805550710943
GOBP,GOBP_MONOSACCHARIDE_CATABOLIC_PROCESS,GOBP|GOBP_MONOSACCHARIDE_CATABOLIC_PROCESS,HLRT_post_vs_pre,-0.01081304048052556,-2.429602886827541,0.016900694910053114,0.1730799693453757
GOBP,GOBP_MONOSACCHARIDE_METABOLIC_PROCESS,GOBP|GOBP_MONOSACCHARIDE_METABOLIC_PROCESS,HLRT_post_vs_pre,-0.0044852954114623644,-1.323611834187082,0.18865298727265065,0.4860000797951066
GOBP,GOBP_MORPHOGENESIS_OF_A_BRANCHING_STRUCTURE,GOBP|GOBP_MORPHOGENESIS_OF_A_BRANCHING_STRUCTURE,HLRT_post_vs_pre,-0.004979183267966446,-0.905802233250982,0.36722000283927103,0.6627811424490848
GOBP,GOBP_MULTICELLULAR_ORGANISMAL_LEVEL_CHEMICAL_HOMEOSTASIS,GOBP|GOBP_MULTICELLULAR_ORGANISMAL_LEVEL_CHEMICAL_HOMEOSTASIS,HLRT_post_vs_pre,0.002098094968561004,0.3627488535259098,0.717558838772131,0.882311542175527
GOBP,GOBP_MULTICELLULAR_ORGANISMAL_RESPONSE_TO_STRESS,GOBP|GOBP_MULTICELLULAR_ORGANISMAL_RESPONSE_TO_STRESS,HLRT_post_vs_pre,-0.013237654336102911,-1.9301724381334697,0.056421409392131944,0.2795914427202462
GOBP,GOBP_MULTICELLULAR_ORGANISM_GROWTH,GOBP|GOBP_MULTICELLULAR_ORGANISM_GROWTH,HLRT_post_vs_pre,0.005993473328436555,1.3127554259832068,0.1922731128461535,0.49181725611515453
GOBP,GOBP_MULTI_MULTICELLULAR_ORGANISM_PROCESS,GOBP|GOBP_MULTI_MULTICELLULAR_ORGANISM_PROCESS,HLRT_post_vs_pre,-0.006434455560739762,-1.100381840446946,0.273810210344001,0.5812954692040242
GOBP,GOBP_MUSCLE_ADAPTATION,GOBP|GOBP_MUSCLE_ADAPTATION,HLRT_post_vs_pre,-0.01260198427030823,-1.5524424133163068,0.12371873948789858,0.3993907855667431
GOBP,GOBP_MUSCLE_CELL_APOPTOTIC_PROCESS,GOBP|GOBP_MUSCLE_CELL_APOPTOTIC_PROCESS,HLRT_post_vs_pre,0.0013345165537622938,0.24936463437734643,0.8035907332668468,0.9296070958238134
GOBP,GOBP_MUSCLE_CELL_DIFFERENTIATION,GOBP|GOBP_MUSCLE_CELL_DIFFERENTIATION,HLRT_post_vs_pre,-0.00634282957127455,-0.5555452580743787,0.579763739251616,0.7997450162016971
GOBP,GOBP_MUSCLE_CELL_MIGRATION,GOBP|GOBP_MUSCLE_CELL_MIGRATION,HLRT_post_vs_pre,0.00683770604287062,0.7451879328517697,0.45790771854488677,0.7255645723582931
GOBP,GOBP_MUSCLE_CELL_PROLIFERATION,GOBP|GOBP_MUSCLE_CELL_PROLIFERATION,HLRT_post_vs_pre,-0.003895668170632513,-0.6586175763632997,0.5116564603038425,0.7611256713506491
GOBP,GOBP_MUSCLE_CONTRACTION,GOBP|GOBP_MUSCLE_CONTRACTION,HLRT_post_vs_pre,-0.007205749869328093,-0.7726903602025543,0.441529935513743,0.7249827291895802
GOBP,GOBP_MUSCLE_ORGAN_MORPHOGENESIS,GOBP|GOBP_MUSCLE_ORGAN_MORPHOGENESIS,HLRT_post_vs_pre,-0.014576491542208914,-1.4797508831677337,0.14208637908253027,0.4307729981361491
GOBP,GOBP_MUSCLE_TISSUE_DEVELOPMENT,GOBP|GOBP_MUSCLE_TISSUE_DEVELOPMENT,HLRT_post_vs_pre,-0.012299043987984787,-1.7816110508780023,0.07785136108084197,0.31675338143009724
GOBP,GOBP_MYELOID_CELL_DIFFERENTIATION,GOBP|GOBP_MYELOID_CELL_DIFFERENTIATION,HLRT_post_vs_pre,0.0018913583111005022,0.48750216792514406,0.6269706004738761,0.8351857525240144
GOBP,GOBP_MYELOID_LEUKOCYTE_ACTIVATION,GOBP|GOBP_MYELOID_LEUKOCYTE_ACTIVATION,HLRT_post_vs_pre,-5.81937813505299e-4,-0.08565300315600664,0.9319136903922047,0.9819538494193706
GOBP,GOBP_MYELOID_LEUKOCYTE_DIFFERENTIATION,GOBP|GOBP_MYELOID_LEUKOCYTE_DIFFERENTIATION,HLRT_post_vs_pre,0.0022739063426316488,0.43425148323684665,0.6650422864774916,0.8578584308153445
GOBP,GOBP_MYELOID_LEUKOCYTE_MEDIATED_IMMUNITY,GOBP|GOBP_MYELOID_LEUKOCYTE_MEDIATED_IMMUNITY,HLRT_post_vs_pre,-0.00901663894805015,-1.0831670820143529,0.28134165741091655,0.5871239109245249
GOBP,GOBP_MYOBLAST_DIFFERENTIATION,GOBP|GOBP_MYOBLAST_DIFFERENTIATION,HLRT_post_vs_pre,-0.003449795691242319,-0.7020330517018406,0.4842909712946847,0.7458360814638936
GOBP,GOBP_MYOTUBE_CELL_DEVELOPMENT,GOBP|GOBP_MYOTUBE_CELL_DEVELOPMENT,HLRT_post_vs_pre,-0.027203146552708196,-2.34556277575783,0.02097464075712728,0.1875663276901727
GOBP,GOBP_MYOTUBE_DIFFERENTIATION,GOBP|GOBP_MYOTUBE_DIFFERENTIATION,HLRT_post_vs_pre,0.00267369902647982,0.2112531588770832,0.8331200757658979,0.9374167896202443
GOBP,GOBP_NADH_DEHYDROGENASE_COMPLEX_ASSEMBLY,GOBP|GOBP_NADH_DEHYDROGENASE_COMPLEX_ASSEMBLY,HLRT_post_vs_pre,0.024699361430210093,3.326721918971392,0.0012305194897911486,0.048375919998610316
GOBP,GOBP_NADPLUS_METABOLIC_PROCESS,GOBP|GOBP_NADPLUS_METABOLIC_PROCESS,HLRT_post_vs_pre,-0.0032504388318682076,-0.807431771858726,0.42133607221888525,0.7110617444388129
GOBP,GOBP_NADPPLUS_METABOLIC_PROCESS,GOBP|GOBP_NADPPLUS_METABOLIC_PROCESS,HLRT_post_vs_pre,-0.002356980455396257,-0.36182256986164874,0.7182488085756042,0.882311542175527
GOBP,GOBP_NEGATIVE_REGULATION_OF_ACTIN_FILAMENT_POLYMERIZATION,GOBP|GOBP_NEGATIVE_REGULATION_OF_ACTIN_FILAMENT_POLYMERIZATION,HLRT_post_vs_pre,-0.015166643414560282,-1.0650612896516223,0.289415618349093,0.5956755319460169
GOBP,GOBP_NEGATIVE_REGULATION_OF_AUTOPHAGY,GOBP|GOBP_NEGATIVE_REGULATION_OF_AUTOPHAGY,HLRT_post_vs_pre,9.444281438437674e-4,0.159627328026498,0.873496943717746,0.9578065623084354
GOBP,GOBP_NEGATIVE_REGULATION_OF_CALCIUM_ION_TRANSPORT,GOBP|GOBP_NEGATIVE_REGULATION_OF_CALCIUM_ION_TRANSPORT,HLRT_post_vs_pre,-0.014080849376849558,-2.635257378307712,0.009747271098611076,0.16485601988520474
GOBP,GOBP_NEGATIVE_REGULATION_OF_CANONICAL_NF_KAPPAB_SIGNAL_TRANSDUCTION,GOBP|GOBP_NEGATIVE_REGULATION_OF_CANONICAL_NF_KAPPAB_SIGNAL_TRANSDUCTION,HLRT_post_vs_pre,-0.006389871014263877,-0.9878153434430498,0.3256295574117848,0.6308309685962403
GOBP,GOBP_NEGATIVE_REGULATION_OF_CARBOHYDRATE_METABOLIC_PROCESS,GOBP|GOBP_NEGATIVE_REGULATION_OF_CARBOHYDRATE_METABOLIC_PROCESS,HLRT_post_vs_pre,-0.008010924478621423,-1.1391432608361731,0.25736753662996803,0.5596282110417868
GOBP,GOBP_NEGATIVE_REGULATION_OF_CATABOLIC_PROCESS,GOBP|GOBP_NEGATIVE_REGULATION_OF_CATABOLIC_PROCESS,HLRT_post_vs_pre,-0.0016836595267062469,-0.5767390695188639,0.5654130316190051,0.795528041144239
GOBP,GOBP_NEGATIVE_REGULATION_OF_CELL_ACTIVATION,GOBP|GOBP_NEGATIVE_REGULATION_OF_CELL_ACTIVATION,HLRT_post_vs_pre,-0.004617608867418743,-0.7456891710131309,0.45760616588155434,0.7255645723582931
GOBP,GOBP_NEGATIVE_REGULATION_OF_CELL_ADHESION,GOBP|GOBP_NEGATIVE_REGULATION_OF_CELL_ADHESION,HLRT_post_vs_pre,-0.0024651129646134085,-0.4574024672845126,0.6483749705413749,0.8449509666351587
GOBP,GOBP_NEGATIVE_REGULATION_OF_CELL_CYCLE,GOBP|GOBP_NEGATIVE_REGULATION_OF_CELL_CYCLE,HLRT_post_vs_pre,-0.0036646970300783996,-0.8139496860999745,0.4176096523821925,0.7109415963968179
GOBP,GOBP_NEGATIVE_REGULATION_OF_CELL_DEVELOPMENT,GOBP|GOBP_NEGATIVE_REGULATION_OF_CELL_DEVELOPMENT,HLRT_post_vs_pre,4.454903895001472e-5,0.011164419492344308,0.9911145320954134,0.9974193099064115
GOBP,GOBP_NEGATIVE_REGULATION_OF_CELL_PROJECTION_ORGANIZATION,GOBP|GOBP_NEGATIVE_REGULATION_OF_CELL_PROJECTION_ORGANIZATION,HLRT_post_vs_pre,0.009973472214438575,1.8257859108097267,0.07086975850348277,0.30725148534953356
GOBP,GOBP_NEGATIVE_REGULATION_OF_CYTOKINE_PRODUCTION,GOBP|GOBP_NEGATIVE_REGULATION_OF_CYTOKINE_PRODUCTION,HLRT_post_vs_pre,0.002402955154410389,0.5558607292255049,0.5795488623065577,0.7997450162016971
GOBP,GOBP_NEGATIVE_REGULATION_OF_DNA_METABOLIC_PROCESS,GOBP|GOBP_NEGATIVE_REGULATION_OF_DNA_METABOLIC_PROCESS,HLRT_post_vs_pre,0.012313224504439516,1.906419755099622,0.059469524086367034,0.2873744704297736
GOBP,GOBP_NEGATIVE_REGULATION_OF_ENDOCYTOSIS,GOBP|GOBP_NEGATIVE_REGULATION_OF_ENDOCYTOSIS,HLRT_post_vs_pre,0.003332363075251449,0.5070997499670424,0.613202383388661,0.8225369901316866
GOBP,GOBP_NEGATIVE_REGULATION_OF_EPITHELIAL_CELL_PROLIFERATION,GOBP|GOBP_NEGATIVE_REGULATION_OF_EPITHELIAL_CELL_PROLIFERATION,HLRT_post_vs_pre,-0.003570041675311497,-0.47958367626448467,0.6325717161811881,0.8371335251523734
GOBP,GOBP_NEGATIVE_REGULATION_OF_ESTABLISHMENT_OF_PROTEIN_LOCALIZATION,GOBP|GOBP_NEGATIVE_REGULATION_OF_ESTABLISHMENT_OF_PROTEIN_LOCALIZATION,HLRT_post_vs_pre,-0.010297609735921809,-2.5370344658427113,0.012726680961194026,0.17094036482795238
GOBP,GOBP_NEGATIVE_REGULATION_OF_GROWTH,GOBP|GOBP_NEGATIVE_REGULATION_OF_GROWTH,HLRT_post_vs_pre,-0.009698141587358239,-2.1966015269777186,0.030361151032557602,0.2109015669940162
GOBP,GOBP_NEGATIVE_REGULATION_OF_IMMUNE_EFFECTOR_PROCESS,GOBP|GOBP_NEGATIVE_REGULATION_OF_IMMUNE_EFFECTOR_PROCESS,HLRT_post_vs_pre,0.00967451499898525,1.3264036264152945,0.18773034985481407,0.4860000797951066
GOBP,GOBP_NEGATIVE_REGULATION_OF_IMMUNE_RESPONSE,GOBP|GOBP_NEGATIVE_REGULATION_OF_IMMUNE_RESPONSE,HLRT_post_vs_pre,0.0026287562662405395,0.5597559901633902,0.5768988129351064,0.7997450162016971
GOBP,GOBP_NEGATIVE_REGULATION_OF_INFLAMMATORY_RESPONSE,GOBP|GOBP_NEGATIVE_REGULATION_OF_INFLAMMATORY_RESPONSE,HLRT_post_vs_pre,-0.0074674608534131826,-2.2958930962575685,0.023771391442591574,0.19324814980306732
GOBP,GOBP_NEGATIVE_REGULATION_OF_INTRACELLULAR_TRANSPORT,GOBP|GOBP_NEGATIVE_REGULATION_OF_INTRACELLULAR_TRANSPORT,HLRT_post_vs_pre,-0.007661667290140478,-1.5626445366756287,0.12129857829177054,0.39854466767793817
GOBP,GOBP_NEGATIVE_REGULATION_OF_INTRINSIC_APOPTOTIC_SIGNALING_PATHWAY,GOBP|GOBP_NEGATIVE_REGULATION_OF_INTRINSIC_APOPTOTIC_SIGNALING_PATHWAY,HLRT_post_vs_pre,0.0028214900052286745,0.8924187764424502,0.37431309479185526,0.6715249962127013
GOBP,GOBP_NEGATIVE_REGULATION_OF_KINASE_ACTIVITY,GOBP|GOBP_NEGATIVE_REGULATION_OF_KINASE_ACTIVITY,HLRT_post_vs_pre,0.00390960287421753,0.7155480733082135,0.47593953417181756,0.7420460071857196
GOBP,GOBP_NEGATIVE_REGULATION_OF_LIPID_METABOLIC_PROCESS,GOBP|GOBP_NEGATIVE_REGULATION_OF_LIPID_METABOLIC_PROCESS,HLRT_post_vs_pre,0.014943110792033757,1.9914009142297784,0.04916713856934479,0.2693805197672553
GOBP,GOBP_NEGATIVE_REGULATION_OF_LOCOMOTION,GOBP|GOBP_NEGATIVE_REGULATION_OF_LOCOMOTION,HLRT_post_vs_pre,0.0022265416827969564,0.47173306952935645,0.638146014330839,0.8371335251523734
GOBP,GOBP_NEGATIVE_REGULATION_OF_MAPK_CASCADE,GOBP|GOBP_NEGATIVE_REGULATION_OF_MAPK_CASCADE,HLRT_post_vs_pre,2.864989600759593e-4,0.0818601538978987,0.9349217059082052,0.9819538494193706
GOBP,GOBP_NEGATIVE_REGULATION_OF_MITOTIC_CELL_CYCLE_PHASE_TRANSITION,GOBP|GOBP_NEGATIVE_REGULATION_OF_MITOTIC_CELL_CYCLE_PHASE_TRANSITION,HLRT_post_vs_pre,-4.2880553952465844e-4,-0.06978566656509089,0.9445037564150551,0.9854889561184702
GOBP,GOBP_NEGATIVE_REGULATION_OF_MOLECULAR_FUNCTION,GOBP|GOBP_NEGATIVE_REGULATION_OF_MOLECULAR_FUNCTION,HLRT_post_vs_pre,-6.449750722065106e-5,-0.020450771220712108,0.9837245732842614,0.9946541980591793
GOBP,GOBP_NEGATIVE_REGULATION_OF_MRNA_METABOLIC_PROCESS,GOBP|GOBP_NEGATIVE_REGULATION_OF_MRNA_METABOLIC_PROCESS,HLRT_post_vs_pre,-0.005317685788761002,-0.6890600408798307,0.49238275839980583,0.748190988349705
GOBP,GOBP_NEGATIVE_REGULATION_OF_NERVOUS_SYSTEM_DEVELOPMENT,GOBP|GOBP_NEGATIVE_REGULATION_OF_NERVOUS_SYSTEM_DEVELOPMENT,HLRT_post_vs_pre,0.021463860091939763,3.2533744927634487,0.0015563859004897572,0.05503946502641051
GOBP,GOBP_NEGATIVE_REGULATION_OF_ORGANELLE_ORGANIZATION,GOBP|GOBP_NEGATIVE_REGULATION_OF_ORGANELLE_ORGANIZATION,HLRT_post_vs_pre,-0.0020736937908299273,-0.40743904401175385,0.6845573144711548,0.8705376750087449
GOBP,GOBP_NEGATIVE_REGULATION_OF_PHOSPHORUS_METABOLIC_PROCESS,GOBP|GOBP_NEGATIVE_REGULATION_OF_PHOSPHORUS_METABOLIC_PROCESS,HLRT_post_vs_pre,0.004389600079586567,1.0811303354956916,0.2822420857143603,0.5871239109245249
GOBP,GOBP_NEGATIVE_REGULATION_OF_PROTEASOMAL_UBIQUITIN_DEPENDENT_PROTEIN_CATABOLIC_PROCESS,GOBP|GOBP_NEGATIVE_REGULATION_OF_PROTEASOMAL_UBIQUITIN_DEPENDENT_PROTEIN_CATABOLIC_PROCESS,HLRT_post_vs_pre,0.004155406121833717,0.6488407391278161,0.5179301238668377,0.7660639474684405
GOBP,GOBP_NEGATIVE_REGULATION_OF_PROTEIN_CATABOLIC_PROCESS,GOBP|GOBP_NEGATIVE_REGULATION_OF_PROTEIN_CATABOLIC_PROCESS,HLRT_post_vs_pre,-1.729600429659084e-4,-0.035464188141720414,0.9717803676357053,0.9908848309575081
GOBP,GOBP_NEGATIVE_REGULATION_OF_PROTEIN_CONTAINING_COMPLEX_ASSEMBLY,GOBP|GOBP_NEGATIVE_REGULATION_OF_PROTEIN_CONTAINING_COMPLEX_ASSEMBLY,HLRT_post_vs_pre,-0.012733948018706268,-1.8402377236347442,0.06870204457207256,0.30725148534953356
GOBP,GOBP_NEGATIVE_REGULATION_OF_PROTEIN_LOCALIZATION,GOBP|GOBP_NEGATIVE_REGULATION_OF_PROTEIN_LOCALIZATION,HLRT_post_vs_pre,-0.005150895885786599,-1.6328771900996328,0.10564286681462243,0.36856569677926565
GOBP,GOBP_NEGATIVE_REGULATION_OF_PROTEIN_MODIFICATION_PROCESS,GOBP|GOBP_NEGATIVE_REGULATION_OF_PROTEIN_MODIFICATION_PROCESS,HLRT_post_vs_pre,-0.002753892091073712,-0.766030685937661,0.4454642545471096,0.7250443306227013
GOBP,GOBP_NEGATIVE_REGULATION_OF_PROTEIN_UBIQUITINATION,GOBP|GOBP_NEGATIVE_REGULATION_OF_PROTEIN_UBIQUITINATION,HLRT_post_vs_pre,-0.009922273577189535,-1.7250163673596028,0.0876168869091459,0.3325167708064171
GOBP,GOBP_NEGATIVE_REGULATION_OF_PROTEOLYSIS,GOBP|GOBP_NEGATIVE_REGULATION_OF_PROTEOLYSIS,HLRT_post_vs_pre,0.0014182708643084158,0.3173329667701035,0.7516532318808185,0.8996710990819643
GOBP,GOBP_NEGATIVE_REGULATION_OF_REACTIVE_OXYGEN_SPECIES_METABOLIC_PROCESS,GOBP|GOBP_NEGATIVE_REGULATION_OF_REACTIVE_OXYGEN_SPECIES_METABOLIC_PROCESS,HLRT_post_vs_pre,0.002330289557703702,0.47881009792931184,0.6331200597779438,0.8371335251523734
GOBP,GOBP_NEGATIVE_REGULATION_OF_RESPONSE_TO_BIOTIC_STIMULUS,GOBP|GOBP_NEGATIVE_REGULATION_OF_RESPONSE_TO_BIOTIC_STIMULUS,HLRT_post_vs_pre,0.0017163412659688473,0.3455049878654719,0.7304412243958208,0.8854280701799074
GOBP,GOBP_NEGATIVE_REGULATION_OF_RESPONSE_TO_EXTERNAL_STIMULUS,GOBP|GOBP_NEGATIVE_REGULATION_OF_RESPONSE_TO_EXTERNAL_STIMULUS,HLRT_post_vs_pre,-0.004208319809246658,-1.5857813706143515,0.11594931573624992,0.39051327983897155
GOBP,GOBP_NEGATIVE_REGULATION_OF_SECRETION,GOBP|GOBP_NEGATIVE_REGULATION_OF_SECRETION,HLRT_post_vs_pre,0.006921907922725706,1.082410162490627,0.281676053763343,0.5871239109245249
GOBP,GOBP_NEGATIVE_REGULATION_OF_SMALL_MOLECULE_METABOLIC_PROCESS,GOBP|GOBP_NEGATIVE_REGULATION_OF_SMALL_MOLECULE_METABOLIC_PROCESS,HLRT_post_vs_pre,2.5813245640243787e-5,0.004853350853217176,0.9961372799450923,0.9974193099064115
GOBP,GOBP_NEGATIVE_REGULATION_OF_SMOOTH_MUSCLE_CELL_PROLIFERATION,GOBP|GOBP_NEGATIVE_REGULATION_OF_SMOOTH_MUSCLE_CELL_PROLIFERATION,HLRT_post_vs_pre,-0.0068443139500638656,-0.8833580520522196,0.37916367672218565,0.6715249962127013
GOBP,GOBP_NEGATIVE_REGULATION_OF_SUPRAMOLECULAR_FIBER_ORGANIZATION,GOBP|GOBP_NEGATIVE_REGULATION_OF_SUPRAMOLECULAR_FIBER_ORGANIZATION,HLRT_post_vs_pre,-0.013605729651006815,-1.7380234524339924,0.08528797011748021,0.3252649056441157
GOBP,GOBP_NEGATIVE_REGULATION_OF_TOR_SIGNALING,GOBP|GOBP_NEGATIVE_REGULATION_OF_TOR_SIGNALING,HLRT_post_vs_pre,-2.3779682136687574e-4,-0.03611692465245195,0.9712611968742981,0.9908848309575081
GOBP,GOBP_NEGATIVE_REGULATION_OF_TRANSLATION,GOBP|GOBP_NEGATIVE_REGULATION_OF_TRANSLATION,HLRT_post_vs_pre,-0.0048877696294925,-0.8877042251825793,0.3768321099042433,0.6715249962127013
GOBP,GOBP_NEGATIVE_REGULATION_OF_TRANSMEMBRANE_TRANSPORT,GOBP|GOBP_NEGATIVE_REGULATION_OF_TRANSMEMBRANE_TRANSPORT,HLRT_post_vs_pre,-0.004264927415768588,-1.0384785273303425,0.3015542943426819,0.6061824046441265
GOBP,GOBP_NEGATIVE_REGULATION_OF_TRANSPORT,GOBP|GOBP_NEGATIVE_REGULATION_OF_TRANSPORT,HLRT_post_vs_pre,5.250971471704169e-5,0.015759267845464102,0.9874578742957809,0.9951324173602559
GOBP,GOBP_NEGATIVE_REGULATION_OF_VASCULATURE_DEVELOPMENT,GOBP|GOBP_NEGATIVE_REGULATION_OF_VASCULATURE_DEVELOPMENT,HLRT_post_vs_pre,-0.005589824179835303,-0.6221439903481288,0.5352645608809017,0.7726082158911717
GOBP,GOBP_NEGATIVE_REGULATION_OF_WNT_SIGNALING_PATHWAY,GOBP|GOBP_NEGATIVE_REGULATION_OF_WNT_SIGNALING_PATHWAY,HLRT_post_vs_pre,-0.01781302179361681,-2.8867419100951084,0.004771103060034644,0.10846043131435906
GOBP,GOBP_NEPHRON_DEVELOPMENT,GOBP|GOBP_NEPHRON_DEVELOPMENT,HLRT_post_vs_pre,-0.0039349008545584985,-0.406475139527755,0.6852629731827045,0.8705376750087449
GOBP,GOBP_NEURAL_CREST_CELL_DIFFERENTIATION,GOBP|GOBP_NEURAL_CREST_CELL_DIFFERENTIATION,HLRT_post_vs_pre,0.001959246153909244,0.24376933686772362,0.8079093662611987,0.9314666290754459
GOBP,GOBP_NEURAL_PRECURSOR_CELL_PROLIFERATION,GOBP|GOBP_NEURAL_PRECURSOR_CELL_PROLIFERATION,HLRT_post_vs_pre,0.010406844179992616,1.8685789852108816,0.06461141644306446,0.2941752389399809
GOBP,GOBP_NEURAL_TUBE_DEVELOPMENT,GOBP|GOBP_NEURAL_TUBE_DEVELOPMENT,HLRT_post_vs_pre,0.010003326573226716,1.5940279054029294,0.11408883182236407,0.38929387481979677
GOBP,GOBP_NEUROMUSCULAR_JUNCTION_DEVELOPMENT,GOBP|GOBP_NEUROMUSCULAR_JUNCTION_DEVELOPMENT,HLRT_post_vs_pre,-0.026487180714697765,-2.1834834244424877,0.03134127564832669,0.21102907780004554
GOBP,GOBP_NEUROMUSCULAR_PROCESS,GOBP|GOBP_NEUROMUSCULAR_PROCESS,HLRT_post_vs_pre,-0.013182051825168628,-1.947667467824392,0.05426167271874846,0.2747723329462564
GOBP,GOBP_NEURON_APOPTOTIC_PROCESS,GOBP|GOBP_NEURON_APOPTOTIC_PROCESS,HLRT_post_vs_pre,-0.007355726817070812,-1.2422377649502383,0.21705707061214055,0.5258829666703781
GOBP,GOBP_NEURON_MIGRATION,GOBP|GOBP_NEURON_MIGRATION,HLRT_post_vs_pre,0.0036545972212962824,0.7558218878270717,0.4515344823012647,0.7255645723582931
GOBP,GOBP_NEURON_PROJECTION_GUIDANCE,GOBP|GOBP_NEURON_PROJECTION_GUIDANCE,HLRT_post_vs_pre,-0.02016038945295607,-1.9844958002167132,0.04994336491349873,0.26948797341926406
GOBP,GOBP_NEURON_PROJECTION_ORGANIZATION,GOBP|GOBP_NEURON_PROJECTION_ORGANIZATION,HLRT_post_vs_pre,0.004953052343195305,0.9185631519883356,0.36053658429407476,0.6584447478422304
GOBP,GOBP_NEUROTRANSMITTER_TRANSPORT,GOBP|GOBP_NEUROTRANSMITTER_TRANSPORT,HLRT_post_vs_pre,-0.009539097493631785,-1.9466167070543978,0.054389382099901656,0.2747723329462564
GOBP,GOBP_NEUTRAL_LIPID_METABOLIC_PROCESS,GOBP|GOBP_NEUTRAL_LIPID_METABOLIC_PROCESS,HLRT_post_vs_pre,-0.006926031508285718,-1.1400356892656867,0.2569973353471794,0.5596282110417868
GOBP,GOBP_NON_CANONICAL_NF_KAPPAB_SIGNAL_TRANSDUCTION,GOBP|GOBP_NON_CANONICAL_NF_KAPPAB_SIGNAL_TRANSDUCTION,HLRT_post_vs_pre,0.005746065233189629,1.229000567548808,0.2219586360023754,0.5258829666703781
GOBP,GOBP_NON_PROTEINOGENIC_AMINO_ACID_METABOLIC_PROCESS,GOBP|GOBP_NON_PROTEINOGENIC_AMINO_ACID_METABOLIC_PROCESS,HLRT_post_vs_pre,-0.006959697955552457,-1.358314612884219,0.17742340406129836,0.4759841667575521
GOBP,GOBP_NOTCH_SIGNALING_PATHWAY,GOBP|GOBP_NOTCH_SIGNALING_PATHWAY,HLRT_post_vs_pre,-0.00239885628600834,-0.44585531054978095,0.6566665531380654,0.8514776305690248
GOBP,GOBP_NUCLEAR_TRANSCRIBED_MRNA_CATABOLIC_PROCESS,GOBP|GOBP_NUCLEAR_TRANSCRIBED_MRNA_CATABOLIC_PROCESS,HLRT_post_vs_pre,-0.011212588436684004,-1.9789676804141254,0.050572293212355464,0.26948797341926406
GOBP,GOBP_NUCLEAR_TRANSPORT,GOBP|GOBP_NUCLEAR_TRANSPORT,HLRT_post_vs_pre,-0.008029147072527436,-2.9067500066256766,0.0044988505430473965,0.10606380977245074
GOBP,GOBP_NUCLEOBASE_METABOLIC_PROCESS,GOBP|GOBP_NUCLEOBASE_METABOLIC_PROCESS,HLRT_post_vs_pre,-0.012395657996602298,-1.5404607528296714,0.12660971837608542,0.4070345491594813
GOBP,GOBP_NUCLEOSIDE_METABOLIC_PROCESS,GOBP|GOBP_NUCLEOSIDE_METABOLIC_PROCESS,HLRT_post_vs_pre,-0.006021848970447198,-0.5649043237051814,0.5734051857749659,0.7997450162016971
GOBP,GOBP_NUCLEOSIDE_MONOPHOSPHATE_METABOLIC_PROCESS,GOBP|GOBP_NUCLEOSIDE_MONOPHOSPHATE_METABOLIC_PROCESS,HLRT_post_vs_pre,-0.012545669058202147,-1.931563982729173,0.05624700577639258,0.2795914427202462
GOBP,GOBP_NUCLEOSIDE_PHOSPHATE_BIOSYNTHETIC_PROCESS,GOBP|GOBP_NUCLEOSIDE_PHOSPHATE_BIOSYNTHETIC_PROCESS,HLRT_post_vs_pre,0.007215278442543244,2.1425995319992803,0.034574738296472604,0.22604324701391332
GOBP,GOBP_NUCLEOSIDE_TRIPHOSPHATE_BIOSYNTHETIC_PROCESS,GOBP|GOBP_NUCLEOSIDE_TRIPHOSPHATE_BIOSYNTHETIC_PROCESS,HLRT_post_vs_pre,0.008717449774756969,1.9151175274979555,0.05833764107035257,0.2854508475014736
GOBP,GOBP_NUCLEOTIDE_SUGAR_METABOLIC_PROCESS,GOBP|GOBP_NUCLEOTIDE_SUGAR_METABOLIC_PROCESS,HLRT_post_vs_pre,0.0029817845855124522,0.3683073798349468,0.7134233353074318,0.882311542175527
GOBP,GOBP_NUCLEUS_LOCALIZATION,GOBP|GOBP_NUCLEUS_LOCALIZATION,HLRT_post_vs_pre,-0.0015317681469579278,-0.15887153082453492,0.8740908216439448,0.9578065623084354
GOBP,GOBP_NUCLEUS_ORGANIZATION,GOBP|GOBP_NUCLEUS_ORGANIZATION,HLRT_post_vs_pre,-0.015069182181311883,-2.357845284575968,0.02032961074554091,0.1858726909127653
GOBP,GOBP_NUTRIENT_STORAGE,GOBP|GOBP_NUTRIENT_STORAGE,HLRT_post_vs_pre,-0.0054211763268848905,-0.9112763514284905,0.3643434380260018,0.6622878382809098
GOBP,GOBP_OLEFINIC_COMPOUND_METABOLIC_PROCESS,GOBP|GOBP_OLEFINIC_COMPOUND_METABOLIC_PROCESS,HLRT_post_vs_pre,2.8072912594588606e-4,0.05519855912848985,0.9560905184515466,0.98652310789828
GOBP,GOBP_OLIGODENDROCYTE_DIFFERENTIATION,GOBP|GOBP_OLIGODENDROCYTE_DIFFERENTIATION,HLRT_post_vs_pre,-0.010368323074027401,-1.3536368846329316,0.17890693260803167,0.4763946014189499
GOBP,GOBP_ORGANELLE_DISASSEMBLY,GOBP|GOBP_ORGANELLE_DISASSEMBLY,HLRT_post_vs_pre,0.0059965945389698835,1.217014940098497,0.22646574672139694,0.5283906742908059
GOBP,GOBP_ORGANELLE_FUSION,GOBP|GOBP_ORGANELLE_FUSION,HLRT_post_vs_pre,-8.24047219541317e-4,-0.1896980403414051,0.8499306563068431,0.945329601940688
GOBP,GOBP_ORGANIC_ACID_BIOSYNTHETIC_PROCESS,GOBP|GOBP_ORGANIC_ACID_BIOSYNTHETIC_PROCESS,HLRT_post_vs_pre,0.00371535046799204,1.0898377569781756,0.27840647285815157,0.5869925091697613
GOBP,GOBP_ORGANIC_ANION_TRANSPORT,GOBP|GOBP_ORGANIC_ANION_TRANSPORT,HLRT_post_vs_pre,0.010765442344389586,2.4379090440078146,0.0165390865948865,0.1730799693453757
GOBP,GOBP_ORGANIC_HYDROXY_COMPOUND_TRANSPORT,GOBP|GOBP_ORGANIC_HYDROXY_COMPOUND_TRANSPORT,HLRT_post_vs_pre,-0.0019442532462609352,-0.3712912503037916,0.7112068689697386,0.8810811211121922
GOBP,GOBP_ORGANOPHOSPHATE_CATABOLIC_PROCESS,GOBP|GOBP_ORGANOPHOSPHATE_CATABOLIC_PROCESS,HLRT_post_vs_pre,-0.004346862622521763,-1.2396606115290452,0.21800510929272907,0.5258829666703781
GOBP,GOBP_ORGANOPHOSPHATE_ESTER_TRANSPORT,GOBP|GOBP_ORGANOPHOSPHATE_ESTER_TRANSPORT,HLRT_post_vs_pre,-5.471420050827732e-4,-0.08743076825218628,0.9305041255959123,0.9819538494193706
GOBP,GOBP_ORGAN_GROWTH,GOBP|GOBP_ORGAN_GROWTH,HLRT_post_vs_pre,-0.0023647598103701123,-0.5198649258684691,0.6043077706966515,0.8152292182326486
GOBP,GOBP_OSSIFICATION,GOBP|GOBP_OSSIFICATION,HLRT_post_vs_pre,-0.0037873061933912412,-0.6162376375800633,0.5391393331979328,0.7753242166876003
GOBP,GOBP_OXIDATIVE_PHOSPHORYLATION,GOBP|GOBP_OXIDATIVE_PHOSPHORYLATION,HLRT_post_vs_pre,0.009781594802044213,2.023777246763911,0.04566327058948168,0.25886424549926434
GOBP,GOBP_PATTERN_SPECIFICATION_PROCESS,GOBP|GOBP_PATTERN_SPECIFICATION_PROCESS,HLRT_post_vs_pre,-2.0608845106395712e-4,-0.027164907045865196,0.978382396519607,0.9937095358906715
GOBP,GOBP_PEPTIDE_METABOLIC_PROCESS,GOBP|GOBP_PEPTIDE_METABOLIC_PROCESS,HLRT_post_vs_pre,-0.008071929738372646,-1.2131286761931248,0.22794128289415294,0.5283906742908059
GOBP,GOBP_PEPTIDYL_AMINO_ACID_MODIFICATION,GOBP|GOBP_PEPTIDYL_AMINO_ACID_MODIFICATION,HLRT_post_vs_pre,-0.00871431745688131,-2.318642723800518,0.02245204396789119,0.19324814980306732
GOBP,GOBP_PEPTIDYL_LYSINE_MODIFICATION,GOBP|GOBP_PEPTIDYL_LYSINE_MODIFICATION,HLRT_post_vs_pre,-0.009025607560542777,-1.8246521470880999,0.07104220061479093,0.30725148534953356
GOBP,GOBP_PERIPHERAL_NERVOUS_SYSTEM_DEVELOPMENT,GOBP|GOBP_PERIPHERAL_NERVOUS_SYSTEM_DEVELOPMENT,HLRT_post_vs_pre,-0.010104737560725566,-1.469228786529349,0.1449128366449674,0.43238960733086307
GOBP,GOBP_PHAGOCYTOSIS,GOBP|GOBP_PHAGOCYTOSIS,HLRT_post_vs_pre,0.003263420628466185,0.7038777937816039,0.48314630354389676,0.7458360814638936
GOBP,GOBP_PHENOL_CONTAINING_COMPOUND_METABOLIC_PROCESS,GOBP|GOBP_PHENOL_CONTAINING_COMPOUND_METABOLIC_PROCESS,HLRT_post_vs_pre,-0.012622705940459417,-2.113265295223005,0.037069465270008824,0.23693319295570098
GOBP,GOBP_PHOSPHATIDYLINOSITOL_3_KINASE_PROTEIN_KINASE_B_SIGNAL_TRANSDUCTION,GOBP|GOBP_PHOSPHATIDYLINOSITOL_3_KINASE_PROTEIN_KINASE_B_SIGNAL_TRANSDUCTION,HLRT_post_vs_pre,0.0014358152910318028,0.23910843689853745,0.8115113487166636,0.9325787729712914
GOBP,GOBP_PHOSPHATIDYLINOSITOL_METABOLIC_PROCESS,GOBP|GOBP_PHOSPHATIDYLINOSITOL_METABOLIC_PROCESS,HLRT_post_vs_pre,-0.011748026963638941,-1.8192001859579887,0.07187631148279577,0.30725148534953356
GOBP,GOBP_PHOSPHOLIPID_METABOLIC_PROCESS,GOBP|GOBP_PHOSPHOLIPID_METABOLIC_PROCESS,HLRT_post_vs_pre,-0.013798068766195461,-3.6192703125645536,4.657815453574426e-4,0.0413517004765813
GOBP,GOBP_PIGMENTATION,GOBP|GOBP_PIGMENTATION,HLRT_post_vs_pre,-0.003403876272161571,-0.5576488022887193,0.5783316689645048,0.7997450162016971
GOBP,GOBP_PIGMENT_METABOLIC_PROCESS,GOBP|GOBP_PIGMENT_METABOLIC_PROCESS,HLRT_post_vs_pre,0.0026813710722311673,0.3281312799866996,0.7434991400300279,0.8939690193366736
GOBP,GOBP_PLACENTA_DEVELOPMENT,GOBP|GOBP_PLACENTA_DEVELOPMENT,HLRT_post_vs_pre,-5.3741400915637e-4,-0.09803071551538908,0.9221043229774603,0.9819538494193706
GOBP,GOBP_PLASMA_MEMBRANE_ORGANIZATION,GOBP|GOBP_PLASMA_MEMBRANE_ORGANIZATION,HLRT_post_vs_pre,-9.453393361525952e-4,-0.16945059652519853,0.8657848786610556,0.9540802203941944
GOBP,GOBP_PLASMA_MEMBRANE_REPAIR,GOBP|GOBP_PLASMA_MEMBRANE_REPAIR,HLRT_post_vs_pre,3.429119203874065e-4,0.05187533669725118,0.9587316125107997,0.9866312097002674
GOBP,GOBP_PLATELET_ACTIVATION,GOBP|GOBP_PLATELET_ACTIVATION,HLRT_post_vs_pre,0.016267867431433977,1.528520635206355,0.1295435218588873,0.4080358704705033
GOBP,GOBP_POLYOL_METABOLIC_PROCESS,GOBP|GOBP_POLYOL_METABOLIC_PROCESS,HLRT_post_vs_pre,-0.013902265530685048,-2.5325354793354977,0.012880945129423243,0.17094036482795238
GOBP,GOBP_POLYSACCHARIDE_CATABOLIC_PROCESS,GOBP|GOBP_POLYSACCHARIDE_CATABOLIC_PROCESS,HLRT_post_vs_pre,0.005579374198361964,1.1628019000478411,0.24767999946957353,0.550006116626775
GOBP,GOBP_POLYSACCHARIDE_METABOLIC_PROCESS,GOBP|GOBP_POLYSACCHARIDE_METABOLIC_PROCESS,HLRT_post_vs_pre,0.0048097707091538655,1.0280647773325928,0.30640209763640697,0.6102919083261511
GOBP,GOBP_POSITIVE_REGULATION_OF_ACTIN_FILAMENT_POLYMERIZATION,GOBP|GOBP_POSITIVE_REGULATION_OF_ACTIN_FILAMENT_POLYMERIZATION,HLRT_post_vs_pre,-0.0013237162380731748,-0.185316007151413,0.8533569049199823,0.945329601940688
GOBP,GOBP_POSITIVE_REGULATION_OF_APOPTOTIC_SIGNALING_PATHWAY,GOBP|GOBP_POSITIVE_REGULATION_OF_APOPTOTIC_SIGNALING_PATHWAY,HLRT_post_vs_pre,0.0029864707903899945,0.5278566243350621,0.5987693519227546,0.8101609666015706
GOBP,GOBP_POSITIVE_REGULATION_OF_AUTOPHAGY,GOBP|GOBP_POSITIVE_REGULATION_OF_AUTOPHAGY,HLRT_post_vs_pre,-0.012585072752277911,-3.5837077272786897,5.256803995022006e-4,0.0413517004765813
GOBP,GOBP_POSITIVE_REGULATION_OF_CALCIUM_ION_TRANSPORT,GOBP|GOBP_POSITIVE_REGULATION_OF_CALCIUM_ION_TRANSPORT,HLRT_post_vs_pre,0.00568575383863118,0.8103450362804379,0.41966805982912425,0.7110617444388129
GOBP,GOBP_POSITIVE_REGULATION_OF_CARBOHYDRATE_METABOLIC_PROCESS,GOBP|GOBP_POSITIVE_REGULATION_OF_CARBOHYDRATE_METABOLIC_PROCESS,HLRT_post_vs_pre,0.0029149594292862263,0.47363908617623024,0.6367907272553128,0.8371335251523734
GOBP,GOBP_POSITIVE_REGULATION_OF_CELL_ACTIVATION,GOBP|GOBP_POSITIVE_REGULATION_OF_CELL_ACTIVATION,HLRT_post_vs_pre,0.006124151116665276,1.0194065956569265,0.31047235132835527,0.6130646937397473
GOBP,GOBP_POSITIVE_REGULATION_OF_CELL_ADHESION,GOBP|GOBP_POSITIVE_REGULATION_OF_CELL_ADHESION,HLRT_post_vs_pre,-0.00267419094098708,-0.3959112584510992,0.693014771674467,0.8752640782608443
GOBP,GOBP_POSITIVE_REGULATION_OF_CELL_CYCLE,GOBP|GOBP_POSITIVE_REGULATION_OF_CELL_CYCLE,HLRT_post_vs_pre,-0.0033427119911959915,-0.9496691537980058,0.34457216897751863,0.643035813612748
GOBP,GOBP_POSITIVE_REGULATION_OF_CELL_DEVELOPMENT,GOBP|GOBP_POSITIVE_REGULATION_OF_CELL_DEVELOPMENT,HLRT_post_vs_pre,-0.002375286428386157,-0.5775823989261807,0.5648456005944431,0.795528041144239
GOBP,GOBP_POSITIVE_REGULATION_OF_CELL_MATRIX_ADHESION,GOBP|GOBP_POSITIVE_REGULATION_OF_CELL_MATRIX_ADHESION,HLRT_post_vs_pre,0.00969408290977386,1.099459684563709,0.27421007351912197,0.5812954692040242
GOBP,GOBP_POSITIVE_REGULATION_OF_CELL_PROJECTION_ORGANIZATION,GOBP|GOBP_POSITIVE_REGULATION_OF_CELL_PROJECTION_ORGANIZATION,HLRT_post_vs_pre,0.006273156250789509,1.4157969342415013,0.1599451300446757,0.4476162272473298
GOBP,GOBP_POSITIVE_REGULATION_OF_CELL_SUBSTRATE_ADHESION,GOBP|GOBP_POSITIVE_REGULATION_OF_CELL_SUBSTRATE_ADHESION,HLRT_post_vs_pre,0.0027488787228923534,0.3596276977656689,0.7198846544141932,0.882311542175527
GOBP,GOBP_POSITIVE_REGULATION_OF_CYTOSKELETON_ORGANIZATION,GOBP|GOBP_POSITIVE_REGULATION_OF_CYTOSKELETON_ORGANIZATION,HLRT_post_vs_pre,-0.002915216427357009,-0.5864309367878151,0.5589087164566596,0.7906017843696022
GOBP,GOBP_POSITIVE_REGULATION_OF_CYTOSOLIC_CALCIUM_ION_CONCENTRATION,GOBP|GOBP_POSITIVE_REGULATION_OF_CYTOSOLIC_CALCIUM_ION_CONCENTRATION,HLRT_post_vs_pre,-0.01091619020256926,-1.794870432104517,0.07569843555190034,0.31160520031417177
GOBP,GOBP_POSITIVE_REGULATION_OF_DNA_METABOLIC_PROCESS,GOBP|GOBP_POSITIVE_REGULATION_OF_DNA_METABOLIC_PROCESS,HLRT_post_vs_pre,1.7592084043435707e-4,0.06061981923483527,0.9517830956425795,0.9858992398712811
GOBP,GOBP_POSITIVE_REGULATION_OF_EPITHELIAL_CELL_PROLIFERATION,GOBP|GOBP_POSITIVE_REGULATION_OF_EPITHELIAL_CELL_PROLIFERATION,HLRT_post_vs_pre,-0.006815803580105126,-0.8370923224814485,0.40453871368633776,0.6978517056496026
GOBP,GOBP_POSITIVE_REGULATION_OF_ESTABLISHMENT_OF_PROTEIN_LOCALIZATION_TO_MITOCHONDRION,GOBP|GOBP_POSITIVE_REGULATION_OF_ESTABLISHMENT_OF_PROTEIN_LOCALIZATION_TO_MITOCHONDRION,HLRT_post_vs_pre,-0.001218936363641815,-0.19574025236220663,0.8452110651614685,0.9447905297350898
GOBP,GOBP_POSITIVE_REGULATION_OF_EXOCYTOSIS,GOBP|GOBP_POSITIVE_REGULATION_OF_EXOCYTOSIS,HLRT_post_vs_pre,-0.006903978896212783,-1.1200641070115578,0.26537199775769715,0.5687587169572683
GOBP,GOBP_POSITIVE_REGULATION_OF_GROWTH,GOBP|GOBP_POSITIVE_REGULATION_OF_GROWTH,HLRT_post_vs_pre,-0.005718359814594217,-1.4983971384826869,0.13718338137067645,0.42352647105708846
GOBP,GOBP_POSITIVE_REGULATION_OF_HEMOPOIESIS,GOBP|GOBP_POSITIVE_REGULATION_OF_HEMOPOIESIS,HLRT_post_vs_pre,0.009764519327002806,1.1306552551979352,0.2609073499442607,0.5622878622067445
GOBP,GOBP_POSITIVE_REGULATION_OF_HORMONE_SECRETION,GOBP|GOBP_POSITIVE_REGULATION_OF_HORMONE_SECRETION,HLRT_post_vs_pre,-0.004430797002234782,-1.0411261416687765,0.3003300877713086,0.6061824046441265
GOBP,GOBP_POSITIVE_REGULATION_OF_INFLAMMATORY_RESPONSE,GOBP|GOBP_POSITIVE_REGULATION_OF_INFLAMMATORY_RESPONSE,HLRT_post_vs_pre,-0.008465750648813969,-1.3132856962291701,0.19209509568205996,0.49181725611515453
GOBP,GOBP_POSITIVE_REGULATION_OF_KINASE_ACTIVITY,GOBP|GOBP_POSITIVE_REGULATION_OF_KINASE_ACTIVITY,HLRT_post_vs_pre,-0.014465462178896854,-3.1182073964032537,0.002377303290712271,0.07014006428081669
GOBP,GOBP_POSITIVE_REGULATION_OF_LEUKOCYTE_MIGRATION,GOBP|GOBP_POSITIVE_REGULATION_OF_LEUKOCYTE_MIGRATION,HLRT_post_vs_pre,0.016753824689126257,1.8792959083967653,0.06311869279368269,0.2934488128941499
GOBP,GOBP_POSITIVE_REGULATION_OF_LIPID_METABOLIC_PROCESS,GOBP|GOBP_POSITIVE_REGULATION_OF_LIPID_METABOLIC_PROCESS,HLRT_post_vs_pre,-4.7031401806179457e-4,-0.10851427659964999,0.9138054114601943,0.9809295677909885
GOBP,GOBP_POSITIVE_REGULATION_OF_LIPID_TRANSPORT,GOBP|GOBP_POSITIVE_REGULATION_OF_LIPID_TRANSPORT,HLRT_post_vs_pre,-0.0010836155427116079,-0.18977810536253545,0.8498680811647374,0.945329601940688
GOBP,GOBP_POSITIVE_REGULATION_OF_MAPK_CASCADE,GOBP|GOBP_POSITIVE_REGULATION_OF_MAPK_CASCADE,HLRT_post_vs_pre,0.005490553087146369,0.7464555139870187,0.45714534087256253,0.7255645723582931
GOBP,GOBP_POSITIVE_REGULATION_OF_MICROTUBULE_POLYMERIZATION_OR_DEPOLYMERIZATION,GOBP|GOBP_POSITIVE_REGULATION_OF_MICROTUBULE_POLYMERIZATION_OR_DEPOLYMERIZATION,HLRT_post_vs_pre,-0.0017677690486982076,-0.1960362287542106,0.8449800203979893,0.9447905297350898
GOBP,GOBP_POSITIVE_REGULATION_OF_MITOTIC_CELL_CYCLE,GOBP|GOBP_POSITIVE_REGULATION_OF_MITOTIC_CELL_CYCLE,HLRT_post_vs_pre,0.001588102619712324,0.3578637810237801,0.7212002523999443,0.882311542175527
GOBP,GOBP_POSITIVE_REGULATION_OF_MOLECULAR_FUNCTION,GOBP|GOBP_POSITIVE_REGULATION_OF_MOLECULAR_FUNCTION,HLRT_post_vs_pre,-0.002979648880610891,-1.1675767265156731,0.24575667885389488,0.550006116626775
GOBP,GOBP_POSITIVE_REGULATION_OF_MRNA_METABOLIC_PROCESS,GOBP|GOBP_POSITIVE_REGULATION_OF_MRNA_METABOLIC_PROCESS,HLRT_post_vs_pre,-0.008212433828987141,-1.6558031670867925,0.10089969887940275,0.3609275431892394
GOBP,GOBP_POSITIVE_REGULATION_OF_MYELOID_CELL_DIFFERENTIATION,GOBP|GOBP_POSITIVE_REGULATION_OF_MYELOID_CELL_DIFFERENTIATION,HLRT_post_vs_pre,-0.004963807545638674,-0.6729874647856271,0.502509089546313,0.7556836953055959
GOBP,GOBP_POSITIVE_REGULATION_OF_NEURON_PROJECTION_DEVELOPMENT,GOBP|GOBP_POSITIVE_REGULATION_OF_NEURON_PROJECTION_DEVELOPMENT,HLRT_post_vs_pre,0.011211239013341458,1.8357062332939376,0.06937571832664005,0.30725148534953356
GOBP,GOBP_POSITIVE_REGULATION_OF_NUCLEOCYTOPLASMIC_TRANSPORT,GOBP|GOBP_POSITIVE_REGULATION_OF_NUCLEOCYTOPLASMIC_TRANSPORT,HLRT_post_vs_pre,-0.010960631813873599,-2.244562674354017,0.027001673571914405,0.20233486659903144
GOBP,GOBP_POSITIVE_REGULATION_OF_NUCLEOTIDE_METABOLIC_PROCESS,GOBP|GOBP_POSITIVE_REGULATION_OF_NUCLEOTIDE_METABOLIC_PROCESS,HLRT_post_vs_pre,0.001422710832076013,0.3619588848713668,0.7181472556537494,0.882311542175527
GOBP,GOBP_POSITIVE_REGULATION_OF_ORGANELLE_ASSEMBLY,GOBP|GOBP_POSITIVE_REGULATION_OF_ORGANELLE_ASSEMBLY,HLRT_post_vs_pre,0.010618005644449514,1.4630418396680152,0.14659508087917003,0.43238960733086307
GOBP,GOBP_POSITIVE_REGULATION_OF_PATTERN_RECOGNITION_RECEPTOR_SIGNALING_PATHWAY,GOBP|GOBP_POSITIVE_REGULATION_OF_PATTERN_RECOGNITION_RECEPTOR_SIGNALING_PATHWAY,HLRT_post_vs_pre,-0.005898456654766043,-0.8697070623024306,0.3865453544675681,0.6773249679634414
GOBP,GOBP_POSITIVE_REGULATION_OF_PHOSPHORUS_METABOLIC_PROCESS,GOBP|GOBP_POSITIVE_REGULATION_OF_PHOSPHORUS_METABOLIC_PROCESS,HLRT_post_vs_pre,-0.0057889096087758996,-1.883821070208671,0.06249714272275935,0.2934488128941499
GOBP,GOBP_POSITIVE_REGULATION_OF_PROTEASOMAL_UBIQUITIN_DEPENDENT_PROTEIN_CATABOLIC_PROCESS,GOBP|GOBP_POSITIVE_REGULATION_OF_PROTEASOMAL_UBIQUITIN_DEPENDENT_PROTEIN_CATABOLIC_PROCESS,HLRT_post_vs_pre,-0.014316799050189073,-2.4049791751893426,0.01801442142129253,0.17740784640209606
GOBP,GOBP_POSITIVE_REGULATION_OF_PROTEIN_CATABOLIC_PROCESS,GOBP|GOBP_POSITIVE_REGULATION_OF_PROTEIN_CATABOLIC_PROCESS,HLRT_post_vs_pre,-0.004628853614640816,-1.4519949277027975,0.14963642013909853,0.43238960733086307
GOBP,GOBP_POSITIVE_REGULATION_OF_PROTEIN_CONTAINING_COMPLEX_ASSEMBLY,GOBP|GOBP_POSITIVE_REGULATION_OF_PROTEIN_CONTAINING_COMPLEX_ASSEMBLY,HLRT_post_vs_pre,0.0011919550192692613,0.2926107200580287,0.7704265934982752,0.9109299236195412
GOBP,GOBP_POSITIVE_REGULATION_OF_PROTEIN_CONTAINING_COMPLEX_DISASSEMBLY,GOBP|GOBP_POSITIVE_REGULATION_OF_PROTEIN_CONTAINING_COMPLEX_DISASSEMBLY,HLRT_post_vs_pre,-0.011614327007608755,-2.2965108893237787,0.023734680116158362,0.19324814980306732
GOBP,GOBP_POSITIVE_REGULATION_OF_PROTEIN_LOCALIZATION,GOBP|GOBP_POSITIVE_REGULATION_OF_PROTEIN_LOCALIZATION,HLRT_post_vs_pre,-2.749429962241312e-5,-0.008550386807509157,0.9931949129388613,0.9974193099064115
GOBP,GOBP_POSITIVE_REGULATION_OF_PROTEIN_LOCALIZATION_TO_CELL_PERIPHERY,GOBP|GOBP_POSITIVE_REGULATION_OF_PROTEIN_LOCALIZATION_TO_CELL_PERIPHERY,HLRT_post_vs_pre,0.008133418538444931,0.9045905369289368,0.3678586673485046,0.6627811424490848
GOBP,GOBP_POSITIVE_REGULATION_OF_PROTEIN_LOCALIZATION_TO_NUCLEUS,GOBP|GOBP_POSITIVE_REGULATION_OF_PROTEIN_LOCALIZATION_TO_NUCLEUS,HLRT_post_vs_pre,2.538145982123874e-4,0.06602723499604218,0.9474880966280408,0.9854889561184702
GOBP,GOBP_POSITIVE_REGULATION_OF_PROTEIN_MODIFICATION_PROCESS,GOBP|GOBP_POSITIVE_REGULATION_OF_PROTEIN_MODIFICATION_PROCESS,HLRT_post_vs_pre,-0.008687884400572055,-2.8515585499355844,0.005286825323206445,0.1142541694848504
GOBP,GOBP_POSITIVE_REGULATION_OF_PROTEIN_UBIQUITINATION,GOBP|GOBP_POSITIVE_REGULATION_OF_PROTEIN_UBIQUITINATION,HLRT_post_vs_pre,-0.008257954305659065,-1.8021986130270218,0.07452987251610714,0.3100761541044457
GOBP,GOBP_POSITIVE_REGULATION_OF_PROTEOLYSIS,GOBP|GOBP_POSITIVE_REGULATION_OF_PROTEOLYSIS,HLRT_post_vs_pre,-0.004460736800494053,-1.4504770868606864,0.15005808994772885,0.43238960733086307
GOBP,GOBP_POSITIVE_REGULATION_OF_REACTIVE_OXYGEN_SPECIES_METABOLIC_PROCESS,GOBP|GOBP_POSITIVE_REGULATION_OF_REACTIVE_OXYGEN_SPECIES_METABOLIC_PROCESS,HLRT_post_vs_pre,-0.0015682415795351679,-0.35321044461367535,0.7246749041775857,0.882311542175527
GOBP,GOBP_POSITIVE_REGULATION_OF_RESPONSE_TO_BIOTIC_STIMULUS,GOBP|GOBP_POSITIVE_REGULATION_OF_RESPONSE_TO_BIOTIC_STIMULUS,HLRT_post_vs_pre,-0.00400086942022207,-1.4166462417060477,0.1596971666967116,0.4476162272473298
GOBP,GOBP_POSITIVE_REGULATION_OF_SECRETION,GOBP|GOBP_POSITIVE_REGULATION_OF_SECRETION,HLRT_post_vs_pre,-0.002291155852495258,-0.7034401430909714,0.48341773205572314,0.7458360814638936
GOBP,GOBP_POSITIVE_REGULATION_OF_SMALL_GTPASE_MEDIATED_SIGNAL_TRANSDUCTION,GOBP|GOBP_POSITIVE_REGULATION_OF_SMALL_GTPASE_MEDIATED_SIGNAL_TRANSDUCTION,HLRT_post_vs_pre,-0.014207530635328647,-2.144468287219618,0.03442086219613117,0.22604324701391332
GOBP,GOBP_POSITIVE_REGULATION_OF_SYNAPTIC_TRANSMISSION,GOBP|GOBP_POSITIVE_REGULATION_OF_SYNAPTIC_TRANSMISSION,HLRT_post_vs_pre,-0.024505988948094595,-3.8771964475151894,1.8928562776670898e-4,0.029452843680499916
GOBP,GOBP_POSITIVE_REGULATION_OF_TOR_SIGNALING,GOBP|GOBP_POSITIVE_REGULATION_OF_TOR_SIGNALING,HLRT_post_vs_pre,-0.0014601318724477008,-0.2421868319936823,0.8091318800451182,0.9314666290754459
GOBP,GOBP_POSITIVE_REGULATION_OF_TRANSLATION,GOBP|GOBP_POSITIVE_REGULATION_OF_TRANSLATION,HLRT_post_vs_pre,0.0015363523488980072,0.3549057891969649,0.7234083172466627,0.882311542175527
GOBP,GOBP_POSITIVE_REGULATION_OF_TRANSLATIONAL_INITIATION,GOBP|GOBP_POSITIVE_REGULATION_OF_TRANSLATIONAL_INITIATION,HLRT_post_vs_pre,0.013345060992595609,1.694213844582548,0.09334013720333494,0.3474575442305961
GOBP,GOBP_POSITIVE_REGULATION_OF_TRANSMEMBRANE_RECEPTOR_PROTEIN_SERINE_THREONINE_KINASE_SIGNALING_PATHWAY,GOBP|GOBP_POSITIVE_REGULATION_OF_TRANSMEMBRANE_RECEPTOR_PROTEIN_SERINE_THREONINE_KINASE_SIGNALING_PATHWAY,HLRT_post_vs_pre,-0.004922095300833207,-0.9245351938716592,0.3574355656139334,0.6558605425651892
GOBP,GOBP_POSITIVE_REGULATION_OF_TRANSMEMBRANE_TRANSPORT,GOBP|GOBP_POSITIVE_REGULATION_OF_TRANSMEMBRANE_TRANSPORT,HLRT_post_vs_pre,0.003237216596401332,0.7355967896272748,0.46369965877241537,0.7302800294027109
GOBP,GOBP_POSITIVE_REGULATION_OF_T_CELL_PROLIFERATION,GOBP|GOBP_POSITIVE_REGULATION_OF_T_CELL_PROLIFERATION,HLRT_post_vs_pre,0.002327157459372481,0.24190930242286615,0.8093463255205674,0.9314666290754459
GOBP,GOBP_POSITIVE_REGULATION_OF_WNT_SIGNALING_PATHWAY,GOBP|GOBP_POSITIVE_REGULATION_OF_WNT_SIGNALING_PATHWAY,HLRT_post_vs_pre,-0.00480649892968561,-1.0368433586654973,0.3023120475603099,0.6061824046441265
GOBP,GOBP_POSTSYNAPSE_ORGANIZATION,GOBP|GOBP_POSTSYNAPSE_ORGANIZATION,HLRT_post_vs_pre,-4.560077813661745e-4,-0.08510715742840753,0.9323465274544318,0.9819538494193706
GOBP,GOBP_POST_EMBRYONIC_DEVELOPMENT,GOBP|GOBP_POST_EMBRYONIC_DEVELOPMENT,HLRT_post_vs_pre,-0.005497724762051181,-1.0029274314601524,0.31831895841007557,0.6253842162703
GOBP,GOBP_POST_GOLGI_VESICLE_MEDIATED_TRANSPORT,GOBP|GOBP_POST_GOLGI_VESICLE_MEDIATED_TRANSPORT,HLRT_post_vs_pre,0.0016246832448875148,0.3110828513646934,0.7563858182749876,0.9013307066519798
GOBP,GOBP_POTASSIUM_ION_TRANSPORT,GOBP|GOBP_POTASSIUM_ION_TRANSPORT,HLRT_post_vs_pre,0.007170250745731244,1.5972302208569504,0.11337282591159588,0.3885641346221216
GOBP,GOBP_PRESYNAPTIC_ENDOCYTOSIS,GOBP|GOBP_PRESYNAPTIC_ENDOCYTOSIS,HLRT_post_vs_pre,6.940864328700835e-4,0.09897042500544584,0.9213600726436668,0.9819538494193706
GOBP,GOBP_PRIMARY_ALCOHOL_METABOLIC_PROCESS,GOBP|GOBP_PRIMARY_ALCOHOL_METABOLIC_PROCESS,HLRT_post_vs_pre,0.0035488903684895157,0.6713957351959389,0.5035179885358338,0.7556836953055959
GOBP,GOBP_PRODUCTION_OF_MOLECULAR_MEDIATOR_INVOLVED_IN_INFLAMMATORY_RESPONSE,GOBP|GOBP_PRODUCTION_OF_MOLECULAR_MEDIATOR_INVOLVED_IN_INFLAMMATORY_RESPONSE,HLRT_post_vs_pre,-0.01196840572162329,-2.3536804058917715,0.02054633858418742,0.1858726909127653
GOBP,GOBP_PRODUCTION_OF_MOLECULAR_MEDIATOR_OF_IMMUNE_RESPONSE,GOBP|GOBP_PRODUCTION_OF_MOLECULAR_MEDIATOR_OF_IMMUNE_RESPONSE,HLRT_post_vs_pre,0.004646002576811331,0.9630410261176404,0.3378522539054366,0.6426627225878476
GOBP,GOBP_PROTEIN_AUTOPHOSPHORYLATION,GOBP|GOBP_PROTEIN_AUTOPHOSPHORYLATION,HLRT_post_vs_pre,-0.008164726221755082,-1.201461564462473,0.2324127881198736,0.533383920817881
GOBP,GOBP_PROTEIN_COMPLEX_OLIGOMERIZATION,GOBP|GOBP_PROTEIN_COMPLEX_OLIGOMERIZATION,HLRT_post_vs_pre,0.0076386378004282135,2.4104135059193874,0.01776316408176294,0.1771761750719432
GOBP,GOBP_PROTEIN_CONTAINING_COMPLEX_LOCALIZATION,GOBP|GOBP_PROTEIN_CONTAINING_COMPLEX_LOCALIZATION,HLRT_post_vs_pre,-0.008194312755245526,-1.2926862489582256,0.1991013520402726,0.49926335886654166
GOBP,GOBP_PROTEIN_DNA_COMPLEX_ORGANIZATION,GOBP|GOBP_PROTEIN_DNA_COMPLEX_ORGANIZATION,HLRT_post_vs_pre,-0.009708331514383661,-0.9470848015777227,0.34588082744946147,0.643035813612748
GOBP,GOBP_PROTEIN_EXIT_FROM_ENDOPLASMIC_RETICULUM,GOBP|GOBP_PROTEIN_EXIT_FROM_ENDOPLASMIC_RETICULUM,HLRT_post_vs_pre,0.009494137363032815,1.2295987679526423,0.2217354078654742,0.5258829666703781
GOBP,GOBP_PROTEIN_EXPORT_FROM_NUCLEUS,GOBP|GOBP_PROTEIN_EXPORT_FROM_NUCLEUS,HLRT_post_vs_pre,-0.010181387384576135,-2.2764248684316124,0.024954160444402823,0.19324814980306732
GOBP,GOBP_PROTEIN_FOLDING,GOBP|GOBP_PROTEIN_FOLDING,HLRT_post_vs_pre,1.8311196366510574e-4,0.058600937351165006,0.9533870233319377,0.9858992398712811
GOBP,GOBP_PROTEIN_IMPORT_INTO_MITOCHONDRIAL_MATRIX,GOBP|GOBP_PROTEIN_IMPORT_INTO_MITOCHONDRIAL_MATRIX,HLRT_post_vs_pre,0.02498522066456165,2.7504279704631385,0.007066697480140871,0.13744726598873994
GOBP,GOBP_PROTEIN_INSERTION_INTO_ER_MEMBRANE,GOBP|GOBP_PROTEIN_INSERTION_INTO_ER_MEMBRANE,HLRT_post_vs_pre,-0.00924406371613587,-1.111407074147371,0.2690607943614099,0.5750804890471892
GOBP,GOBP_PROTEIN_INSERTION_INTO_MEMBRANE,GOBP|GOBP_PROTEIN_INSERTION_INTO_MEMBRANE,HLRT_post_vs_pre,0.01426707014656572,2.0532047027885474,0.04266602582833226,0.24958021123640975
GOBP,GOBP_PROTEIN_K48_LINKED_UBIQUITINATION,GOBP|GOBP_PROTEIN_K48_LINKED_UBIQUITINATION,HLRT_post_vs_pre,-0.0210521332583668,-3.6829105762167167,3.743826842890389e-4,0.0413517004765813
GOBP,GOBP_PROTEIN_K63_LINKED_UBIQUITINATION,GOBP|GOBP_PROTEIN_K63_LINKED_UBIQUITINATION,HLRT_post_vs_pre,-0.01339746530231424,-2.2959061866367727,0.023770613050357912,0.19324814980306732
GOBP,GOBP_PROTEIN_LOCALIZATION_TO_CELL_JUNCTION,GOBP|GOBP_PROTEIN_LOCALIZATION_TO_CELL_JUNCTION,HLRT_post_vs_pre,-0.00205346771908025,-0.388142162118444,0.6987367002628726,0.8753899401038887
GOBP,GOBP_PROTEIN_LOCALIZATION_TO_CELL_SURFACE,GOBP|GOBP_PROTEIN_LOCALIZATION_TO_CELL_SURFACE,HLRT_post_vs_pre,0.015206864270908838,1.9632938320402802,0.05239222342905059,0.27356476394497553
GOBP,GOBP_PROTEIN_LOCALIZATION_TO_ENDOPLASMIC_RETICULUM,GOBP|GOBP_PROTEIN_LOCALIZATION_TO_ENDOPLASMIC_RETICULUM,HLRT_post_vs_pre,0.007152835421312162,0.9941437656630676,0.3225547460272248,0.6305215889677911
GOBP,GOBP_PROTEIN_LOCALIZATION_TO_EXTRACELLULAR_REGION,GOBP|GOBP_PROTEIN_LOCALIZATION_TO_EXTRACELLULAR_REGION,HLRT_post_vs_pre,0.00035000306368179745,0.09635971233040802,0.9234279288616296,0.9819538494193706
GOBP,GOBP_PROTEIN_LOCALIZATION_TO_MEMBRANE,GOBP|GOBP_PROTEIN_LOCALIZATION_TO_MEMBRANE,HLRT_post_vs_pre,-1.7376957452163583e-4,-0.04378297306178673,0.9651647931378955,0.9906308826665998
GOBP,GOBP_PROTEIN_LOCALIZATION_TO_NUCLEUS,GOBP|GOBP_PROTEIN_LOCALIZATION_TO_NUCLEUS,HLRT_post_vs_pre,-0.005390500946605162,-2.095557229474767,0.03864955707425354,0.24277911705376357
GOBP,GOBP_PROTEIN_LOCALIZATION_TO_VACUOLE,GOBP|GOBP_PROTEIN_LOCALIZATION_TO_VACUOLE,HLRT_post_vs_pre,-0.01643683798464382,-2.3304216592173828,0.02179465995868704,0.19051961177369123
GOBP,GOBP_PROTEIN_METHYLATION,GOBP|GOBP_PROTEIN_METHYLATION,HLRT_post_vs_pre,-0.018109388789986594,-2.566839233792297,0.01174596404893729,0.17094036482795238
GOBP,GOBP_PROTEIN_MODIFICATION_BY_SMALL_PROTEIN_REMOVAL,GOBP|GOBP_PROTEIN_MODIFICATION_BY_SMALL_PROTEIN_REMOVAL,HLRT_post_vs_pre,-0.011048367292058964,-2.511873821105066,0.01361118447834713,0.17094036482795238
GOBP,GOBP_PROTEIN_MONOUBIQUITINATION,GOBP|GOBP_PROTEIN_MONOUBIQUITINATION,HLRT_post_vs_pre,-0.012082273457220188,-1.9799944070257602,0.050454976879007414,0.26948797341926406
GOBP,GOBP_PROTEIN_NEDDYLATION,GOBP|GOBP_PROTEIN_NEDDYLATION,HLRT_post_vs_pre,-0.01489548663857937,-2.0853815059855125,0.03958356352994674,0.24277911705376357
GOBP,GOBP_PROTEIN_N_LINKED_GLYCOSYLATION,GOBP|GOBP_PROTEIN_N_LINKED_GLYCOSYLATION,HLRT_post_vs_pre,-0.006515292035600098,-0.977900101215864,0.3304858892719694,0.6348593132187462
GOBP,GOBP_PROTEIN_POLYUBIQUITINATION,GOBP|GOBP_PROTEIN_POLYUBIQUITINATION,HLRT_post_vs_pre,-0.016113225353814008,-3.49587734380286,7.063365419756519e-4,0.04607451895158881
GOBP,GOBP_PROTEIN_PROCESSING,GOBP|GOBP_PROTEIN_PROCESSING,HLRT_post_vs_pre,0.0064446362291997045,1.7772064616087977,0.07857763832391872,0.31675338143009724
GOBP,GOBP_PROTEIN_REFOLDING,GOBP|GOBP_PROTEIN_REFOLDING,HLRT_post_vs_pre,0.006058428627115087,1.8682475114788066,0.06465805380300352,0.2941752389399809
GOBP,GOBP_PROTEIN_RNA_COMPLEX_ORGANIZATION,GOBP|GOBP_PROTEIN_RNA_COMPLEX_ORGANIZATION,HLRT_post_vs_pre,-0.001575439695968961,-0.29863710692602596,0.7658372471485915,0.908264296160982
GOBP,GOBP_PROTEIN_TARGETING,GOBP|GOBP_PROTEIN_TARGETING,HLRT_post_vs_pre,0.0017557065183922624,0.5096415863831489,0.6114265896340948,0.8220385334942556
GOBP,GOBP_PROTEIN_TARGETING_TO_MEMBRANE,GOBP|GOBP_PROTEIN_TARGETING_TO_MEMBRANE,HLRT_post_vs_pre,-0.0022495676648429572,-0.39333546045143786,0.6949098940099678,0.8752640782608443
GOBP,GOBP_PROTEIN_TETRAMERIZATION,GOBP|GOBP_PROTEIN_TETRAMERIZATION,HLRT_post_vs_pre,0.0047079249153301195,1.3529355194722572,0.17913017366768957,0.4763946014189499
GOBP,GOBP_PROTEIN_TRANSMEMBRANE_TRANSPORT,GOBP|GOBP_PROTEIN_TRANSMEMBRANE_TRANSPORT,HLRT_post_vs_pre,0.018733973172330318,3.0807067161231902,0.002667965807510393,0.07413133565153877
GOBP,GOBP_PURINE_NUCLEOSIDE_MONOPHOSPHATE_BIOSYNTHETIC_PROCESS,GOBP|GOBP_PURINE_NUCLEOSIDE_MONOPHOSPHATE_BIOSYNTHETIC_PROCESS,HLRT_post_vs_pre,-0.011369974496571178,-1.4789535276622088,0.14229904951284103,0.4307729981361491
GOBP,GOBP_PYRIDINE_CONTAINING_COMPOUND_METABOLIC_PROCESS,GOBP|GOBP_PYRIDINE_CONTAINING_COMPOUND_METABOLIC_PROCESS,HLRT_post_vs_pre,-0.007268335701809264,-2.03374422868512,0.04462854322630107,0.25719264170416467
GOBP,GOBP_PYRIMIDINE_CONTAINING_COMPOUND_METABOLIC_PROCESS,GOBP|GOBP_PYRIMIDINE_CONTAINING_COMPOUND_METABOLIC_PROCESS,HLRT_post_vs_pre,-0.01126106726360053,-1.7716579858496362,0.07950048843136671,0.3185531044730498
GOBP,GOBP_RAC_PROTEIN_SIGNAL_TRANSDUCTION,GOBP|GOBP_RAC_PROTEIN_SIGNAL_TRANSDUCTION,HLRT_post_vs_pre,-0.00612629193382086,-1.179115208965939,0.24115287718331388,0.545398076885518
GOBP,GOBP_RAS_PROTEIN_SIGNAL_TRANSDUCTION,GOBP|GOBP_RAS_PROTEIN_SIGNAL_TRANSDUCTION,HLRT_post_vs_pre,-0.010654785796847088,-2.042187955329683,0.043767726223077605,0.2541141119518983
GOBP,GOBP_REACTIVE_NITROGEN_SPECIES_METABOLIC_PROCESS,GOBP|GOBP_REACTIVE_NITROGEN_SPECIES_METABOLIC_PROCESS,HLRT_post_vs_pre,0.0034536433839860436,0.7088542539796232,0.4800658464982729,0.7454914742029067
GOBP,GOBP_REACTIVE_OXYGEN_SPECIES_BIOSYNTHETIC_PROCESS,GOBP|GOBP_REACTIVE_OXYGEN_SPECIES_BIOSYNTHETIC_PROCESS,HLRT_post_vs_pre,-0.006083236933840552,-1.5209277824968201,0.13143685983513292,0.41233014899892506
GOBP,GOBP_REACTIVE_OXYGEN_SPECIES_METABOLIC_PROCESS,GOBP|GOBP_REACTIVE_OXYGEN_SPECIES_METABOLIC_PROCESS,HLRT_post_vs_pre,-0.0020821626630539436,-0.696410043250223,0.48778925411394913,0.7470003724219659
GOBP,GOBP_RECEPTOR_LOCALIZATION_TO_SYNAPSE,GOBP|GOBP_RECEPTOR_LOCALIZATION_TO_SYNAPSE,HLRT_post_vs_pre,-0.009969286447551908,-1.4679452498918446,0.14526059328488244,0.43238960733086307
GOBP,GOBP_RECEPTOR_MEDIATED_ENDOCYTOSIS,GOBP|GOBP_RECEPTOR_MEDIATED_ENDOCYTOSIS,HLRT_post_vs_pre,0.0018758418090734016,0.28059114790052286,0.7796042590578551,0.9175977512057659
GOBP,GOBP_RECEPTOR_METABOLIC_PROCESS,GOBP|GOBP_RECEPTOR_METABOLIC_PROCESS,HLRT_post_vs_pre,-0.007569989506407276,-1.2413395984201663,0.21738713024950307,0.5258829666703781
GOBP,GOBP_REGENERATION,GOBP|GOBP_REGENERATION,HLRT_post_vs_pre,0.003156671349732715,0.746061683123041,0.45738213012596884,0.7255645723582931
GOBP,GOBP_REGULATED_EXOCYTOSIS,GOBP|GOBP_REGULATED_EXOCYTOSIS,HLRT_post_vs_pre,-0.004457185991389216,-0.7337320376622308,0.46483054389478595,0.7305821477780676
GOBP,GOBP_REGULATION_OF_ACTIN_FILAMENT_BASED_MOVEMENT,GOBP|GOBP_REGULATION_OF_ACTIN_FILAMENT_BASED_MOVEMENT,HLRT_post_vs_pre,-0.00784234505085879,-1.5753784559831567,0.11833073237537187,0.39681599046568666
GOBP,GOBP_REGULATION_OF_ACTOMYOSIN_STRUCTURE_ORGANIZATION,GOBP|GOBP_REGULATION_OF_ACTOMYOSIN_STRUCTURE_ORGANIZATION,HLRT_post_vs_pre,-0.009544465598600227,-1.7959404952501465,0.07552686115707054,0.31160520031417177
GOBP,GOBP_REGULATION_OF_ALPHA_BETA_T_CELL_ACTIVATION,GOBP|GOBP_REGULATION_OF_ALPHA_BETA_T_CELL_ACTIVATION,HLRT_post_vs_pre,0.01342657851019402,1.2551197228891546,0.21236339311288321,0.5258829666703781
GOBP,GOBP_REGULATION_OF_AMIDE_METABOLIC_PROCESS,GOBP|GOBP_REGULATION_OF_AMIDE_METABOLIC_PROCESS,HLRT_post_vs_pre,0.014544858629388778,2.569460848636394,0.011663043702124239,0.17094036482795238
GOBP,GOBP_REGULATION_OF_APOPTOTIC_SIGNALING_PATHWAY,GOBP|GOBP_REGULATION_OF_APOPTOTIC_SIGNALING_PATHWAY,HLRT_post_vs_pre,6.557983243935112e-4,0.23720525779698104,0.8129833114184759,0.9328923544005521
GOBP,GOBP_REGULATION_OF_ATP_DEPENDENT_ACTIVITY,GOBP|GOBP_REGULATION_OF_ATP_DEPENDENT_ACTIVITY,HLRT_post_vs_pre,-0.004746338871911282,-0.7609692931172536,0.44846787799543875,0.725476186005477
GOBP,GOBP_REGULATION_OF_AUTOPHAGY,GOBP|GOBP_REGULATION_OF_AUTOPHAGY,HLRT_post_vs_pre,-0.005211882532222316,-1.8987674355379096,0.06048059800232715,0.28867426531172097
GOBP,GOBP_REGULATION_OF_AXONOGENESIS,GOBP|GOBP_REGULATION_OF_AXONOGENESIS,HLRT_post_vs_pre,0.013259384074495117,2.2326247704761353,0.02780591406313183,0.20408491642562798
GOBP,GOBP_REGULATION_OF_BINDING,GOBP|GOBP_REGULATION_OF_BINDING,HLRT_post_vs_pre,-0.005499028373867912,-1.0721124560832178,0.28625263299742804,0.5922993310425505
GOBP,GOBP_REGULATION_OF_BLOOD_PRESSURE,GOBP|GOBP_REGULATION_OF_BLOOD_PRESSURE,HLRT_post_vs_pre,0.003332529828286891,0.6263644127025247,0.5325045716995999,0.7714870703580795
GOBP,GOBP_REGULATION_OF_BODY_FLUID_LEVELS,GOBP|GOBP_REGULATION_OF_BODY_FLUID_LEVELS,HLRT_post_vs_pre,0.003632578754036081,0.6412015903004222,0.5228600244820505,0.7675190548057269
GOBP,GOBP_REGULATION_OF_CALCIUM_MEDIATED_SIGNALING,GOBP|GOBP_REGULATION_OF_CALCIUM_MEDIATED_SIGNALING,HLRT_post_vs_pre,-0.013539274486904465,-1.8031445907989914,0.07438012143174344,0.3100761541044457
GOBP,GOBP_REGULATION_OF_CARBOHYDRATE_METABOLIC_PROCESS,GOBP|GOBP_REGULATION_OF_CARBOHYDRATE_METABOLIC_PROCESS,HLRT_post_vs_pre,0.0076959695043088555,1.8212954007837134,0.07155480023684943,0.30725148534953356
GOBP,GOBP_REGULATION_OF_CELLULAR_COMPONENT_SIZE,GOBP|GOBP_REGULATION_OF_CELLULAR_COMPONENT_SIZE,HLRT_post_vs_pre,-0.0030768297897588205,-0.5011179572016521,0.6173905103865353,0.8267294614126066
GOBP,GOBP_REGULATION_OF_CELLULAR_RESPIRATION,GOBP|GOBP_REGULATION_OF_CELLULAR_RESPIRATION,HLRT_post_vs_pre,-4.938869145530156e-4,-0.0664191499014039,0.947176865351811,0.9854889561184702
GOBP,GOBP_REGULATION_OF_CELLULAR_RESPONSE_TO_INSULIN_STIMULUS,GOBP|GOBP_REGULATION_OF_CELLULAR_RESPONSE_TO_INSULIN_STIMULUS,HLRT_post_vs_pre,-1.8243685525905218e-4,-0.038896498867003915,0.9690505321897619,0.9908848309575081
GOBP,GOBP_REGULATION_OF_CELLULAR_RESPONSE_TO_TRANSFORMING_GROWTH_FACTOR_BETA_STIMULUS,GOBP|GOBP_REGULATION_OF_CELLULAR_RESPONSE_TO_TRANSFORMING_GROWTH_FACTOR_BETA_STIMULUS,HLRT_post_vs_pre,-0.011304196903865929,-1.8146933592121373,0.0725719570162316,0.308529959336766
GOBP,GOBP_REGULATION_OF_CELL_CYCLE_CHECKPOINT,GOBP|GOBP_REGULATION_OF_CELL_CYCLE_CHECKPOINT,HLRT_post_vs_pre,0.002521707560963239,0.35352167321347955,0.7244423287634156,0.882311542175527
GOBP,GOBP_REGULATION_OF_CELL_CYCLE_G1_S_PHASE_TRANSITION,GOBP|GOBP_REGULATION_OF_CELL_CYCLE_G1_S_PHASE_TRANSITION,HLRT_post_vs_pre,-0.007122305883701385,-1.7219313840047037,0.08817682653955031,0.3325584093304991
GOBP,GOBP_REGULATION_OF_CELL_DIVISION,GOBP|GOBP_REGULATION_OF_CELL_DIVISION,HLRT_post_vs_pre,-0.008218665885832616,-1.5048909361916845,0.13550729035284845,0.4216986875780644
GOBP,GOBP_REGULATION_OF_CELL_GROWTH,GOBP|GOBP_REGULATION_OF_CELL_GROWTH,HLRT_post_vs_pre,-0.005945977854650647,-2.053851089182257,0.04260213152869087,0.24958021123640975
GOBP,GOBP_REGULATION_OF_CELL_JUNCTION_ASSEMBLY,GOBP|GOBP_REGULATION_OF_CELL_JUNCTION_ASSEMBLY,HLRT_post_vs_pre,0.0065928266691964305,1.334186844118223,0.18517599024018083,0.4828540982951351
GOBP,GOBP_REGULATION_OF_CELL_MORPHOGENESIS,GOBP|GOBP_REGULATION_OF_CELL_MORPHOGENESIS,HLRT_post_vs_pre,0.006546462082923841,1.0198563285574092,0.310260041718286,0.6130646937397473
GOBP,GOBP_REGULATION_OF_CELL_PROJECTION_ASSEMBLY,GOBP|GOBP_REGULATION_OF_CELL_PROJECTION_ASSEMBLY,HLRT_post_vs_pre,0.007758647627240524,1.7600200337823373,0.08146523835690812,0.3185531044730498
GOBP,GOBP_REGULATION_OF_CELL_SIZE,GOBP|GOBP_REGULATION_OF_CELL_SIZE,HLRT_post_vs_pre,0.0023486417083205813,0.5745610611059727,0.5668797813653643,0.795528041144239
GOBP,GOBP_REGULATION_OF_CHEMOTAXIS,GOBP|GOBP_REGULATION_OF_CHEMOTAXIS,HLRT_post_vs_pre,0.0019585061472981724,0.37604717026279294,0.707679220100649,0.8795118741825957
GOBP,GOBP_REGULATION_OF_CHROMOSOME_ORGANIZATION,GOBP|GOBP_REGULATION_OF_CHROMOSOME_ORGANIZATION,HLRT_post_vs_pre,-0.0025081421220350952,-0.5586871259878768,0.5776254122194269,0.7997450162016971
GOBP,GOBP_REGULATION_OF_CHROMOSOME_SEGREGATION,GOBP|GOBP_REGULATION_OF_CHROMOSOME_SEGREGATION,HLRT_post_vs_pre,0.007596496182420122,1.192741139782206,0.2357959776766827,0.5377046094473412
GOBP,GOBP_REGULATION_OF_CILIUM_ASSEMBLY,GOBP|GOBP_REGULATION_OF_CILIUM_ASSEMBLY,HLRT_post_vs_pre,-0.00595730256120483,-0.9303045224889116,0.35445604526654995,0.6534758370079997
GOBP,GOBP_REGULATION_OF_CYTOPLASMIC_PATTERN_RECOGNITION_RECEPTOR_SIGNALING_PATHWAY,GOBP|GOBP_REGULATION_OF_CYTOPLASMIC_PATTERN_RECOGNITION_RECEPTOR_SIGNALING_PATHWAY,HLRT_post_vs_pre,-0.010050846186502496,-1.8631651204872273,0.06537666864333976,0.29571539653789725
GOBP,GOBP_REGULATION_OF_CYTOPLASMIC_TRANSLATION,GOBP|GOBP_REGULATION_OF_CYTOPLASMIC_TRANSLATION,HLRT_post_vs_pre,0.009996113756910702,1.8067671820716902,0.0738089605081904,0.3100761541044457
GOBP,GOBP_REGULATION_OF_DENDRITE_DEVELOPMENT,GOBP|GOBP_REGULATION_OF_DENDRITE_DEVELOPMENT,HLRT_post_vs_pre,0.0013562695556355864,0.18528115613924953,0.8533841657736949,0.945329601940688
GOBP,GOBP_REGULATION_OF_DEVELOPMENTAL_GROWTH,GOBP|GOBP_REGULATION_OF_DEVELOPMENTAL_GROWTH,HLRT_post_vs_pre,-0.0014239538651629538,-0.35363868613910926,0.7243548938295445,0.882311542175527
GOBP,GOBP_REGULATION_OF_DNA_BINDING_TRANSCRIPTION_FACTOR_ACTIVITY,GOBP|GOBP_REGULATION_OF_DNA_BINDING_TRANSCRIPTION_FACTOR_ACTIVITY,HLRT_post_vs_pre,-0.009697362124571868,-1.8314480007762886,0.07001377800299709,0.30725148534953356
GOBP,GOBP_REGULATION_OF_DNA_RECOMBINATION,GOBP|GOBP_REGULATION_OF_DNA_RECOMBINATION,HLRT_post_vs_pre,0.007774659005196727,1.3063595518636266,0.19442997937528042,0.4943350456012031
GOBP,GOBP_REGULATION_OF_DNA_REPAIR,GOBP|GOBP_REGULATION_OF_DNA_REPAIR,HLRT_post_vs_pre,-0.0025384632690860914,-0.62843870342739,0.5311507526577549,0.7714870703580795
GOBP,GOBP_REGULATION_OF_DNA_REPLICATION,GOBP|GOBP_REGULATION_OF_DNA_REPLICATION,HLRT_post_vs_pre,0.00795569778185419,1.627919299148531,0.10669186319978753,0.3705637034349763
GOBP,GOBP_REGULATION_OF_EMBRYONIC_DEVELOPMENT,GOBP|GOBP_REGULATION_OF_EMBRYONIC_DEVELOPMENT,HLRT_post_vs_pre,-0.010321656865114603,-1.1500156391267327,0.25288295233922686,0.5573454303680411
GOBP,GOBP_REGULATION_OF_ENDOCYTOSIS,GOBP|GOBP_REGULATION_OF_ENDOCYTOSIS,HLRT_post_vs_pre,-1.2541432437150613e-4,-0.028239473316527333,0.9775274909565138,0.9937095358906715
GOBP,GOBP_REGULATION_OF_ENDOPLASMIC_RETICULUM_UNFOLDED_PROTEIN_RESPONSE,GOBP|GOBP_REGULATION_OF_ENDOPLASMIC_RETICULUM_UNFOLDED_PROTEIN_RESPONSE,HLRT_post_vs_pre,0.017745936945441125,2.6147542038246367,0.010311286378336086,0.1671287667155307
GOBP,GOBP_REGULATION_OF_EPITHELIAL_CELL_DIFFERENTIATION,GOBP|GOBP_REGULATION_OF_EPITHELIAL_CELL_DIFFERENTIATION,HLRT_post_vs_pre,-0.013568001508548325,-1.2332832650849168,0.22036407726862772,0.5258829666703781
GOBP,GOBP_REGULATION_OF_EPITHELIAL_TO_MESENCHYMAL_TRANSITION,GOBP|GOBP_REGULATION_OF_EPITHELIAL_TO_MESENCHYMAL_TRANSITION,HLRT_post_vs_pre,-0.0013305130951646593,-0.1293917747086324,0.8973078125448519,0.9722917523118313
GOBP,GOBP_REGULATION_OF_ERBB_SIGNALING_PATHWAY,GOBP|GOBP_REGULATION_OF_ERBB_SIGNALING_PATHWAY,HLRT_post_vs_pre,-0.003365755891215308,-0.5444816333850441,0.5873233879447125,0.8030537712143871
GOBP,GOBP_REGULATION_OF_EXTRACELLULAR_MATRIX_ORGANIZATION,GOBP|GOBP_REGULATION_OF_EXTRACELLULAR_MATRIX_ORGANIZATION,HLRT_post_vs_pre,-0.024990971826087782,-1.0557617553501037,0.29362358248039605,0.6011556504467056
GOBP,GOBP_REGULATION_OF_FAT_CELL_DIFFERENTIATION,GOBP|GOBP_REGULATION_OF_FAT_CELL_DIFFERENTIATION,HLRT_post_vs_pre,-0.00909254194954158,-1.4944754350980405,0.13820343253330736,0.4249875133429233
GOBP,GOBP_REGULATION_OF_GENERATION_OF_PRECURSOR_METABOLITES_AND_ENERGY,GOBP|GOBP_REGULATION_OF_GENERATION_OF_PRECURSOR_METABOLITES_AND_ENERGY,HLRT_post_vs_pre,0.007849191484506107,1.9858987576094227,0.04978481506462105,0.26948797341926406
GOBP,GOBP_REGULATION_OF_G_PROTEIN_COUPLED_RECEPTOR_SIGNALING_PATHWAY,GOBP|GOBP_REGULATION_OF_G_PROTEIN_COUPLED_RECEPTOR_SIGNALING_PATHWAY,HLRT_post_vs_pre,-0.004775403268052954,-0.8244397804124519,0.41165382190178657,0.7052271141932118
GOBP,GOBP_REGULATION_OF_HEART_RATE,GOBP|GOBP_REGULATION_OF_HEART_RATE,HLRT_post_vs_pre,-0.007136377004593297,-1.3936671088534334,0.16651079880108516,0.4513777054607814
GOBP,GOBP_REGULATION_OF_HEMOPOIESIS,GOBP|GOBP_REGULATION_OF_HEMOPOIESIS,HLRT_post_vs_pre,-0.004817490569561489,-0.9990296844729237,0.32019400165693956,0.6274834591664962
GOBP,GOBP_REGULATION_OF_HYDROLASE_ACTIVITY,GOBP|GOBP_REGULATION_OF_HYDROLASE_ACTIVITY,HLRT_post_vs_pre,0.009846287687410187,1.7482313962341447,0.08349602876162286,0.3231836337141422
GOBP,GOBP_REGULATION_OF_IMMUNE_EFFECTOR_PROCESS,GOBP|GOBP_REGULATION_OF_IMMUNE_EFFECTOR_PROCESS,HLRT_post_vs_pre,0.006702931946148211,1.531258184435678,0.12886618846406875,0.4080358704705033
GOBP,GOBP_REGULATION_OF_INFLAMMATORY_RESPONSE,GOBP|GOBP_REGULATION_OF_INFLAMMATORY_RESPONSE,HLRT_post_vs_pre,-0.0077912031345091365,-2.227933859993607,0.028127626604517484,0.2045167616664916
GOBP,GOBP_REGULATION_OF_INTRACELLULAR_PROTEIN_TRANSPORT,GOBP|GOBP_REGULATION_OF_INTRACELLULAR_PROTEIN_TRANSPORT,HLRT_post_vs_pre,-0.0052484147904093,-1.1693163472503079,0.24505860101271487,0.550006116626775
GOBP,GOBP_REGULATION_OF_INTRACELLULAR_STEROID_HORMONE_RECEPTOR_SIGNALING_PATHWAY,GOBP|GOBP_REGULATION_OF_INTRACELLULAR_STEROID_HORMONE_RECEPTOR_SIGNALING_PATHWAY,HLRT_post_vs_pre,-0.011953771795417914,-2.4451560705036854,0.01622923875824947,0.1730799693453757
GOBP,GOBP_REGULATION_OF_INTRACELLULAR_TRANSPORT,GOBP|GOBP_REGULATION_OF_INTRACELLULAR_TRANSPORT,HLRT_post_vs_pre,-0.0016023497928051855,-0.4586958126440075,0.6474489928750449,0.8449509666351587
GOBP,GOBP_REGULATION_OF_KETONE_METABOLIC_PROCESS,GOBP|GOBP_REGULATION_OF_KETONE_METABOLIC_PROCESS,HLRT_post_vs_pre,0.014112613616835842,3.264500879823935,0.0015022385063856519,0.05503946502641051
GOBP,GOBP_REGULATION_OF_LIPID_LOCALIZATION,GOBP|GOBP_REGULATION_OF_LIPID_LOCALIZATION,HLRT_post_vs_pre,0.004540753330934552,0.9536283223723829,0.3425735619309471,0.643035813612748
GOBP,GOBP_REGULATION_OF_LIPID_METABOLIC_PROCESS,GOBP|GOBP_REGULATION_OF_LIPID_METABOLIC_PROCESS,HLRT_post_vs_pre,0.0064321849455374475,2.0939278114902997,0.03879782718075654,0.24277911705376357
GOBP,GOBP_REGULATION_OF_LYMPHOCYTE_MEDIATED_IMMUNITY,GOBP|GOBP_REGULATION_OF_LYMPHOCYTE_MEDIATED_IMMUNITY,HLRT_post_vs_pre,0.003821179392816343,0.5337436765972752,0.5947045040695369,0.8088813009896848
GOBP,GOBP_REGULATION_OF_MEMBRANE_POTENTIAL,GOBP|GOBP_REGULATION_OF_MEMBRANE_POTENTIAL,HLRT_post_vs_pre,-0.0012837402904734285,-0.47235673682864876,0.6377024157162835,0.8371335251523734
GOBP,GOBP_REGULATION_OF_MICROTUBULE_BASED_PROCESS,GOBP|GOBP_REGULATION_OF_MICROTUBULE_BASED_PROCESS,HLRT_post_vs_pre,-0.008958094970645111,-2.07428607027403,0.040624087162205426,0.24311953701689093
GOBP,GOBP_REGULATION_OF_MITOCHONDRIAL_MEMBRANE_POTENTIAL,GOBP|GOBP_REGULATION_OF_MITOCHONDRIAL_MEMBRANE_POTENTIAL,HLRT_post_vs_pre,0.0037058377903982087,0.9401729813303491,0.34939659165104364,0.6456782620059666
GOBP,GOBP_REGULATION_OF_MITOCHONDRION_ORGANIZATION,GOBP|GOBP_REGULATION_OF_MITOCHONDRION_ORGANIZATION,HLRT_post_vs_pre,0.00957571244673984,2.080089293372461,0.0400769650947859,0.24277911705376357
GOBP,GOBP_REGULATION_OF_MONONUCLEAR_CELL_MIGRATION,GOBP|GOBP_REGULATION_OF_MONONUCLEAR_CELL_MIGRATION,HLRT_post_vs_pre,0.005637494416354999,0.7742971029623709,0.44058375734469635,0.7249827291895802
GOBP,GOBP_REGULATION_OF_MRNA_METABOLIC_PROCESS,GOBP|GOBP_REGULATION_OF_MRNA_METABOLIC_PROCESS,HLRT_post_vs_pre,-0.004544035555527133,-0.839832664740232,0.4030075866930233,0.6967553387714935
GOBP,GOBP_REGULATION_OF_MUSCLE_CELL_DIFFERENTIATION,GOBP|GOBP_REGULATION_OF_MUSCLE_CELL_DIFFERENTIATION,HLRT_post_vs_pre,-0.02254650535479262,-1.7609017242779823,0.08131500177224328,0.3185531044730498
GOBP,GOBP_REGULATION_OF_MUSCLE_HYPERTROPHY,GOBP|GOBP_REGULATION_OF_MUSCLE_HYPERTROPHY,HLRT_post_vs_pre,-0.0020547847325834874,-0.40406172201072216,0.6870310185801664,0.8705376750087449
GOBP,GOBP_REGULATION_OF_MUSCLE_SYSTEM_PROCESS,GOBP|GOBP_REGULATION_OF_MUSCLE_SYSTEM_PROCESS,HLRT_post_vs_pre,-0.01143909884148897,-2.5245912319842447,0.01315744790138596,0.17094036482795238
GOBP,GOBP_REGULATION_OF_MYELOID_LEUKOCYTE_DIFFERENTIATION,GOBP|GOBP_REGULATION_OF_MYELOID_LEUKOCYTE_DIFFERENTIATION,HLRT_post_vs_pre,-5.602000302356303e-4,-0.07593317905338964,0.9396241165766419,0.982563928355682
GOBP,GOBP_REGULATION_OF_NERVOUS_SYSTEM_DEVELOPMENT,GOBP|GOBP_REGULATION_OF_NERVOUS_SYSTEM_DEVELOPMENT,HLRT_post_vs_pre,0.0018565132108143978,0.4737497017521829,0.6367121110415073,0.8371335251523734
GOBP,GOBP_REGULATION_OF_NEURON_DIFFERENTIATION,GOBP|GOBP_REGULATION_OF_NEURON_DIFFERENTIATION,HLRT_post_vs_pre,-0.00788550016488132,-1.777760506952623,0.0784859746176672,0.31675338143009724
GOBP,GOBP_REGULATION_OF_NEURON_PROJECTION_DEVELOPMENT,GOBP|GOBP_REGULATION_OF_NEURON_PROJECTION_DEVELOPMENT,HLRT_post_vs_pre,0.003134414255789031,0.7480094432093494,0.4562117292944482,0.7255645723582931
GOBP,GOBP_REGULATION_OF_NUCLEAR_DIVISION,GOBP|GOBP_REGULATION_OF_NUCLEAR_DIVISION,HLRT_post_vs_pre,-0.007530941167066117,-1.65014052336748,0.10205492779460923,0.36255129600094055
GOBP,GOBP_REGULATION_OF_NUCLEOTIDE_METABOLIC_PROCESS,GOBP|GOBP_REGULATION_OF_NUCLEOTIDE_METABOLIC_PROCESS,HLRT_post_vs_pre,0.0013576286151321115,0.3208800066145029,0.7489716115414412,0.8978427022792623
GOBP,GOBP_REGULATION_OF_ORGANELLE_ASSEMBLY,GOBP|GOBP_REGULATION_OF_ORGANELLE_ASSEMBLY,HLRT_post_vs_pre,0.0016870727741805785,0.39141765730239164,0.6963221607495478,0.8752640782608443
GOBP,GOBP_REGULATION_OF_ORGANIC_ACID_TRANSPORT,GOBP|GOBP_REGULATION_OF_ORGANIC_ACID_TRANSPORT,HLRT_post_vs_pre,0.0053302934791965295,1.0088741616959926,0.3154723286251861,0.6213606877731513
GOBP,GOBP_REGULATION_OF_PH,GOBP|GOBP_REGULATION_OF_PH,HLRT_post_vs_pre,0.0023190789902543044,0.3266829217965696,0.7445911626351729,0.8939690193366736
GOBP,GOBP_REGULATION_OF_PHAGOCYTOSIS,GOBP|GOBP_REGULATION_OF_PHAGOCYTOSIS,HLRT_post_vs_pre,-0.0015359385298346073,-0.3714650008833641,0.711077880383602,0.8810811211121922
GOBP,GOBP_REGULATION_OF_PHOSPHORYLATION,GOBP|GOBP_REGULATION_OF_PHOSPHORYLATION,HLRT_post_vs_pre,-0.008192913058633844,-2.1856407043227066,0.031178224540558883,0.21102907780004554
GOBP,GOBP_REGULATION_OF_PLASMA_LIPOPROTEIN_PARTICLE_LEVELS,GOBP|GOBP_REGULATION_OF_PLASMA_LIPOPROTEIN_PARTICLE_LEVELS,HLRT_post_vs_pre,-0.0043200145251268696,-0.6989996726459928,0.486176432107262,0.7460458859555225
GOBP,GOBP_REGULATION_OF_POLYSACCHARIDE_METABOLIC_PROCESS,GOBP|GOBP_REGULATION_OF_POLYSACCHARIDE_METABOLIC_PROCESS,HLRT_post_vs_pre,0.0072444431751228465,0.953325323333929,0.3427262509243346,0.643035813612748
GOBP,GOBP_REGULATION_OF_POSTSYNAPTIC_MEMBRANE_NEUROTRANSMITTER_RECEPTOR_LEVELS,GOBP|GOBP_REGULATION_OF_POSTSYNAPTIC_MEMBRANE_NEUROTRANSMITTER_RECEPTOR_LEVELS,HLRT_post_vs_pre,-0.012536177232047448,-2.1848444520088472,0.031238320497651174,0.21102907780004554
GOBP,GOBP_REGULATION_OF_POST_TRANSLATIONAL_PROTEIN_MODIFICATION,GOBP|GOBP_REGULATION_OF_POST_TRANSLATIONAL_PROTEIN_MODIFICATION,HLRT_post_vs_pre,-0.009642131708214818,-2.8790787897030374,0.004879325316198673,0.10846043131435906
GOBP,GOBP_REGULATION_OF_POTASSIUM_ION_TRANSMEMBRANE_TRANSPORT,GOBP|GOBP_REGULATION_OF_POTASSIUM_ION_TRANSMEMBRANE_TRANSPORT,HLRT_post_vs_pre,0.003690035704897149,0.7278869202631466,0.4683854062540186,0.7332069337336549
GOBP,GOBP_REGULATION_OF_PROTEIN_CATABOLIC_PROCESS,GOBP|GOBP_REGULATION_OF_PROTEIN_CATABOLIC_PROCESS,HLRT_post_vs_pre,-0.005537977977079944,-1.941988640560919,0.05495491048858529,0.2758381958717378
GOBP,GOBP_REGULATION_OF_PROTEIN_CONTAINING_COMPLEX_ASSEMBLY,GOBP|GOBP_REGULATION_OF_PROTEIN_CONTAINING_COMPLEX_ASSEMBLY,HLRT_post_vs_pre,-4.807744585714063e-4,-0.1316354798001235,0.8955373636268902,0.9717267348699032
GOBP,GOBP_REGULATION_OF_PROTEIN_CONTAINING_COMPLEX_DISASSEMBLY,GOBP|GOBP_REGULATION_OF_PROTEIN_CONTAINING_COMPLEX_DISASSEMBLY,HLRT_post_vs_pre,-0.01288619345119317,-1.4403324516213651,0.15290001792068508,0.43573704740766667
GOBP,GOBP_REGULATION_OF_PROTEIN_IMPORT_INTO_NUCLEUS,GOBP|GOBP_REGULATION_OF_PROTEIN_IMPORT_INTO_NUCLEUS,HLRT_post_vs_pre,-0.011130385370312773,-2.2029462038516257,0.02989677142947466,0.2109015669940162
GOBP,GOBP_REGULATION_OF_PROTEIN_LOCALIZATION_TO_MEMBRANE,GOBP|GOBP_REGULATION_OF_PROTEIN_LOCALIZATION_TO_MEMBRANE,HLRT_post_vs_pre,-0.0041317625422104785,-0.9136321367465978,0.36310992118530805,0.6615913786467673
GOBP,GOBP_REGULATION_OF_PROTEIN_MATURATION,GOBP|GOBP_REGULATION_OF_PROTEIN_MATURATION,HLRT_post_vs_pre,0.01101315120206256,1.4028060225975456,0.16377487255234952,0.4486508832596054
GOBP,GOBP_REGULATION_OF_PROTEIN_SERINE_THREONINE_KINASE_ACTIVITY,GOBP|GOBP_REGULATION_OF_PROTEIN_SERINE_THREONINE_KINASE_ACTIVITY,HLRT_post_vs_pre,-0.020913380772102114,-3.323444873999088,0.0012435969151313707,0.048375919998610316
GOBP,GOBP_REGULATION_OF_PROTEIN_STABILITY,GOBP|GOBP_REGULATION_OF_PROTEIN_STABILITY,HLRT_post_vs_pre,-0.007516085201657863,-2.5086036816017385,0.013730102943327022,0.17094036482795238
GOBP,GOBP_REGULATION_OF_PROTEIN_TARGETING,GOBP|GOBP_REGULATION_OF_PROTEIN_TARGETING,HLRT_post_vs_pre,-0.007587275153530068,-1.3799142415431889,0.17069355928852592,0.4611096844669207
GOBP,GOBP_REGULATION_OF_PROTEIN_TRANSPORT,GOBP|GOBP_REGULATION_OF_PROTEIN_TRANSPORT,HLRT_post_vs_pre,-9.865177287918248e-4,-0.31091194249546505,0.7565153617528828,0.9013307066519798
GOBP,GOBP_REGULATION_OF_RECEPTOR_MEDIATED_ENDOCYTOSIS,GOBP|GOBP_REGULATION_OF_RECEPTOR_MEDIATED_ENDOCYTOSIS,HLRT_post_vs_pre,-0.0017898639377742394,-0.27741439907280024,0.7820351760561394,0.9176823031247006
GOBP,GOBP_REGULATION_OF_REGULATED_SECRETORY_PATHWAY,GOBP|GOBP_REGULATION_OF_REGULATED_SECRETORY_PATHWAY,HLRT_post_vs_pre,2.4527320946889086e-4,0.03354370824386534,0.9733079402430023,0.9911434260589734
GOBP,GOBP_REGULATION_OF_RELEASE_OF_SEQUESTERED_CALCIUM_ION_INTO_CYTOSOL,GOBP|GOBP_REGULATION_OF_RELEASE_OF_SEQUESTERED_CALCIUM_ION_INTO_CYTOSOL,HLRT_post_vs_pre,-0.003948315132537822,-0.7882889109221973,0.43239429192827206,0.7249827291895802
GOBP,GOBP_REGULATION_OF_REPRODUCTIVE_PROCESS,GOBP|GOBP_REGULATION_OF_REPRODUCTIVE_PROCESS,HLRT_post_vs_pre,-0.0035282805266399903,-0.5602596178151159,0.5765566053547082,0.7997450162016971
GOBP,GOBP_REGULATION_OF_RESPONSE_TO_CYTOKINE_STIMULUS,GOBP|GOBP_REGULATION_OF_RESPONSE_TO_CYTOKINE_STIMULUS,HLRT_post_vs_pre,-0.0016398150470722586,-0.3913307274790581,0.6963862010841422,0.8752640782608443
GOBP,GOBP_REGULATION_OF_RESPONSE_TO_ENDOPLASMIC_RETICULUM_STRESS,GOBP|GOBP_REGULATION_OF_RESPONSE_TO_ENDOPLASMIC_RETICULUM_STRESS,HLRT_post_vs_pre,0.005424972266903447,1.2470089088819463,0.2153098970649842,0.5258829666703781
GOBP,GOBP_REGULATION_OF_RESPONSE_TO_WOUNDING,GOBP|GOBP_REGULATION_OF_RESPONSE_TO_WOUNDING,HLRT_post_vs_pre,-0.0011317595346039475,-0.20883818540056157,0.8349997881835852,0.9374167896202443
GOBP,GOBP_REGULATION_OF_RNA_SPLICING,GOBP|GOBP_REGULATION_OF_RNA_SPLICING,HLRT_post_vs_pre,-0.0010353368352068529,-0.1333934226413383,0.894150585415185,0.9717267348699032
GOBP,GOBP_REGULATION_OF_SIGNALING_RECEPTOR_ACTIVITY,GOBP|GOBP_REGULATION_OF_SIGNALING_RECEPTOR_ACTIVITY,HLRT_post_vs_pre,-0.005635363490459261,-0.9483455052560342,0.3452420340608654,0.643035813612748
GOBP,GOBP_REGULATION_OF_SMALL_GTPASE_MEDIATED_SIGNAL_TRANSDUCTION,GOBP|GOBP_REGULATION_OF_SMALL_GTPASE_MEDIATED_SIGNAL_TRANSDUCTION,HLRT_post_vs_pre,-0.005371781519984634,-1.1825985177182519,0.23977524271810097,0.5438633785267714
GOBP,GOBP_REGULATION_OF_SMALL_MOLECULE_METABOLIC_PROCESS,GOBP|GOBP_REGULATION_OF_SMALL_MOLECULE_METABOLIC_PROCESS,HLRT_post_vs_pre,0.00567038529300018,1.8835491586074613,0.0625343452845275,0.2934488128941499
GOBP,GOBP_REGULATION_OF_STEROID_METABOLIC_PROCESS,GOBP|GOBP_REGULATION_OF_STEROID_METABOLIC_PROCESS,HLRT_post_vs_pre,0.0061361551391650865,1.1266220540342344,0.262601270123908,0.564375105404421
GOBP,GOBP_REGULATION_OF_STRIATED_MUSCLE_CONTRACTION,GOBP|GOBP_REGULATION_OF_STRIATED_MUSCLE_CONTRACTION,HLRT_post_vs_pre,-0.01007019706841239,-1.5600103529337124,0.12191983407114304,0.39854466767793817
GOBP,GOBP_REGULATION_OF_SUPRAMOLECULAR_FIBER_ORGANIZATION,GOBP|GOBP_REGULATION_OF_SUPRAMOLECULAR_FIBER_ORGANIZATION,HLRT_post_vs_pre,-0.00806012169482375,-1.6471645343460497,0.10266632583966484,0.3630654613784511
GOBP,GOBP_REGULATION_OF_SYNAPSE_STRUCTURE_OR_ACTIVITY,GOBP|GOBP_REGULATION_OF_SYNAPSE_STRUCTURE_OR_ACTIVITY,HLRT_post_vs_pre,0.0021204926559473536,0.4703247237042436,0.6391482184325319,0.8371335251523734
GOBP,GOBP_REGULATION_OF_SYNAPTIC_PLASTICITY,GOBP|GOBP_REGULATION_OF_SYNAPTIC_PLASTICITY,HLRT_post_vs_pre,-0.01514551900370385,-3.5804526248560484,5.315128595961607e-4,0.0413517004765813
GOBP,GOBP_REGULATION_OF_SYSTEMIC_ARTERIAL_BLOOD_PRESSURE,GOBP|GOBP_REGULATION_OF_SYSTEMIC_ARTERIAL_BLOOD_PRESSURE,HLRT_post_vs_pre,-0.0043779258570657564,-0.6374059201432647,0.525318613684644,0.7696574783727396
GOBP,GOBP_REGULATION_OF_THE_FORCE_OF_HEART_CONTRACTION,GOBP|GOBP_REGULATION_OF_THE_FORCE_OF_HEART_CONTRACTION,HLRT_post_vs_pre,0.00666771334413252,0.8769768377446213,0.38260325440566323,0.6734509772117783
GOBP,GOBP_REGULATION_OF_TRANSLATION,GOBP|GOBP_REGULATION_OF_TRANSLATION,HLRT_post_vs_pre,0.0014622593632536152,0.382502901472437,0.7029009406582868,0.8763848690037793
GOBP,GOBP_REGULATION_OF_TRANSMEMBRANE_TRANSPORT,GOBP|GOBP_REGULATION_OF_TRANSMEMBRANE_TRANSPORT,HLRT_post_vs_pre,-0.004287889855034255,-1.9673448609293571,0.05191660038671855,0.27356476394497553
GOBP,GOBP_REGULATION_OF_TRANSMEMBRANE_TRANSPORTER_ACTIVITY,GOBP|GOBP_REGULATION_OF_TRANSMEMBRANE_TRANSPORTER_ACTIVITY,HLRT_post_vs_pre,-0.010021624402396484,-2.4656653153377066,0.015380238480664096,0.17094036482795238
GOBP,GOBP_REGULATION_OF_TUMOR_NECROSIS_FACTOR_MEDIATED_SIGNALING_PATHWAY,GOBP|GOBP_REGULATION_OF_TUMOR_NECROSIS_FACTOR_MEDIATED_SIGNALING_PATHWAY,HLRT_post_vs_pre,-0.016649304591722244,-2.458667816312407,0.01566533985669342,0.17165682265503496
GOBP,GOBP_REGULATION_OF_UBIQUITIN_DEPENDENT_PROTEIN_CATABOLIC_PROCESS,GOBP|GOBP_REGULATION_OF_UBIQUITIN_DEPENDENT_PROTEIN_CATABOLIC_PROCESS,HLRT_post_vs_pre,-0.0045361510278065,-1.242605180257187,0.21692215777853166,0.5258829666703781
GOBP,GOBP_REGULATION_OF_VACUOLE_ORGANIZATION,GOBP|GOBP_REGULATION_OF_VACUOLE_ORGANIZATION,HLRT_post_vs_pre,-0.005420670311135634,-0.6629187145206499,0.5089092845521315,0.7584893168229085
GOBP,GOBP_REGULATION_OF_VASCULATURE_DEVELOPMENT,GOBP|GOBP_REGULATION_OF_VASCULATURE_DEVELOPMENT,HLRT_post_vs_pre,-0.0037063149620216677,-0.6689280932619242,0.5050842179420435,0.7556836953055959
GOBP,GOBP_REGULATION_OF_VIRAL_PROCESS,GOBP|GOBP_REGULATION_OF_VIRAL_PROCESS,HLRT_post_vs_pre,-0.003584209191461296,-0.8863086568445468,0.3775798022869482,0.6715249962127013
GOBP,GOBP_RELAXATION_OF_MUSCLE,GOBP|GOBP_RELAXATION_OF_MUSCLE,HLRT_post_vs_pre,-0.0017837250762205437,-0.3073946198944553,0.7591829176701264,0.90174703808757
GOBP,GOBP_RELEASE_OF_CYTOCHROME_C_FROM_MITOCHONDRIA,GOBP|GOBP_RELEASE_OF_CYTOCHROME_C_FROM_MITOCHONDRIA,HLRT_post_vs_pre,0.005199057808890642,0.861861636285876,0.3908277240416693,0.681757778709459
GOBP,GOBP_RENAL_SYSTEM_DEVELOPMENT,GOBP|GOBP_RENAL_SYSTEM_DEVELOPMENT,HLRT_post_vs_pre,-0.004498985477310188,-0.6930004982262271,0.4899171815458807,0.7470003724219659
GOBP,GOBP_RENAL_SYSTEM_PROCESS,GOBP|GOBP_RENAL_SYSTEM_PROCESS,HLRT_post_vs_pre,-0.0045973655885478415,-0.9863494836353502,0.32634453062813906,0.6308309685962403
GOBP,GOBP_REPRODUCTIVE_SYSTEM_DEVELOPMENT,GOBP|GOBP_REPRODUCTIVE_SYSTEM_DEVELOPMENT,HLRT_post_vs_pre,-0.01013576974950979,-2.2898697019395153,0.024131949931969567,0.19324814980306732
GOBP,GOBP_RESPIRATORY_SYSTEM_DEVELOPMENT,GOBP|GOBP_RESPIRATORY_SYSTEM_DEVELOPMENT,HLRT_post_vs_pre,-0.0038613356108336064,-0.4936556777959889,0.6226329387076737,0.8320875309811107
GOBP,GOBP_RESPONSE_TO_ACID_CHEMICAL,GOBP|GOBP_RESPONSE_TO_ACID_CHEMICAL,HLRT_post_vs_pre,-0.016180964343918868,-2.009451410233338,0.047186413106590545,0.2615206661566556
GOBP,GOBP_RESPONSE_TO_ACTIVITY,GOBP|GOBP_RESPONSE_TO_ACTIVITY,HLRT_post_vs_pre,-0.016624146749043972,-3.339844616531601,0.0011794326462022822,0.048375919998610316
GOBP,GOBP_RESPONSE_TO_ALCOHOL,GOBP|GOBP_RESPONSE_TO_ALCOHOL,HLRT_post_vs_pre,-7.476634783521174e-4,-0.16482620421617408,0.8694138340850229,0.9567241342548061
GOBP,GOBP_RESPONSE_TO_ALKALOID,GOBP|GOBP_RESPONSE_TO_ALKALOID,HLRT_post_vs_pre,-0.007583204335240512,-1.7126483986299497,0.08987942034350391,0.33618360109252904
GOBP,GOBP_RESPONSE_TO_AMINO_ACID_STARVATION,GOBP|GOBP_RESPONSE_TO_AMINO_ACID_STARVATION,HLRT_post_vs_pre,-0.003963333961451931,-0.5289973194817879,0.5979807348042931,0.8101609666015706
GOBP,GOBP_RESPONSE_TO_ANGIOTENSIN,GOBP|GOBP_RESPONSE_TO_ANGIOTENSIN,HLRT_post_vs_pre,-0.005672070986880228,-0.6944494023161407,0.4890122886156103,0.7470003724219659
GOBP,GOBP_RESPONSE_TO_AXON_INJURY,GOBP|GOBP_RESPONSE_TO_AXON_INJURY,HLRT_post_vs_pre,-0.009854033020526329,-2.0130206701401647,0.04680292291396514,0.2615206661566556
GOBP,GOBP_RESPONSE_TO_BMP,GOBP|GOBP_RESPONSE_TO_BMP,HLRT_post_vs_pre,-0.010412163938228223,-1.665070350937441,0.09903194951278917,0.35809642215175685
GOBP,GOBP_RESPONSE_TO_CADMIUM_ION,GOBP|GOBP_RESPONSE_TO_CADMIUM_ION,HLRT_post_vs_pre,-0.01736818216429628,-2.4909418330362136,0.014388618053621566,0.17094036482795238
GOBP,GOBP_RESPONSE_TO_CALCIUM_ION,GOBP|GOBP_RESPONSE_TO_CALCIUM_ION,HLRT_post_vs_pre,0.009930542964058292,2.4244168982345533,0.01713002267299991,0.1730799693453757
GOBP,GOBP_RESPONSE_TO_CARBOHYDRATE,GOBP|GOBP_RESPONSE_TO_CARBOHYDRATE,HLRT_post_vs_pre,-0.010993066751098929,-2.694023784652881,0.008281961822649637,0.15341348328622423
GOBP,GOBP_RESPONSE_TO_CORTICOSTEROID,GOBP|GOBP_RESPONSE_TO_CORTICOSTEROID,HLRT_post_vs_pre,-0.006265984392806678,-1.2423038552270802,0.2170327981159403,0.5258829666703781
GOBP,GOBP_RESPONSE_TO_ENDOPLASMIC_RETICULUM_STRESS,GOBP|GOBP_RESPONSE_TO_ENDOPLASMIC_RETICULUM_STRESS,HLRT_post_vs_pre,-0.003709039854019623,-1.2166348801867237,0.22660974194710812,0.5283906742908059
GOBP,GOBP_RESPONSE_TO_ESTRADIOL,GOBP|GOBP_RESPONSE_TO_ESTRADIOL,HLRT_post_vs_pre,0.003652036307294604,0.7069573426227502,0.48123876171285174,0.7458242163597583
GOBP,GOBP_RESPONSE_TO_ETHANOL,GOBP|GOBP_RESPONSE_TO_ETHANOL,HLRT_post_vs_pre,0.002721873569767941,0.6294574740681416,0.5304864851816798,0.7714870703580795
GOBP,GOBP_RESPONSE_TO_FATTY_ACID,GOBP|GOBP_RESPONSE_TO_FATTY_ACID,HLRT_post_vs_pre,0.005962295924509947,0.7766467734012908,0.4392022109361664,0.7249827291895802
GOBP,GOBP_RESPONSE_TO_FIBROBLAST_GROWTH_FACTOR,GOBP|GOBP_RESPONSE_TO_FIBROBLAST_GROWTH_FACTOR,HLRT_post_vs_pre,-0.009381283147712485,-0.8230498343012799,0.4124400217968013,0.7052271141932118
GOBP,GOBP_RESPONSE_TO_INTERLEUKIN_1,GOBP|GOBP_RESPONSE_TO_INTERLEUKIN_1,HLRT_post_vs_pre,-0.023476321876781586,-2.305067583320734,0.02323132360136966,0.19324814980306732
GOBP,GOBP_RESPONSE_TO_IONIZING_RADIATION,GOBP|GOBP_RESPONSE_TO_IONIZING_RADIATION,HLRT_post_vs_pre,-0.011034156071904229,-2.4280187566966682,0.016970454328004148,0.1730799693453757
GOBP,GOBP_RESPONSE_TO_ISCHEMIA,GOBP|GOBP_RESPONSE_TO_ISCHEMIA,HLRT_post_vs_pre,0.0019170590056166725,0.3538987530084489,0.724160578544521,0.882311542175527
GOBP,GOBP_RESPONSE_TO_KETONE,GOBP|GOBP_RESPONSE_TO_KETONE,HLRT_post_vs_pre,-0.004513272521869546,-0.663930586228371,0.5082641347912297,0.7584893168229085
GOBP,GOBP_RESPONSE_TO_LEUKEMIA_INHIBITORY_FACTOR,GOBP|GOBP_RESPONSE_TO_LEUKEMIA_INHIBITORY_FACTOR,HLRT_post_vs_pre,-0.008616541948634052,-1.6546507605352758,0.10113393883708766,0.3609275431892394
GOBP,GOBP_RESPONSE_TO_MECHANICAL_STIMULUS,GOBP|GOBP_RESPONSE_TO_MECHANICAL_STIMULUS,HLRT_post_vs_pre,-0.011185070375383452,-1.687841497302947,0.09456136866948607,0.349914270885172
GOBP,GOBP_RESPONSE_TO_METAL_ION,GOBP|GOBP_RESPONSE_TO_METAL_ION,HLRT_post_vs_pre,-0.0046731329670379185,-1.4567751286089352,0.14831443186105375,0.43238960733086307
GOBP,GOBP_RESPONSE_TO_MOLECULE_OF_BACTERIAL_ORIGIN,GOBP|GOBP_RESPONSE_TO_MOLECULE_OF_BACTERIAL_ORIGIN,HLRT_post_vs_pre,-0.004305319415434633,-0.979715303828912,0.3295932910894407,0.6347118328405565
GOBP,GOBP_RESPONSE_TO_NERVE_GROWTH_FACTOR,GOBP|GOBP_RESPONSE_TO_NERVE_GROWTH_FACTOR,HLRT_post_vs_pre,0.014881750745513692,1.7394091831511702,0.08504287763751443,0.3252649056441157
GOBP,GOBP_RESPONSE_TO_NUTRIENT,GOBP|GOBP_RESPONSE_TO_NUTRIENT,HLRT_post_vs_pre,0.001431708422714395,0.295771591338728,0.7680184284283876,0.9094647447751684
GOBP,GOBP_RESPONSE_TO_OSMOTIC_STRESS,GOBP|GOBP_RESPONSE_TO_OSMOTIC_STRESS,HLRT_post_vs_pre,0.00328086150233671,0.6244594013633549,0.5337494678354386,0.7718533196579392
GOBP,GOBP_RESPONSE_TO_OXIDATIVE_STRESS,GOBP|GOBP_RESPONSE_TO_OXIDATIVE_STRESS,HLRT_post_vs_pre,-0.006984989825898513,-2.918097129933396,0.004350871159736526,0.1057805550710943
GOBP,GOBP_RESPONSE_TO_OXYGEN_LEVELS,GOBP|GOBP_RESPONSE_TO_OXYGEN_LEVELS,HLRT_post_vs_pre,-0.003790164521071282,-1.4526367408893386,0.1494583949591028,0.43238960733086307
GOBP,GOBP_RESPONSE_TO_PEPTIDE_HORMONE,GOBP|GOBP_RESPONSE_TO_PEPTIDE_HORMONE,HLRT_post_vs_pre,-0.0019961472046640116,-0.8251372190509294,0.41125966764198174,0.7052271141932118
GOBP,GOBP_RESPONSE_TO_PURINE_CONTAINING_COMPOUND,GOBP|GOBP_RESPONSE_TO_PURINE_CONTAINING_COMPOUND,HLRT_post_vs_pre,-0.004379577998672099,-0.9751701135924581,0.3318313063193695,0.6353706827582406
GOBP,GOBP_RESPONSE_TO_RADIATION,GOBP|GOBP_RESPONSE_TO_RADIATION,HLRT_post_vs_pre,-0.005548978745493045,-1.960017506639371,0.05277959027760973,0.27375014157320243
GOBP,GOBP_RESPONSE_TO_REACTIVE_OXYGEN_SPECIES,GOBP|GOBP_RESPONSE_TO_REACTIVE_OXYGEN_SPECIES,HLRT_post_vs_pre,-0.002747591204717348,-0.9462311956148095,0.346313779844845,0.643035813612748
GOBP,GOBP_RESPONSE_TO_STEROID_HORMONE,GOBP|GOBP_RESPONSE_TO_STEROID_HORMONE,HLRT_post_vs_pre,-0.006399126230666352,-1.917788604450056,0.05799370794980592,0.2854508475014736
GOBP,GOBP_RESPONSE_TO_TEMPERATURE_STIMULUS,GOBP|GOBP_RESPONSE_TO_TEMPERATURE_STIMULUS,HLRT_post_vs_pre,-0.005076346465499565,-1.293225648658976,0.19891550677374256,0.49926335886654166
GOBP,GOBP_RESPONSE_TO_TOPOLOGICALLY_INCORRECT_PROTEIN,GOBP|GOBP_RESPONSE_TO_TOPOLOGICALLY_INCORRECT_PROTEIN,HLRT_post_vs_pre,-0.003370411084515315,-0.9740478435682368,0.3323854342964061,0.6353706827582406
GOBP,GOBP_RESPONSE_TO_TOXIC_SUBSTANCE,GOBP|GOBP_RESPONSE_TO_TOXIC_SUBSTANCE,HLRT_post_vs_pre,-0.004931129182220634,-1.4060447051699616,0.16281360095533395,0.44848860472208474
GOBP,GOBP_RESPONSE_TO_TUMOR_NECROSIS_FACTOR,GOBP|GOBP_RESPONSE_TO_TUMOR_NECROSIS_FACTOR,HLRT_post_vs_pre,-0.003180588659102257,-0.670042907710432,0.5043763149980848,0.7556836953055959
GOBP,GOBP_RESPONSE_TO_TYPE_II_INTERFERON,GOBP|GOBP_RESPONSE_TO_TYPE_II_INTERFERON,HLRT_post_vs_pre,-0.005418470992711588,-1.40022644994483,0.16454361543966167,0.44917520284932205
GOBP,GOBP_RESPONSE_TO_TYPE_I_INTERFERON,GOBP|GOBP_RESPONSE_TO_TYPE_I_INTERFERON,HLRT_post_vs_pre,-0.002769232056528681,-0.6320938921084236,0.5287694553448434,0.7714870703580795
GOBP,GOBP_RESPONSE_TO_UV,GOBP|GOBP_RESPONSE_TO_UV,HLRT_post_vs_pre,-0.006238486541939956,-1.192645756915879,0.23583317710028903,0.5377046094473412
GOBP,GOBP_RESPONSE_TO_VIRUS,GOBP|GOBP_RESPONSE_TO_VIRUS,HLRT_post_vs_pre,2.77015053147988e-4,0.09311416337415543,0.9259993482059201,0.9819538494193706
GOBP,GOBP_RESPONSE_TO_VITAMIN,GOBP|GOBP_RESPONSE_TO_VITAMIN,HLRT_post_vs_pre,0.0037679157568494825,0.6359005655673251,0.5262953451083515,0.7696574783727396
GOBP,GOBP_RESPONSE_TO_XENOBIOTIC_STIMULUS,GOBP|GOBP_RESPONSE_TO_XENOBIOTIC_STIMULUS,HLRT_post_vs_pre,-0.0074697966120022274,-1.6860883151905692,0.09489962873620988,0.349914270885172
GOBP,GOBP_RETINA_DEVELOPMENT_IN_CAMERA_TYPE_EYE,GOBP|GOBP_RETINA_DEVELOPMENT_IN_CAMERA_TYPE_EYE,HLRT_post_vs_pre,0.012032709407760592,1.0569642854496977,0.2930771138360494,0.6011556504467056
GOBP,GOBP_RETROGRADE_VESICLE_MEDIATED_TRANSPORT_GOLGI_TO_ENDOPLASMIC_RETICULUM,GOBP|GOBP_RETROGRADE_VESICLE_MEDIATED_TRANSPORT_GOLGI_TO_ENDOPLASMIC_RETICULUM,HLRT_post_vs_pre,0.020852491346587315,2.283539624181266,0.024516044592974705,0.19324814980306732
GOBP,GOBP_RHO_PROTEIN_SIGNAL_TRANSDUCTION,GOBP|GOBP_RHO_PROTEIN_SIGNAL_TRANSDUCTION,HLRT_post_vs_pre,-0.006282028045012933,-0.6840679029509404,0.4955160545616002,0.7514843868400096
GOBP,GOBP_RHYTHMIC_PROCESS,GOBP|GOBP_RHYTHMIC_PROCESS,HLRT_post_vs_pre,-0.003840621053120788,-1.078835613858768,0.2832589366349862,0.5876678738720514
GOBP,GOBP_RIBOSE_PHOSPHATE_METABOLIC_PROCESS,GOBP|GOBP_RIBOSE_PHOSPHATE_METABOLIC_PROCESS,HLRT_post_vs_pre,0.00179596050500197,0.6414480848214817,0.5227005689509083,0.7675190548057269
GOBP,GOBP_RIBOSOMAL_LARGE_SUBUNIT_BIOGENESIS,GOBP|GOBP_RIBOSOMAL_LARGE_SUBUNIT_BIOGENESIS,HLRT_post_vs_pre,0.01300497211275306,1.0317365784647445,0.3046868528095132,0.6093737056190264
GOBP,GOBP_RIBOSOMAL_SMALL_SUBUNIT_BIOGENESIS,GOBP|GOBP_RIBOSOMAL_SMALL_SUBUNIT_BIOGENESIS,HLRT_post_vs_pre,-0.0031611066613868033,-0.22689379521161124,0.8209699699941475,0.9374167896202443
GOBP,GOBP_RIBOSOME_ASSEMBLY,GOBP|GOBP_RIBOSOME_ASSEMBLY,HLRT_post_vs_pre,0.00755694774318616,0.8640052376111659,0.3896547598513235,0.6812391082344487
GOBP,GOBP_RIBOSOME_BIOGENESIS,GOBP|GOBP_RIBOSOME_BIOGENESIS,HLRT_post_vs_pre,5.7108375345255036e-5,0.005632972273836205,0.9955167953677955,0.9974193099064115
GOBP,GOBP_RNA_EXPORT_FROM_NUCLEUS,GOBP|GOBP_RNA_EXPORT_FROM_NUCLEUS,HLRT_post_vs_pre,-0.00977639477908368,-1.1635003596169318,0.24739799104143373,0.550006116626775
GOBP,GOBP_RNA_LOCALIZATION,GOBP|GOBP_RNA_LOCALIZATION,HLRT_post_vs_pre,0.006452312525958841,1.2139813037296066,0.22761696345800186,0.5283906742908059
GOBP,GOBP_RNA_MODIFICATION,GOBP|GOBP_RNA_MODIFICATION,HLRT_post_vs_pre,-0.010442880247757122,-1.460286087768538,0.14734924004644886,0.43238960733086307
GOBP,GOBP_RNA_SPLICING,GOBP|GOBP_RNA_SPLICING,HLRT_post_vs_pre,-5.114703928608272e-4,-0.08102970751045448,0.9355804399213719,0.9819538494193706
GOBP,GOBP_RRNA_METABOLIC_PROCESS,GOBP|GOBP_RRNA_METABOLIC_PROCESS,HLRT_post_vs_pre,-0.0012097400967602256,-0.12367026191241956,0.9018248374632405,0.9738171782621146
GOBP,GOBP_SENSORY_ORGAN_MORPHOGENESIS,GOBP|GOBP_SENSORY_ORGAN_MORPHOGENESIS,HLRT_post_vs_pre,0.006019298460724198,0.7616811161600923,0.44804475096977736,0.725476186005477
GOBP,GOBP_SENSORY_PERCEPTION_OF_LIGHT_STIMULUS,GOBP|GOBP_SENSORY_PERCEPTION_OF_LIGHT_STIMULUS,HLRT_post_vs_pre,-1.7752573440654382e-4,-0.02035336277037368,0.9838020834403831,0.9946541980591793
GOBP,GOBP_SENSORY_PERCEPTION_OF_MECHANICAL_STIMULUS,GOBP|GOBP_SENSORY_PERCEPTION_OF_MECHANICAL_STIMULUS,HLRT_post_vs_pre,-0.008153859957184942,-1.7202525893252512,0.0884827644362639,0.3325584093304991
GOBP,GOBP_SENSORY_SYSTEM_DEVELOPMENT,GOBP|GOBP_SENSORY_SYSTEM_DEVELOPMENT,HLRT_post_vs_pre,-0.00872969831858797,-1.3470145517136054,0.18102317526306014,0.47903411685258773
GOBP,GOBP_SIGNAL_TRANSDUCTION_BY_P53_CLASS_MEDIATOR,GOBP|GOBP_SIGNAL_TRANSDUCTION_BY_P53_CLASS_MEDIATOR,HLRT_post_vs_pre,3.448499401772706e-4,0.07893433284409199,0.9372427494711802,0.9819538494193706
GOBP,GOBP_SIGNAL_TRANSDUCTION_IN_RESPONSE_TO_DNA_DAMAGE,GOBP|GOBP_SIGNAL_TRANSDUCTION_IN_RESPONSE_TO_DNA_DAMAGE,HLRT_post_vs_pre,-0.002072291346719041,-0.4500299982390441,0.6536638400518919,0.8489991111191517
GOBP,GOBP_SKELETAL_MUSCLE_CELL_DIFFERENTIATION,GOBP|GOBP_SKELETAL_MUSCLE_CELL_DIFFERENTIATION,HLRT_post_vs_pre,-0.014317201595719836,-2.1363662244642008,0.035092318681061205,0.22751519944888016
GOBP,GOBP_SKELETAL_MUSCLE_ORGAN_DEVELOPMENT,GOBP|GOBP_SKELETAL_MUSCLE_ORGAN_DEVELOPMENT,HLRT_post_vs_pre,-0.01941928276902205,-2.42974798717268,0.01689431799962657,0.1730799693453757
GOBP,GOBP_SKELETAL_SYSTEM_MORPHOGENESIS,GOBP|GOBP_SKELETAL_SYSTEM_MORPHOGENESIS,HLRT_post_vs_pre,0.006320246502169696,0.4408320819224213,0.6602870642579033,0.854747647242344
GOBP,GOBP_SMALL_MOLECULE_CATABOLIC_PROCESS,GOBP|GOBP_SMALL_MOLECULE_CATABOLIC_PROCESS,HLRT_post_vs_pre,0.0028466968462538267,0.7849486796021616,0.4343411724919387,0.7249827291895802
GOBP,GOBP_SMOOTH_MUSCLE_CONTRACTION,GOBP|GOBP_SMOOTH_MUSCLE_CONTRACTION,HLRT_post_vs_pre,0.0017372051051787098,0.17819073739605468,0.8589340221362578,0.9478732896766079
GOBP,GOBP_SODIUM_ION_TRANSPORT,GOBP|GOBP_SODIUM_ION_TRANSPORT,HLRT_post_vs_pre,0.0036427970642584906,0.7563856457887312,0.45119803335628095,0.7255645723582931
GOBP,GOBP_SPINDLE_LOCALIZATION,GOBP|GOBP_SPINDLE_LOCALIZATION,HLRT_post_vs_pre,0.0138719775124663,2.37708233779668,0.019354625546507218,0.1814204659660556
GOBP,GOBP_SPINDLE_ORGANIZATION,GOBP|GOBP_SPINDLE_ORGANIZATION,HLRT_post_vs_pre,0.002991528563463519,0.7427576293878302,0.4593714306533462,0.7264044167648441
GOBP,GOBP_SPLICEOSOMAL_COMPLEX_ASSEMBLY,GOBP|GOBP_SPLICEOSOMAL_COMPLEX_ASSEMBLY,HLRT_post_vs_pre,-0.003676189175031916,-0.38846876137578806,0.6984958073947016,0.8753899401038887
GOBP,GOBP_SPLICEOSOMAL_SNRNP_ASSEMBLY,GOBP|GOBP_SPLICEOSOMAL_SNRNP_ASSEMBLY,HLRT_post_vs_pre,-0.007913718194513114,-0.9535685394141734,0.34260368460190305,0.643035813612748
GOBP,GOBP_SPROUTING_ANGIOGENESIS,GOBP|GOBP_SPROUTING_ANGIOGENESIS,HLRT_post_vs_pre,0.0037966434251248335,0.5736350713601217,0.5675039368059803,0.795528041144239
GOBP,GOBP_STEM_CELL_DIFFERENTIATION,GOBP|GOBP_STEM_CELL_DIFFERENTIATION,HLRT_post_vs_pre,6.074008176212217e-4,0.15253335440437077,0.8790739316024603,0.9605611218914525
GOBP,GOBP_STEROID_METABOLIC_PROCESS,GOBP|GOBP_STEROID_METABOLIC_PROCESS,HLRT_post_vs_pre,-4.345154203788115e-4,-0.12285254623735394,0.9024706754845561,0.9738171782621146
GOBP,GOBP_STEROL_HOMEOSTASIS,GOBP|GOBP_STEROL_HOMEOSTASIS,HLRT_post_vs_pre,0.0026982031130512174,0.347287798888002,0.7291056812952199,0.8854280701799074
GOBP,GOBP_STRESS_ACTIVATED_PROTEIN_KINASE_SIGNALING_CASCADE,GOBP|GOBP_STRESS_ACTIVATED_PROTEIN_KINASE_SIGNALING_CASCADE,HLRT_post_vs_pre,-0.004936059316598296,-1.037616140344727,0.30195377283036917,0.6061824046441265
GOBP,GOBP_STRESS_GRANULE_ASSEMBLY,GOBP|GOBP_STRESS_GRANULE_ASSEMBLY,HLRT_post_vs_pre,0.0025540288043352233,0.2706844713200724,0.7871921794881991,0.9209556626192765
GOBP,GOBP_SUBSTRATE_ADHESION_DEPENDENT_CELL_SPREADING,GOBP|GOBP_SUBSTRATE_ADHESION_DEPENDENT_CELL_SPREADING,HLRT_post_vs_pre,-0.0056831073455978764,-0.5453533639948327,0.5867260665243895,0.8030537712143871
GOBP,GOBP_SULFUR_AMINO_ACID_METABOLIC_PROCESS,GOBP|GOBP_SULFUR_AMINO_ACID_METABOLIC_PROCESS,HLRT_post_vs_pre,-0.01219022868757329,-1.5296490008808608,0.1292639987530591,0.4080358704705033
GOBP,GOBP_SULFUR_COMPOUND_METABOLIC_PROCESS,GOBP|GOBP_SULFUR_COMPOUND_METABOLIC_PROCESS,HLRT_post_vs_pre,0.002822981458889734,0.7200146532903081,0.4731971880605247,0.7392518319499763
GOBP,GOBP_SUPEROXIDE_METABOLIC_PROCESS,GOBP|GOBP_SUPEROXIDE_METABOLIC_PROCESS,HLRT_post_vs_pre,-0.00633236740831955,-1.135849069772651,0.2587372995258275,0.5596282110417868
GOBP,GOBP_SYNAPSE_ASSEMBLY,GOBP|GOBP_SYNAPSE_ASSEMBLY,HLRT_post_vs_pre,-0.0017967268636367023,-0.4043153298330779,0.6868451461032858,0.8705376750087449
GOBP,GOBP_TAXIS,GOBP|GOBP_TAXIS,HLRT_post_vs_pre,-0.0014434718148211567,-0.3452279018898102,0.7306488702512861,0.8854280701799074
GOBP,GOBP_TELOMERE_ORGANIZATION,GOBP|GOBP_TELOMERE_ORGANIZATION,HLRT_post_vs_pre,-0.008356549146527753,-2.0213646858204513,0.04591679418881553,0.25886424549926434
GOBP,GOBP_TEMPERATURE_HOMEOSTASIS,GOBP|GOBP_TEMPERATURE_HOMEOSTASIS,HLRT_post_vs_pre,-0.0032420758704868324,-0.8883250418983156,0.3764997980469047,0.6715249962127013
GOBP,GOBP_TISSUE_HOMEOSTASIS,GOBP|GOBP_TISSUE_HOMEOSTASIS,HLRT_post_vs_pre,-0.0035618381121896026,-0.5307475827501631,0.5967716259716174,0.8101609666015706
GOBP,GOBP_TISSUE_MIGRATION,GOBP|GOBP_TISSUE_MIGRATION,HLRT_post_vs_pre,0.0012615176977624036,0.21292100298747205,0.8318224614161785,0.9374167896202443
GOBP,GOBP_TISSUE_REGENERATION,GOBP|GOBP_TISSUE_REGENERATION,HLRT_post_vs_pre,0.002767215857374161,0.38104808037551247,0.7039767109647072,0.8763848690037793
GOBP,GOBP_TISSUE_REMODELING,GOBP|GOBP_TISSUE_REMODELING,HLRT_post_vs_pre,0.004523766251503199,0.43182295859380876,0.6668006429663742,0.8578584308153445
GOBP,GOBP_TOR_SIGNALING,GOBP|GOBP_TOR_SIGNALING,HLRT_post_vs_pre,-0.004650583154207451,-0.9042800477502729,0.36802243385347644,0.6627811424490848
GOBP,GOBP_TRANSITION_METAL_ION_TRANSPORT,GOBP|GOBP_TRANSITION_METAL_ION_TRANSPORT,HLRT_post_vs_pre,0.010508650801708208,1.8769230421418899,0.06344668340248646,0.2934488128941499
GOBP,GOBP_TRANSLATIONAL_ELONGATION,GOBP|GOBP_TRANSLATIONAL_ELONGATION,HLRT_post_vs_pre,0.007111154375798456,1.9480862852717638,0.054210840515988915,0.2747723329462564
GOBP,GOBP_TRANSLATIONAL_INITIATION,GOBP|GOBP_TRANSLATIONAL_INITIATION,HLRT_post_vs_pre,-0.0018693276794105457,-0.3397334900162039,0.7347704554120308,0.8890379693787868
GOBP,GOBP_TRICARBOXYLIC_ACID_CYCLE,GOBP|GOBP_TRICARBOXYLIC_ACID_CYCLE,HLRT_post_vs_pre,0.009787842734165442,2.728878154611661,0.007510403758754698,0.14251449083685744
GOBP,GOBP_TRNA_METABOLIC_PROCESS,GOBP|GOBP_TRNA_METABOLIC_PROCESS,HLRT_post_vs_pre,0.011931673338477618,2.546921155038878,0.01239349652336196,0.17094036482795238
GOBP,GOBP_TRNA_PROCESSING,GOBP|GOBP_TRNA_PROCESSING,HLRT_post_vs_pre,-0.0025173007230297334,-0.4332394471036813,0.6657748176607576,0.8578584308153445
GOBP,GOBP_TUMOR_NECROSIS_FACTOR_SUPERFAMILY_CYTOKINE_PRODUCTION,GOBP|GOBP_TUMOR_NECROSIS_FACTOR_SUPERFAMILY_CYTOKINE_PRODUCTION,HLRT_post_vs_pre,-0.005715711721827443,-1.7420960538315022,0.08456930145714005,0.3252649056441157
GOBP,GOBP_TYPE_II_INTERFERON_PRODUCTION,GOBP|GOBP_TYPE_II_INTERFERON_PRODUCTION,HLRT_post_vs_pre,-0.012442259870052264,-2.379080409823244,0.01925577452741421,0.1814204659660556
GOBP,GOBP_TYPE_I_INTERFERON_PRODUCTION,GOBP|GOBP_TYPE_I_INTERFERON_PRODUCTION,HLRT_post_vs_pre,1.980925582435178e-4,0.03860281608811604,0.96928409432239,0.9908848309575081
GOBP,GOBP_T_CELL_DIFFERENTIATION,GOBP|GOBP_T_CELL_DIFFERENTIATION,HLRT_post_vs_pre,-0.0034882513370450285,-0.8824295252032617,0.3796629638091362,0.6715249962127013
GOBP,GOBP_T_HELPER_17_CELL_DIFFERENTIATION,GOBP|GOBP_T_HELPER_17_CELL_DIFFERENTIATION,HLRT_post_vs_pre,-0.006377881200935631,-1.9022043754666749,0.06002471204824404,0.28826682699712264
GOBP,GOBP_VACUOLAR_LOCALIZATION,GOBP|GOBP_VACUOLAR_LOCALIZATION,HLRT_post_vs_pre,0.004527159386093008,0.5741557086229927,0.5671529646204843,0.795528041144239
GOBP,GOBP_VACUOLAR_TRANSPORT,GOBP|GOBP_VACUOLAR_TRANSPORT,HLRT_post_vs_pre,-0.016979704869680666,-3.3427476478437046,0.0011684030569822353,0.048375919998610316
GOBP,GOBP_VACUOLE_ORGANIZATION,GOBP|GOBP_VACUOLE_ORGANIZATION,HLRT_post_vs_pre,-0.006266181496147674,-1.3426997437824313,0.18241213721297936,0.48107336525999306
GOBP,GOBP_VASCULAR_PROCESS_IN_CIRCULATORY_SYSTEM,GOBP|GOBP_VASCULAR_PROCESS_IN_CIRCULATORY_SYSTEM,HLRT_post_vs_pre,-0.0026122869306857976,-0.5091437938001206,0.6117741785259306,0.8220385334942556
GOBP,GOBP_VESICLE_BUDDING_FROM_MEMBRANE,GOBP|GOBP_VESICLE_BUDDING_FROM_MEMBRANE,HLRT_post_vs_pre,0.007015117497035664,1.5577480602947922,0.12245539471891553,0.39862048992182547
GOBP,GOBP_VESICLE_LOCALIZATION,GOBP|GOBP_VESICLE_LOCALIZATION,HLRT_post_vs_pre,-0.005916400266567272,-1.4049461706001645,0.16313917112641385,0.44848860472208474
GOBP,GOBP_VESICLE_MEDIATED_TRANSPORT_BETWEEN_ENDOSOMAL_COMPARTMENTS,GOBP|GOBP_VESICLE_MEDIATED_TRANSPORT_BETWEEN_ENDOSOMAL_COMPARTMENTS,HLRT_post_vs_pre,0.003505458184563437,0.6090800871853042,0.543853979264735,0.7777911688749335
GOBP,GOBP_VESICLE_MEDIATED_TRANSPORT_IN_SYNAPSE,GOBP|GOBP_VESICLE_MEDIATED_TRANSPORT_IN_SYNAPSE,HLRT_post_vs_pre,-0.0013259884792197474,-0.2615762513108808,0.7941866911524906,0.9249659367015535
GOBP,GOBP_VESICLE_MEDIATED_TRANSPORT_TO_THE_PLASMA_MEMBRANE,GOBP|GOBP_VESICLE_MEDIATED_TRANSPORT_TO_THE_PLASMA_MEMBRANE,HLRT_post_vs_pre,0.004270098499068453,0.7676689371221088,0.44449455247227476,0.7249827291895802
GOBP,GOBP_VESICLE_ORGANIZATION,GOBP|GOBP_VESICLE_ORGANIZATION,HLRT_post_vs_pre,-0.006109801060154255,-1.4517836632040126,0.14969505628046764,0.43238960733086307
GOBP,GOBP_VESICLE_TARGETING,GOBP|GOBP_VESICLE_TARGETING,HLRT_post_vs_pre,0.008448215941242926,1.339798803404816,0.18335046656374673,0.48191440198173974
GOBP,GOBP_VIRAL_GENE_EXPRESSION,GOBP|GOBP_VIRAL_GENE_EXPRESSION,HLRT_post_vs_pre,-0.0024874386690201533,-0.40509784134761073,0.6862717543897364,0.8705376750087449
GOBP,GOBP_VIRAL_GENOME_REPLICATION,GOBP|GOBP_VIRAL_GENOME_REPLICATION,HLRT_post_vs_pre,-0.0011960109553195292,-0.21541577529911987,0.8298823505273636,0.9374167896202443
GOBP,GOBP_VIRAL_PROCESS,GOBP|GOBP_VIRAL_PROCESS,HLRT_post_vs_pre,-0.0037761921832332873,-1.1446311182382554,0.25509697875446297,0.5596282110417868
GOBP,GOBP_VIRAL_RELEASE_FROM_HOST_CELL,GOBP|GOBP_VIRAL_RELEASE_FROM_HOST_CELL,HLRT_post_vs_pre,-0.012515232306289148,-2.3370467587330097,0.02143243245475726,0.18948218692955854
GOBP,GOBP_VIRION_ASSEMBLY,GOBP|GOBP_VIRION_ASSEMBLY,HLRT_post_vs_pre,-0.01969773629166415,-3.110547796300041,0.002434166755246852,0.07014006428081669
GOBP,GOBP_WNT_SIGNALING_PATHWAY,GOBP|GOBP_WNT_SIGNALING_PATHWAY,HLRT_post_vs_pre,-0.008768134141502314,-2.2795240249923974,0.02476248014078511,0.19324814980306732
GOBP,GOBP_WOUND_HEALING,GOBP|GOBP_WOUND_HEALING,HLRT_post_vs_pre,0.002630202145213853,0.43140878584540465,0.6671007077677165,0.8578584308153445
Hallmark,HALLMARK_ADIPOGENESIS,Hallmark|HALLMARK_ADIPOGENESIS,BFR_vs_HLRT_at_T1,0.001108908383927354,0.48132720334230966,0.6313365856423628,0.9451442863090297
Hallmark,HALLMARK_ALLOGRAFT_REJECTION,Hallmark|HALLMARK_ALLOGRAFT_REJECTION,BFR_vs_HLRT_at_T1,0.007227556932049448,1.2281213140730312,0.22228704013847356,0.9451442863090297
Hallmark,HALLMARK_ANDROGEN_RESPONSE,Hallmark|HALLMARK_ANDROGEN_RESPONSE,BFR_vs_HLRT_at_T1,0.0017669770694894726,0.3940332773746093,0.6943962891405975,0.9451442863090297
Hallmark,HALLMARK_APICAL_JUNCTION,Hallmark|HALLMARK_APICAL_JUNCTION,BFR_vs_HLRT_at_T1,0.0061249120948586935,0.6619119367642577,0.5095516185508906,0.9451442863090297
Hallmark,HALLMARK_APOPTOSIS,Hallmark|HALLMARK_APOPTOSIS,BFR_vs_HLRT_at_T1,0.011125783887477605,1.7505383745497025,0.08309537027994265,0.9451442863090297
Hallmark,HALLMARK_BILE_ACID_METABOLISM,Hallmark|HALLMARK_BILE_ACID_METABOLISM,BFR_vs_HLRT_at_T1,0.0031214981311123435,0.7108410152190244,0.4788390727313807,0.9451442863090297
Hallmark,HALLMARK_CHOLESTEROL_HOMEOSTASIS,Hallmark|HALLMARK_CHOLESTEROL_HOMEOSTASIS,BFR_vs_HLRT_at_T1,0.0076222763330320575,0.9375264151391275,0.35074886957029205,0.9451442863090297
Hallmark,HALLMARK_COAGULATION,Hallmark|HALLMARK_COAGULATION,BFR_vs_HLRT_at_T1,0.011649936127314547,1.405183496953505,0.1630687930957061,0.9451442863090297
Hallmark,HALLMARK_COMPLEMENT,Hallmark|HALLMARK_COMPLEMENT,BFR_vs_HLRT_at_T1,3.4696521151528215e-4,0.06909027917610444,0.9450558625983709,0.9557553369915688
Hallmark,HALLMARK_DNA_REPAIR,Hallmark|HALLMARK_DNA_REPAIR,BFR_vs_HLRT_at_T1,-0.0014268478244378047,-0.29432289503691705,0.7691218624923105,0.9451442863090297
Hallmark,HALLMARK_E2F_TARGETS,Hallmark|HALLMARK_E2F_TARGETS,BFR_vs_HLRT_at_T1,0.0018313441925611046,0.4028677752184194,0.6879063356366586,0.9451442863090297
Hallmark,HALLMARK_EPITHELIAL_MESENCHYMAL_TRANSITION,Hallmark|HALLMARK_EPITHELIAL_MESENCHYMAL_TRANSITION,BFR_vs_HLRT_at_T1,-0.0031905325909369307,-0.19113939413251502,0.8488043076353181,0.9451442863090297
Hallmark,HALLMARK_ESTROGEN_RESPONSE_EARLY,Hallmark|HALLMARK_ESTROGEN_RESPONSE_EARLY,BFR_vs_HLRT_at_T1,0.0030334195811824935,0.4960835583641004,0.6209251448628088,0.9451442863090297
Hallmark,HALLMARK_ESTROGEN_RESPONSE_LATE,Hallmark|HALLMARK_ESTROGEN_RESPONSE_LATE,BFR_vs_HLRT_at_T1,0.006386847029052262,1.4268543241369442,0.1567398663759127,0.9451442863090297
Hallmark,HALLMARK_FATTY_ACID_METABOLISM,Hallmark|HALLMARK_FATTY_ACID_METABOLISM,BFR_vs_HLRT_at_T1,0.002689028403727256,0.9676372737814133,0.3355623178026329,0.9451442863090297
Hallmark,HALLMARK_G2M_CHECKPOINT,Hallmark|HALLMARK_G2M_CHECKPOINT,BFR_vs_HLRT_at_T1,-0.0010518909504210958,-0.1962243261598214,0.8448331950419361,0.9451442863090297
Hallmark,HALLMARK_GLYCOLYSIS,Hallmark|HALLMARK_GLYCOLYSIS,BFR_vs_HLRT_at_T1,0.0014329465914291462,0.39698119303225976,0.6922281480452441,0.9451442863090297
Hallmark,HALLMARK_HEME_METABOLISM,Hallmark|HALLMARK_HEME_METABOLISM,BFR_vs_HLRT_at_T1,-0.011284540664677267,-1.2368410347252017,0.21904578330425184,0.9451442863090297
Hallmark,HALLMARK_HYPOXIA,Hallmark|HALLMARK_HYPOXIA,BFR_vs_HLRT_at_T1,6.09339461638686e-4,0.1291786093262298,0.8974760429062968,0.9451442863090297
Hallmark,HALLMARK_IL2_STAT5_SIGNALING,Hallmark|HALLMARK_IL2_STAT5_SIGNALING,BFR_vs_HLRT_at_T1,0.001741955678837559,0.25774902804618666,0.7971308020510095,0.9451442863090297
Hallmark,HALLMARK_INFLAMMATORY_RESPONSE,Hallmark|HALLMARK_INFLAMMATORY_RESPONSE,BFR_vs_HLRT_at_T1,0.00657784702073308,0.8508194577305536,0.3969043529160151,0.9451442863090297
Hallmark,HALLMARK_INTERFERON_ALPHA_RESPONSE,Hallmark|HALLMARK_INTERFERON_ALPHA_RESPONSE,BFR_vs_HLRT_at_T1,0.004524570515933732,0.597862133290631,0.5512848381670912,0.9451442863090297
Hallmark,HALLMARK_INTERFERON_GAMMA_RESPONSE,Hallmark|HALLMARK_INTERFERON_GAMMA_RESPONSE,BFR_vs_HLRT_at_T1,0.0019070598696971884,0.29960022099164146,0.765104563178935,0.9451442863090297
Hallmark,HALLMARK_KRAS_SIGNALING_DN,Hallmark|HALLMARK_KRAS_SIGNALING_DN,BFR_vs_HLRT_at_T1,-0.004098228231988882,-0.6241721220617038,0.5339373299485815,0.9451442863090297
Hallmark,HALLMARK_KRAS_SIGNALING_UP,Hallmark|HALLMARK_KRAS_SIGNALING_UP,BFR_vs_HLRT_at_T1,0.007812447305172319,0.9585387970729478,0.34010520429442115,0.9451442863090297
Hallmark,HALLMARK_MITOTIC_SPINDLE,Hallmark|HALLMARK_MITOTIC_SPINDLE,BFR_vs_HLRT_at_T1,-0.001810117720073669,-0.2810576325035918,0.7792474784461061,0.9451442863090297
Hallmark,HALLMARK_MTORC1_SIGNALING,Hallmark|HALLMARK_MTORC1_SIGNALING,BFR_vs_HLRT_at_T1,-5.901528580010695e-4,-0.16754985499312605,0.8672761275185885,0.9451442863090297
Hallmark,HALLMARK_MYC_TARGETS_V1,Hallmark|HALLMARK_MYC_TARGETS_V1,BFR_vs_HLRT_at_T1,-0.002916299576133541,-0.9148728310177726,0.3624613469553749,0.9451442863090297
Hallmark,HALLMARK_MYOGENESIS,Hallmark|HALLMARK_MYOGENESIS,BFR_vs_HLRT_at_T1,-0.008669004037207217,-1.1913120352205,0.23635377156324228,0.9451442863090297
Hallmark,HALLMARK_OXIDATIVE_PHOSPHORYLATION,Hallmark|HALLMARK_OXIDATIVE_PHOSPHORYLATION,BFR_vs_HLRT_at_T1,-7.883995601531968e-4,-0.20941069239314497,0.8345540861753374,0.9451442863090297
Hallmark,HALLMARK_P53_PATHWAY,Hallmark|HALLMARK_P53_PATHWAY,BFR_vs_HLRT_at_T1,2.2009478583084885e-4,0.05562035281359025,0.9557553369915688,0.9557553369915688
Hallmark,HALLMARK_PEROXISOME,Hallmark|HALLMARK_PEROXISOME,BFR_vs_HLRT_at_T1,-0.0013175393755484877,-0.31631032280444427,0.7524269347769925,0.9451442863090297
Hallmark,HALLMARK_PI3K_AKT_MTOR_SIGNALING,Hallmark|HALLMARK_PI3K_AKT_MTOR_SIGNALING,BFR_vs_HLRT_at_T1,-0.004598726747094384,-1.1077642432805799,0.2706236509998473,0.9451442863090297
Hallmark,HALLMARK_PROTEIN_SECRETION,Hallmark|HALLMARK_PROTEIN_SECRETION,BFR_vs_HLRT_at_T1,7.165771639517995e-4,0.12719759174471942,0.8990396869768819,0.9451442863090297
Hallmark,HALLMARK_REACTIVE_OXYGEN_SPECIES_PATHWAY,Hallmark|HALLMARK_REACTIVE_OXYGEN_SPECIES_PATHWAY,BFR_vs_HLRT_at_T1,0.002294827757558293,0.4697379362336295,0.639565984494979,0.9451442863090297
Hallmark,HALLMARK_SPERMATOGENESIS,Hallmark|HALLMARK_SPERMATOGENESIS,BFR_vs_HLRT_at_T1,-0.007977719009259587,-1.975400381665432,0.05098170645561257,0.9451442863090297
Hallmark,HALLMARK_TNFA_SIGNALING_VIA_NFKB,Hallmark|HALLMARK_TNFA_SIGNALING_VIA_NFKB,BFR_vs_HLRT_at_T1,0.0028903677062932925,0.4212739774667719,0.6744600367899517,0.9451442863090297
Hallmark,HALLMARK_UNFOLDED_PROTEIN_RESPONSE,Hallmark|HALLMARK_UNFOLDED_PROTEIN_RESPONSE,BFR_vs_HLRT_at_T1,0.005783919250717723,1.4862995651390911,0.14034907911321623,0.9451442863090297
Hallmark,HALLMARK_UV_RESPONSE_DN,Hallmark|HALLMARK_UV_RESPONSE_DN,BFR_vs_HLRT_at_T1,0.0021696804672107772,0.25551132381843333,0.7988535286589069,0.9451442863090297
Hallmark,HALLMARK_UV_RESPONSE_UP,Hallmark|HALLMARK_UV_RESPONSE_UP,BFR_vs_HLRT_at_T1,-0.002184337379073892,-0.7205068936763057,0.4728955080038111,0.9451442863090297
Hallmark,HALLMARK_XENOBIOTIC_METABOLISM,Hallmark|HALLMARK_XENOBIOTIC_METABOLISM,BFR_vs_HLRT_at_T1,-0.0015635580440794272,-0.3217101636352923,0.7483444425430908,0.9451442863090297
Reactome,REACTOME_ACTIVATION_OF_NMDA_RECEPTORS_AND_POSTSYNAPTIC_EVENTS,Reactome|REACTOME_ACTIVATION_OF_NMDA_RECEPTORS_AND_POSTSYNAPTIC_EVENTS,BFR_vs_HLRT_at_T1,-0.0020985705914087216,-0.39117278321740606,0.6965025626697913,0.9874622103330455
Reactome,REACTOME_ADIPOGENESIS,Reactome|REACTOME_ADIPOGENESIS,BFR_vs_HLRT_at_T1,-4.4067757128006535e-4,-0.08432282281203077,0.9329685136014609,0.9874622103330455
Reactome,REACTOME_AEROBIC_RESPIRATION_AND_RESPIRATORY_ELECTRON_TRANSPORT,Reactome|REACTOME_AEROBIC_RESPIRATION_AND_RESPIRATORY_ELECTRON_TRANSPORT,BFR_vs_HLRT_at_T1,-0.001932948099827303,-0.3989634012109021,0.6907717049779928,0.9874622103330455
Reactome,REACTOME_AGGREPHAGY,Reactome|REACTOME_AGGREPHAGY,BFR_vs_HLRT_at_T1,0.0071618579798122806,1.2973957072159346,0.1974830928853322,0.9414438810542551
Reactome,REACTOME_AMINO_ACIDS_REGULATE_MTORC1,Reactome|REACTOME_AMINO_ACIDS_REGULATE_MTORC1,BFR_vs_HLRT_at_T1,0.01727963324954762,2.3223916069220163,0.022240944796145842,0.7522136957265586
Reactome,REACTOME_ANTIGEN_PRESENTATION_FOLDING_ASSEMBLY_AND_PEPTIDE_LOADING_OF_CLASS_I_MHC,Reactome|REACTOME_ANTIGEN_PRESENTATION_FOLDING_ASSEMBLY_AND_PEPTIDE_LOADING_OF_CLASS_I_MHC,BFR_vs_HLRT_at_T1,0.017373236912137296,2.4292027954232056,0.016918289348141314,0.7522136957265586
Reactome,REACTOME_ANTIGEN_PROCESSING_CROSS_PRESENTATION,Reactome|REACTOME_ANTIGEN_PROCESSING_CROSS_PRESENTATION,BFR_vs_HLRT_at_T1,0.0032965338459484406,0.8345753633769128,0.4059481358846163,0.9874622103330455
Reactome,REACTOME_ANTIGEN_PROCESSING_UB_ATP_INDEPENDENT_PROTEASOMAL_DEGRADATION,Reactome|REACTOME_ANTIGEN_PROCESSING_UB_ATP_INDEPENDENT_PROTEASOMAL_DEGRADATION,BFR_vs_HLRT_at_T1,0.0014117353012435552,0.3407685686285049,0.733993402945567,0.9874622103330455
Reactome,REACTOME_ANTI_INFLAMMATORY_RESPONSE_FAVOURING_LEISHMANIA_PARASITE_INFECTION,Reactome|REACTOME_ANTI_INFLAMMATORY_RESPONSE_FAVOURING_LEISHMANIA_PARASITE_INFECTION,BFR_vs_HLRT_at_T1,-0.005747303404357751,-0.6544560571075703,0.5143219202947804,0.9874622103330455
Reactome,REACTOME_APOPTOTIC_EXECUTION_PHASE,Reactome|REACTOME_APOPTOTIC_EXECUTION_PHASE,BFR_vs_HLRT_at_T1,0.0075499035286109295,0.9408651206815826,0.34904349410724334,0.9874622103330455
Reactome,REACTOME_ARACHIDONATE_METABOLISM,Reactome|REACTOME_ARACHIDONATE_METABOLISM,BFR_vs_HLRT_at_T1,-0.0033311536162604627,-0.5980292766094537,0.5511737503325067,0.9874622103330455
Reactome,REACTOME_ASPARAGINE_N_LINKED_GLYCOSYLATION,Reactome|REACTOME_ASPARAGINE_N_LINKED_GLYCOSYLATION,BFR_vs_HLRT_at_T1,0.008569044295599269,2.360287253925039,0.020203481512266443,0.7522136957265586
Reactome,REACTOME_AUTOPHAGY,Reactome|REACTOME_AUTOPHAGY,BFR_vs_HLRT_at_T1,0.004302296175124357,1.3371287355205805,0.18421732258553528,0.9414438810542551
Reactome,REACTOME_BACTERIAL_INFECTION_PATHWAYS,Reactome|REACTOME_BACTERIAL_INFECTION_PATHWAYS,BFR_vs_HLRT_at_T1,-0.004572044953535623,-0.560947151562159,0.5760895932294852,0.9874622103330455
Reactome,REACTOME_BINDING_AND_UPTAKE_OF_LIGANDS_BY_SCAVENGER_RECEPTORS,Reactome|REACTOME_BINDING_AND_UPTAKE_OF_LIGANDS_BY_SCAVENGER_RECEPTORS,BFR_vs_HLRT_at_T1,-0.0032088281549326747,-0.23931476053056677,0.8113518137760369,0.9874622103330455
Reactome,REACTOME_BIOLOGICAL_OXIDATIONS,Reactome|REACTOME_BIOLOGICAL_OXIDATIONS,BFR_vs_HLRT_at_T1,0.0037600326793104377,0.8386262988515993,0.40368119160107707,0.9874622103330455
Reactome,REACTOME_BIOSYNTHESIS_OF_THE_N_GLYCAN_PRECURSOR_DOLICHOL_LIPID_LINKED_OLIGOSACCHARIDE_LLO_AND_TRANSFER_TO_A_NASCENT_PROTEIN,Reactome|REACTOME_BIOSYNTHESIS_OF_THE_N_GLYCAN_PRECURSOR_DOLICHOL_LIPID_LINKED_OLIGOSACCHARIDE_LLO_AND_TRANSFER_TO_A_NASCENT_PROTEIN,BFR_vs_HLRT_at_T1,0.015549859107829161,1.9667980281699817,0.0519805880807098,0.9414438810542551
Reactome,REACTOME_BRANCHED_CHAIN_AMINO_ACID_CATABOLISM,Reactome|REACTOME_BRANCHED_CHAIN_AMINO_ACID_CATABOLISM,BFR_vs_HLRT_at_T1,0.00539202582969317,0.7820728052027942,0.4360215096529606,0.9874622103330455
Reactome,REACTOME_CARDIAC_CONDUCTION,Reactome|REACTOME_CARDIAC_CONDUCTION,BFR_vs_HLRT_at_T1,-0.006717115612744462,-1.4774012606724118,0.1427137812668494,0.9414438810542551
Reactome,REACTOME_CARGO_CONCENTRATION_IN_THE_ER,Reactome|REACTOME_CARGO_CONCENTRATION_IN_THE_ER,BFR_vs_HLRT_at_T1,0.015583933685122644,2.216872689404445,0.02889914546674116,0.7983388935187246
Reactome,REACTOME_CARGO_TRAFFICKING_TO_THE_PERICILIARY_MEMBRANE,Reactome|REACTOME_CARGO_TRAFFICKING_TO_THE_PERICILIARY_MEMBRANE,BFR_vs_HLRT_at_T1,0.009476772639150283,1.5383612421236006,0.12712174981761512,0.9414438810542551
Reactome,REACTOME_CELLULAR_RESPONSES_TO_MECHANICAL_STIMULI,Reactome|REACTOME_CELLULAR_RESPONSES_TO_MECHANICAL_STIMULI,BFR_vs_HLRT_at_T1,-3.6597538838878396e-4,-0.07161293239949713,0.9430531195240899,0.9874622103330455
Reactome,REACTOME_CELLULAR_RESPONSE_TO_CHEMICAL_STRESS,Reactome|REACTOME_CELLULAR_RESPONSE_TO_CHEMICAL_STRESS,BFR_vs_HLRT_at_T1,-0.001401838152787993,-0.5200774339542896,0.6041601962933448,0.9874622103330455
Reactome,REACTOME_CELLULAR_RESPONSE_TO_HEAT_STRESS,Reactome|REACTOME_CELLULAR_RESPONSE_TO_HEAT_STRESS,BFR_vs_HLRT_at_T1,-4.142755551277133e-5,-0.010569989925343859,0.99158760466212,0.99158760466212
Reactome,REACTOME_CELLULAR_SENESCENCE,Reactome|REACTOME_CELLULAR_SENESCENCE,BFR_vs_HLRT_at_T1,-0.0069981742026566235,-1.2678847939674154,0.20778614484558058,0.9414438810542551
Reactome,REACTOME_CELL_CELL_COMMUNICATION,Reactome|REACTOME_CELL_CELL_COMMUNICATION,BFR_vs_HLRT_at_T1,0.0016684226938112057,0.4636204705645824,0.643928233912791,0.9874622103330455
Reactome,REACTOME_CELL_CYCLE_CHECKPOINTS,Reactome|REACTOME_CELL_CYCLE_CHECKPOINTS,BFR_vs_HLRT_at_T1,0.002925261726644368,0.7269187284576891,0.4689757092190735,0.9874622103330455
Reactome,REACTOME_CELL_SURFACE_INTERACTIONS_AT_THE_VASCULAR_WALL,Reactome|REACTOME_CELL_SURFACE_INTERACTIONS_AT_THE_VASCULAR_WALL,BFR_vs_HLRT_at_T1,-8.40928522679335e-4,-0.10477737052752778,0.9167625449600731,0.9874622103330455
Reactome,REACTOME_CHROMATIN_ORGANIZATION,Reactome|REACTOME_CHROMATIN_ORGANIZATION,BFR_vs_HLRT_at_T1,-0.009851306126969175,-1.7431708474588794,0.08438047041926684,0.9414438810542551
Reactome,REACTOME_CHROMOSOME_MAINTENANCE,Reactome|REACTOME_CHROMOSOME_MAINTENANCE,BFR_vs_HLRT_at_T1,0.0027579999769085928,0.3495387710035962,0.7274206199856939,0.9874622103330455
Reactome,REACTOME_CILIUM_ASSEMBLY,Reactome|REACTOME_CILIUM_ASSEMBLY,BFR_vs_HLRT_at_T1,0.006135414819512103,1.3052090790077315,0.19481985589590214,0.9414438810542551
Reactome,REACTOME_CITRIC_ACID_CYCLE_TCA_CYCLE,Reactome|REACTOME_CITRIC_ACID_CYCLE_TCA_CYCLE,BFR_vs_HLRT_at_T1,0.0036103461172484197,0.7285456376001165,0.4679840275406526,0.9874622103330455
Reactome,REACTOME_CLASS_I_MHC_MEDIATED_ANTIGEN_PROCESSING_PRESENTATION,Reactome|REACTOME_CLASS_I_MHC_MEDIATED_ANTIGEN_PROCESSING_PRESENTATION,BFR_vs_HLRT_at_T1,0.0027689363999161,0.9246624221574605,0.3573696875316824,0.9874622103330455
Reactome,REACTOME_CLATHRIN_MEDIATED_ENDOCYTOSIS,Reactome|REACTOME_CLATHRIN_MEDIATED_ENDOCYTOSIS,BFR_vs_HLRT_at_T1,0.001214867450501261,0.2510469512246434,0.8022934489022446,0.9874622103330455
Reactome,REACTOME_COLLAGEN_FORMATION,Reactome|REACTOME_COLLAGEN_FORMATION,BFR_vs_HLRT_at_T1,-0.016651794587363433,-0.6375577336226312,0.5252201635975853,0.9874622103330455
Reactome,REACTOME_COMPLEX_III_ASSEMBLY,Reactome|REACTOME_COMPLEX_III_ASSEMBLY,BFR_vs_HLRT_at_T1,-0.0036778008208915303,-0.608947501512236,0.5439415088500712,0.9874622103330455
Reactome,REACTOME_COMPLEX_IV_ASSEMBLY,Reactome|REACTOME_COMPLEX_IV_ASSEMBLY,BFR_vs_HLRT_at_T1,-0.0014894080587130043,-0.22516251508580848,0.8223127924661785,0.9874622103330455
Reactome,REACTOME_COMPLEX_I_BIOGENESIS,Reactome|REACTOME_COMPLEX_I_BIOGENESIS,BFR_vs_HLRT_at_T1,-0.006748219648660736,-1.0198420616992725,0.31026677531258834,0.9874622103330455
Reactome,REACTOME_COOPERATION_OF_PDCL_PHLP1_AND_TRIC_CCT_IN_G_PROTEIN_BETA_FOLDING,Reactome|REACTOME_COOPERATION_OF_PDCL_PHLP1_AND_TRIC_CCT_IN_G_PROTEIN_BETA_FOLDING,BFR_vs_HLRT_at_T1,-0.001646391935838959,-0.24948247724603792,0.8034998432032457,0.9874622103330455
Reactome,REACTOME_COPII_MEDIATED_VESICLE_TRANSPORT,Reactome|REACTOME_COPII_MEDIATED_VESICLE_TRANSPORT,BFR_vs_HLRT_at_T1,0.015721442458180978,2.9001551160580035,0.004586968167133776,0.7522136957265586
Reactome,REACTOME_CRISTAE_FORMATION,Reactome|REACTOME_CRISTAE_FORMATION,BFR_vs_HLRT_at_T1,-0.0033751880031243076,-0.6946661157106934,0.48887702189078486,0.9874622103330455
Reactome,REACTOME_CYTOPROTECTION_BY_HMOX1,Reactome|REACTOME_CYTOPROTECTION_BY_HMOX1,BFR_vs_HLRT_at_T1,-0.005763939544712049,-1.3105088433974064,0.19302867946352276,0.9414438810542551
Reactome,REACTOME_DARPP_32_EVENTS,Reactome|REACTOME_DARPP_32_EVENTS,BFR_vs_HLRT_at_T1,-0.006227780735764382,-0.9506735710200381,0.3440644208971453,0.9874622103330455
Reactome,REACTOME_DDX58_IFIH1_MEDIATED_INDUCTION_OF_INTERFERON_ALPHA_BETA,Reactome|REACTOME_DDX58_IFIH1_MEDIATED_INDUCTION_OF_INTERFERON_ALPHA_BETA,BFR_vs_HLRT_at_T1,0.009632361665035921,1.7746753363290613,0.07899752428291547,0.9414438810542551
Reactome,REACTOME_DEADENYLATION_DEPENDENT_MRNA_DECAY,Reactome|REACTOME_DEADENYLATION_DEPENDENT_MRNA_DECAY,BFR_vs_HLRT_at_T1,-5.348396288874348e-4,-0.08011033812532317,0.9363097624170491,0.9874622103330455
Reactome,REACTOME_DEATH_RECEPTOR_SIGNALING,Reactome|REACTOME_DEATH_RECEPTOR_SIGNALING,BFR_vs_HLRT_at_T1,-9.586022948869094e-4,-0.20805187598409527,0.8356120250269996,0.9874622103330455
Reactome,REACTOME_DEGRADATION_OF_THE_EXTRACELLULAR_MATRIX,Reactome|REACTOME_DEGRADATION_OF_THE_EXTRACELLULAR_MATRIX,BFR_vs_HLRT_at_T1,-0.013286312400135794,-0.6510132525570366,0.5165325693941523,0.9874622103330455
Reactome,REACTOME_DENGUE_VIRUS_ATTACHMENT_AND_ENTRY,Reactome|REACTOME_DENGUE_VIRUS_ATTACHMENT_AND_ENTRY,BFR_vs_HLRT_at_T1,0.008564467521524614,1.3431800045019597,0.18225714288077904,0.9414438810542551
Reactome,REACTOME_DENGUE_VIRUS_GENOME_TRANSLATION_AND_REPLICATION,Reactome|REACTOME_DENGUE_VIRUS_GENOME_TRANSLATION_AND_REPLICATION,BFR_vs_HLRT_at_T1,7.018715869455683e-5,0.015706304283141043,0.9875000222180128,0.99158760466212
Reactome,REACTOME_DENGUE_VIRUS_INFECTION,Reactome|REACTOME_DENGUE_VIRUS_INFECTION,BFR_vs_HLRT_at_T1,-0.0013232474710946317,-0.2823598977597492,0.7782517192235826,0.9874622103330455
Reactome,REACTOME_DETOXIFICATION_OF_REACTIVE_OXYGEN_SPECIES,Reactome|REACTOME_DETOXIFICATION_OF_REACTIVE_OXYGEN_SPECIES,BFR_vs_HLRT_at_T1,1.9361345185403556e-4,0.049457714464262795,0.960653281545723,0.9874622103330455
Reactome,REACTOME_DEUBIQUITINATION,Reactome|REACTOME_DEUBIQUITINATION,BFR_vs_HLRT_at_T1,0.0034452236497675426,1.0006935124053444,0.31939270867416136,0.9874622103330455
Reactome,REACTOME_DEVELOPMENTAL_CELL_LINEAGES,Reactome|REACTOME_DEVELOPMENTAL_CELL_LINEAGES,BFR_vs_HLRT_at_T1,-0.0049847072008426425,-0.2851663824908001,0.7761070373346266,0.9874622103330455
Reactome,REACTOME_DISEASES_OF_GLYCOSYLATION,Reactome|REACTOME_DISEASES_OF_GLYCOSYLATION,BFR_vs_HLRT_at_T1,0.016723340094435366,1.635459435816433,0.10509981051571923,0.9414438810542551
Reactome,REACTOME_DISEASES_OF_METABOLISM,Reactome|REACTOME_DISEASES_OF_METABOLISM,BFR_vs_HLRT_at_T1,0.0063104615694692875,1.3025663362802546,0.1957176422669635,0.9414438810542551
Reactome,REACTOME_DISEASES_OF_SIGNAL_TRANSDUCTION_BY_GROWTH_FACTOR_RECEPTORS_AND_SECOND_MESSENGERS,Reactome|REACTOME_DISEASES_OF_SIGNAL_TRANSDUCTION_BY_GROWTH_FACTOR_RECEPTORS_AND_SECOND_MESSENGERS,BFR_vs_HLRT_at_T1,4.046027413175113e-4,0.14984405576040205,0.8811897554318555,0.9874622103330455
Reactome,REACTOME_DISORDERS_OF_TRANSMEMBRANE_TRANSPORTERS,Reactome|REACTOME_DISORDERS_OF_TRANSMEMBRANE_TRANSPORTERS,BFR_vs_HLRT_at_T1,6.105852148038937e-4,0.1638358998542772,0.8701913334632319,0.9874622103330455
Reactome,REACTOME_DNA_DAMAGE_BYPASS,Reactome|REACTOME_DNA_DAMAGE_BYPASS,BFR_vs_HLRT_at_T1,-0.005296416045285204,-0.6911465880668084,0.4910763478490989,0.9874622103330455
Reactome,REACTOME_DNA_DOUBLE_STRAND_BREAK_REPAIR,Reactome|REACTOME_DNA_DOUBLE_STRAND_BREAK_REPAIR,BFR_vs_HLRT_at_T1,6.667136565495571e-4,0.11064706557007227,0.9121182072804443,0.9874622103330455
Reactome,REACTOME_DNA_REPAIR,Reactome|REACTOME_DNA_REPAIR,BFR_vs_HLRT_at_T1,-8.48774399181032e-4,-0.22434449551040134,0.822947452205562,0.9874622103330455
Reactome,REACTOME_DRUG_ADME,Reactome|REACTOME_DRUG_ADME,BFR_vs_HLRT_at_T1,-0.003580341893782299,-0.5073837085837717,0.6130038877896175,0.9874622103330455
Reactome,REACTOME_ECM_PROTEOGLYCANS,Reactome|REACTOME_ECM_PROTEOGLYCANS,BFR_vs_HLRT_at_T1,-0.01547601972426068,-0.5115701464124379,0.6100807915943509,0.9874622103330455
Reactome,REACTOME_ENDOSOMAL_SORTING_COMPLEX_REQUIRED_FOR_TRANSPORT_ESCRT,Reactome|REACTOME_ENDOSOMAL_SORTING_COMPLEX_REQUIRED_FOR_TRANSPORT_ESCRT,BFR_vs_HLRT_at_T1,-7.967389990769878e-4,-0.09463746359169536,0.9247923516975923,0.9874622103330455
Reactome,REACTOME_EPH_EPHRIN_SIGNALING,Reactome|REACTOME_EPH_EPHRIN_SIGNALING,BFR_vs_HLRT_at_T1,0.002017605643778557,0.22051186686392116,0.8259225530814102,0.9874622103330455
Reactome,REACTOME_EPIGENETIC_REGULATION_OF_GENE_EXPRESSION,Reactome|REACTOME_EPIGENETIC_REGULATION_OF_GENE_EXPRESSION,BFR_vs_HLRT_at_T1,0.005471486968120769,0.902765374048596,0.36882200408018273,0.9874622103330455
Reactome,REACTOME_EUKARYOTIC_TRANSLATION_INITIATION,Reactome|REACTOME_EUKARYOTIC_TRANSLATION_INITIATION,BFR_vs_HLRT_at_T1,-0.008101059233601327,-0.5832511117132815,0.5610386605869915,0.9874622103330455
Reactome,REACTOME_EXTRACELLULAR_MATRIX_ORGANIZATION,Reactome|REACTOME_EXTRACELLULAR_MATRIX_ORGANIZATION,BFR_vs_HLRT_at_T1,-0.0050416064618772835,-0.33857392387656954,0.7356412903603411,0.9874622103330455
Reactome,REACTOME_EXTRA_NUCLEAR_ESTROGEN_SIGNALING,Reactome|REACTOME_EXTRA_NUCLEAR_ESTROGEN_SIGNALING,BFR_vs_HLRT_at_T1,0.0032265086847936553,0.3797516999183015,0.7049358289998748,0.9874622103330455
Reactome,REACTOME_FACTORS_INVOLVED_IN_MEGAKARYOCYTE_DEVELOPMENT_AND_PLATELET_PRODUCTION,Reactome|REACTOME_FACTORS_INVOLVED_IN_MEGAKARYOCYTE_DEVELOPMENT_AND_PLATELET_PRODUCTION,BFR_vs_HLRT_at_T1,0.004615384181564486,1.1278367529073745,0.2620902946212907,0.9874622103330455
Reactome,REACTOME_FATTY_ACID_METABOLISM,Reactome|REACTOME_FATTY_ACID_METABOLISM,BFR_vs_HLRT_at_T1,8.451689805136497e-4,0.20827414544902992,0.835438951136686,0.9874622103330455
Reactome,REACTOME_FCGAMMA_RECEPTOR_FCGR_DEPENDENT_PHAGOCYTOSIS,Reactome|REACTOME_FCGAMMA_RECEPTOR_FCGR_DEPENDENT_PHAGOCYTOSIS,BFR_vs_HLRT_at_T1,0.003815298022591243,0.6061454369488157,0.5457930202281454,0.9874622103330455
Reactome,REACTOME_FC_EPSILON_RECEPTOR_FCERI_SIGNALING,Reactome|REACTOME_FC_EPSILON_RECEPTOR_FCERI_SIGNALING,BFR_vs_HLRT_at_T1,-0.0019697498841232397,-0.42853185352653894,0.6691865114643212,0.9874622103330455
Reactome,REACTOME_FOXO_MEDIATED_TRANSCRIPTION,Reactome|REACTOME_FOXO_MEDIATED_TRANSCRIPTION,BFR_vs_HLRT_at_T1,0.004268903698446708,0.8588850753689359,0.39246008408474786,0.9874622103330455
Reactome,REACTOME_G2_M_DNA_DAMAGE_CHECKPOINT,Reactome|REACTOME_G2_M_DNA_DAMAGE_CHECKPOINT,BFR_vs_HLRT_at_T1,0.004205000081055288,0.7029050688734843,0.4837496962154545,0.9874622103330455
Reactome,REACTOME_GAMMA_CARBOXYLATION_HYPUSINYLATION_HYDROXYLATION_AND_ARYLSULFATASE_ACTIVATION,Reactome|REACTOME_GAMMA_CARBOXYLATION_HYPUSINYLATION_HYDROXYLATION_AND_ARYLSULFATASE_ACTIVATION,BFR_vs_HLRT_at_T1,-0.00804166284763963,-1.2515286380760522,0.213664298186488,0.9414438810542551
Reactome,REACTOME_GLUCONEOGENESIS,Reactome|REACTOME_GLUCONEOGENESIS,BFR_vs_HLRT_at_T1,-0.009162230963313034,-1.7709793830260219,0.0796139684494149,0.9414438810542551
Reactome,REACTOME_GLUCOSE_METABOLISM,Reactome|REACTOME_GLUCOSE_METABOLISM,BFR_vs_HLRT_at_T1,-0.006111223523006887,-1.4900704176099087,0.1393562599396742,0.9414438810542551
Reactome,REACTOME_GLUTATHIONE_CONJUGATION,Reactome|REACTOME_GLUTATHIONE_CONJUGATION,BFR_vs_HLRT_at_T1,0.006018761051078514,1.071241029944295,0.28664224532755533,0.9874622103330455
Reactome,REACTOME_GLYCOGEN_METABOLISM,Reactome|REACTOME_GLYCOGEN_METABOLISM,BFR_vs_HLRT_at_T1,0.003338202925197209,0.4848759340865898,0.6288258604819343,0.9874622103330455
Reactome,REACTOME_GLYCOSAMINOGLYCAN_METABOLISM,Reactome|REACTOME_GLYCOSAMINOGLYCAN_METABOLISM,BFR_vs_HLRT_at_T1,0.02190808878196559,1.3840253603272028,0.1694349260153255,0.9414438810542551
Reactome,REACTOME_G_ALPHA_I_SIGNALLING_EVENTS,Reactome|REACTOME_G_ALPHA_I_SIGNALLING_EVENTS,BFR_vs_HLRT_at_T1,-0.007149468672563053,-1.3632307352832185,0.17587431180408045,0.9414438810542551
Reactome,REACTOME_G_ALPHA_Q_SIGNALLING_EVENTS,Reactome|REACTOME_G_ALPHA_Q_SIGNALLING_EVENTS,BFR_vs_HLRT_at_T1,-0.0037920046339936647,-0.37256812325798844,0.7102591427616163,0.9874622103330455
Reactome,REACTOME_G_PROTEIN_MEDIATED_EVENTS,Reactome|REACTOME_G_PROTEIN_MEDIATED_EVENTS,BFR_vs_HLRT_at_T1,-0.01537679041751619,-2.2949794807776303,0.02382577316780955,0.7522136957265586
Reactome,REACTOME_HCMV_INFECTION,Reactome|REACTOME_HCMV_INFECTION,BFR_vs_HLRT_at_T1,0.0060070454779673835,1.2416955515301427,0.21725628024328966,0.9414438810542551
Reactome,REACTOME_HIV_INFECTION,Reactome|REACTOME_HIV_INFECTION,BFR_vs_HLRT_at_T1,-0.002954071979017814,-0.900451174822,0.3700457466390905,0.9874622103330455
Reactome,REACTOME_HIV_LIFE_CYCLE,Reactome|REACTOME_HIV_LIFE_CYCLE,BFR_vs_HLRT_at_T1,-0.00518877543950972,-1.1859441091021252,0.2384573859214575,0.9759089312711501
Reactome,REACTOME_HSF1_ACTIVATION,Reactome|REACTOME_HSF1_ACTIVATION,BFR_vs_HLRT_at_T1,-0.0012543800017063567,-0.2978874716615173,0.766407675469354,0.9874622103330455
Reactome,REACTOME_HSF1_DEPENDENT_TRANSACTIVATION,Reactome|REACTOME_HSF1_DEPENDENT_TRANSACTIVATION,BFR_vs_HLRT_at_T1,-0.00651345986804952,-1.2737918390492795,0.20569277089847765,0.9414438810542551
Reactome,REACTOME_HSP90_CHAPERONE_CYCLE_FOR_STEROID_HORMONE_RECEPTORS_SHR_IN_THE_PRESENCE_OF_LIGAND,Reactome|REACTOME_HSP90_CHAPERONE_CYCLE_FOR_STEROID_HORMONE_RECEPTORS_SHR_IN_THE_PRESENCE_OF_LIGAND,BFR_vs_HLRT_at_T1,0.005627108191833541,1.569022334563822,0.11980482321443693,0.9414438810542551
Reactome,REACTOME_INFECTION_WITH_MYCOBACTERIUM_TUBERCULOSIS,Reactome|REACTOME_INFECTION_WITH_MYCOBACTERIUM_TUBERCULOSIS,BFR_vs_HLRT_at_T1,0.0014589813751633984,0.2310610828594627,0.8177399119677925,0.9874622103330455
Reactome,REACTOME_INTEGRATION_OF_ENERGY_METABOLISM,Reactome|REACTOME_INTEGRATION_OF_ENERGY_METABOLISM,BFR_vs_HLRT_at_T1,-3.858486473269085e-4,-0.05502725512384622,0.9562266486950862,0.9874622103330455
Reactome,REACTOME_INTEGRIN_CELL_SURFACE_INTERACTIONS,Reactome|REACTOME_INTEGRIN_CELL_SURFACE_INTERACTIONS,BFR_vs_HLRT_at_T1,-0.013715464420136582,-0.5344221230791278,0.5942368788544865,0.9874622103330455
Reactome,REACTOME_INTERCONVERSION_OF_NUCLEOTIDE_DI_AND_TRIPHOSPHATES,Reactome|REACTOME_INTERCONVERSION_OF_NUCLEOTIDE_DI_AND_TRIPHOSPHATES,BFR_vs_HLRT_at_T1,-0.002269401950358657,-0.3772172428634859,0.7068123040174181,0.9874622103330455
Reactome,REACTOME_INTERFERON_GAMMA_SIGNALING,Reactome|REACTOME_INTERFERON_GAMMA_SIGNALING,BFR_vs_HLRT_at_T1,0.0068869920677564755,0.8472579058661431,0.3988765897329757,0.9874622103330455
Reactome,REACTOME_INTERFERON_SIGNALING,Reactome|REACTOME_INTERFERON_SIGNALING,BFR_vs_HLRT_at_T1,4.510458289771063e-4,0.12124120311713368,0.9037435178257944,0.9874622103330455
Reactome,REACTOME_INTERLEUKIN_12_FAMILY_SIGNALING,Reactome|REACTOME_INTERLEUKIN_12_FAMILY_SIGNALING,BFR_vs_HLRT_at_T1,0.0014733210497036298,0.3322949185456332,0.7403627926944796,0.9874622103330455
Reactome,REACTOME_INTERLEUKIN_4_AND_INTERLEUKIN_13_SIGNALING,Reactome|REACTOME_INTERLEUKIN_4_AND_INTERLEUKIN_13_SIGNALING,BFR_vs_HLRT_at_T1,0.006628401593438603,0.6078466950286016,0.5446685069744235,0.9874622103330455
Reactome,REACTOME_INTRACELLULAR_SIGNALING_BY_SECOND_MESSENGERS,Reactome|REACTOME_INTRACELLULAR_SIGNALING_BY_SECOND_MESSENGERS,BFR_vs_HLRT_at_T1,7.594776850600171e-5,0.021358876736768204,0.9830019803318188,0.99158760466212
Reactome,REACTOME_INTRA_GOLGI_AND_RETROGRADE_GOLGI_TO_ER_TRAFFIC,Reactome|REACTOME_INTRA_GOLGI_AND_RETROGRADE_GOLGI_TO_ER_TRAFFIC,BFR_vs_HLRT_at_T1,0.008697730138434685,1.8452992743270964,0.0679560300244896,0.9414438810542551
Reactome,REACTOME_INTRINSIC_PATHWAY_FOR_APOPTOSIS,Reactome|REACTOME_INTRINSIC_PATHWAY_FOR_APOPTOSIS,BFR_vs_HLRT_at_T1,0.00599404773414608,1.412676757505191,0.16085863262586095,0.9414438810542551
Reactome,REACTOME_ION_CHANNEL_TRANSPORT,Reactome|REACTOME_ION_CHANNEL_TRANSPORT,BFR_vs_HLRT_at_T1,-0.0025058534850667114,-0.6761527948845429,0.5005060111207683,0.9874622103330455
Reactome,REACTOME_ION_TRANSPORT_BY_P_TYPE_ATPASES,Reactome|REACTOME_ION_TRANSPORT_BY_P_TYPE_ATPASES,BFR_vs_HLRT_at_T1,-0.007429339270970781,-1.3981436849815023,0.16516631409437288,0.9414438810542551
Reactome,REACTOME_IRON_UPTAKE_AND_TRANSPORT,Reactome|REACTOME_IRON_UPTAKE_AND_TRANSPORT,BFR_vs_HLRT_at_T1,0.0023589476934681858,0.3724058216628257,0.7103795817657946,0.9874622103330455
Reactome,REACTOME_ISG15_ANTIVIRAL_MECHANISM,Reactome|REACTOME_ISG15_ANTIVIRAL_MECHANISM,BFR_vs_HLRT_at_T1,0.002790282036817516,0.5397993797154446,0.5905366088630596,0.9874622103330455
Reactome,REACTOME_L1CAM_INTERACTIONS,Reactome|REACTOME_L1CAM_INTERACTIONS,BFR_vs_HLRT_at_T1,-7.995654645329975e-4,-0.12537860265943018,0.9004757903499054,0.9874622103330455
Reactome,REACTOME_LATE_ENDOSOMAL_MICROAUTOPHAGY,Reactome|REACTOME_LATE_ENDOSOMAL_MICROAUTOPHAGY,BFR_vs_HLRT_at_T1,-0.0028304072138665426,-0.5134613558398862,0.608762356019027,0.9874622103330455
Reactome,REACTOME_LATE_SARS_COV_2_INFECTION_EVENTS,Reactome|REACTOME_LATE_SARS_COV_2_INFECTION_EVENTS,BFR_vs_HLRT_at_T1,-0.011595732541045428,-1.4580215997505341,0.1479712068948723,0.9414438810542551
Reactome,REACTOME_LEISHMANIA_INFECTION,Reactome|REACTOME_LEISHMANIA_INFECTION,BFR_vs_HLRT_at_T1,-5.071001344888887e-4,-0.07350106708679394,0.9415543612758139,0.9874622103330455
Reactome,REACTOME_LYSOSOME_VESICLE_BIOGENESIS,Reactome|REACTOME_LYSOSOME_VESICLE_BIOGENESIS,BFR_vs_HLRT_at_T1,0.018088446599077282,1.6832595682834879,0.09544748318527761,0.9414438810542551
Reactome,REACTOME_MAPK_FAMILY_SIGNALING_CASCADES,Reactome|REACTOME_MAPK_FAMILY_SIGNALING_CASCADES,BFR_vs_HLRT_at_T1,-5.174828533990872e-5,-0.017168573497849168,0.9863363750734808,0.99158760466212
Reactome,REACTOME_MATERNAL_TO_ZYGOTIC_TRANSITION_MZT,Reactome|REACTOME_MATERNAL_TO_ZYGOTIC_TRANSITION_MZT,BFR_vs_HLRT_at_T1,-0.0026971879656033718,-0.40836702966824956,0.6838782153061205,0.9874622103330455
Reactome,REACTOME_METABOLISM_OF_AMINO_ACIDS_AND_DERIVATIVES,Reactome|REACTOME_METABOLISM_OF_AMINO_ACIDS_AND_DERIVATIVES,BFR_vs_HLRT_at_T1,4.980339163180303e-4,0.09250581220271413,0.9264814275562809,0.9874622103330455
Reactome,REACTOME_METABOLISM_OF_CARBOHYDRATES_AND_CARBOHYDRATE_DERIVATIVES,Reactome|REACTOME_METABOLISM_OF_CARBOHYDRATES_AND_CARBOHYDRATE_DERIVATIVES,BFR_vs_HLRT_at_T1,-2.735486179727964e-4,-0.06490260382777492,0.9483812446636236,0.9874622103330455
Reactome,REACTOME_METABOLISM_OF_NUCLEOTIDES,Reactome|REACTOME_METABOLISM_OF_NUCLEOTIDES,BFR_vs_HLRT_at_T1,-0.0021119016998260715,-0.320318552017092,0.7493958761850793,0.9874622103330455
Reactome,REACTOME_METABOLISM_OF_STEROIDS,Reactome|REACTOME_METABOLISM_OF_STEROIDS,BFR_vs_HLRT_at_T1,-0.0039757855835714576,-0.8661367621056668,0.3884905615423132,0.9874622103330455
Reactome,REACTOME_METABOLISM_OF_VITAMINS_AND_COFACTORS,Reactome|REACTOME_METABOLISM_OF_VITAMINS_AND_COFACTORS,BFR_vs_HLRT_at_T1,0.002107401020315036,0.46998223195262867,0.6393920429161475,0.9874622103330455
Reactome,REACTOME_MHC_CLASS_II_ANTIGEN_PRESENTATION,Reactome|REACTOME_MHC_CLASS_II_ANTIGEN_PRESENTATION,BFR_vs_HLRT_at_T1,0.004368921284614503,0.8009124320389299,0.4250830447144749,0.9874622103330455
Reactome,REACTOME_MITF_M_DEPENDENT_GENE_EXPRESSION,Reactome|REACTOME_MITF_M_DEPENDENT_GENE_EXPRESSION,BFR_vs_HLRT_at_T1,0.011595469603046653,1.7976460588428897,0.07525405643871132,0.9414438810542551
Reactome,REACTOME_MITF_M_REGULATED_MELANOCYTE_DEVELOPMENT,Reactome|REACTOME_MITF_M_REGULATED_MELANOCYTE_DEVELOPMENT,BFR_vs_HLRT_at_T1,0.007095208070558856,1.637513064226407,0.104669531941313,0.9414438810542551
Reactome,REACTOME_MITOCHONDRIAL_FATTY_ACID_BETA_OXIDATION,Reactome|REACTOME_MITOCHONDRIAL_FATTY_ACID_BETA_OXIDATION,BFR_vs_HLRT_at_T1,0.008301907861869962,1.481743519016972,0.1415559871507884,0.9414438810542551
Reactome,REACTOME_MITOCHONDRIAL_PROTEIN_DEGRADATION,Reactome|REACTOME_MITOCHONDRIAL_PROTEIN_DEGRADATION,BFR_vs_HLRT_at_T1,0.0022494591620708104,0.487716649843965,0.6268191887384178,0.9874622103330455
Reactome,REACTOME_MITOCHONDRIAL_TRANSLATION,Reactome|REACTOME_MITOCHONDRIAL_TRANSLATION,BFR_vs_HLRT_at_T1,-0.002444335637987405,-0.24365354344948353,0.8079988026782917,0.9874622103330455
Reactome,REACTOME_MITOCHONDRIAL_TRNA_AMINOACYLATION,Reactome|REACTOME_MITOCHONDRIAL_TRNA_AMINOACYLATION,BFR_vs_HLRT_at_T1,0.003238855869917956,0.2672079524903935,0.7898598946646511,0.9874622103330455
Reactome,REACTOME_MITOPHAGY,Reactome|REACTOME_MITOPHAGY,BFR_vs_HLRT_at_T1,0.0024959789810927446,0.5097687771890217,0.6113377915642684,0.9874622103330455
Reactome,REACTOME_MITOTIC_G2_G2_M_PHASES,Reactome|REACTOME_MITOTIC_G2_G2_M_PHASES,BFR_vs_HLRT_at_T1,0.001043218555095926,0.28932692790941555,0.7729307892914472,0.9874622103330455
Reactome,REACTOME_MITOTIC_PROMETAPHASE,Reactome|REACTOME_MITOTIC_PROMETAPHASE,BFR_vs_HLRT_at_T1,0.0063582777349140696,1.4234436798269554,0.1577232116754442,0.9414438810542551
Reactome,REACTOME_MITOTIC_PROPHASE,Reactome|REACTOME_MITOTIC_PROPHASE,BFR_vs_HLRT_at_T1,0.00540330713121193,0.9661887141325975,0.33628291994283144,0.9874622103330455
Reactome,REACTOME_MRNA_SPLICING_MINOR_PATHWAY,Reactome|REACTOME_MRNA_SPLICING_MINOR_PATHWAY,BFR_vs_HLRT_at_T1,0.001535590269868603,0.1330865802662137,0.8943926188518878,0.9874622103330455
Reactome,REACTOME_MTOR_SIGNALLING,Reactome|REACTOME_MTOR_SIGNALLING,BFR_vs_HLRT_at_T1,0.008162046778474704,1.8233992512732167,0.07123316836478186,0.9414438810542551
Reactome,REACTOME_MUSCLE_CONTRACTION,Reactome|REACTOME_MUSCLE_CONTRACTION,BFR_vs_HLRT_at_T1,-0.011842972730928658,-1.3390540986425075,0.1835919310529762,0.9414438810542551
Reactome,REACTOME_M_PHASE,Reactome|REACTOME_M_PHASE,BFR_vs_HLRT_at_T1,0.003837734045074287,1.1916833883089994,0.2362087377160257,0.9759089312711501
Reactome,REACTOME_NCAM_SIGNALING_FOR_NEURITE_OUT_GROWTH,Reactome|REACTOME_NCAM_SIGNALING_FOR_NEURITE_OUT_GROWTH,BFR_vs_HLRT_at_T1,-0.023917298597360623,-1.1302445804981702,0.2610794792508103,0.9874622103330455
Reactome,REACTOME_NEDDYLATION,Reactome|REACTOME_NEDDYLATION,BFR_vs_HLRT_at_T1,-0.002734892339392697,-0.6779290085755323,0.49938387605949164,0.9874622103330455
Reactome,REACTOME_NEGATIVE_REGULATION_OF_MAPK_PATHWAY,Reactome|REACTOME_NEGATIVE_REGULATION_OF_MAPK_PATHWAY,BFR_vs_HLRT_at_T1,9.647029708757804e-4,0.1256857899427859,0.9002332407059299,0.9874622103330455
Reactome,REACTOME_NEGATIVE_REGULATION_OF_THE_PI3K_AKT_NETWORK,Reactome|REACTOME_NEGATIVE_REGULATION_OF_THE_PI3K_AKT_NETWORK,BFR_vs_HLRT_at_T1,0.0046742474560064595,0.7075485864146367,0.48087300877970507,0.9874622103330455
Reactome,REACTOME_NEURONAL_SYSTEM,Reactome|REACTOME_NEURONAL_SYSTEM,BFR_vs_HLRT_at_T1,-5.748508562376797e-4,-0.1597749043918462,0.8733809920139223,0.9874622103330455
Reactome,REACTOME_NEUTROPHIL_DEGRANULATION,Reactome|REACTOME_NEUTROPHIL_DEGRANULATION,BFR_vs_HLRT_at_T1,7.522067753805428e-4,0.1528859223735676,0.8787966110201679,0.9874622103330455
Reactome,REACTOME_NON_INTEGRIN_MEMBRANE_ECM_INTERACTIONS,Reactome|REACTOME_NON_INTEGRIN_MEMBRANE_ECM_INTERACTIONS,BFR_vs_HLRT_at_T1,-0.018273340938510896,-0.8814009752723456,0.38021651408279633,0.9874622103330455
Reactome,REACTOME_NUCLEAR_ENVELOPE_NE_REASSEMBLY,Reactome|REACTOME_NUCLEAR_ENVELOPE_NE_REASSEMBLY,BFR_vs_HLRT_at_T1,3.95682985345841e-4,0.09661538376491582,0.9232253968264115,0.9874622103330455
Reactome,REACTOME_ONCOGENIC_MAPK_SIGNALING,Reactome|REACTOME_ONCOGENIC_MAPK_SIGNALING,BFR_vs_HLRT_at_T1,7.24444624421311e-5,0.015883903270375022,0.987358690696152,0.99158760466212
Reactome,REACTOME_ORGANELLE_BIOGENESIS_AND_MAINTENANCE,Reactome|REACTOME_ORGANELLE_BIOGENESIS_AND_MAINTENANCE,BFR_vs_HLRT_at_T1,0.001953786407636604,0.6117860189747809,0.5420691492428944,0.9874622103330455
Reactome,REACTOME_PEPTIDE_HORMONE_METABOLISM,Reactome|REACTOME_PEPTIDE_HORMONE_METABOLISM,BFR_vs_HLRT_at_T1,0.005668095681711784,0.7064676883782058,0.4815417860527963,0.9874622103330455
Reactome,REACTOME_PEROXISOMAL_PROTEIN_IMPORT,Reactome|REACTOME_PEROXISOMAL_PROTEIN_IMPORT,BFR_vs_HLRT_at_T1,-0.0021222317196080143,-0.35790203658204933,0.7211717110080129,0.9874622103330455
Reactome,REACTOME_PHASE_I_FUNCTIONALIZATION_OF_COMPOUNDS,Reactome|REACTOME_PHASE_I_FUNCTIONALIZATION_OF_COMPOUNDS,BFR_vs_HLRT_at_T1,7.884122216458844e-4,0.13501109602717878,0.8928747507581898,0.9874622103330455
Reactome,REACTOME_PHOSPHOLIPID_METABOLISM,Reactome|REACTOME_PHOSPHOLIPID_METABOLISM,BFR_vs_HLRT_at_T1,-0.00213507448062579,-0.43512657789226833,0.6644091377253836,0.9874622103330455
Reactome,REACTOME_PKR_MEDIATED_SIGNALING,Reactome|REACTOME_PKR_MEDIATED_SIGNALING,BFR_vs_HLRT_at_T1,-0.0018808255770742244,-0.44796578724306335,0.6551478504921877,0.9874622103330455
Reactome,REACTOME_PLASMA_LIPOPROTEIN_ASSEMBLY_REMODELING_AND_CLEARANCE,Reactome|REACTOME_PLASMA_LIPOPROTEIN_ASSEMBLY_REMODELING_AND_CLEARANCE,BFR_vs_HLRT_at_T1,-0.011937715970466112,-1.7198441633974355,0.08855732580358115,0.9414438810542551
Reactome,REACTOME_PLATELET_ACTIVATION_SIGNALING_AND_AGGREGATION,Reactome|REACTOME_PLATELET_ACTIVATION_SIGNALING_AND_AGGREGATION,BFR_vs_HLRT_at_T1,-6.984404431913949e-4,-0.10585381461593117,0.9159105985252194,0.9874622103330455
Reactome,REACTOME_PLATELET_HOMEOSTASIS,Reactome|REACTOME_PLATELET_HOMEOSTASIS,BFR_vs_HLRT_at_T1,0.0014598297960087547,0.24629410216514364,0.8059599257671343,0.9874622103330455
Reactome,REACTOME_POTENTIAL_THERAPEUTICS_FOR_SARS,Reactome|REACTOME_POTENTIAL_THERAPEUTICS_FOR_SARS,BFR_vs_HLRT_at_T1,-0.003937917263332091,-1.130705386665899,0.26088634340667943,0.9874622103330455
Reactome,REACTOME_PROCESSING_OF_CAPPED_INTRON_CONTAINING_PRE_MRNA,Reactome|REACTOME_PROCESSING_OF_CAPPED_INTRON_CONTAINING_PRE_MRNA,BFR_vs_HLRT_at_T1,-9.289335047413805e-4,-0.1349193342424084,0.8929471144010119,0.9874622103330455
Reactome,REACTOME_PROGRAMMED_CELL_DEATH,Reactome|REACTOME_PROGRAMMED_CELL_DEATH,BFR_vs_HLRT_at_T1,0.0036090235803791226,1.313238426127544,0.19211095974440512,0.9414438810542551
Reactome,REACTOME_PROTEIN_FOLDING,Reactome|REACTOME_PROTEIN_FOLDING,BFR_vs_HLRT_at_T1,0.0016158757659200385,0.2895718660838073,0.7727439180229452,0.9874622103330455
Reactome,REACTOME_PROTEIN_LOCALIZATION,Reactome|REACTOME_PROTEIN_LOCALIZATION,BFR_vs_HLRT_at_T1,-0.0028555704852951946,-0.5477813385803085,0.5850638940423117,0.9874622103330455
Reactome,REACTOME_PROTEIN_UBIQUITINATION,Reactome|REACTOME_PROTEIN_UBIQUITINATION,BFR_vs_HLRT_at_T1,0.00542695076948127,1.1207167439430845,0.2650953467368649,0.9874622103330455
Reactome,REACTOME_PYRUVATE_METABOLISM,Reactome|REACTOME_PYRUVATE_METABOLISM,BFR_vs_HLRT_at_T1,0.003992945032319173,0.8896893109599233,0.3757701748006762,0.9874622103330455
Reactome,REACTOME_RAB_GERANYLGERANYLATION,Reactome|REACTOME_RAB_GERANYLGERANYLATION,BFR_vs_HLRT_at_T1,-0.004891681744101345,-0.7982741865759372,0.4266049672371476,0.9874622103330455
Reactome,REACTOME_RAB_REGULATION_OF_TRAFFICKING,Reactome|REACTOME_RAB_REGULATION_OF_TRAFFICKING,BFR_vs_HLRT_at_T1,0.002638236657468239,0.49482488075985986,0.6218102523706563,0.9874622103330455
Reactome,REACTOME_RAC1_GTPASE_CYCLE,Reactome|REACTOME_RAC1_GTPASE_CYCLE,BFR_vs_HLRT_at_T1,0.008318017883621805,1.1364370623575373,0.2584924301257648,0.9874622103330455
Reactome,REACTOME_RECYCLING_PATHWAY_OF_L1,Reactome|REACTOME_RECYCLING_PATHWAY_OF_L1,BFR_vs_HLRT_at_T1,-0.0012085676481844443,-0.1713311404920649,0.8643099532116711,0.9874622103330455
Reactome,REACTOME_REGULATED_NECROSIS,Reactome|REACTOME_REGULATED_NECROSIS,BFR_vs_HLRT_at_T1,0.005316272810733685,0.7971174634054561,0.427273260867601,0.9874622103330455
Reactome,REACTOME_REGULATION_OF_CDH1_POSTTRANSLATIONAL_PROCESSING_AND_TRAFFICKING_TO_PLASMA_MEMBRANE,Reactome|REACTOME_REGULATION_OF_CDH1_POSTTRANSLATIONAL_PROCESSING_AND_TRAFFICKING_TO_PLASMA_MEMBRANE,BFR_vs_HLRT_at_T1,-7.441093838437551e-4,-0.09675332183143723,0.9231161302548301,0.9874622103330455
Reactome,REACTOME_REGULATION_OF_CHOLESTEROL_BIOSYNTHESIS_BY_SREBP_SREBF,Reactome|REACTOME_REGULATION_OF_CHOLESTEROL_BIOSYNTHESIS_BY_SREBP_SREBF,BFR_vs_HLRT_at_T1,-0.0021045462382408356,-0.3593357293032194,0.720102357871223,0.9874622103330455
Reactome,REACTOME_REGULATION_OF_INSULIN_LIKE_GROWTH_FACTOR_IGF_TRANSPORT_AND_UPTAKE_BY_INSULIN_LIKE_GROWTH_FACTOR_BINDING_PROTEINS_IGFBPS,Reactome|REACTOME_REGULATION_OF_INSULIN_LIKE_GROWTH_FACTOR_IGF_TRANSPORT_AND_UPTAKE_BY_INSULIN_LIKE_GROWTH_FACTOR_BINDING_PROTEINS_IGFBPS,BFR_vs_HLRT_at_T1,-0.004358521843031898,-0.32383458830722683,0.7467402475755248,0.9874622103330455
Reactome,REACTOME_REGULATION_OF_PLK1_ACTIVITY_AT_G2_M_TRANSITION,Reactome|REACTOME_REGULATION_OF_PLK1_ACTIVITY_AT_G2_M_TRANSITION,BFR_vs_HLRT_at_T1,-8.67749122164696e-4,-0.21926212349361768,0.8268932248993999,0.9874622103330455
Reactome,REACTOME_REGULATION_OF_TP53_ACTIVITY,Reactome|REACTOME_REGULATION_OF_TP53_ACTIVITY,BFR_vs_HLRT_at_T1,-0.006799609460570407,-0.9627140741651705,0.33801553477530477,0.9874622103330455
Reactome,REACTOME_REGULATION_OF_T_CELL_ACTIVATION_BY_CD28_FAMILY,Reactome|REACTOME_REGULATION_OF_T_CELL_ACTIVATION_BY_CD28_FAMILY,BFR_vs_HLRT_at_T1,1.6474152583101365e-4,0.050177924833652875,0.9600807909962565,0.9874622103330455
Reactome,REACTOME_RESPIRATORY_SYNCYTIAL_VIRUS_INFECTION_PATHWAY,Reactome|REACTOME_RESPIRATORY_SYNCYTIAL_VIRUS_INFECTION_PATHWAY,BFR_vs_HLRT_at_T1,0.006569031712024692,1.4529159923568842,0.14938098784129022,0.9414438810542551
Reactome,REACTOME_RHOA_GTPASE_CYCLE,Reactome|REACTOME_RHOA_GTPASE_CYCLE,BFR_vs_HLRT_at_T1,4.2322215522964945e-4,0.07270819269002898,0.9421837016133765,0.9874622103330455
Reactome,REACTOME_RHOBTB_GTPASE_CYCLE,Reactome|REACTOME_RHOBTB_GTPASE_CYCLE,BFR_vs_HLRT_at_T1,-0.0045381318869087695,-0.8200334283439511,0.4141493065761003,0.9874622103330455
Reactome,REACTOME_RHOB_GTPASE_CYCLE,Reactome|REACTOME_RHOB_GTPASE_CYCLE,BFR_vs_HLRT_at_T1,0.004842462988572591,0.43564816374215753,0.6640318753259771,0.9874622103330455
Reactome,REACTOME_RHOD_GTPASE_CYCLE,Reactome|REACTOME_RHOD_GTPASE_CYCLE,BFR_vs_HLRT_at_T1,0.003413901391052819,0.4017233527987436,0.688745743552307,0.9874622103330455
Reactome,REACTOME_RHOG_GTPASE_CYCLE,Reactome|REACTOME_RHOG_GTPASE_CYCLE,BFR_vs_HLRT_at_T1,0.00440602566996294,0.8556410487475683,0.39424389445378616,0.9874622103330455
Reactome,REACTOME_RHOH_GTPASE_CYCLE,Reactome|REACTOME_RHOH_GTPASE_CYCLE,BFR_vs_HLRT_at_T1,0.0024793016914157473,0.5201312826256953,0.6041228041575486,0.9874622103330455
Reactome,REACTOME_RHOQ_GTPASE_CYCLE,Reactome|REACTOME_RHOQ_GTPASE_CYCLE,BFR_vs_HLRT_at_T1,0.001526113915767277,0.264723185777505,0.7917681216116614,0.9874622103330455
Reactome,REACTOME_RHOU_GTPASE_CYCLE,Reactome|REACTOME_RHOU_GTPASE_CYCLE,BFR_vs_HLRT_at_T1,0.010255927310671147,1.2427684041935074,0.21686224251738892,0.9414438810542551
Reactome,REACTOME_RHO_GTPASES_ACTIVATE_PAKS,Reactome|REACTOME_RHO_GTPASES_ACTIVATE_PAKS,BFR_vs_HLRT_at_T1,0.0047266694162059475,0.42649420011629613,0.6706654000049223,0.9874622103330455
Reactome,REACTOME_RHO_GTPASES_ACTIVATE_PKNS,Reactome|REACTOME_RHO_GTPASES_ACTIVATE_PKNS,BFR_vs_HLRT_at_T1,0.0016766505127817632,0.26786389092515756,0.789356366268386,0.9874622103330455
Reactome,REACTOME_RHO_GTPASE_CYCLE,Reactome|REACTOME_RHO_GTPASE_CYCLE,BFR_vs_HLRT_at_T1,0.003376058280471897,0.7676377750938402,0.4445129862659939,0.9874622103330455
Reactome,REACTOME_RHO_GTPASE_EFFECTORS,Reactome|REACTOME_RHO_GTPASE_EFFECTORS,BFR_vs_HLRT_at_T1,0.0068451367629568105,1.2792113035177353,0.2037859081704307,0.9414438810542551
Reactome,REACTOME_SARS_COV_1_INFECTION,Reactome|REACTOME_SARS_COV_1_INFECTION,BFR_vs_HLRT_at_T1,-0.0025106418335990033,-0.3471917793313269,0.7291775904516811,0.9874622103330455
Reactome,REACTOME_SARS_COV_2_ACTIVATES_MODULATES_INNATE_AND_ADAPTIVE_IMMUNE_RESPONSES,Reactome|REACTOME_SARS_COV_2_ACTIVATES_MODULATES_INNATE_AND_ADAPTIVE_IMMUNE_RESPONSES,BFR_vs_HLRT_at_T1,0.012099772973305948,2.7074510824717994,0.0079765810029327755,0.7522136957265586
Reactome,REACTOME_SARS_COV_2_MODULATES_HOST_TRANSLATION_MACHINERY,Reactome|REACTOME_SARS_COV_2_MODULATES_HOST_TRANSLATION_MACHINERY,BFR_vs_HLRT_at_T1,-0.007826578515022276,-0.5277084649645856,0.5988718167028046,0.9874622103330455
Reactome,REACTOME_SARS_COV_INFECTIONS,Reactome|REACTOME_SARS_COV_INFECTIONS,BFR_vs_HLRT_at_T1,-0.001292413078897936,-0.30767164326284574,0.7589727156634313,0.9874622103330455
Reactome,REACTOME_SEALING_OF_THE_NUCLEAR_ENVELOPE_NE_BY_ESCRT_III,Reactome|REACTOME_SEALING_OF_THE_NUCLEAR_ENVELOPE_NE_BY_ESCRT_III,BFR_vs_HLRT_at_T1,0.006461670671574771,0.9796631230055409,0.32961892806418613,0.9874622103330455
Reactome,REACTOME_SEMAPHORIN_INTERACTIONS,Reactome|REACTOME_SEMAPHORIN_INTERACTIONS,BFR_vs_HLRT_at_T1,0.006365932518151846,0.8518516564106998,0.3963338830236818,0.9874622103330455
Reactome,REACTOME_SENSORY_PROCESSING_OF_SOUND,Reactome|REACTOME_SENSORY_PROCESSING_OF_SOUND,BFR_vs_HLRT_at_T1,-6.294514891597713e-4,-0.08615139957674096,0.9315184968597374,0.9874622103330455
Reactome,REACTOME_SIGNALING_BY_ALK_IN_CANCER,Reactome|REACTOME_SIGNALING_BY_ALK_IN_CANCER,BFR_vs_HLRT_at_T1,-0.0029367145936181616,-0.54202629063033,0.5890073554114638,0.9874622103330455
Reactome,REACTOME_SIGNALING_BY_FGFR,Reactome|REACTOME_SIGNALING_BY_FGFR,BFR_vs_HLRT_at_T1,-0.008336006529693386,-1.3264326776224682,0.18772076675425625,0.9414438810542551
Reactome,REACTOME_SIGNALING_BY_INSULIN_RECEPTOR,Reactome|REACTOME_SIGNALING_BY_INSULIN_RECEPTOR,BFR_vs_HLRT_at_T1,0.00941105463406014,1.1947643245468775,0.23500792584186564,0.9759089312711501
Reactome,REACTOME_SIGNALING_BY_INTERLEUKINS,Reactome|REACTOME_SIGNALING_BY_INTERLEUKINS,BFR_vs_HLRT_at_T1,0.001544673313725431,0.5674448675499594,0.571684948603707,0.9874622103330455
Reactome,REACTOME_SIGNALING_BY_MET,Reactome|REACTOME_SIGNALING_BY_MET,BFR_vs_HLRT_at_T1,-0.010358970783020727,-0.7728328050884014,0.4414460049257928,0.9874622103330455
Reactome,REACTOME_SIGNALING_BY_NOTCH,Reactome|REACTOME_SIGNALING_BY_NOTCH,BFR_vs_HLRT_at_T1,-1.4211459379004365e-4,-0.03905042570919422,0.9689281172291266,0.9913570088316527
Reactome,REACTOME_SIGNALING_BY_NTRKS,Reactome|REACTOME_SIGNALING_BY_NTRKS,BFR_vs_HLRT_at_T1,-0.0034654989290070493,-0.6715609327589489,0.5034132295444163,0.9874622103330455
Reactome,REACTOME_SIGNALING_BY_NUCLEAR_RECEPTORS,Reactome|REACTOME_SIGNALING_BY_NUCLEAR_RECEPTORS,BFR_vs_HLRT_at_T1,0.0030409057415048957,0.6827687977715412,0.49633320145910065,0.9874622103330455
Reactome,REACTOME_SIGNALING_BY_PDGF,Reactome|REACTOME_SIGNALING_BY_PDGF,BFR_vs_HLRT_at_T1,-0.015022754413242446,-0.7235085677749293,0.4710581952625733,0.9874622103330455
Reactome,REACTOME_SIGNALING_BY_RETINOIC_ACID,Reactome|REACTOME_SIGNALING_BY_RETINOIC_ACID,BFR_vs_HLRT_at_T1,0.0035116144811180583,0.6433836998450978,0.5214493153577935,0.9874622103330455
Reactome,REACTOME_SIGNALING_BY_ROBO_RECEPTORS,Reactome|REACTOME_SIGNALING_BY_ROBO_RECEPTORS,BFR_vs_HLRT_at_T1,-0.004518969504595294,-0.5327503963070693,0.5953894388916658,0.9874622103330455
Reactome,REACTOME_SIGNALING_BY_TGFB_FAMILY_MEMBERS,Reactome|REACTOME_SIGNALING_BY_TGFB_FAMILY_MEMBERS,BFR_vs_HLRT_at_T1,0.001956639180046779,0.4074904102077677,0.6845197179551021,0.9874622103330455
Reactome,REACTOME_SIGNALING_BY_VEGF,Reactome|REACTOME_SIGNALING_BY_VEGF,BFR_vs_HLRT_at_T1,0.006531921643959854,1.4689867830615773,0.14497835459211403,0.9414438810542551
Reactome,REACTOME_SIGNALING_BY_WNT,Reactome|REACTOME_SIGNALING_BY_WNT,BFR_vs_HLRT_at_T1,-3.469997412981485e-4,-0.09529023321421867,0.9242751792006898,0.9874622103330455
Reactome,REACTOME_SIGNALLING_TO_ERKS,Reactome|REACTOME_SIGNALLING_TO_ERKS,BFR_vs_HLRT_at_T1,0.005017012096320328,0.7949714869498667,0.4285147313170068,0.9874622103330455
Reactome,REACTOME_SLC_MEDIATED_TRANSMEMBRANE_TRANSPORT,Reactome|REACTOME_SLC_MEDIATED_TRANSMEMBRANE_TRANSPORT,BFR_vs_HLRT_at_T1,-0.012496366623399355,-1.555045372776907,0.12309765593804761,0.9414438810542551
Reactome,REACTOME_SMOOTH_MUSCLE_CONTRACTION,Reactome|REACTOME_SMOOTH_MUSCLE_CONTRACTION,BFR_vs_HLRT_at_T1,0.0023960418741087453,0.3035130043825323,0.7621301339138942,0.9874622103330455
Reactome,REACTOME_STRIATED_MUSCLE_CONTRACTION,Reactome|REACTOME_STRIATED_MUSCLE_CONTRACTION,BFR_vs_HLRT_at_T1,-0.027487747073779545,-1.4234101727789148,0.15773289579236482,0.9414438810542551
Reactome,REACTOME_SULFUR_AMINO_ACID_METABOLISM,Reactome|REACTOME_SULFUR_AMINO_ACID_METABOLISM,BFR_vs_HLRT_at_T1,0.007971419827839263,1.0169467579801044,0.31163531180016046,0.9874622103330455
Reactome,REACTOME_SUMOYLATION,Reactome|REACTOME_SUMOYLATION,BFR_vs_HLRT_at_T1,-6.154560090900416e-4,-0.10601921664532546,0.9157797005581672,0.9874622103330455
Reactome,REACTOME_TBC_RABGAPS,Reactome|REACTOME_TBC_RABGAPS,BFR_vs_HLRT_at_T1,0.008875209762699746,1.1029342088959841,0.27270556803712664,0.9874622103330455
Reactome,REACTOME_TOLL_LIKE_RECEPTOR_CASCADES,Reactome|REACTOME_TOLL_LIKE_RECEPTOR_CASCADES,BFR_vs_HLRT_at_T1,-0.0027845926256428732,-0.515503151257365,0.6073403883143951,0.9874622103330455
Reactome,REACTOME_TRANSCRIPTIONAL_ACTIVITY_OF_SMAD2_SMAD3_SMAD4_HETEROTRIMER,Reactome|REACTOME_TRANSCRIPTIONAL_ACTIVITY_OF_SMAD2_SMAD3_SMAD4_HETEROTRIMER,BFR_vs_HLRT_at_T1,7.380167124426754e-4,0.10862690714797163,0.9137163018880653,0.9874622103330455
Reactome,REACTOME_TRANSCRIPTIONAL_REGULATION_BY_TP53,Reactome|REACTOME_TRANSCRIPTIONAL_REGULATION_BY_TP53,BFR_vs_HLRT_at_T1,-0.002460159689788466,-0.8629369235036781,0.39023906222528126,0.9874622103330455
Reactome,REACTOME_TRANSCRIPTION_COUPLED_NUCLEOTIDE_EXCISION_REPAIR_TC_NER,Reactome|REACTOME_TRANSCRIPTION_COUPLED_NUCLEOTIDE_EXCISION_REPAIR_TC_NER,BFR_vs_HLRT_at_T1,-0.005336306408716893,-0.7982158823658944,0.4266386375221315,0.9874622103330455
Reactome,REACTOME_TRANSLATION,Reactome|REACTOME_TRANSLATION,BFR_vs_HLRT_at_T1,-0.0033484326860995506,-0.4808696887606716,0.6316605922395304,0.9874622103330455
Reactome,REACTOME_TRANSLOCATION_OF_SLC2A4_GLUT4_TO_THE_PLASMA_MEMBRANE,Reactome|REACTOME_TRANSLOCATION_OF_SLC2A4_GLUT4_TO_THE_PLASMA_MEMBRANE,BFR_vs_HLRT_at_T1,0.005107598561915755,1.0642553844567217,0.28977864403516984,0.9874622103330455
Reactome,REACTOME_TRANSPORT_OF_MATURE_TRANSCRIPT_TO_CYTOPLASM,Reactome|REACTOME_TRANSPORT_OF_MATURE_TRANSCRIPT_TO_CYTOPLASM,BFR_vs_HLRT_at_T1,0.0014656972502758714,0.14069821792767884,0.8883916585715349,0.9874622103330455
Reactome,REACTOME_TRANS_GOLGI_NETWORK_VESICLE_BUDDING,Reactome|REACTOME_TRANS_GOLGI_NETWORK_VESICLE_BUDDING,BFR_vs_HLRT_at_T1,0.016580970992079752,1.8981675078529061,0.060560472063900285,0.9414438810542551
Reactome,REACTOME_TRIGLYCERIDE_METABOLISM,Reactome|REACTOME_TRIGLYCERIDE_METABOLISM,BFR_vs_HLRT_at_T1,-9.81418008872137e-4,-0.16610249835850116,0.8684119899212392,0.9874622103330455
Reactome,REACTOME_TRNA_AMINOACYLATION,Reactome|REACTOME_TRNA_AMINOACYLATION,BFR_vs_HLRT_at_T1,0.008227912204112653,1.2516615253952104,0.2136160547099362,0.9414438810542551
Reactome,REACTOME_TRNA_PROCESSING,Reactome|REACTOME_TRNA_PROCESSING,BFR_vs_HLRT_at_T1,0.003754622853621589,0.6377619336958014,0.5250877562507525,0.9874622103330455
Reactome,REACTOME_UNFOLDED_PROTEIN_RESPONSE_UPR,Reactome|REACTOME_UNFOLDED_PROTEIN_RESPONSE_UPR,BFR_vs_HLRT_at_T1,0.0015564906052866895,0.28134381775305606,0.779028619235719,0.9874622103330455
Reactome,REACTOME_VISUAL_PHOTOTRANSDUCTION,Reactome|REACTOME_VISUAL_PHOTOTRANSDUCTION,BFR_vs_HLRT_at_T1,-0.020246707587734593,-2.3346043776876915,0.021565345801970656,0.7522136957265586
GOBP,GOBP_ACETYL_COA_METABOLIC_PROCESS,GOBP|GOBP_ACETYL_COA_METABOLIC_PROCESS,BFR_vs_HLRT_at_T1,0.009931474468127949,1.9975476205954907,0.048484835742584186,0.9597267786261641
GOBP,GOBP_ACTIN_FILAMENT_BASED_MOVEMENT,GOBP|GOBP_ACTIN_FILAMENT_BASED_MOVEMENT,BFR_vs_HLRT_at_T1,-0.008679791302449169,-1.33939450255329,0.18348152818907865,0.9597267786261641
GOBP,GOBP_ACTIN_FILAMENT_BUNDLE_ORGANIZATION,GOBP|GOBP_ACTIN_FILAMENT_BUNDLE_ORGANIZATION,BFR_vs_HLRT_at_T1,0.004975142022733026,0.74711290699885,0.4567502416625362,0.9597267786261641
GOBP,GOBP_ACTIN_FILAMENT_ORGANIZATION,GOBP|GOBP_ACTIN_FILAMENT_ORGANIZATION,BFR_vs_HLRT_at_T1,-0.0011977096522466993,-0.17046783303312732,0.864986992794582,0.9971452871716181
GOBP,GOBP_ACTIN_FILAMENT_POLYMERIZATION,GOBP|GOBP_ACTIN_FILAMENT_POLYMERIZATION,BFR_vs_HLRT_at_T1,-0.006762593552006877,-0.8337261559985909,0.40642433755431573,0.9597267786261641
GOBP,GOBP_ACTIN_NUCLEATION,GOBP|GOBP_ACTIN_NUCLEATION,BFR_vs_HLRT_at_T1,-0.006873747785047166,-0.7296786862274575,0.46729407541981505,0.9597267786261641
GOBP,GOBP_ACTION_POTENTIAL,GOBP|GOBP_ACTION_POTENTIAL,BFR_vs_HLRT_at_T1,0.002980559796025406,0.6911532833181214,0.4910721589216558,0.9597267786261641
GOBP,GOBP_ACTOMYOSIN_STRUCTURE_ORGANIZATION,GOBP|GOBP_ACTOMYOSIN_STRUCTURE_ORGANIZATION,BFR_vs_HLRT_at_T1,-0.014204699766496659,-1.4380928112358002,0.15353299876107784,0.9597267786261641
GOBP,GOBP_ACYL_COA_METABOLIC_PROCESS,GOBP|GOBP_ACYL_COA_METABOLIC_PROCESS,BFR_vs_HLRT_at_T1,0.005847595354440155,1.1305561178340655,0.2609488948680945,0.9597267786261641
GOBP,GOBP_ADAPTIVE_IMMUNE_RESPONSE_BASED_ON_SOMATIC_RECOMBINATION_OF_IMMUNE_RECEPTORS_BUILT_FROM_IMMUNOGLOBULIN_SUPERFAMILY_DOMAINS,GOBP|GOBP_ADAPTIVE_IMMUNE_RESPONSE_BASED_ON_SOMATIC_RECOMBINATION_OF_IMMUNE_RECEPTORS_BUILT_FROM_IMMUNOGLOBULIN_SUPERFAMILY_DOMAINS,BFR_vs_HLRT_at_T1,0.005541800348393633,1.1480358953952838,0.25369540550683217,0.9597267786261641
GOBP,GOBP_ADENYLATE_CYCLASE_MODULATING_G_PROTEIN_COUPLED_RECEPTOR_SIGNALING_PATHWAY,GOBP|GOBP_ADENYLATE_CYCLASE_MODULATING_G_PROTEIN_COUPLED_RECEPTOR_SIGNALING_PATHWAY,BFR_vs_HLRT_at_T1,-0.0032471405200782955,-0.3904247478931101,0.697053757906082,0.975839615677677
GOBP,GOBP_ALCOHOL_BIOSYNTHETIC_PROCESS,GOBP|GOBP_ALCOHOL_BIOSYNTHETIC_PROCESS,BFR_vs_HLRT_at_T1,-0.0024060481468206885,-0.5772928258069686,0.565040407435712,0.9597267786261641
GOBP,GOBP_ALCOHOL_METABOLIC_PROCESS,GOBP|GOBP_ALCOHOL_METABOLIC_PROCESS,BFR_vs_HLRT_at_T1,6.758008922413961e-4,0.19157305850151277,0.8484654809865433,0.9971452871716181
GOBP,GOBP_ALDEHYDE_METABOLIC_PROCESS,GOBP|GOBP_ALDEHYDE_METABOLIC_PROCESS,BFR_vs_HLRT_at_T1,-8.205484123495199e-4,-0.16577660168691155,0.8686677865514049,0.9971452871716181
GOBP,GOBP_ALTERNATIVE_MRNA_SPLICING_VIA_SPLICEOSOME,GOBP|GOBP_ALTERNATIVE_MRNA_SPLICING_VIA_SPLICEOSOME,BFR_vs_HLRT_at_T1,-0.007390205350433485,-0.6096374586555213,0.5434860950418858,0.9597267786261641
GOBP,GOBP_AMEBOIDAL_TYPE_CELL_MIGRATION,GOBP|GOBP_AMEBOIDAL_TYPE_CELL_MIGRATION,BFR_vs_HLRT_at_T1,0.003110907148121053,0.6242750442558821,0.5338700215826693,0.9597267786261641
GOBP,GOBP_AMIDE_BIOSYNTHETIC_PROCESS,GOBP|GOBP_AMIDE_BIOSYNTHETIC_PROCESS,BFR_vs_HLRT_at_T1,0.005008887288477384,1.0154910812708942,0.3123248971109021,0.9597267786261641
GOBP,GOBP_AMINE_METABOLIC_PROCESS,GOBP|GOBP_AMINE_METABOLIC_PROCESS,BFR_vs_HLRT_at_T1,-0.0010930182208097744,-0.156847399460067,0.8756816641297402,0.9971452871716181
GOBP,GOBP_AMINO_ACID_BIOSYNTHETIC_PROCESS,GOBP|GOBP_AMINO_ACID_BIOSYNTHETIC_PROCESS,BFR_vs_HLRT_at_T1,0.008140697063402619,1.3601104098660663,0.17685634890832364,0.9597267786261641
GOBP,GOBP_AMINO_ACID_METABOLIC_PROCESS,GOBP|GOBP_AMINO_ACID_METABOLIC_PROCESS,BFR_vs_HLRT_at_T1,0.006075416311022319,1.39747886697034,0.16536545795816165,0.9597267786261641
GOBP,GOBP_AMYLOID_BETA_METABOLIC_PROCESS,GOBP|GOBP_AMYLOID_BETA_METABOLIC_PROCESS,BFR_vs_HLRT_at_T1,0.006039241245789043,1.093623305592071,0.27675022234378494,0.9597267786261641
GOBP,GOBP_AMYLOID_FIBRIL_FORMATION,GOBP|GOBP_AMYLOID_FIBRIL_FORMATION,BFR_vs_HLRT_at_T1,-0.003168478848740025,-0.6842193882115735,0.49542081668844995,0.9597267786261641
GOBP,GOBP_ANTIGEN_PROCESSING_AND_PRESENTATION,GOBP|GOBP_ANTIGEN_PROCESSING_AND_PRESENTATION,BFR_vs_HLRT_at_T1,0.006304830118679869,0.9586755266119861,0.34003664017877466,0.9597267786261641
GOBP,GOBP_ANTIVIRAL_INNATE_IMMUNE_RESPONSE,GOBP|GOBP_ANTIVIRAL_INNATE_IMMUNE_RESPONSE,BFR_vs_HLRT_at_T1,0.0037714863677286367,0.4917925023720708,0.6239449135108316,0.961916975493824
GOBP,GOBP_APICAL_JUNCTION_ASSEMBLY,GOBP|GOBP_APICAL_JUNCTION_ASSEMBLY,BFR_vs_HLRT_at_T1,0.0044982565601516256,0.7935334077966474,0.42934786624598975,0.9597267786261641
GOBP,GOBP_APOPTOTIC_MITOCHONDRIAL_CHANGES,GOBP|GOBP_APOPTOTIC_MITOCHONDRIAL_CHANGES,BFR_vs_HLRT_at_T1,0.005780932495965008,1.4336620925683894,0.15479119147117554,0.9597267786261641
GOBP,GOBP_APPENDAGE_DEVELOPMENT,GOBP|GOBP_APPENDAGE_DEVELOPMENT,BFR_vs_HLRT_at_T1,-0.0023002828261048935,-0.24601902190211325,0.8061722636123926,0.988586211152373
GOBP,GOBP_ARTERY_DEVELOPMENT,GOBP|GOBP_ARTERY_DEVELOPMENT,BFR_vs_HLRT_at_T1,0.004287493323627656,0.4466141493441291,0.656120325224332,0.9739027886977386
GOBP,GOBP_AUTOPHAGOSOME_MATURATION,GOBP|GOBP_AUTOPHAGOSOME_MATURATION,BFR_vs_HLRT_at_T1,-0.0010982714983849562,-0.1702176470209776,0.8651832173074314,0.9971452871716181
GOBP,GOBP_AUTOPHAGY_OF_MITOCHONDRION,GOBP|GOBP_AUTOPHAGY_OF_MITOCHONDRION,BFR_vs_HLRT_at_T1,-0.005409976435932398,-1.2630619293505685,0.2095068977947071,0.9597267786261641
GOBP,GOBP_AXO_DENDRITIC_TRANSPORT,GOBP|GOBP_AXO_DENDRITIC_TRANSPORT,BFR_vs_HLRT_at_T1,0.0013073106404203755,0.27373407704436453,0.7848541412127069,0.988361582280523
GOBP,GOBP_BASEMENT_MEMBRANE_ORGANIZATION,GOBP|GOBP_BASEMENT_MEMBRANE_ORGANIZATION,BFR_vs_HLRT_at_T1,-0.02031641834535096,-0.7444574312847385,0.45834740225090076,0.9597267786261641
GOBP,GOBP_BIOLOGICAL_PROCESS_INVOLVED_IN_SYMBIOTIC_INTERACTION,GOBP|GOBP_BIOLOGICAL_PROCESS_INVOLVED_IN_SYMBIOTIC_INTERACTION,BFR_vs_HLRT_at_T1,9.492042645126708e-4,0.23741993227338312,0.812817243551174,0.988586211152373
GOBP,GOBP_BIOMINERAL_TISSUE_DEVELOPMENT,GOBP|GOBP_BIOMINERAL_TISSUE_DEVELOPMENT,BFR_vs_HLRT_at_T1,-0.011632277750160541,-0.6988435067976757,0.4862736092362614,0.9597267786261641
GOBP,GOBP_BLASTOCYST_DEVELOPMENT,GOBP|GOBP_BLASTOCYST_DEVELOPMENT,BFR_vs_HLRT_at_T1,0.0037510941486403326,0.7882188108473883,0.4324350975546909,0.9597267786261641
GOBP,GOBP_BLOOD_VESSEL_ENDOTHELIAL_CELL_MIGRATION,GOBP|GOBP_BLOOD_VESSEL_ENDOTHELIAL_CELL_MIGRATION,BFR_vs_HLRT_at_T1,0.008077669236437407,1.3102070145987168,0.19313035847857507,0.9597267786261641
GOBP,GOBP_BONE_DEVELOPMENT,GOBP|GOBP_BONE_DEVELOPMENT,BFR_vs_HLRT_at_T1,-0.0024266772501552944,-0.24348877170149902,0.8081260733247492,0.988586211152373
GOBP,GOBP_BRANCHED_CHAIN_AMINO_ACID_METABOLIC_PROCESS,GOBP|GOBP_BRANCHED_CHAIN_AMINO_ACID_METABOLIC_PROCESS,BFR_vs_HLRT_at_T1,0.004775168145512931,0.6545219018910267,0.514279689611058,0.9597267786261641
GOBP,GOBP_B_CELL_ACTIVATION,GOBP|GOBP_B_CELL_ACTIVATION,BFR_vs_HLRT_at_T1,0.001978617287576045,0.443274138227447,0.6585259277621498,0.974017436880138
GOBP,GOBP_CALCIUM_ION_IMPORT,GOBP|GOBP_CALCIUM_ION_IMPORT,BFR_vs_HLRT_at_T1,-1.1125823490693021e-5,-0.0016028573217131453,0.9987243017904481,0.9987243017904481
GOBP,GOBP_CALCIUM_ION_TRANSPORT,GOBP|GOBP_CALCIUM_ION_TRANSPORT,BFR_vs_HLRT_at_T1,-0.0030500014235464445,-1.1521072034046926,0.25202661063228415,0.9597267786261641
GOBP,GOBP_CALCIUM_MEDIATED_SIGNALING,GOBP|GOBP_CALCIUM_MEDIATED_SIGNALING,BFR_vs_HLRT_at_T1,-0.004933238457404704,-0.8578735630248452,0.39301575613762163,0.9597267786261641
GOBP,GOBP_CANONICAL_NF_KAPPAB_SIGNAL_TRANSDUCTION,GOBP|GOBP_CANONICAL_NF_KAPPAB_SIGNAL_TRANSDUCTION,BFR_vs_HLRT_at_T1,0.003102208436199433,0.9620863406192323,0.3383291711426083,0.9597267786261641
GOBP,GOBP_CARBOHYDRATE_BIOSYNTHETIC_PROCESS,GOBP|GOBP_CARBOHYDRATE_BIOSYNTHETIC_PROCESS,BFR_vs_HLRT_at_T1,-0.0020842777760560482,-0.5856439889453184,0.5594354668283514,0.9597267786261641
GOBP,GOBP_CARBOHYDRATE_CATABOLIC_PROCESS,GOBP|GOBP_CARBOHYDRATE_CATABOLIC_PROCESS,BFR_vs_HLRT_at_T1,-0.001690905606924642,-0.5154174958408009,0.6074000110702144,0.961916975493824
GOBP,GOBP_CARBOHYDRATE_HOMEOSTASIS,GOBP|GOBP_CARBOHYDRATE_HOMEOSTASIS,BFR_vs_HLRT_at_T1,0.0032942296476222016,1.1378163357137778,0.25791867197308815,0.9597267786261641
GOBP,GOBP_CARBOHYDRATE_TRANSPORT,GOBP|GOBP_CARBOHYDRATE_TRANSPORT,BFR_vs_HLRT_at_T1,-4.6142674030054745e-5,-0.008366071793060328,0.9933416021901438,0.9971452871716181
GOBP,GOBP_CARBOXYLIC_ACID_TRANSMEMBRANE_TRANSPORT,GOBP|GOBP_CARBOXYLIC_ACID_TRANSMEMBRANE_TRANSPORT,BFR_vs_HLRT_at_T1,0.0021557705762347,0.33720136982172105,0.7366725251457219,0.975839615677677
GOBP,GOBP_CARDIAC_CHAMBER_DEVELOPMENT,GOBP|GOBP_CARDIAC_CHAMBER_DEVELOPMENT,BFR_vs_HLRT_at_T1,-0.004441827862467787,-0.7722038471766268,0.44181666596471914,0.9597267786261641
GOBP,GOBP_CARDIAC_CONDUCTION,GOBP|GOBP_CARDIAC_CONDUCTION,BFR_vs_HLRT_at_T1,-0.0025821376261831452,-0.6299890525383611,0.5301400509368885,0.9597267786261641
GOBP,GOBP_CARDIAC_MUSCLE_CELL_ACTION_POTENTIAL_INVOLVED_IN_CONTRACTION,GOBP|GOBP_CARDIAC_MUSCLE_CELL_ACTION_POTENTIAL_INVOLVED_IN_CONTRACTION,BFR_vs_HLRT_at_T1,0.007150360872510364,1.288649355332059,0.20049631785718985,0.9597267786261641
GOBP,GOBP_CARDIAC_MUSCLE_TISSUE_DEVELOPMENT,GOBP|GOBP_CARDIAC_MUSCLE_TISSUE_DEVELOPMENT,BFR_vs_HLRT_at_T1,-0.004167431864841614,-0.6181798554479583,0.5378635980531781,0.9597267786261641
GOBP,GOBP_CARDIAC_SEPTUM_DEVELOPMENT,GOBP|GOBP_CARDIAC_SEPTUM_DEVELOPMENT,BFR_vs_HLRT_at_T1,-5.109348362204447e-4,-0.047131001646481645,0.9625029096945262,0.9971452871716181
GOBP,GOBP_CELLULAR_COMPONENT_ASSEMBLY_INVOLVED_IN_MORPHOGENESIS,GOBP|GOBP_CELLULAR_COMPONENT_ASSEMBLY_INVOLVED_IN_MORPHOGENESIS,BFR_vs_HLRT_at_T1,-0.019002239087377887,-1.4094160788605874,0.16181754033403672,0.9597267786261641
GOBP,GOBP_CELLULAR_COMPONENT_DISASSEMBLY,GOBP|GOBP_CELLULAR_COMPONENT_DISASSEMBLY,BFR_vs_HLRT_at_T1,-0.004679508586854016,-1.3641675990248885,0.17558026675269725,0.9597267786261641
GOBP,GOBP_CELLULAR_OXIDANT_DETOXIFICATION,GOBP|GOBP_CELLULAR_OXIDANT_DETOXIFICATION,BFR_vs_HLRT_at_T1,0.0024921505433389557,0.6014582998843329,0.5488972005586301,0.9597267786261641
GOBP,GOBP_CELLULAR_PROCESS_INVOLVED_IN_REPRODUCTION_IN_MULTICELLULAR_ORGANISM,GOBP|GOBP_CELLULAR_PROCESS_INVOLVED_IN_REPRODUCTION_IN_MULTICELLULAR_ORGANISM,BFR_vs_HLRT_at_T1,-6.419693933664428e-4,-0.20231261874671638,0.8400837694474556,0.9971452871716181
GOBP,GOBP_CELLULAR_RESPONSE_TO_ABIOTIC_STIMULUS,GOBP|GOBP_CELLULAR_RESPONSE_TO_ABIOTIC_STIMULUS,BFR_vs_HLRT_at_T1,0.0018558304999478775,0.5271788488701897,0.5992381571497718,0.961916975493824
GOBP,GOBP_CELLULAR_RESPONSE_TO_ALCOHOL,GOBP|GOBP_CELLULAR_RESPONSE_TO_ALCOHOL,BFR_vs_HLRT_at_T1,0.0026182673706335036,0.3397697056624435,0.7347432630043136,0.975839615677677
GOBP,GOBP_CELLULAR_RESPONSE_TO_CHEMICAL_STRESS,GOBP|GOBP_CELLULAR_RESPONSE_TO_CHEMICAL_STRESS,BFR_vs_HLRT_at_T1,-0.0017244534710552095,-0.6383103454398211,0.5247322411312911,0.9597267786261641
GOBP,GOBP_CELLULAR_RESPONSE_TO_CORTICOSTEROID_STIMULUS,GOBP|GOBP_CELLULAR_RESPONSE_TO_CORTICOSTEROID_STIMULUS,BFR_vs_HLRT_at_T1,-0.0019816966996122343,-0.4144595746743664,0.6794261613429071,0.9752648589018114
GOBP,GOBP_CELLULAR_RESPONSE_TO_EXTERNAL_STIMULUS,GOBP|GOBP_CELLULAR_RESPONSE_TO_EXTERNAL_STIMULUS,BFR_vs_HLRT_at_T1,-0.006533367995231278,-0.6876792712372317,0.49324831281099046,0.9597267786261641
GOBP,GOBP_CELLULAR_RESPONSE_TO_GLUCOSE_STARVATION,GOBP|GOBP_CELLULAR_RESPONSE_TO_GLUCOSE_STARVATION,BFR_vs_HLRT_at_T1,-0.0035119134544747965,-0.4776247873941497,0.6339606528477368,0.9671007606187044
GOBP,GOBP_CELLULAR_RESPONSE_TO_HEAT,GOBP|GOBP_CELLULAR_RESPONSE_TO_HEAT,BFR_vs_HLRT_at_T1,-0.0010788888849870143,-0.19544716077093616,0.8454398713127725,0.9971452871716181
GOBP,GOBP_CELLULAR_RESPONSE_TO_HYDROGEN_PEROXIDE,GOBP|GOBP_CELLULAR_RESPONSE_TO_HYDROGEN_PEROXIDE,BFR_vs_HLRT_at_T1,-0.0013685422038876016,-0.26177761207089567,0.7940318753464967,0.988586211152373
GOBP,GOBP_CELLULAR_RESPONSE_TO_METAL_ION,GOBP|GOBP_CELLULAR_RESPONSE_TO_METAL_ION,BFR_vs_HLRT_at_T1,-0.0028674165154474046,-0.6690077889506492,0.5050335938529426,0.9597267786261641
GOBP,GOBP_CELLULAR_RESPONSE_TO_NUTRIENT_LEVELS,GOBP|GOBP_CELLULAR_RESPONSE_TO_NUTRIENT_LEVELS,BFR_vs_HLRT_at_T1,0.0021880231275425086,0.5867505302896356,0.5586948636054224,0.9597267786261641
GOBP,GOBP_CELLULAR_RESPONSE_TO_OXYGEN_LEVELS,GOBP|GOBP_CELLULAR_RESPONSE_TO_OXYGEN_LEVELS,BFR_vs_HLRT_at_T1,0.0036921047541037533,1.5061733530969537,0.13517819666240186,0.9597267786261641
GOBP,GOBP_CELLULAR_RESPONSE_TO_RADIATION,GOBP|GOBP_CELLULAR_RESPONSE_TO_RADIATION,BFR_vs_HLRT_at_T1,0.0044198574302388455,1.0716394459017402,0.28646406952075815,0.9597267786261641
GOBP,GOBP_CELLULAR_RESPONSE_TO_UV,GOBP|GOBP_CELLULAR_RESPONSE_TO_UV,BFR_vs_HLRT_at_T1,0.005165944822936655,0.738086044916545,0.4621924686749441,0.9597267786261641
GOBP,GOBP_CELLULAR_RESPONSE_TO_VASCULAR_ENDOTHELIAL_GROWTH_FACTOR_STIMULUS,GOBP|GOBP_CELLULAR_RESPONSE_TO_VASCULAR_ENDOTHELIAL_GROWTH_FACTOR_STIMULUS,BFR_vs_HLRT_at_T1,0.008722097201804196,0.9886772935477849,0.3252096243201209,0.9597267786261641
GOBP,GOBP_CELLULAR_RESPONSE_TO_XENOBIOTIC_STIMULUS,GOBP|GOBP_CELLULAR_RESPONSE_TO_XENOBIOTIC_STIMULUS,BFR_vs_HLRT_at_T1,0.00746388914221828,1.82771277160852,0.07057748792739707,0.9597267786261641
GOBP,GOBP_CELLULAR_SENESCENCE,GOBP|GOBP_CELLULAR_SENESCENCE,BFR_vs_HLRT_at_T1,8.480201322163539e-4,0.18742649762476413,0.8517063880569642,0.9971452871716181
GOBP,GOBP_CELL_ACTIVATION_INVOLVED_IN_IMMUNE_RESPONSE,GOBP|GOBP_CELL_ACTIVATION_INVOLVED_IN_IMMUNE_RESPONSE,BFR_vs_HLRT_at_T1,0.005566571154612884,1.0630649555290934,0.29031545030555195,0.9597267786261641
GOBP,GOBP_CELL_CELL_JUNCTION_ORGANIZATION,GOBP|GOBP_CELL_CELL_JUNCTION_ORGANIZATION,BFR_vs_HLRT_at_T1,0.003999366932930487,0.6665418870770625,0.5066012339230872,0.9597267786261641
GOBP,GOBP_CELL_COMMUNICATION_BY_ELECTRICAL_COUPLING,GOBP|GOBP_CELL_COMMUNICATION_BY_ELECTRICAL_COUPLING,BFR_vs_HLRT_at_T1,-0.005105427637158461,-0.7954363063696342,0.4282456477131169,0.9597267786261641
GOBP,GOBP_CELL_CYCLE_G2_M_PHASE_TRANSITION,GOBP|GOBP_CELL_CYCLE_G2_M_PHASE_TRANSITION,BFR_vs_HLRT_at_T1,-0.008326060852279583,-1.1221404237547536,0.2644925528124643,0.9597267786261641
GOBP,GOBP_CELL_FATE_COMMITMENT,GOBP|GOBP_CELL_FATE_COMMITMENT,BFR_vs_HLRT_at_T1,0.0016624944114225632,0.41634696290938455,0.6780492653822716,0.9752648589018114
GOBP,GOBP_CELL_KILLING,GOBP|GOBP_CELL_KILLING,BFR_vs_HLRT_at_T1,0.004530519565823635,0.7225752492840878,0.47162904713574594,0.9597267786261641
GOBP,GOBP_CELL_MATURATION,GOBP|GOBP_CELL_MATURATION,BFR_vs_HLRT_at_T1,0.0076419161968860755,1.1360337889097034,0.25866035570393814,0.9597267786261641
GOBP,GOBP_CELL_RECOGNITION,GOBP|GOBP_CELL_RECOGNITION,BFR_vs_HLRT_at_T1,0.0017168641523933326,0.29246649366396166,0.7705365287116984,0.9797356300254015
GOBP,GOBP_CELL_REDOX_HOMEOSTASIS,GOBP|GOBP_CELL_REDOX_HOMEOSTASIS,BFR_vs_HLRT_at_T1,-0.0017661998723225714,-0.3341840617114189,0.7389411962024206,0.975839615677677
GOBP,GOBP_CELL_SUBSTRATE_ADHESION,GOBP|GOBP_CELL_SUBSTRATE_ADHESION,BFR_vs_HLRT_at_T1,2.4416624411137313e-4,0.026950079283521895,0.978553312671576,0.9971452871716181
GOBP,GOBP_CELL_SUBSTRATE_JUNCTION_ORGANIZATION,GOBP|GOBP_CELL_SUBSTRATE_JUNCTION_ORGANIZATION,BFR_vs_HLRT_at_T1,0.005318196214591946,0.6080441159014892,0.5445380896020544,0.9597267786261641
GOBP,GOBP_CELL_SURFACE_RECEPTOR_PROTEIN_SERINE_THREONINE_KINASE_SIGNALING_PATHWAY,GOBP|GOBP_CELL_SURFACE_RECEPTOR_PROTEIN_SERINE_THREONINE_KINASE_SIGNALING_PATHWAY,BFR_vs_HLRT_at_T1,0.0029842491354088747,0.5124737928413805,0.6094506639606949,0.961916975493824
GOBP,GOBP_CENTRAL_NERVOUS_SYSTEM_NEURON_DIFFERENTIATION,GOBP|GOBP_CENTRAL_NERVOUS_SYSTEM_NEURON_DIFFERENTIATION,BFR_vs_HLRT_at_T1,-0.002594790855592957,-0.4186412906188882,0.6763769660036213,0.9752648589018114
GOBP,GOBP_CHROMOSOME_LOCALIZATION,GOBP|GOBP_CHROMOSOME_LOCALIZATION,BFR_vs_HLRT_at_T1,-0.005962833986300688,-1.3052971496240902,0.19478998963765623,0.9597267786261641
GOBP,GOBP_CHROMOSOME_SEGREGATION,GOBP|GOBP_CHROMOSOME_SEGREGATION,BFR_vs_HLRT_at_T1,-0.004564603826800073,-1.4951703028222343,0.13802226335633147,0.9597267786261641
GOBP,GOBP_CILIUM_MOVEMENT,GOBP|GOBP_CILIUM_MOVEMENT,BFR_vs_HLRT_at_T1,-3.8548110372288447e-4,-0.10134474541059113,0.9194799227459229,0.9971452871716181
GOBP,GOBP_CILIUM_ORGANIZATION,GOBP|GOBP_CILIUM_ORGANIZATION,BFR_vs_HLRT_at_T1,0.006295751922248223,1.455285962211603,0.1487252936079913,0.9597267786261641
GOBP,GOBP_COGNITION,GOBP|GOBP_COGNITION,BFR_vs_HLRT_at_T1,0.0043123045746157745,0.8824758343746623,0.37963805274114426,0.9597267786261641
GOBP,GOBP_COLLAGEN_FIBRIL_ORGANIZATION,GOBP|GOBP_COLLAGEN_FIBRIL_ORGANIZATION,BFR_vs_HLRT_at_T1,-0.018987612101832606,-0.681476761875374,0.4971466247660248,0.9597267786261641
GOBP,GOBP_COLLAGEN_METABOLIC_PROCESS,GOBP|GOBP_COLLAGEN_METABOLIC_PROCESS,BFR_vs_HLRT_at_T1,-1.1118368351860364e-4,-0.008086434917102108,0.9935641548898659,0.9971452871716181
GOBP,GOBP_CONNECTIVE_TISSUE_DEVELOPMENT,GOBP|GOBP_CONNECTIVE_TISSUE_DEVELOPMENT,BFR_vs_HLRT_at_T1,0.006029515037725393,0.7136717071771269,0.47709419947583864,0.9597267786261641
GOBP,GOBP_CORTICAL_CYTOSKELETON_ORGANIZATION,GOBP|GOBP_CORTICAL_CYTOSKELETON_ORGANIZATION,BFR_vs_HLRT_at_T1,0.0013456514794109031,0.16376106104906318,0.8702500954590251,0.9971452871716181
GOBP,GOBP_CYTOCHROME_COMPLEX_ASSEMBLY,GOBP|GOBP_CYTOCHROME_COMPLEX_ASSEMBLY,BFR_vs_HLRT_at_T1,0.0018723702339625697,0.17582360360164875,0.8607884305638996,0.9971452871716181
GOBP,GOBP_CYTOKINESIS,GOBP|GOBP_CYTOKINESIS,BFR_vs_HLRT_at_T1,0.006384262431810032,1.4209952998186801,0.1584320405458048,0.9597267786261641
GOBP,GOBP_CYTOKINETIC_PROCESS,GOBP|GOBP_CYTOKINETIC_PROCESS,BFR_vs_HLRT_at_T1,-0.0014712660249877468,-0.2589733045066345,0.796188700203766,0.988586211152373
GOBP,GOBP_CYTOPLASMIC_MICROTUBULE_ORGANIZATION,GOBP|GOBP_CYTOPLASMIC_MICROTUBULE_ORGANIZATION,BFR_vs_HLRT_at_T1,0.01070710966060534,2.0718350615653987,0.04085708916340644,0.9597267786261641
GOBP,GOBP_CYTOPLASMIC_TRANSLATION,GOBP|GOBP_CYTOPLASMIC_TRANSLATION,BFR_vs_HLRT_at_T1,-0.007139548896189368,-0.6268800108401082,0.5321678928126083,0.9597267786261641
GOBP,GOBP_CYTOPLASMIC_TRANSLATIONAL_INITIATION,GOBP|GOBP_CYTOPLASMIC_TRANSLATIONAL_INITIATION,BFR_vs_HLRT_at_T1,-0.0054944574387771755,-0.97586392726559,0.3314890347249272,0.9597267786261641
GOBP,GOBP_CYTOSKELETON_DEPENDENT_INTRACELLULAR_TRANSPORT,GOBP|GOBP_CYTOSKELETON_DEPENDENT_INTRACELLULAR_TRANSPORT,BFR_vs_HLRT_at_T1,0.001677656423107944,0.4387472941293557,0.661792062987121,0.9747244617483128
GOBP,GOBP_CYTOSOLIC_TRANSPORT,GOBP|GOBP_CYTOSOLIC_TRANSPORT,BFR_vs_HLRT_at_T1,0.007312822465817784,1.116916498411398,0.26670909460751174,0.9597267786261641
GOBP,GOBP_DEFENSE_RESPONSE_TO_BACTERIUM,GOBP|GOBP_DEFENSE_RESPONSE_TO_BACTERIUM,BFR_vs_HLRT_at_T1,-0.0014385425560502416,-0.21774362485017112,0.8280729993615743,0.9971452871716181
GOBP,GOBP_DENDRITE_DEVELOPMENT,GOBP|GOBP_DENDRITE_DEVELOPMENT,BFR_vs_HLRT_at_T1,0.004499865920504675,1.0172479647539419,0.31149275101699686,0.9597267786261641
GOBP,GOBP_DENDRITIC_SPINE_DEVELOPMENT,GOBP|GOBP_DENDRITIC_SPINE_DEVELOPMENT,BFR_vs_HLRT_at_T1,0.008215236825477285,1.4317370714711044,0.15534031133705614,0.9597267786261641
GOBP,GOBP_DEOXYRIBONUCLEOTIDE_METABOLIC_PROCESS,GOBP|GOBP_DEOXYRIBONUCLEOTIDE_METABOLIC_PROCESS,BFR_vs_HLRT_at_T1,-7.362395407475852e-5,-0.00841978234621213,0.9932988559969482,0.9971452871716181
GOBP,GOBP_DEPHOSPHORYLATION,GOBP|GOBP_DEPHOSPHORYLATION,BFR_vs_HLRT_at_T1,0.006260526769203627,0.9720713944800362,0.333362792926279,0.9597267786261641
GOBP,GOBP_DETECTION_OF_ABIOTIC_STIMULUS,GOBP|GOBP_DETECTION_OF_ABIOTIC_STIMULUS,BFR_vs_HLRT_at_T1,-0.00805906183982575,-1.103504022222694,0.27245938107515383,0.9597267786261641
GOBP,GOBP_DEVELOPMENTAL_CELL_GROWTH,GOBP|GOBP_DEVELOPMENTAL_CELL_GROWTH,BFR_vs_HLRT_at_T1,-7.909782997105874e-4,-0.19663028181630815,0.84451633221746,0.9971452871716181
GOBP,GOBP_DEVELOPMENTAL_MATURATION,GOBP|GOBP_DEVELOPMENTAL_MATURATION,BFR_vs_HLRT_at_T1,0.011374388654830064,2.659316476960623,0.00912112333901453,0.9597267786261641
GOBP,GOBP_DICARBOXYLIC_ACID_METABOLIC_PROCESS,GOBP|GOBP_DICARBOXYLIC_ACID_METABOLIC_PROCESS,BFR_vs_HLRT_at_T1,0.001589762187755639,0.40375303948026287,0.6872572819439426,0.975839615677677
GOBP,GOBP_DIGESTIVE_SYSTEM_DEVELOPMENT,GOBP|GOBP_DIGESTIVE_SYSTEM_DEVELOPMENT,BFR_vs_HLRT_at_T1,0.019203767477390304,1.852398070333666,0.06692115236869473,0.9597267786261641
GOBP,GOBP_DNA_BIOSYNTHETIC_PROCESS,GOBP|GOBP_DNA_BIOSYNTHETIC_PROCESS,BFR_vs_HLRT_at_T1,-0.0022422748064752085,-0.5921877157224816,0.5550628202075256,0.9597267786261641
GOBP,GOBP_DNA_DAMAGE_RESPONSE_SIGNAL_TRANSDUCTION_BY_P53_CLASS_MEDIATOR,GOBP|GOBP_DNA_DAMAGE_RESPONSE_SIGNAL_TRANSDUCTION_BY_P53_CLASS_MEDIATOR,BFR_vs_HLRT_at_T1,0.011556280216540153,1.658731584452621,0.10030643798735558,0.9597267786261641
GOBP,GOBP_DNA_RECOMBINATION,GOBP|GOBP_DNA_RECOMBINATION,BFR_vs_HLRT_at_T1,-7.168279290650434e-5,-0.016819964890040978,0.9866137888546029,0.9971452871716181
GOBP,GOBP_DNA_REPLICATION,GOBP|GOBP_DNA_REPLICATION,BFR_vs_HLRT_at_T1,0.0011904974067509233,0.33831671792745044,0.7358344989847098,0.975839615677677
GOBP,GOBP_DNA_TEMPLATED_DNA_REPLICATION,GOBP|GOBP_DNA_TEMPLATED_DNA_REPLICATION,BFR_vs_HLRT_at_T1,-0.008803583266853343,-1.8620018547055626,0.06554208317896543,0.9597267786261641
GOBP,GOBP_DNA_TEMPLATED_TRANSCRIPTION_ELONGATION,GOBP|GOBP_DNA_TEMPLATED_TRANSCRIPTION_ELONGATION,BFR_vs_HLRT_at_T1,0.004521672517110709,0.8088034439391207,0.42055021927175185,0.9597267786261641
GOBP,GOBP_DNA_TEMPLATED_TRANSCRIPTION_INITIATION,GOBP|GOBP_DNA_TEMPLATED_TRANSCRIPTION_INITIATION,BFR_vs_HLRT_at_T1,-0.006521625024144773,-1.6586469506587038,0.10032354404370784,0.9597267786261641
GOBP,GOBP_DOUBLE_STRAND_BREAK_REPAIR,GOBP|GOBP_DOUBLE_STRAND_BREAK_REPAIR,BFR_vs_HLRT_at_T1,0.007369229757348265,1.8479849866293847,0.06756294068559984,0.9597267786261641
GOBP,GOBP_EAR_DEVELOPMENT,GOBP|GOBP_EAR_DEVELOPMENT,BFR_vs_HLRT_at_T1,-3.0188169646222507e-4,-0.055130720167014695,0.9561444279195166,0.9971452871716181
GOBP,GOBP_EMBRYONIC_ORGAN_DEVELOPMENT,GOBP|GOBP_EMBRYONIC_ORGAN_DEVELOPMENT,BFR_vs_HLRT_at_T1,0.006431198717197311,1.1382294496258396,0.2577469970496555,0.9597267786261641
GOBP,GOBP_EMBRYO_IMPLANTATION,GOBP|GOBP_EMBRYO_IMPLANTATION,BFR_vs_HLRT_at_T1,0.0038714557814896397,0.5738632503159175,0.567350103728512,0.9597267786261641
GOBP,GOBP_ENDOCRINE_PROCESS,GOBP|GOBP_ENDOCRINE_PROCESS,BFR_vs_HLRT_at_T1,-8.281627810030473e-4,-0.11492080678482107,0.9087385588192922,0.9971452871716181
GOBP,GOBP_ENDOCRINE_SYSTEM_DEVELOPMENT,GOBP|GOBP_ENDOCRINE_SYSTEM_DEVELOPMENT,BFR_vs_HLRT_at_T1,0.011110105067694246,1.206667986828741,0.23040964149673887,0.9597267786261641
GOBP,GOBP_ENDOPLASMIC_RETICULUM_ORGANIZATION,GOBP|GOBP_ENDOPLASMIC_RETICULUM_ORGANIZATION,BFR_vs_HLRT_at_T1,-4.293901258429246e-4,-0.08835529439079357,0.92977116906578,0.9971452871716181
GOBP,GOBP_ENDOSOMAL_TRANSPORT,GOBP|GOBP_ENDOSOMAL_TRANSPORT,BFR_vs_HLRT_at_T1,0.007951720228237619,1.6772354199609631,0.09662277137008551,0.9597267786261641
GOBP,GOBP_ENDOSOME_ORGANIZATION,GOBP|GOBP_ENDOSOME_ORGANIZATION,BFR_vs_HLRT_at_T1,0.007492093084432487,1.3009865276823458,0.1962557991801459,0.9597267786261641
GOBP,GOBP_ENDOSOME_TO_LYSOSOME_TRANSPORT,GOBP|GOBP_ENDOSOME_TO_LYSOSOME_TRANSPORT,BFR_vs_HLRT_at_T1,-0.004425067102223963,-0.8006000311422765,0.42526309096609216,0.9597267786261641
GOBP,GOBP_ENDOTHELIAL_CELL_MIGRATION,GOBP|GOBP_ENDOTHELIAL_CELL_MIGRATION,BFR_vs_HLRT_at_T1,0.009041987871393348,1.4665893334201783,0.14562866455843856,0.9597267786261641
GOBP,GOBP_ENDOTHELIAL_CELL_PROLIFERATION,GOBP|GOBP_ENDOTHELIAL_CELL_PROLIFERATION,BFR_vs_HLRT_at_T1,0.012177108247596716,1.4937984246524192,0.13838012472950811,0.9597267786261641
GOBP,GOBP_ENDOTHELIUM_DEVELOPMENT,GOBP|GOBP_ENDOTHELIUM_DEVELOPMENT,BFR_vs_HLRT_at_T1,0.0077084979097912405,0.9548162871627289,0.3419753418935485,0.9597267786261641
GOBP,GOBP_ENSHEATHMENT_OF_NEURONS,GOBP|GOBP_ENSHEATHMENT_OF_NEURONS,BFR_vs_HLRT_at_T1,0.0066968471381554425,1.2431190423086056,0.21673357325836862,0.9597267786261641
GOBP,GOBP_EPIDERMIS_DEVELOPMENT,GOBP|GOBP_EPIDERMIS_DEVELOPMENT,BFR_vs_HLRT_at_T1,-0.005695217746019731,-0.8439711475141193,0.400701960772748,0.9597267786261641
GOBP,GOBP_EPIGENETIC_REGULATION_OF_GENE_EXPRESSION,GOBP|GOBP_EPIGENETIC_REGULATION_OF_GENE_EXPRESSION,BFR_vs_HLRT_at_T1,-0.006470295877008564,-1.2876595566972031,0.20083944981873209,0.9597267786261641
GOBP,GOBP_EPITHELIAL_CELL_DEVELOPMENT,GOBP|GOBP_EPITHELIAL_CELL_DEVELOPMENT,BFR_vs_HLRT_at_T1,0.0012031153603999207,0.13729890545116685,0.8910708709974755,0.9971452871716181
GOBP,GOBP_EPITHELIAL_CELL_PROLIFERATION,GOBP|GOBP_EPITHELIAL_CELL_PROLIFERATION,BFR_vs_HLRT_at_T1,0.002407125921805503,0.45199274746896745,0.6522540610023155,0.9736502661417153
GOBP,GOBP_EPITHELIAL_TUBE_MORPHOGENESIS,GOBP|GOBP_EPITHELIAL_TUBE_MORPHOGENESIS,BFR_vs_HLRT_at_T1,0.008917820980606991,2.6494867390312975,0.00937240631808904,0.9597267786261641
GOBP,GOBP_ERAD_PATHWAY,GOBP|GOBP_ERAD_PATHWAY,BFR_vs_HLRT_at_T1,5.16547241456806e-4,0.12556603958775026,0.9003277923441226,0.9971452871716181
GOBP,GOBP_ERBB_SIGNALING_PATHWAY,GOBP|GOBP_ERBB_SIGNALING_PATHWAY,BFR_vs_HLRT_at_T1,0.010541884876080525,1.5448359525285122,0.1255479268055502,0.9597267786261641
GOBP,GOBP_ERK1_AND_ERK2_CASCADE,GOBP|GOBP_ERK1_AND_ERK2_CASCADE,BFR_vs_HLRT_at_T1,0.0034521257200602617,0.5922431713085545,0.5550258362612025,0.9597267786261641
GOBP,GOBP_ERYTHROCYTE_HOMEOSTASIS,GOBP|GOBP_ERYTHROCYTE_HOMEOSTASIS,BFR_vs_HLRT_at_T1,0.003115491710496965,0.702642097112066,0.48391289192040665,0.9597267786261641
GOBP,GOBP_ER_NUCLEUS_SIGNALING_PATHWAY,GOBP|GOBP_ER_NUCLEUS_SIGNALING_PATHWAY,BFR_vs_HLRT_at_T1,0.004229257856670042,0.6326769077602152,0.5283901406445468,0.9597267786261641
GOBP,GOBP_ESTABLISHMENT_OF_ORGANELLE_LOCALIZATION,GOBP|GOBP_ESTABLISHMENT_OF_ORGANELLE_LOCALIZATION,BFR_vs_HLRT_at_T1,8.33553283595842e-4,0.2396170588705918,0.8111180829903275,0.988586211152373
GOBP,GOBP_ESTABLISHMENT_OF_PROTEIN_LOCALIZATION_TO_ENDOPLASMIC_RETICULUM,GOBP|GOBP_ESTABLISHMENT_OF_PROTEIN_LOCALIZATION_TO_ENDOPLASMIC_RETICULUM,BFR_vs_HLRT_at_T1,2.0405799330214594e-4,0.03687664560069449,0.9706569488727224,0.9971452871716181
GOBP,GOBP_ESTABLISHMENT_OF_PROTEIN_LOCALIZATION_TO_MEMBRANE,GOBP|GOBP_ESTABLISHMENT_OF_PROTEIN_LOCALIZATION_TO_MEMBRANE,BFR_vs_HLRT_at_T1,0.0010387725457323914,0.29347141623871026,0.7697706333331515,0.9797356300254015
GOBP,GOBP_ESTABLISHMENT_OF_PROTEIN_LOCALIZATION_TO_MITOCHONDRION,GOBP|GOBP_ESTABLISHMENT_OF_PROTEIN_LOCALIZATION_TO_MITOCHONDRION,BFR_vs_HLRT_at_T1,0.0015683216357995494,0.3274403319298718,0.7440200308630511,0.9761342057528732
GOBP,GOBP_ESTABLISHMENT_OF_PROTEIN_LOCALIZATION_TO_ORGANELLE,GOBP|GOBP_ESTABLISHMENT_OF_PROTEIN_LOCALIZATION_TO_ORGANELLE,BFR_vs_HLRT_at_T1,-5.517185187440404e-5,-0.023586037590525587,0.9812298567569471,0.9971452871716181
GOBP,GOBP_ESTABLISHMENT_OF_PROTEIN_LOCALIZATION_TO_PLASMA_MEMBRANE,GOBP|GOBP_ESTABLISHMENT_OF_PROTEIN_LOCALIZATION_TO_PLASMA_MEMBRANE,BFR_vs_HLRT_at_T1,0.007748223522809003,1.45972530330333,0.14750307643980773,0.9597267786261641
GOBP,GOBP_ESTABLISHMENT_OR_MAINTENANCE_OF_CELL_POLARITY,GOBP|GOBP_ESTABLISHMENT_OR_MAINTENANCE_OF_CELL_POLARITY,BFR_vs_HLRT_at_T1,0.0020981511755331222,0.3659031356962299,0.7152110351712535,0.975839615677677
GOBP,GOBP_EXECUTION_PHASE_OF_APOPTOSIS,GOBP|GOBP_EXECUTION_PHASE_OF_APOPTOSIS,BFR_vs_HLRT_at_T1,0.0011318188765953863,0.20861119733311262,0.8351765154035071,0.9971452871716181
GOBP,GOBP_EXOCYTIC_PROCESS,GOBP|GOBP_EXOCYTIC_PROCESS,BFR_vs_HLRT_at_T1,0.01299906171937587,1.4468605055916983,0.15106651548324676,0.9597267786261641
GOBP,GOBP_EXOCYTOSIS,GOBP|GOBP_EXOCYTOSIS,BFR_vs_HLRT_at_T1,0.001521473456874145,0.3012746803434525,0.7638312351931378,0.9797356300254015
GOBP,GOBP_EXTERNAL_ENCAPSULATING_STRUCTURE_ORGANIZATION,GOBP|GOBP_EXTERNAL_ENCAPSULATING_STRUCTURE_ORGANIZATION,BFR_vs_HLRT_at_T1,-0.00821997306539076,-0.514104732718549,0.6083141266831893,0.961916975493824
GOBP,GOBP_EXTRACELLULAR_VESICLE_BIOGENESIS,GOBP|GOBP_EXTRACELLULAR_VESICLE_BIOGENESIS,BFR_vs_HLRT_at_T1,-0.0038116949177594145,-0.5116013553886355,0.6100590241623656,0.961916975493824
GOBP,GOBP_EXTRINSIC_APOPTOTIC_SIGNALING_PATHWAY,GOBP|GOBP_EXTRINSIC_APOPTOTIC_SIGNALING_PATHWAY,BFR_vs_HLRT_at_T1,4.898309433704583e-4,0.09542447850335277,0.9241688241489224,0.9971452871716181
GOBP,GOBP_EXTRINSIC_APOPTOTIC_SIGNALING_PATHWAY_VIA_DEATH_DOMAIN_RECEPTORS,GOBP|GOBP_EXTRINSIC_APOPTOTIC_SIGNALING_PATHWAY_VIA_DEATH_DOMAIN_RECEPTORS,BFR_vs_HLRT_at_T1,1.2784254718264942e-4,0.019775792062390135,0.9842616729702256,0.9971452871716181
GOBP,GOBP_FATTY_ACID_DERIVATIVE_METABOLIC_PROCESS,GOBP|GOBP_FATTY_ACID_DERIVATIVE_METABOLIC_PROCESS,BFR_vs_HLRT_at_T1,-0.0026581383782001075,-0.4819928393689602,0.6308653182132615,0.9642695826520972
GOBP,GOBP_FATTY_ACID_METABOLIC_PROCESS,GOBP|GOBP_FATTY_ACID_METABOLIC_PROCESS,BFR_vs_HLRT_at_T1,0.0023961535294774183,0.7235231631209124,0.47104927128690066,0.9597267786261641
GOBP,GOBP_FATTY_ACID_TRANSPORT,GOBP|GOBP_FATTY_ACID_TRANSPORT,BFR_vs_HLRT_at_T1,5.309545495577328e-4,0.11088293866777668,0.9119316376201806,0.9971452871716181
GOBP,GOBP_FAT_CELL_DIFFERENTIATION,GOBP|GOBP_FAT_CELL_DIFFERENTIATION,BFR_vs_HLRT_at_T1,-9.299220879620262e-5,-0.02607298271981982,0.9792511376524169,0.9971452871716181
GOBP,GOBP_FEMALE_SEX_DIFFERENTIATION,GOBP|GOBP_FEMALE_SEX_DIFFERENTIATION,BFR_vs_HLRT_at_T1,0.005558796122764359,0.9677646503897617,0.33549900119862497,0.9597267786261641
GOBP,GOBP_FERTILIZATION,GOBP|GOBP_FERTILIZATION,BFR_vs_HLRT_at_T1,-0.00362583153811466,-0.9370622917255045,0.3509863627203075,0.9597267786261641
GOBP,GOBP_FIBROBLAST_MIGRATION,GOBP|GOBP_FIBROBLAST_MIGRATION,BFR_vs_HLRT_at_T1,0.009146692629377303,1.1025204474580104,0.27288442980861527,0.9597267786261641
GOBP,GOBP_FIBROBLAST_PROLIFERATION,GOBP|GOBP_FIBROBLAST_PROLIFERATION,BFR_vs_HLRT_at_T1,-0.0031612325783112426,-0.3231392573120904,0.7472651834998645,0.9770963239712513
GOBP,GOBP_FOREBRAIN_DEVELOPMENT,GOBP|GOBP_FOREBRAIN_DEVELOPMENT,BFR_vs_HLRT_at_T1,-0.0020825884441221937,-0.41576962654444943,0.6784703308270749,0.9752648589018114
GOBP,GOBP_GASTRULATION,GOBP|GOBP_GASTRULATION,BFR_vs_HLRT_at_T1,-0.015399939472988063,-1.6086657843197627,0.1108452320603289,0.9597267786261641
GOBP,GOBP_GENERATION_OF_PRECURSOR_METABOLITES_AND_ENERGY,GOBP|GOBP_GENERATION_OF_PRECURSOR_METABOLITES_AND_ENERGY,BFR_vs_HLRT_at_T1,-0.0032268328221908837,-1.0721625362260887,0.28623025333704766,0.9597267786261641
GOBP,GOBP_GLAND_DEVELOPMENT,GOBP|GOBP_GLAND_DEVELOPMENT,BFR_vs_HLRT_at_T1,0.010310807372272385,2.6068166104799353,0.01053744090534292,0.9597267786261641
GOBP,GOBP_GLAND_MORPHOGENESIS,GOBP|GOBP_GLAND_MORPHOGENESIS,BFR_vs_HLRT_at_T1,0.006755634448051301,1.0560161137035642,0.29350793598025404,0.9597267786261641
GOBP,GOBP_GLIAL_CELL_MIGRATION,GOBP|GOBP_GLIAL_CELL_MIGRATION,BFR_vs_HLRT_at_T1,1.9389755986423673e-4,0.01696037118118369,0.9865020569329045,0.9971452871716181
GOBP,GOBP_GLIOGENESIS,GOBP|GOBP_GLIOGENESIS,BFR_vs_HLRT_at_T1,0.004146445064681828,0.8439855475564003,0.4006939523091202,0.9597267786261641
GOBP,GOBP_GLUCAN_BIOSYNTHETIC_PROCESS,GOBP|GOBP_GLUCAN_BIOSYNTHETIC_PROCESS,BFR_vs_HLRT_at_T1,-3.370003108191799e-4,-0.05096022032780031,0.9594589730684547,0.9971452871716181
GOBP,GOBP_GLUCOSE_6_PHOSPHATE_METABOLIC_PROCESS,GOBP|GOBP_GLUCOSE_6_PHOSPHATE_METABOLIC_PROCESS,BFR_vs_HLRT_at_T1,-0.005856399416470483,-0.6164473335576535,0.5390015214668025,0.9597267786261641
GOBP,GOBP_GLUTAMINE_FAMILY_AMINO_ACID_METABOLIC_PROCESS,GOBP|GOBP_GLUTAMINE_FAMILY_AMINO_ACID_METABOLIC_PROCESS,BFR_vs_HLRT_at_T1,0.007591630776672714,1.241743734994935,0.21723857219891413,0.9597267786261641
GOBP,GOBP_GLUTATHIONE_METABOLIC_PROCESS,GOBP|GOBP_GLUTATHIONE_METABOLIC_PROCESS,BFR_vs_HLRT_at_T1,0.0046534460551290735,0.9134258177465912,0.3632178461133655,0.9597267786261641
GOBP,GOBP_GLYCEROLIPID_BIOSYNTHETIC_PROCESS,GOBP|GOBP_GLYCEROLIPID_BIOSYNTHETIC_PROCESS,BFR_vs_HLRT_at_T1,-0.005843009156078834,-1.203471824738949,0.2316378681401197,0.9597267786261641
GOBP,GOBP_GLYCEROLIPID_CATABOLIC_PROCESS,GOBP|GOBP_GLYCEROLIPID_CATABOLIC_PROCESS,BFR_vs_HLRT_at_T1,-0.002973894512288619,-0.4947129984344319,0.6218889554070864,0.961916975493824
GOBP,GOBP_GLYCOPROTEIN_METABOLIC_PROCESS,GOBP|GOBP_GLYCOPROTEIN_METABOLIC_PROCESS,BFR_vs_HLRT_at_T1,0.00467652606310566,0.872560678163388,0.38499496516861687,0.9597267786261641
GOBP,GOBP_GOLGI_ORGANIZATION,GOBP|GOBP_GOLGI_ORGANIZATION,BFR_vs_HLRT_at_T1,0.006458163149209311,1.184267874153839,0.23911701898502274,0.9597267786261641
GOBP,GOBP_GOLGI_VESICLE_TRANSPORT,GOBP|GOBP_GOLGI_VESICLE_TRANSPORT,BFR_vs_HLRT_at_T1,0.010321195806647178,2.188860760612138,0.030936221516216212,0.9597267786261641
GOBP,GOBP_GRANULOCYTE_MIGRATION,GOBP|GOBP_GRANULOCYTE_MIGRATION,BFR_vs_HLRT_at_T1,0.008454790645639837,1.065318011495398,0.2893000415081574,0.9597267786261641
GOBP,GOBP_HEART_MORPHOGENESIS,GOBP|GOBP_HEART_MORPHOGENESIS,BFR_vs_HLRT_at_T1,-0.0010105622945504183,-0.19235660220678918,0.8478533619425755,0.9971452871716181
GOBP,GOBP_HEART_PROCESS,GOBP|GOBP_HEART_PROCESS,BFR_vs_HLRT_at_T1,-0.006985389104420453,-1.5121908189091242,0.133642359698793,0.9597267786261641
GOBP,GOBP_HEPATICOBILIARY_SYSTEM_DEVELOPMENT,GOBP|GOBP_HEPATICOBILIARY_SYSTEM_DEVELOPMENT,BFR_vs_HLRT_at_T1,0.013463436801372602,2.2560409522879374,0.026247692239476567,0.9597267786261641
GOBP,GOBP_HINDBRAIN_DEVELOPMENT,GOBP|GOBP_HINDBRAIN_DEVELOPMENT,BFR_vs_HLRT_at_T1,0.008821480565200893,1.838982858588484,0.06888805043935338,0.9597267786261641
GOBP,GOBP_HOMEOSTASIS_OF_NUMBER_OF_CELLS,GOBP|GOBP_HOMEOSTASIS_OF_NUMBER_OF_CELLS,BFR_vs_HLRT_at_T1,8.557135651863224e-4,0.34829467760996885,0.7283517744504787,0.975839615677677
GOBP,GOBP_HORMONE_MEDIATED_SIGNALING_PATHWAY,GOBP|GOBP_HORMONE_MEDIATED_SIGNALING_PATHWAY,BFR_vs_HLRT_at_T1,-0.0029135878043571317,-0.6759845302268743,0.5006123837921779,0.9597267786261641
GOBP,GOBP_HORMONE_METABOLIC_PROCESS,GOBP|GOBP_HORMONE_METABOLIC_PROCESS,BFR_vs_HLRT_at_T1,0.0026958047945293204,0.45834617215910517,0.6476992653479019,0.9727992827039917
GOBP,GOBP_HORMONE_TRANSPORT,GOBP|GOBP_HORMONE_TRANSPORT,BFR_vs_HLRT_at_T1,0.002592487378797359,0.5931544161471151,0.5544182921006816,0.9597267786261641
GOBP,GOBP_HUMORAL_IMMUNE_RESPONSE,GOBP|GOBP_HUMORAL_IMMUNE_RESPONSE,BFR_vs_HLRT_at_T1,0.0014731550713573405,0.18289224178230937,0.8552532233598782,0.9971452871716181
GOBP,GOBP_HYDROGEN_PEROXIDE_METABOLIC_PROCESS,GOBP|GOBP_HYDROGEN_PEROXIDE_METABOLIC_PROCESS,BFR_vs_HLRT_at_T1,6.036734438276126e-4,0.16285169895427676,0.8709641671555575,0.9971452871716181
GOBP,GOBP_ICOSANOID_METABOLIC_PROCESS,GOBP|GOBP_ICOSANOID_METABOLIC_PROCESS,BFR_vs_HLRT_at_T1,3.6521433578254325e-4,0.08206048147794993,0.9347628070503602,0.9971452871716181
GOBP,GOBP_IMMUNE_RESPONSE_REGULATING_CELL_SURFACE_RECEPTOR_SIGNALING_PATHWAY,GOBP|GOBP_IMMUNE_RESPONSE_REGULATING_CELL_SURFACE_RECEPTOR_SIGNALING_PATHWAY,BFR_vs_HLRT_at_T1,0.0034999499751508685,0.699025054377014,0.48616063885611593,0.9597267786261641
GOBP,GOBP_IMMUNE_SYSTEM_DEVELOPMENT,GOBP|GOBP_IMMUNE_SYSTEM_DEVELOPMENT,BFR_vs_HLRT_at_T1,0.007174014718465946,1.6282094259976299,0.10663024784518672,0.9597267786261641
GOBP,GOBP_IMPORT_ACROSS_PLASMA_MEMBRANE,GOBP|GOBP_IMPORT_ACROSS_PLASMA_MEMBRANE,BFR_vs_HLRT_at_T1,0.005616351016465626,1.079405830382051,0.28300602392431373,0.9597267786261641
GOBP,GOBP_INSULIN_LIKE_GROWTH_FACTOR_RECEPTOR_SIGNALING_PATHWAY,GOBP|GOBP_INSULIN_LIKE_GROWTH_FACTOR_RECEPTOR_SIGNALING_PATHWAY,BFR_vs_HLRT_at_T1,-0.0014055002888699458,-0.1770945238261084,0.8597926963606719,0.9971452871716181
GOBP,GOBP_INSULIN_RECEPTOR_SIGNALING_PATHWAY,GOBP|GOBP_INSULIN_RECEPTOR_SIGNALING_PATHWAY,BFR_vs_HLRT_at_T1,6.944527491563254e-4,0.1679308200399223,0.8669771983637381,0.9971452871716181
GOBP,GOBP_INSULIN_SECRETION_INVOLVED_IN_CELLULAR_RESPONSE_TO_GLUCOSE_STIMULUS,GOBP|GOBP_INSULIN_SECRETION_INVOLVED_IN_CELLULAR_RESPONSE_TO_GLUCOSE_STIMULUS,BFR_vs_HLRT_at_T1,0.0031827536258323685,0.5161221678303641,0.6069095840376462,0.961916975493824
GOBP,GOBP_INTEGRATED_STRESS_RESPONSE_SIGNALING,GOBP|GOBP_INTEGRATED_STRESS_RESPONSE_SIGNALING,BFR_vs_HLRT_at_T1,0.0039277510491361745,0.52582099490919,0.6001778680859384,0.961916975493824
GOBP,GOBP_INTEGRIN_MEDIATED_SIGNALING_PATHWAY,GOBP|GOBP_INTEGRIN_MEDIATED_SIGNALING_PATHWAY,BFR_vs_HLRT_at_T1,-0.002909387495562108,-0.20907433866766076,0.8348159341456982,0.9971452871716181
GOBP,GOBP_INTERLEUKIN_2_PRODUCTION,GOBP|GOBP_INTERLEUKIN_2_PRODUCTION,BFR_vs_HLRT_at_T1,-0.0023766713458971966,-0.5073521682257635,0.6130259340248736,0.961916975493824
GOBP,GOBP_INTERLEUKIN_6_PRODUCTION,GOBP|GOBP_INTERLEUKIN_6_PRODUCTION,BFR_vs_HLRT_at_T1,0.005960692224804304,1.3104052704493354,0.19306356625075732,0.9597267786261641
GOBP,GOBP_INTRACELLULAR_IRON_ION_HOMEOSTASIS,GOBP|GOBP_INTRACELLULAR_IRON_ION_HOMEOSTASIS,BFR_vs_HLRT_at_T1,0.005253379894388954,1.0766600519518055,0.2842253085179923,0.9597267786261641
GOBP,GOBP_INTRACELLULAR_LIPID_TRANSPORT,GOBP|GOBP_INTRACELLULAR_LIPID_TRANSPORT,BFR_vs_HLRT_at_T1,2.3008095816604013e-4,0.03321175162324244,0.9735719927305133,0.9971452871716181
GOBP,GOBP_INTRACELLULAR_RECEPTOR_SIGNALING_PATHWAY,GOBP|GOBP_INTRACELLULAR_RECEPTOR_SIGNALING_PATHWAY,BFR_vs_HLRT_at_T1,0.0023134378525980354,0.6870585207964881,0.49363770813204855,0.9597267786261641
GOBP,GOBP_INTRA_GOLGI_VESICLE_MEDIATED_TRANSPORT,GOBP|GOBP_INTRA_GOLGI_VESICLE_MEDIATED_TRANSPORT,BFR_vs_HLRT_at_T1,0.00864072353849668,1.0168452636996708,0.31168335874842246,0.9597267786261641
GOBP,GOBP_INTRINSIC_APOPTOTIC_SIGNALING_PATHWAY,GOBP|GOBP_INTRINSIC_APOPTOTIC_SIGNALING_PATHWAY,BFR_vs_HLRT_at_T1,0.001929270954507456,0.8200849597697274,0.41412006996688966,0.9597267786261641
GOBP,GOBP_INTRINSIC_APOPTOTIC_SIGNALING_PATHWAY_BY_P53_CLASS_MEDIATOR,GOBP|GOBP_INTRINSIC_APOPTOTIC_SIGNALING_PATHWAY_BY_P53_CLASS_MEDIATOR,BFR_vs_HLRT_at_T1,0.0011480919473998291,0.23651282756001302,0.813519019692243,0.988586211152373
GOBP,GOBP_INTRINSIC_APOPTOTIC_SIGNALING_PATHWAY_IN_RESPONSE_TO_DNA_DAMAGE,GOBP|GOBP_INTRINSIC_APOPTOTIC_SIGNALING_PATHWAY_IN_RESPONSE_TO_DNA_DAMAGE,BFR_vs_HLRT_at_T1,0.007490383939957549,1.6422718149087037,0.10367792905069022,0.9597267786261641
GOBP,GOBP_INTRINSIC_APOPTOTIC_SIGNALING_PATHWAY_IN_RESPONSE_TO_ENDOPLASMIC_RETICULUM_STRESS,GOBP|GOBP_INTRINSIC_APOPTOTIC_SIGNALING_PATHWAY_IN_RESPONSE_TO_ENDOPLASMIC_RETICULUM_STRESS,BFR_vs_HLRT_at_T1,0.01021211206083486,1.833910651543498,0.06964417740709743,0.9597267786261641
GOBP,GOBP_INTRINSIC_APOPTOTIC_SIGNALING_PATHWAY_IN_RESPONSE_TO_OXIDATIVE_STRESS,GOBP|GOBP_INTRINSIC_APOPTOTIC_SIGNALING_PATHWAY_IN_RESPONSE_TO_OXIDATIVE_STRESS,BFR_vs_HLRT_at_T1,0.0013933149268917366,0.3443312305265828,0.7313209653629271,0.975839615677677
GOBP,GOBP_IN_UTERO_EMBRYONIC_DEVELOPMENT,GOBP|GOBP_IN_UTERO_EMBRYONIC_DEVELOPMENT,BFR_vs_HLRT_at_T1,6.514328415465577e-4,0.2011444643118505,0.8409945844847267,0.9971452871716181
GOBP,GOBP_ISOPRENOID_METABOLIC_PROCESS,GOBP|GOBP_ISOPRENOID_METABOLIC_PROCESS,BFR_vs_HLRT_at_T1,-0.008283691443091625,-1.475297122908712,0.14327746358355378,0.9597267786261641
GOBP,GOBP_JNK_CASCADE,GOBP|GOBP_JNK_CASCADE,BFR_vs_HLRT_at_T1,7.353861359922775e-4,0.12309185258346206,0.9022816627224939,0.9971452871716181
GOBP,GOBP_KERATINOCYTE_DIFFERENTIATION,GOBP|GOBP_KERATINOCYTE_DIFFERENTIATION,BFR_vs_HLRT_at_T1,-0.018782183871191356,-1.9374454240807242,0.055514903192365336,0.9597267786261641
GOBP,GOBP_KETONE_BIOSYNTHETIC_PROCESS,GOBP|GOBP_KETONE_BIOSYNTHETIC_PROCESS,BFR_vs_HLRT_at_T1,0.0029777589132555793,0.46589057911565884,0.642307998360979,0.9716063323591426
GOBP,GOBP_KETONE_METABOLIC_PROCESS,GOBP|GOBP_KETONE_METABOLIC_PROCESS,BFR_vs_HLRT_at_T1,0.002133794495637803,0.6363493153350441,0.5260040806517089,0.9597267786261641
GOBP,GOBP_LAMELLIPODIUM_ORGANIZATION,GOBP|GOBP_LAMELLIPODIUM_ORGANIZATION,BFR_vs_HLRT_at_T1,0.004943639256452068,0.7225848365686638,0.47162318123296,0.9597267786261641
GOBP,GOBP_LEARNING,GOBP|GOBP_LEARNING,BFR_vs_HLRT_at_T1,0.005141021542701019,0.8083871403628891,0.4207886338805693,0.9597267786261641
GOBP,GOBP_LEUKOCYTE_CELL_CELL_ADHESION,GOBP|GOBP_LEUKOCYTE_CELL_CELL_ADHESION,BFR_vs_HLRT_at_T1,0.00446933666485505,0.7250840076058362,0.4700954768786104,0.9597267786261641
GOBP,GOBP_LEUKOCYTE_CHEMOTAXIS,GOBP|GOBP_LEUKOCYTE_CHEMOTAXIS,BFR_vs_HLRT_at_T1,0.00440575832599413,0.7393202166980819,0.46144623468796275,0.9597267786261641
GOBP,GOBP_LEUKOCYTE_HOMEOSTASIS,GOBP|GOBP_LEUKOCYTE_HOMEOSTASIS,BFR_vs_HLRT_at_T1,0.0024312297890380086,0.7597106418865132,0.44921661798851364,0.9597267786261641
GOBP,GOBP_LEUKOCYTE_MEDIATED_IMMUNITY,GOBP|GOBP_LEUKOCYTE_MEDIATED_IMMUNITY,BFR_vs_HLRT_at_T1,0.007893140448927007,1.4546047116891976,0.1489135448040743,0.9597267786261641
GOBP,GOBP_LEUKOCYTE_MIGRATION,GOBP|GOBP_LEUKOCYTE_MIGRATION,BFR_vs_HLRT_at_T1,0.008322788029777733,1.2188191150584373,0.22578309364092472,0.9597267786261641
GOBP,GOBP_LEUKOCYTE_PROLIFERATION,GOBP|GOBP_LEUKOCYTE_PROLIFERATION,BFR_vs_HLRT_at_T1,0.0027251530488059603,0.4546988052857622,0.6503124546323498,0.9729674801999387
GOBP,GOBP_LIMBIC_SYSTEM_DEVELOPMENT,GOBP|GOBP_LIMBIC_SYSTEM_DEVELOPMENT,BFR_vs_HLRT_at_T1,8.4076583019628e-4,0.2411100858050994,0.8099639566581865,0.988586211152373
GOBP,GOBP_LIPID_CATABOLIC_PROCESS,GOBP|GOBP_LIPID_CATABOLIC_PROCESS,BFR_vs_HLRT_at_T1,0.0014754401428012653,0.39178637772593833,0.6960505525201244,0.975839615677677
GOBP,GOBP_LIPID_DROPLET_ORGANIZATION,GOBP|GOBP_LIPID_DROPLET_ORGANIZATION,BFR_vs_HLRT_at_T1,0.002967142613311602,0.51329472687839806,0.6088784678084753,0.961916975493824
GOBP,GOBP_LIPID_HOMEOSTASIS,GOBP|GOBP_LIPID_HOMEOSTASIS,BFR_vs_HLRT_at_T1,0.009880683576481891,2.1117374782994354,0.0372035566107989,0.9597267786261641
GOBP,GOBP_LIPID_LOCALIZATION,GOBP|GOBP_LIPID_LOCALIZATION,BFR_vs_HLRT_at_T1,0.0064009532010897985,1.6689241189008295,0.09826353499998268,0.9597267786261641
GOBP,GOBP_LIPOPROTEIN_METABOLIC_PROCESS,GOBP|GOBP_LIPOPROTEIN_METABOLIC_PROCESS,BFR_vs_HLRT_at_T1,0.006452269080439582,1.0928616694129678,0.2770829038969311,0.9597267786261641
GOBP,GOBP_LOCOMOTORY_BEHAVIOR,GOBP|GOBP_LOCOMOTORY_BEHAVIOR,BFR_vs_HLRT_at_T1,0.0027887827384898076,0.4879983283949436,0.626620364338571,0.961916975493824
GOBP,GOBP_LONG_CHAIN_FATTY_ACID_METABOLIC_PROCESS,GOBP|GOBP_LONG_CHAIN_FATTY_ACID_METABOLIC_PROCESS,BFR_vs_HLRT_at_T1,0.005085875591438929,1.1167398042871601,0.2667842930786752,0.9597267786261641
GOBP,GOBP_LYMPHOCYTE_MIGRATION,GOBP|GOBP_LYMPHOCYTE_MIGRATION,BFR_vs_HLRT_at_T1,0.0061037923213091635,0.8194977419030577,0.4144533043380021,0.9597267786261641
GOBP,GOBP_LYTIC_VACUOLE_ORGANIZATION,GOBP|GOBP_LYTIC_VACUOLE_ORGANIZATION,BFR_vs_HLRT_at_T1,0.010113085887364842,1.4686614652377379,0.145066464645381,0.9597267786261641
GOBP,GOBP_L_AMINO_ACID_METABOLIC_PROCESS,GOBP|GOBP_L_AMINO_ACID_METABOLIC_PROCESS,BFR_vs_HLRT_at_T1,0.00583241943190238,1.378767410706988,0.17104593065904275,0.9597267786261641
GOBP,GOBP_MACROAUTOPHAGY,GOBP|GOBP_MACROAUTOPHAGY,BFR_vs_HLRT_at_T1,8.282112913570294e-4,0.2592252437055299,0.7959948660007506,0.988586211152373
GOBP,GOBP_MAINTENANCE_OF_CELL_NUMBER,GOBP|GOBP_MAINTENANCE_OF_CELL_NUMBER,BFR_vs_HLRT_at_T1,-0.004555394877645821,-0.7363800332290107,0.4632251223556578,0.9597267786261641
GOBP,GOBP_MAINTENANCE_OF_LOCATION,GOBP|GOBP_MAINTENANCE_OF_LOCATION,BFR_vs_HLRT_at_T1,-0.003995925622392094,-1.1471834264054177,0.25404581182648617,0.9597267786261641
GOBP,GOBP_MAINTENANCE_OF_PROTEIN_LOCATION,GOBP|GOBP_MAINTENANCE_OF_PROTEIN_LOCATION,BFR_vs_HLRT_at_T1,-0.003475441223477784,-0.5417048116049217,0.5892280053166794,0.961916975493824
GOBP,GOBP_MAMMARY_GLAND_DEVELOPMENT,GOBP|GOBP_MAMMARY_GLAND_DEVELOPMENT,BFR_vs_HLRT_at_T1,0.00752705961884817,1.7866936039085817,0.07702019850659306,0.9597267786261641
GOBP,GOBP_MEIOTIC_CELL_CYCLE,GOBP|GOBP_MEIOTIC_CELL_CYCLE,BFR_vs_HLRT_at_T1,-0.0019303929187303448,-0.6041245299010991,0.5471303350272809,0.9597267786261641
GOBP,GOBP_MEIOTIC_CELL_CYCLE_PROCESS,GOBP|GOBP_MEIOTIC_CELL_CYCLE_PROCESS,BFR_vs_HLRT_at_T1,-9.1799705160589e-4,-0.2000873308629317,0.8418190222770202,0.9971452871716181
GOBP,GOBP_MEMBRANELESS_ORGANELLE_ASSEMBLY,GOBP|GOBP_MEMBRANELESS_ORGANELLE_ASSEMBLY,BFR_vs_HLRT_at_T1,-0.009345797014793322,-1.255089594821005,0.21237428308444944,0.9597267786261641
GOBP,GOBP_MEMBRANE_BIOGENESIS,GOBP|GOBP_MEMBRANE_BIOGENESIS,BFR_vs_HLRT_at_T1,-9.386713564891735e-4,-0.14272788426760302,0.8867925654466754,0.9971452871716181
GOBP,GOBP_MEMBRANE_DEPOLARIZATION,GOBP|GOBP_MEMBRANE_DEPOLARIZATION,BFR_vs_HLRT_at_T1,0.00475979118288089,1.1445065696730818,0.25514835246252704,0.9597267786261641
GOBP,GOBP_MEMBRANE_DOCKING,GOBP|GOBP_MEMBRANE_DOCKING,BFR_vs_HLRT_at_T1,0.013404025622055265,2.4361309145868772,0.01661591199173146,0.9597267786261641
GOBP,GOBP_MEMBRANE_FISSION,GOBP|GOBP_MEMBRANE_FISSION,BFR_vs_HLRT_at_T1,8.833545249666772e-4,0.1207393740123855,0.9041399772842489,0.9971452871716181
GOBP,GOBP_MEMBRANE_INVAGINATION,GOBP|GOBP_MEMBRANE_INVAGINATION,BFR_vs_HLRT_at_T1,0.0012227107467459586,0.20064215114863115,0.8413863067276891,0.9971452871716181
GOBP,GOBP_MEMBRANE_LIPID_METABOLIC_PROCESS,GOBP|GOBP_MEMBRANE_LIPID_METABOLIC_PROCESS,BFR_vs_HLRT_at_T1,0.00808700074058094,1.329022377235548,0.18686797625737564,0.9597267786261641
GOBP,GOBP_MEMBRANE_REPOLARIZATION,GOBP|GOBP_MEMBRANE_REPOLARIZATION,BFR_vs_HLRT_at_T1,0.009555099542740197,1.802830605608781,0.0744297985233469,0.9597267786261641
GOBP,GOBP_MEMORY,GOBP|GOBP_MEMORY,BFR_vs_HLRT_at_T1,0.0037877032322270812,0.5798268534616116,0.5633367837883221,0.9597267786261641
GOBP,GOBP_MESENCHYME_DEVELOPMENT,GOBP|GOBP_MESENCHYME_DEVELOPMENT,BFR_vs_HLRT_at_T1,0.0023055879824708247,0.36826017847576686,0.7134584170222751,0.975839615677677
GOBP,GOBP_MESODERM_DEVELOPMENT,GOBP|GOBP_MESODERM_DEVELOPMENT,BFR_vs_HLRT_at_T1,0.007610811424703599,1.1660733547838071,0.2463610934701678,0.9597267786261641
GOBP,GOBP_METABOLIC_COMPOUND_SALVAGE,GOBP|GOBP_METABOLIC_COMPOUND_SALVAGE,BFR_vs_HLRT_at_T1,0.0031102458234573416,0.32522842514041855,0.7456883382273567,0.976675971617649
GOBP,GOBP_METALLO_SULFUR_CLUSTER_ASSEMBLY,GOBP|GOBP_METALLO_SULFUR_CLUSTER_ASSEMBLY,BFR_vs_HLRT_at_T1,0.009433479480635762,1.198602935021436,0.23351795268633668,0.9597267786261641
GOBP,GOBP_METHYLATION,GOBP|GOBP_METHYLATION,BFR_vs_HLRT_at_T1,-0.005020710443875066,-0.9654689587636746,0.33664134584475747,0.9597267786261641
GOBP,GOBP_MICROTUBULE_ORGANIZING_CENTER_ORGANIZATION,GOBP|GOBP_MICROTUBULE_ORGANIZING_CENTER_ORGANIZATION,BFR_vs_HLRT_at_T1,1.1647725312753654e-4,0.020827844527824785,0.9834245288124681,0.9971452871716181
GOBP,GOBP_MICROTUBULE_POLYMERIZATION_OR_DEPOLYMERIZATION,GOBP|GOBP_MICROTUBULE_POLYMERIZATION_OR_DEPOLYMERIZATION,BFR_vs_HLRT_at_T1,0.005974838996390841,1.0422102670717832,0.29982978047081005,0.9597267786261641
GOBP,GOBP_MIDBRAIN_DEVELOPMENT,GOBP|GOBP_MIDBRAIN_DEVELOPMENT,BFR_vs_HLRT_at_T1,-0.0017734933202285807,-0.4673873576496212,0.641240652390814,0.9716063323591426
GOBP,GOBP_MIRNA_METABOLIC_PROCESS,GOBP|GOBP_MIRNA_METABOLIC_PROCESS,BFR_vs_HLRT_at_T1,0.004432177202502878,0.5799320697593222,0.5632661013947086,0.9597267786261641
GOBP,GOBP_MITOCHONDRIAL_ELECTRON_TRANSPORT_CYTOCHROME_C_TO_OXYGEN,GOBP|GOBP_MITOCHONDRIAL_ELECTRON_TRANSPORT_CYTOCHROME_C_TO_OXYGEN,BFR_vs_HLRT_at_T1,-0.0030942582244668504,-0.5443701456530644,0.5873998014264614,0.961916975493824
GOBP,GOBP_MITOCHONDRIAL_ELECTRON_TRANSPORT_NADH_TO_UBIQUINONE,GOBP|GOBP_MITOCHONDRIAL_ELECTRON_TRANSPORT_NADH_TO_UBIQUINONE,BFR_vs_HLRT_at_T1,-0.010995735466536982,-1.7050965524556323,0.09128423835990772,0.9597267786261641
GOBP,GOBP_MITOCHONDRIAL_FISSION,GOBP|GOBP_MITOCHONDRIAL_FISSION,BFR_vs_HLRT_at_T1,0.007484427021224899,0.9810995910884377,0.32891365528893113,0.9597267786261641
GOBP,GOBP_MITOCHONDRIAL_FUSION,GOBP|GOBP_MITOCHONDRIAL_FUSION,BFR_vs_HLRT_at_T1,0.005117021351657508,0.6247189486832558,0.5335797697994957,0.9597267786261641
GOBP,GOBP_MITOCHONDRIAL_GENE_EXPRESSION,GOBP|GOBP_MITOCHONDRIAL_GENE_EXPRESSION,BFR_vs_HLRT_at_T1,0.002493835746436024,0.23845436038425713,0.81201715062456,0.988586211152373
GOBP,GOBP_MITOCHONDRIAL_MEMBRANE_ORGANIZATION,GOBP|GOBP_MITOCHONDRIAL_MEMBRANE_ORGANIZATION,BFR_vs_HLRT_at_T1,-0.0022023258801237844,-0.366774707297605,0.7145627855108245,0.975839615677677
GOBP,GOBP_MITOCHONDRIAL_RESPIRATORY_CHAIN_COMPLEX_ASSEMBLY,GOBP|GOBP_MITOCHONDRIAL_RESPIRATORY_CHAIN_COMPLEX_ASSEMBLY,BFR_vs_HLRT_at_T1,-0.0023857410870526674,-0.30145110232044153,0.7636971143207851,0.9797356300254015
GOBP,GOBP_MITOCHONDRIAL_RNA_METABOLIC_PROCESS,GOBP|GOBP_MITOCHONDRIAL_RNA_METABOLIC_PROCESS,BFR_vs_HLRT_at_T1,0.00763163137410245,0.8756320806818209,0.3833305693530127,0.9597267786261641
GOBP,GOBP_MITOCHONDRIAL_TRANSPORT,GOBP|GOBP_MITOCHONDRIAL_TRANSPORT,BFR_vs_HLRT_at_T1,-0.003435414759424646,-0.6562890723783732,0.5131469685329293,0.9597267786261641
GOBP,GOBP_MITOCHONDRION_LOCALIZATION,GOBP|GOBP_MITOCHONDRION_LOCALIZATION,BFR_vs_HLRT_at_T1,0.007796917622251291,1.0566897637762074,0.29320180430334886,0.9597267786261641
GOBP,GOBP_MITOCHONDRION_ORGANIZATION,GOBP|GOBP_MITOCHONDRION_ORGANIZATION,BFR_vs_HLRT_at_T1,2.535354685362923e-4,0.045898021696052685,0.9634831549249923,0.9971452871716181
GOBP,GOBP_MITOTIC_CELL_CYCLE_PHASE_TRANSITION,GOBP|GOBP_MITOTIC_CELL_CYCLE_PHASE_TRANSITION,BFR_vs_HLRT_at_T1,-0.001801262268768991,-0.5678719606521127,0.5713960027514209,0.9597267786261641
GOBP,GOBP_MITOTIC_SPINDLE_ASSEMBLY,GOBP|GOBP_MITOTIC_SPINDLE_ASSEMBLY,BFR_vs_HLRT_at_T1,-0.007236192485021756,-1.0995973727556498,0.27415034376774433,0.9597267786261641
GOBP,GOBP_MODIFICATION_OF_SYNAPTIC_STRUCTURE,GOBP|GOBP_MODIFICATION_OF_SYNAPTIC_STRUCTURE,BFR_vs_HLRT_at_T1,0.0026800096066938606,0.33113750038823453,0.7412342050362595,0.975839615677677
GOBP,GOBP_MODIFIED_AMINO_ACID_BIOSYNTHETIC_PROCESS,GOBP|GOBP_MODIFIED_AMINO_ACID_BIOSYNTHETIC_PROCESS,BFR_vs_HLRT_at_T1,0.003479785956899961,0.7745302720565026,0.4404465469156913,0.9597267786261641
GOBP,GOBP_MODIFIED_AMINO_ACID_METABOLIC_PROCESS,GOBP|GOBP_MODIFIED_AMINO_ACID_METABOLIC_PROCESS,BFR_vs_HLRT_at_T1,0.003421229057799846,1.0078639784888428,0.31595469099891405,0.9597267786261641
GOBP,GOBP_MODULATION_OF_PROCESS_OF_ANOTHER_ORGANISM,GOBP|GOBP_MODULATION_OF_PROCESS_OF_ANOTHER_ORGANISM,BFR_vs_HLRT_at_T1,0.008604074807864903,1.1587692859520276,0.24931266488307913,0.9597267786261641
GOBP,GOBP_MONOATOMIC_ANION_TRANSPORT,GOBP|GOBP_MONOATOMIC_ANION_TRANSPORT,BFR_vs_HLRT_at_T1,0.0047394508969959,0.6090272110724242,0.5438888858355988,0.9597267786261641
GOBP,GOBP_MONOCARBOXYLIC_ACID_CATABOLIC_PROCESS,GOBP|GOBP_MONOCARBOXYLIC_ACID_CATABOLIC_PROCESS,BFR_vs_HLRT_at_T1,0.0030255226900318677,0.706888291596275,0.4812814878129895,0.9597267786261641
GOBP,GOBP_MONOSACCHARIDE_CATABOLIC_PROCESS,GOBP|GOBP_MONOSACCHARIDE_CATABOLIC_PROCESS,BFR_vs_HLRT_at_T1,-0.004347598382564488,-0.9768702521801725,0.33099300721883784,0.9597267786261641
GOBP,GOBP_MONOSACCHARIDE_METABOLIC_PROCESS,GOBP|GOBP_MONOSACCHARIDE_METABOLIC_PROCESS,BFR_vs_HLRT_at_T1,-0.0015981222067110445,-0.4716062758930409,0.6382362154988596,0.9698198743322515
GOBP,GOBP_MORPHOGENESIS_OF_A_BRANCHING_STRUCTURE,GOBP|GOBP_MORPHOGENESIS_OF_A_BRANCHING_STRUCTURE,BFR_vs_HLRT_at_T1,0.008800840298611674,1.6010298010628286,0.11252794345825586,0.9597267786261641
GOBP,GOBP_MULTICELLULAR_ORGANISMAL_LEVEL_CHEMICAL_HOMEOSTASIS,GOBP|GOBP_MULTICELLULAR_ORGANISMAL_LEVEL_CHEMICAL_HOMEOSTASIS,BFR_vs_HLRT_at_T1,-4.4153286373477263e-4,-0.0763385559346969,0.9393024240670068,0.9971452871716181
GOBP,GOBP_MULTICELLULAR_ORGANISMAL_RESPONSE_TO_STRESS,GOBP|GOBP_MULTICELLULAR_ORGANISMAL_RESPONSE_TO_STRESS,BFR_vs_HLRT_at_T1,-0.004377264134018552,-0.6382455963418115,0.5247742090696763,0.9597267786261641
GOBP,GOBP_MULTICELLULAR_ORGANISM_GROWTH,GOBP|GOBP_MULTICELLULAR_ORGANISM_GROWTH,BFR_vs_HLRT_at_T1,0.0013487785995495091,0.2954240935064821,0.7682830650265476,0.9797356300254015
GOBP,GOBP_MULTI_MULTICELLULAR_ORGANISM_PROCESS,GOBP|GOBP_MULTI_MULTICELLULAR_ORGANISM_PROCESS,BFR_vs_HLRT_at_T1,-0.002318983976865225,-0.39657867434809946,0.6925240432032953,0.975839615677677
GOBP,GOBP_MUSCLE_ADAPTATION,GOBP|GOBP_MUSCLE_ADAPTATION,BFR_vs_HLRT_at_T1,-0.005407705789867406,-0.6661769802955781,0.5068334353446129,0.9597267786261641
GOBP,GOBP_MUSCLE_CELL_APOPTOTIC_PROCESS,GOBP|GOBP_MUSCLE_CELL_APOPTOTIC_PROCESS,BFR_vs_HLRT_at_T1,-0.002891599276795248,-0.5403174613241121,0.590180668831596,0.961916975493824
GOBP,GOBP_MUSCLE_CELL_DIFFERENTIATION,GOBP|GOBP_MUSCLE_CELL_DIFFERENTIATION,BFR_vs_HLRT_at_T1,-0.01186913862816738,-1.039574468809325,0.3010471433514206,0.9597267786261641
GOBP,GOBP_MUSCLE_CELL_MIGRATION,GOBP|GOBP_MUSCLE_CELL_MIGRATION,BFR_vs_HLRT_at_T1,0.006676138748958871,0.7275799811481293,0.46857250067839196,0.9597267786261641
GOBP,GOBP_MUSCLE_CELL_PROLIFERATION,GOBP|GOBP_MUSCLE_CELL_PROLIFERATION,BFR_vs_HLRT_at_T1,0.005585178351015248,0.9442530698155372,0.34731843931623574,0.9597267786261641
GOBP,GOBP_MUSCLE_CONTRACTION,GOBP|GOBP_MUSCLE_CONTRACTION,BFR_vs_HLRT_at_T1,-0.012892102401348193,-1.3824519902735424,0.1699157816833123,0.9597267786261641
GOBP,GOBP_MUSCLE_ORGAN_MORPHOGENESIS,GOBP|GOBP_MUSCLE_ORGAN_MORPHOGENESIS,BFR_vs_HLRT_at_T1,-0.012692740023116489,-1.28851947703863,0.20054131779057993,0.9597267786261641
GOBP,GOBP_MUSCLE_TISSUE_DEVELOPMENT,GOBP|GOBP_MUSCLE_TISSUE_DEVELOPMENT,BFR_vs_HLRT_at_T1,-0.006055140370063022,-0.8771336218051365,0.382518513306945,0.9597267786261641
GOBP,GOBP_MYELOID_CELL_DIFFERENTIATION,GOBP|GOBP_MYELOID_CELL_DIFFERENTIATION,BFR_vs_HLRT_at_T1,0.0037950361273242222,0.978179718018798,0.33034828860182286,0.9597267786261641
GOBP,GOBP_MYELOID_LEUKOCYTE_ACTIVATION,GOBP|GOBP_MYELOID_LEUKOCYTE_ACTIVATION,BFR_vs_HLRT_at_T1,0.009151807048191213,1.3470163646183941,0.18102259335809598,0.9597267786261641
GOBP,GOBP_MYELOID_LEUKOCYTE_DIFFERENTIATION,GOBP|GOBP_MYELOID_LEUKOCYTE_DIFFERENTIATION,BFR_vs_HLRT_at_T1,0.0034006831077806315,0.6494338205078162,0.5175484040888885,0.9597267786261641
GOBP,GOBP_MYELOID_LEUKOCYTE_MEDIATED_IMMUNITY,GOBP|GOBP_MYELOID_LEUKOCYTE_MEDIATED_IMMUNITY,BFR_vs_HLRT_at_T1,0.009134367805109468,1.0973098267005412,0.2751438620698494,0.9597267786261641
GOBP,GOBP_MYOBLAST_DIFFERENTIATION,GOBP|GOBP_MYOBLAST_DIFFERENTIATION,BFR_vs_HLRT_at_T1,0.0018698257335232893,0.38050933543350557,0.7043752397177154,0.975839615677677
GOBP,GOBP_MYOTUBE_CELL_DEVELOPMENT,GOBP|GOBP_MYOTUBE_CELL_DEVELOPMENT,BFR_vs_HLRT_at_T1,-0.015351216684636404,-1.3236425554047149,0.1886428160208881,0.9597267786261641
GOBP,GOBP_MYOTUBE_DIFFERENTIATION,GOBP|GOBP_MYOTUBE_DIFFERENTIATION,BFR_vs_HLRT_at_T1,-0.00794484060756645,-0.6277343330348868,0.5316102724911344,0.9597267786261641
GOBP,GOBP_NADH_DEHYDROGENASE_COMPLEX_ASSEMBLY,GOBP|GOBP_NADH_DEHYDROGENASE_COMPLEX_ASSEMBLY,BFR_vs_HLRT_at_T1,-0.0035312932375173856,-0.47562487187202546,0.6353800307392286,0.967369205313346
GOBP,GOBP_NADPLUS_METABOLIC_PROCESS,GOBP|GOBP_NADPLUS_METABOLIC_PROCESS,BFR_vs_HLRT_at_T1,-0.008451016838621261,-2.09929177350308,0.03831157215307349,0.9597267786261641
GOBP,GOBP_NADPPLUS_METABOLIC_PROCESS,GOBP|GOBP_NADPPLUS_METABOLIC_PROCESS,BFR_vs_HLRT_at_T1,-4.7665910985744686e-4,-0.07317244556768804,0.9418151985951053,0.9971452871716181
GOBP,GOBP_NEGATIVE_REGULATION_OF_ACTIN_FILAMENT_POLYMERIZATION,GOBP|GOBP_NEGATIVE_REGULATION_OF_ACTIN_FILAMENT_POLYMERIZATION,BFR_vs_HLRT_at_T1,-0.02358664918286099,-1.656347176537519,0.10078927522260532,0.9597267786261641
GOBP,GOBP_NEGATIVE_REGULATION_OF_AUTOPHAGY,GOBP|GOBP_NEGATIVE_REGULATION_OF_AUTOPHAGY,BFR_vs_HLRT_at_T1,-0.0017727600638295093,-0.299632062074593,0.765080343881428,0.9797356300254015
GOBP,GOBP_NEGATIVE_REGULATION_OF_CALCIUM_ION_TRANSPORT,GOBP|GOBP_NEGATIVE_REGULATION_OF_CALCIUM_ION_TRANSPORT,BFR_vs_HLRT_at_T1,0.0033933265792573386,0.6350674356120628,0.5268363161648556,0.9597267786261641
GOBP,GOBP_NEGATIVE_REGULATION_OF_CANONICAL_NF_KAPPAB_SIGNAL_TRANSDUCTION,GOBP|GOBP_NEGATIVE_REGULATION_OF_CANONICAL_NF_KAPPAB_SIGNAL_TRANSDUCTION,BFR_vs_HLRT_at_T1,-0.005504835894094718,-0.8509970462915886,0.3968061684453942,0.9597267786261641
GOBP,GOBP_NEGATIVE_REGULATION_OF_CARBOHYDRATE_METABOLIC_PROCESS,GOBP|GOBP_NEGATIVE_REGULATION_OF_CARBOHYDRATE_METABOLIC_PROCESS,BFR_vs_HLRT_at_T1,-0.007116180044896336,-1.0119117416065702,0.3140248440095751,0.9597267786261641
GOBP,GOBP_NEGATIVE_REGULATION_OF_CATABOLIC_PROCESS,GOBP|GOBP_NEGATIVE_REGULATION_OF_CATABOLIC_PROCESS,BFR_vs_HLRT_at_T1,2.507279605174339e-4,0.08588708605122673,0.9317280768866121,0.9971452871716181
GOBP,GOBP_NEGATIVE_REGULATION_OF_CELL_ACTIVATION,GOBP|GOBP_NEGATIVE_REGULATION_OF_CELL_ACTIVATION,BFR_vs_HLRT_at_T1,0.0026306163442663955,0.4248133996039712,0.6718862676387055,0.9747244617483128
GOBP,GOBP_NEGATIVE_REGULATION_OF_CELL_ADHESION,GOBP|GOBP_NEGATIVE_REGULATION_OF_CELL_ADHESION,BFR_vs_HLRT_at_T1,0.005922646374045021,1.0989488527422135,0.27443175348824655,0.9597267786261641
GOBP,GOBP_NEGATIVE_REGULATION_OF_CELL_CYCLE,GOBP|GOBP_NEGATIVE_REGULATION_OF_CELL_CYCLE,BFR_vs_HLRT_at_T1,-0.003465847977215872,-0.7697842004321805,0.4432443109908948,0.9597267786261641
GOBP,GOBP_NEGATIVE_REGULATION_OF_CELL_DEVELOPMENT,GOBP|GOBP_NEGATIVE_REGULATION_OF_CELL_DEVELOPMENT,BFR_vs_HLRT_at_T1,0.0034747253437527603,0.8707997360361291,0.3859512408283684,0.9597267786261641
GOBP,GOBP_NEGATIVE_REGULATION_OF_CELL_PROJECTION_ORGANIZATION,GOBP|GOBP_NEGATIVE_REGULATION_OF_CELL_PROJECTION_ORGANIZATION,BFR_vs_HLRT_at_T1,0.004126961303421592,0.75549895164251335,0.45172727445495076,0.9597267786261641
GOBP,GOBP_NEGATIVE_REGULATION_OF_CYTOKINE_PRODUCTION,GOBP|GOBP_NEGATIVE_REGULATION_OF_CYTOKINE_PRODUCTION,BFR_vs_HLRT_at_T1,0.003101747739510847,0.7175080888187066,0.4747350557391432,0.9597267786261641
GOBP,GOBP_NEGATIVE_REGULATION_OF_DNA_METABOLIC_PROCESS,GOBP|GOBP_NEGATIVE_REGULATION_OF_DNA_METABOLIC_PROCESS,BFR_vs_HLRT_at_T1,-0.010139348635023096,-1.5698450503100179,0.11961320305369069,0.9597267786261641
GOBP,GOBP_NEGATIVE_REGULATION_OF_ENDOCYTOSIS,GOBP|GOBP_NEGATIVE_REGULATION_OF_ENDOCYTOSIS,BFR_vs_HLRT_at_T1,0.0019236294113949282,0.29272680422856084,0.7703381128308048,0.9797356300254015
GOBP,GOBP_NEGATIVE_REGULATION_OF_EPITHELIAL_CELL_PROLIFERATION,GOBP|GOBP_NEGATIVE_REGULATION_OF_EPITHELIAL_CELL_PROLIFERATION,BFR_vs_HLRT_at_T1,0.0010500593124854185,0.1410603435976903,0.8881063202151995,0.9971452871716181
GOBP,GOBP_NEGATIVE_REGULATION_OF_ESTABLISHMENT_OF_PROTEIN_LOCALIZATION,GOBP|GOBP_NEGATIVE_REGULATION_OF_ESTABLISHMENT_OF_PROTEIN_LOCALIZATION,BFR_vs_HLRT_at_T1,0.007704607449972145,1.8981933815360368,0.06055702542500039,0.9597267786261641
GOBP,GOBP_NEGATIVE_REGULATION_OF_GROWTH,GOBP|GOBP_NEGATIVE_REGULATION_OF_GROWTH,BFR_vs_HLRT_at_T1,0.007858039147781659,1.779823550273587,0.07814543213819497,0.9597267786261641
GOBP,GOBP_NEGATIVE_REGULATION_OF_IMMUNE_EFFECTOR_PROCESS,GOBP|GOBP_NEGATIVE_REGULATION_OF_IMMUNE_EFFECTOR_PROCESS,BFR_vs_HLRT_at_T1,0.011045814924061204,1.5144127611072693,0.13307873031014444,0.9597267786261641
GOBP,GOBP_NEGATIVE_REGULATION_OF_IMMUNE_RESPONSE,GOBP|GOBP_NEGATIVE_REGULATION_OF_IMMUNE_RESPONSE,BFR_vs_HLRT_at_T1,0.0029804518437679395,0.6346445253855901,0.527111032030934,0.9597267786261641
GOBP,GOBP_NEGATIVE_REGULATION_OF_INFLAMMATORY_RESPONSE,GOBP|GOBP_NEGATIVE_REGULATION_OF_INFLAMMATORY_RESPONSE,BFR_vs_HLRT_at_T1,0.0030689361757099687,0.9435535742309372,0.34767415233189414,0.9597267786261641
GOBP,GOBP_NEGATIVE_REGULATION_OF_INTRACELLULAR_TRANSPORT,GOBP|GOBP_NEGATIVE_REGULATION_OF_INTRACELLULAR_TRANSPORT,BFR_vs_HLRT_at_T1,0.0025892578344667017,0.5280951855323609,0.5986043835671497,0.961916975493824
GOBP,GOBP_NEGATIVE_REGULATION_OF_INTRINSIC_APOPTOTIC_SIGNALING_PATHWAY,GOBP|GOBP_NEGATIVE_REGULATION_OF_INTRINSIC_APOPTOTIC_SIGNALING_PATHWAY,BFR_vs_HLRT_at_T1,0.00624387645529248,1.9748971558161954,0.05103968703749225,0.9597267786261641
GOBP,GOBP_NEGATIVE_REGULATION_OF_KINASE_ACTIVITY,GOBP|GOBP_NEGATIVE_REGULATION_OF_KINASE_ACTIVITY,BFR_vs_HLRT_at_T1,0.006628771582572496,1.2132190626290373,0.227906886194369,0.9597267786261641
GOBP,GOBP_NEGATIVE_REGULATION_OF_LIPID_METABOLIC_PROCESS,GOBP|GOBP_NEGATIVE_REGULATION_OF_LIPID_METABOLIC_PROCESS,BFR_vs_HLRT_at_T1,0.005027683625463415,0.6700166991697228,0.5043929512232415,0.9597267786261641
GOBP,GOBP_NEGATIVE_REGULATION_OF_LOCOMOTION,GOBP|GOBP_NEGATIVE_REGULATION_OF_LOCOMOTION,BFR_vs_HLRT_at_T1,0.0020293376477779207,0.4299518329678001,0.6681566875797762,0.9747244617483128
GOBP,GOBP_NEGATIVE_REGULATION_OF_MAPK_CASCADE,GOBP|GOBP_NEGATIVE_REGULATION_OF_MAPK_CASCADE,BFR_vs_HLRT_at_T1,0.0037921763420405152,1.083522742578553,0.28118462607640865,0.9597267786261641
GOBP,GOBP_NEGATIVE_REGULATION_OF_MITOTIC_CELL_CYCLE_PHASE_TRANSITION,GOBP|GOBP_NEGATIVE_REGULATION_OF_MITOTIC_CELL_CYCLE_PHASE_TRANSITION,BFR_vs_HLRT_at_T1,-0.0020572276353428495,-0.33480211558757306,0.7384763016302556,0.975839615677677
GOBP,GOBP_NEGATIVE_REGULATION_OF_MOLECULAR_FUNCTION,GOBP|GOBP_NEGATIVE_REGULATION_OF_MOLECULAR_FUNCTION,BFR_vs_HLRT_at_T1,-0.0038196152533228056,-1.2111177790114045,0.22870750409409854,0.9597267786261641
GOBP,GOBP_NEGATIVE_REGULATION_OF_MRNA_METABOLIC_PROCESS,GOBP|GOBP_NEGATIVE_REGULATION_OF_MRNA_METABOLIC_PROCESS,BFR_vs_HLRT_at_T1,-0.005321410670915454,-0.6895427071281902,0.4920803875637988,0.9597267786261641
GOBP,GOBP_NEGATIVE_REGULATION_OF_NERVOUS_SYSTEM_DEVELOPMENT,GOBP|GOBP_NEGATIVE_REGULATION_OF_NERVOUS_SYSTEM_DEVELOPMENT,BFR_vs_HLRT_at_T1,0.0035314528972548165,0.5352783110359006,0.5936469874594935,0.961916975493824
GOBP,GOBP_NEGATIVE_REGULATION_OF_ORGANELLE_ORGANIZATION,GOBP|GOBP_NEGATIVE_REGULATION_OF_ORGANELLE_ORGANIZATION,BFR_vs_HLRT_at_T1,-0.006112343531619907,-1.2009523374219762,0.2326093822895568,0.9597267786261641
GOBP,GOBP_NEGATIVE_REGULATION_OF_PHOSPHORUS_METABOLIC_PROCESS,GOBP|GOBP_NEGATIVE_REGULATION_OF_PHOSPHORUS_METABOLIC_PROCESS,BFR_vs_HLRT_at_T1,3.5470846641952325e-4,0.08736241943466966,0.9305583143453979,0.9971452871716181
GOBP,GOBP_NEGATIVE_REGULATION_OF_PROTEASOMAL_UBIQUITIN_DEPENDENT_PROTEIN_CATABOLIC_PROCESS,GOBP|GOBP_NEGATIVE_REGULATION_OF_PROTEASOMAL_UBIQUITIN_DEPENDENT_PROTEIN_CATABOLIC_PROCESS,BFR_vs_HLRT_at_T1,0.009680806772848456,1.5115975761899083,0.13379316138386624,0.9597267786261641
GOBP,GOBP_NEGATIVE_REGULATION_OF_PROTEIN_CATABOLIC_PROCESS,GOBP|GOBP_NEGATIVE_REGULATION_OF_PROTEIN_CATABOLIC_PROCESS,BFR_vs_HLRT_at_T1,0.0052877306804291965,1.0842103903180145,0.2808811869636396,0.9597267786261641
GOBP,GOBP_NEGATIVE_REGULATION_OF_PROTEIN_CONTAINING_COMPLEX_ASSEMBLY,GOBP|GOBP_NEGATIVE_REGULATION_OF_PROTEIN_CONTAINING_COMPLEX_ASSEMBLY,BFR_vs_HLRT_at_T1,-0.011332911536511461,-1.6377679017903353,0.10461623724465098,0.9597267786261641
GOBP,GOBP_NEGATIVE_REGULATION_OF_PROTEIN_LOCALIZATION,GOBP|GOBP_NEGATIVE_REGULATION_OF_PROTEIN_LOCALIZATION,BFR_vs_HLRT_at_T1,5.340013017690881e-4,0.16928289068088898,0.8659164348030359,0.9971452871716181
GOBP,GOBP_NEGATIVE_REGULATION_OF_PROTEIN_MODIFICATION_PROCESS,GOBP|GOBP_NEGATIVE_REGULATION_OF_PROTEIN_MODIFICATION_PROCESS,BFR_vs_HLRT_at_T1,-0.0012048631019855802,-0.3351482476261945,0.7382159866026288,0.975839615677677
GOBP,GOBP_NEGATIVE_REGULATION_OF_PROTEIN_UBIQUITINATION,GOBP|GOBP_NEGATIVE_REGULATION_OF_PROTEIN_UBIQUITINATION,BFR_vs_HLRT_at_T1,-0.005366267052766529,-0.9329412685138672,0.35309963696002455,0.9597267786261641
GOBP,GOBP_NEGATIVE_REGULATION_OF_PROTEOLYSIS,GOBP|GOBP_NEGATIVE_REGULATION_OF_PROTEOLYSIS,BFR_vs_HLRT_at_T1,0.004393322009698816,0.9829898804231146,0.3279870808050074,0.9597267786261641
GOBP,GOBP_NEGATIVE_REGULATION_OF_REACTIVE_OXYGEN_SPECIES_METABOLIC_PROCESS,GOBP|GOBP_NEGATIVE_REGULATION_OF_REACTIVE_OXYGEN_SPECIES_METABOLIC_PROCESS,BFR_vs_HLRT_at_T1,0.003695142901845888,0.7592497373755959,0.44949097845731656,0.9597267786261641
GOBP,GOBP_NEGATIVE_REGULATION_OF_RESPONSE_TO_BIOTIC_STIMULUS,GOBP|GOBP_NEGATIVE_REGULATION_OF_RESPONSE_TO_BIOTIC_STIMULUS,BFR_vs_HLRT_at_T1,0.0029310006977444764,0.5900198174960588,0.5565095728630527,0.9597267786261641
GOBP,GOBP_NEGATIVE_REGULATION_OF_RESPONSE_TO_EXTERNAL_STIMULUS,GOBP|GOBP_NEGATIVE_REGULATION_OF_RESPONSE_TO_EXTERNAL_STIMULUS,BFR_vs_HLRT_at_T1,5.252411653255962e-5,0.01979216629931471,0.9842486434478749,0.9971452871716181
GOBP,GOBP_NEGATIVE_REGULATION_OF_SECRETION,GOBP|GOBP_NEGATIVE_REGULATION_OF_SECRETION,BFR_vs_HLRT_at_T1,0.0034298632140986607,0.5363432799653939,0.5929136312690443,0.961916975493824
GOBP,GOBP_NEGATIVE_REGULATION_OF_SMALL_MOLECULE_METABOLIC_PROCESS,GOBP|GOBP_NEGATIVE_REGULATION_OF_SMALL_MOLECULE_METABOLIC_PROCESS,BFR_vs_HLRT_at_T1,-0.004283678986449241,-0.8054080975923156,0.4224970631728845,0.9597267786261641
GOBP,GOBP_NEGATIVE_REGULATION_OF_SMOOTH_MUSCLE_CELL_PROLIFERATION,GOBP|GOBP_NEGATIVE_REGULATION_OF_SMOOTH_MUSCLE_CELL_PROLIFERATION,BFR_vs_HLRT_at_T1,0.0035244627995865835,0.45488307752806434,0.6501803260130772,0.9729674801999387
GOBP,GOBP_NEGATIVE_REGULATION_OF_SUPRAMOLECULAR_FIBER_ORGANIZATION,GOBP|GOBP_NEGATIVE_REGULATION_OF_SUPRAMOLECULAR_FIBER_ORGANIZATION,BFR_vs_HLRT_at_T1,-0.005906251178359148,-0.7544764836036907,0.45233799705435507,0.9597267786261641
GOBP,GOBP_NEGATIVE_REGULATION_OF_TOR_SIGNALING,GOBP|GOBP_NEGATIVE_REGULATION_OF_TOR_SIGNALING,BFR_vs_HLRT_at_T1,5.889721080789001e-4,0.08945393436131308,0.9289002552265384,0.9971452871716181
GOBP,GOBP_NEGATIVE_REGULATION_OF_TRANSLATION,GOBP|GOBP_NEGATIVE_REGULATION_OF_TRANSLATION,BFR_vs_HLRT_at_T1,-0.0013859472619657531,-0.25171219873039896,0.8017806091979816,0.988586211152373
GOBP,GOBP_NEGATIVE_REGULATION_OF_TRANSMEMBRANE_TRANSPORT,GOBP|GOBP_NEGATIVE_REGULATION_OF_TRANSMEMBRANE_TRANSPORT,BFR_vs_HLRT_at_T1,0.005436144972728568,1.3236614074042927,0.18863657466053974,0.9597267786261641
GOBP,GOBP_NEGATIVE_REGULATION_OF_TRANSPORT,GOBP|GOBP_NEGATIVE_REGULATION_OF_TRANSPORT,BFR_vs_HLRT_at_T1,0.005015621806571335,1.5052934087957515,0.13540394030588257,0.9597267786261641
GOBP,GOBP_NEGATIVE_REGULATION_OF_VASCULATURE_DEVELOPMENT,GOBP|GOBP_NEGATIVE_REGULATION_OF_VASCULATURE_DEVELOPMENT,BFR_vs_HLRT_at_T1,0.0059091127121642445,0.657680607455355,0.5122559513872778,0.9597267786261641
GOBP,GOBP_NEGATIVE_REGULATION_OF_WNT_SIGNALING_PATHWAY,GOBP|GOBP_NEGATIVE_REGULATION_OF_WNT_SIGNALING_PATHWAY,BFR_vs_HLRT_at_T1,-0.004904217447509782,-0.7947674575359965,0.4286328753106029,0.9597267786261641
GOBP,GOBP_NEPHRON_DEVELOPMENT,GOBP|GOBP_NEPHRON_DEVELOPMENT,BFR_vs_HLRT_at_T1,0.009029756696737182,0.9327735942713462,0.35318579345767187,0.9597267786261641
GOBP,GOBP_NEURAL_CREST_CELL_DIFFERENTIATION,GOBP|GOBP_NEURAL_CREST_CELL_DIFFERENTIATION,BFR_vs_HLRT_at_T1,9.73045079953576e-4,0.12106623428067302,0.9038817454894242,0.9971452871716181
GOBP,GOBP_NEURAL_PRECURSOR_CELL_PROLIFERATION,GOBP|GOBP_NEURAL_PRECURSOR_CELL_PROLIFERATION,BFR_vs_HLRT_at_T1,0.0020562750045400313,0.3692101269936219,0.712752500247206,0.975839615677677
GOBP,GOBP_NEURAL_TUBE_DEVELOPMENT,GOBP|GOBP_NEURAL_TUBE_DEVELOPMENT,BFR_vs_HLRT_at_T1,0.009844373365672045,1.5686987464835742,0.11988025752034658,0.9597267786261641
GOBP,GOBP_NEUROMUSCULAR_JUNCTION_DEVELOPMENT,GOBP|GOBP_NEUROMUSCULAR_JUNCTION_DEVELOPMENT,BFR_vs_HLRT_at_T1,-0.005108176566717942,-0.4210949811040099,0.6745903010428247,0.9752648589018114
GOBP,GOBP_NEUROMUSCULAR_PROCESS,GOBP|GOBP_NEUROMUSCULAR_PROCESS,BFR_vs_HLRT_at_T1,-0.006529363340471245,-0.9647229985517333,0.3370130844179716,0.9597267786261641
GOBP,GOBP_NEURON_APOPTOTIC_PROCESS,GOBP|GOBP_NEURON_APOPTOTIC_PROCESS,BFR_vs_HLRT_at_T1,-7.914521501459059e-4,-0.1336607210290372,0.8939397519345604,0.9971452871716181
GOBP,GOBP_NEURON_MIGRATION,GOBP|GOBP_NEURON_MIGRATION,BFR_vs_HLRT_at_T1,-4.426697819478187e-4,-0.09155031047638215,0.9272386567381201,0.9971452871716181
GOBP,GOBP_NEURON_PROJECTION_GUIDANCE,GOBP|GOBP_NEURON_PROJECTION_GUIDANCE,BFR_vs_HLRT_at_T1,-0.010356795662752251,-1.0194752211704348,0.31043994834930205,0.9597267786261641
GOBP,GOBP_NEURON_PROJECTION_ORGANIZATION,GOBP|GOBP_NEURON_PROJECTION_ORGANIZATION,BFR_vs_HLRT_at_T1,0.003590958654267902,0.6659574887504974,0.5069731319161146,0.9597267786261641
GOBP,GOBP_NEUROTRANSMITTER_TRANSPORT,GOBP|GOBP_NEUROTRANSMITTER_TRANSPORT,BFR_vs_HLRT_at_T1,0.0025508131922060487,0.5205372499691866,0.6038409372722374,0.961916975493824
GOBP,GOBP_NEUTRAL_LIPID_METABOLIC_PROCESS,GOBP|GOBP_NEUTRAL_LIPID_METABOLIC_PROCESS,BFR_vs_HLRT_at_T1,-0.003706456278162351,-0.6100885381120373,0.5431884592558509,0.9597267786261641
GOBP,GOBP_NON_CANONICAL_NF_KAPPAB_SIGNAL_TRANSDUCTION,GOBP|GOBP_NON_CANONICAL_NF_KAPPAB_SIGNAL_TRANSDUCTION,BFR_vs_HLRT_at_T1,0.003508746329936585,0.7504702880797499,0.45473546527130315,0.9597267786261641
GOBP,GOBP_NON_PROTEINOGENIC_AMINO_ACID_METABOLIC_PROCESS,GOBP|GOBP_NON_PROTEINOGENIC_AMINO_ACID_METABOLIC_PROCESS,BFR_vs_HLRT_at_T1,0.00771742217410154,1.506198599396933,0.1351717242567222,0.9597267786261641
GOBP,GOBP_NOTCH_SIGNALING_PATHWAY,GOBP|GOBP_NOTCH_SIGNALING_PATHWAY,BFR_vs_HLRT_at_T1,0.0033409914029413346,0.6209620677115364,0.5360388013800919,0.9597267786261641
GOBP,GOBP_NUCLEAR_TRANSCRIBED_MRNA_CATABOLIC_PROCESS,GOBP|GOBP_NUCLEAR_TRANSCRIBED_MRNA_CATABOLIC_PROCESS,BFR_vs_HLRT_at_T1,-0.001897843437809632,-0.33496019648983205,0.7383574101743049,0.975839615677677
GOBP,GOBP_NUCLEAR_TRANSPORT,GOBP|GOBP_NUCLEAR_TRANSPORT,BFR_vs_HLRT_at_T1,-0.0014747851049028426,-0.5339087171681814,0.5945907326959193,0.961916975493824
GOBP,GOBP_NUCLEOBASE_METABOLIC_PROCESS,GOBP|GOBP_NUCLEOBASE_METABOLIC_PROCESS,BFR_vs_HLRT_at_T1,5.319298105963127e-4,0.06610516333286585,0.9474262107698843,0.9971452871716181
GOBP,GOBP_NUCLEOSIDE_METABOLIC_PROCESS,GOBP|GOBP_NUCLEOSIDE_METABOLIC_PROCESS,BFR_vs_HLRT_at_T1,-0.001938796827778748,-0.1818768149405727,0.8560479313678111,0.9971452871716181
GOBP,GOBP_NUCLEOSIDE_MONOPHOSPHATE_METABOLIC_PROCESS,GOBP|GOBP_NUCLEOSIDE_MONOPHOSPHATE_METABOLIC_PROCESS,BFR_vs_HLRT_at_T1,-5.256765894953164e-4,-0.08093454100554516,0.9356559316041058,0.9971452871716181
GOBP,GOBP_NUCLEOSIDE_PHOSPHATE_BIOSYNTHETIC_PROCESS,GOBP|GOBP_NUCLEOSIDE_PHOSPHATE_BIOSYNTHETIC_PROCESS,BFR_vs_HLRT_at_T1,-0.002218659816265456,-0.6588379813545191,0.5115154948906888,0.9597267786261641
GOBP,GOBP_NUCLEOSIDE_TRIPHOSPHATE_BIOSYNTHETIC_PROCESS,GOBP|GOBP_NUCLEOSIDE_TRIPHOSPHATE_BIOSYNTHETIC_PROCESS,BFR_vs_HLRT_at_T1,-0.0060770425937069494,-1.3350522328514662,0.1848935998265144,0.9597267786261641
GOBP,GOBP_NUCLEOTIDE_SUGAR_METABOLIC_PROCESS,GOBP|GOBP_NUCLEOTIDE_SUGAR_METABOLIC_PROCESS,BFR_vs_HLRT_at_T1,0.007493022642248128,0.9255314920531205,0.35691989565785276,0.9597267786261641
GOBP,GOBP_NUCLEUS_LOCALIZATION,GOBP|GOBP_NUCLEUS_LOCALIZATION,BFR_vs_HLRT_at_T1,-4.969197804708114e-4,-0.05153939672735468,0.9589986231494774,0.9971452871716181
GOBP,GOBP_NUCLEUS_ORGANIZATION,GOBP|GOBP_NUCLEUS_ORGANIZATION,BFR_vs_HLRT_at_T1,-0.011954400205922401,-1.8704814777821095,0.06434428612179051,0.9597267786261641
GOBP,GOBP_NUTRIENT_STORAGE,GOBP|GOBP_NUTRIENT_STORAGE,BFR_vs_HLRT_at_T1,0.007692153233956876,1.2930177716054791,0.1989871136754698,0.9597267786261641
GOBP,GOBP_OLEFINIC_COMPOUND_METABOLIC_PROCESS,GOBP|GOBP_OLEFINIC_COMPOUND_METABOLIC_PROCESS,BFR_vs_HLRT_at_T1,-0.002340554419007254,-0.46021313625976923,0.6463633624313713,0.9727992827039917
GOBP,GOBP_OLIGODENDROCYTE_DIFFERENTIATION,GOBP|GOBP_OLIGODENDROCYTE_DIFFERENTIATION,BFR_vs_HLRT_at_T1,0.006049240759785352,0.7897588991012898,0.43153912546140105,0.9597267786261641
GOBP,GOBP_ORGANELLE_DISASSEMBLY,GOBP|GOBP_ORGANELLE_DISASSEMBLY,BFR_vs_HLRT_at_T1,0.003571439061930623,0.7248271777880753,0.47025234490862233,0.9597267786261641
GOBP,GOBP_ORGANELLE_FUSION,GOBP|GOBP_ORGANELLE_FUSION,BFR_vs_HLRT_at_T1,0.003741360640834277,0.8612719816854377,0.39115076047948383,0.9597267786261641
GOBP,GOBP_ORGANIC_ACID_BIOSYNTHETIC_PROCESS,GOBP|GOBP_ORGANIC_ACID_BIOSYNTHETIC_PROCESS,BFR_vs_HLRT_at_T1,0.005454351394424933,1.5999454535128883,0.11276854583119748,0.9597267786261641
GOBP,GOBP_ORGANIC_ANION_TRANSPORT,GOBP|GOBP_ORGANIC_ANION_TRANSPORT,BFR_vs_HLRT_at_T1,4.563936657961676e-4,0.10335350930119576,0.9178896019157452,0.9971452871716181
GOBP,GOBP_ORGANIC_HYDROXY_COMPOUND_TRANSPORT,GOBP|GOBP_ORGANIC_HYDROXY_COMPOUND_TRANSPORT,BFR_vs_HLRT_at_T1,0.0017797162232824487,0.3398698513165798,0.7346680707022248,0.975839615677677
GOBP,GOBP_ORGANOPHOSPHATE_CATABOLIC_PROCESS,GOBP|GOBP_ORGANOPHOSPHATE_CATABOLIC_PROCESS,BFR_vs_HLRT_at_T1,-0.003018413743785975,-0.8608067363533658,0.39140575664507615,0.9597267786261641
GOBP,GOBP_ORGANOPHOSPHATE_ESTER_TRANSPORT,GOBP|GOBP_ORGANOPHOSPHATE_ESTER_TRANSPORT,BFR_vs_HLRT_at_T1,0.00970536462576072,1.550872492908821,0.12409453162850193,0.9597267786261641
GOBP,GOBP_ORGAN_GROWTH,GOBP|GOBP_ORGAN_GROWTH,BFR_vs_HLRT_at_T1,0.007387405690914672,1.6240351747463868,0.1075195112390911,0.9597267786261641
GOBP,GOBP_OSSIFICATION,GOBP|GOBP_OSSIFICATION,BFR_vs_HLRT_at_T1,-0.004146467721814602,-0.6746772884779674,0.5014392033116135,0.9597267786261641
GOBP,GOBP_OXIDATIVE_PHOSPHORYLATION,GOBP|GOBP_OXIDATIVE_PHOSPHORYLATION,BFR_vs_HLRT_at_T1,-0.008111740691719882,-1.6782903581449564,0.09641611241452791,0.9597267786261641
GOBP,GOBP_PATTERN_SPECIFICATION_PROCESS,GOBP|GOBP_PATTERN_SPECIFICATION_PROCESS,BFR_vs_HLRT_at_T1,0.0028679758012268852,0.3780332941894987,0.7062079134286797,0.975839615677677
GOBP,GOBP_PEPTIDE_METABOLIC_PROCESS,GOBP|GOBP_PEPTIDE_METABOLIC_PROCESS,BFR_vs_HLRT_at_T1,-4.529654745710071e-5,-0.006807608890786749,0.9945819316776037,0.9971452871716181
GOBP,GOBP_PEPTIDYL_AMINO_ACID_MODIFICATION,GOBP|GOBP_PEPTIDYL_AMINO_ACID_MODIFICATION,BFR_vs_HLRT_at_T1,0.0012825843500339981,0.3412607912876093,0.7336239793296401,0.975839615677677
GOBP,GOBP_PEPTIDYL_LYSINE_MODIFICATION,GOBP|GOBP_PEPTIDYL_LYSINE_MODIFICATION,BFR_vs_HLRT_at_T1,0.0036048167308107767,0.7287638581238541,0.4678511010683831,0.9597267786261641
GOBP,GOBP_PERIPHERAL_NERVOUS_SYSTEM_DEVELOPMENT,GOBP|GOBP_PERIPHERAL_NERVOUS_SYSTEM_DEVELOPMENT,BFR_vs_HLRT_at_T1,0.0066406499999659,0.9655504739813785,0.33660074013645025,0.9597267786261641
GOBP,GOBP_PHAGOCYTOSIS,GOBP|GOBP_PHAGOCYTOSIS,BFR_vs_HLRT_at_T1,0.005110079077566748,1.102178234638956,0.2730324239056287,0.9597267786261641
GOBP,GOBP_PHENOL_CONTAINING_COMPOUND_METABOLIC_PROCESS,GOBP|GOBP_PHENOL_CONTAINING_COMPOUND_METABOLIC_PROCESS,BFR_vs_HLRT_at_T1,-0.0014387077201767073,-0.2408652399382588,0.8101531965427742,0.988586211152373
GOBP,GOBP_PHOSPHATIDYLINOSITOL_3_KINASE_PROTEIN_KINASE_B_SIGNAL_TRANSDUCTION,GOBP|GOBP_PHOSPHATIDYLINOSITOL_3_KINASE_PROTEIN_KINASE_B_SIGNAL_TRANSDUCTION,BFR_vs_HLRT_at_T1,0.007126841460305219,1.1868434138019806,0.2381040287786999,0.9597267786261641
GOBP,GOBP_PHOSPHATIDYLINOSITOL_METABOLIC_PROCESS,GOBP|GOBP_PHOSPHATIDYLINOSITOL_METABOLIC_PROCESS,BFR_vs_HLRT_at_T1,-0.004957913182596724,-0.7677405415955694,0.44445219676282943,0.9597267786261641
GOBP,GOBP_PHOSPHOLIPID_METABOLIC_PROCESS,GOBP|GOBP_PHOSPHOLIPID_METABOLIC_PROCESS,BFR_vs_HLRT_at_T1,-0.005753671359756884,-1.509203374289518,0.13440312322134698,0.9597267786261641
GOBP,GOBP_PIGMENTATION,GOBP|GOBP_PIGMENTATION,BFR_vs_HLRT_at_T1,0.008877858226390506,1.4544380027338193,0.14895963990278932,0.9597267786261641
GOBP,GOBP_PIGMENT_METABOLIC_PROCESS,GOBP|GOBP_PIGMENT_METABOLIC_PROCESS,BFR_vs_HLRT_at_T1,0.0014006327318939957,0.17140164443007075,0.8642546657161783,0.9971452871716181
GOBP,GOBP_PLACENTA_DEVELOPMENT,GOBP|GOBP_PLACENTA_DEVELOPMENT,BFR_vs_HLRT_at_T1,0.0032830279869675225,0.5988634035139732,0.5506195347823906,0.9597267786261641
GOBP,GOBP_PLASMA_MEMBRANE_ORGANIZATION,GOBP|GOBP_PLASMA_MEMBRANE_ORGANIZATION,BFR_vs_HLRT_at_T1,0.005411036860423241,0.9699198888202716,0.334428855235979,0.9597267786261641
GOBP,GOBP_PLASMA_MEMBRANE_REPAIR,GOBP|GOBP_PLASMA_MEMBRANE_REPAIR,BFR_vs_HLRT_at_T1,0.0033605257977205316,0.5083766322255656,0.6123100309168379,0.961916975493824
GOBP,GOBP_PLATELET_ACTIVATION,GOBP|GOBP_PLATELET_ACTIVATION,BFR_vs_HLRT_at_T1,0.0075465124031651315,0.7090665067622699,0.47993470294827545,0.9597267786261641
GOBP,GOBP_POLYOL_METABOLIC_PROCESS,GOBP|GOBP_POLYOL_METABOLIC_PROCESS,BFR_vs_HLRT_at_T1,-1.7367193169270934e-4,-0.031637313199472744,0.9748244079062895,0.9971452871716181
GOBP,GOBP_POLYSACCHARIDE_CATABOLIC_PROCESS,GOBP|GOBP_POLYSACCHARIDE_CATABOLIC_PROCESS,BFR_vs_HLRT_at_T1,0.004216329039681166,0.8787285534652852,0.3816571235396,0.9597267786261641
GOBP,GOBP_POLYSACCHARIDE_METABOLIC_PROCESS,GOBP|GOBP_POLYSACCHARIDE_METABOLIC_PROCESS,BFR_vs_HLRT_at_T1,0.0014850874791661473,0.3174301273203424,0.7515797361784949,0.9797356300254015
GOBP,GOBP_POSITIVE_REGULATION_OF_ACTIN_FILAMENT_POLYMERIZATION,GOBP|GOBP_POSITIVE_REGULATION_OF_ACTIN_FILAMENT_POLYMERIZATION,BFR_vs_HLRT_at_T1,-0.00995533828637186,-1.3937152752295816,0.16649628830275542,0.9597267786261641
GOBP,GOBP_POSITIVE_REGULATION_OF_APOPTOTIC_SIGNALING_PATHWAY,GOBP|GOBP_POSITIVE_REGULATION_OF_APOPTOTIC_SIGNALING_PATHWAY,BFR_vs_HLRT_at_T1,0.005552699022943919,0.9814356703676369,0.328748791524761,0.9597267786261641
GOBP,GOBP_POSITIVE_REGULATION_OF_AUTOPHAGY,GOBP|GOBP_POSITIVE_REGULATION_OF_AUTOPHAGY,BFR_vs_HLRT_at_T1,-0.0011858046725974404,-0.337668081216411,0.7363218188721254,0.975839615677677
GOBP,GOBP_POSITIVE_REGULATION_OF_CALCIUM_ION_TRANSPORT,GOBP|GOBP_POSITIVE_REGULATION_OF_CALCIUM_ION_TRANSPORT,BFR_vs_HLRT_at_T1,-0.005059678258659939,-0.7211154894226309,0.4725226656803293,0.9597267786261641
GOBP,GOBP_POSITIVE_REGULATION_OF_CARBOHYDRATE_METABOLIC_PROCESS,GOBP|GOBP_POSITIVE_REGULATION_OF_CARBOHYDRATE_METABOLIC_PROCESS,BFR_vs_HLRT_at_T1,4.228671971779202e-4,0.06870985264254499,0.9453579154403909,0.9971452871716181
GOBP,GOBP_POSITIVE_REGULATION_OF_CELL_ACTIVATION,GOBP|GOBP_POSITIVE_REGULATION_OF_CELL_ACTIVATION,BFR_vs_HLRT_at_T1,0.004549149664310095,0.7572368944013543,0.4506902838915211,0.9597267786261641
GOBP,GOBP_POSITIVE_REGULATION_OF_CELL_ADHESION,GOBP|GOBP_POSITIVE_REGULATION_OF_CELL_ADHESION,BFR_vs_HLRT_at_T1,-8.205271074183881e-4,-0.12147820662773812,0.9035562866831071,0.9971452871716181
GOBP,GOBP_POSITIVE_REGULATION_OF_CELL_CYCLE,GOBP|GOBP_POSITIVE_REGULATION_OF_CELL_CYCLE,BFR_vs_HLRT_at_T1,-0.005212613623585126,-1.4809108239130349,0.14177744252804708,0.9597267786261641
GOBP,GOBP_POSITIVE_REGULATION_OF_CELL_DEVELOPMENT,GOBP|GOBP_POSITIVE_REGULATION_OF_CELL_DEVELOPMENT,BFR_vs_HLRT_at_T1,0.0031074676217005236,0.7556219671354224,0.4516538289197941,0.9597267786261641
GOBP,GOBP_POSITIVE_REGULATION_OF_CELL_MATRIX_ADHESION,GOBP|GOBP_POSITIVE_REGULATION_OF_CELL_MATRIX_ADHESION,BFR_vs_HLRT_at_T1,0.009435399414263343,1.0701209552560516,0.2871435614233002,0.9597267786261641
GOBP,GOBP_POSITIVE_REGULATION_OF_CELL_PROJECTION_ORGANIZATION,GOBP|GOBP_POSITIVE_REGULATION_OF_CELL_PROJECTION_ORGANIZATION,BFR_vs_HLRT_at_T1,0.004742082376965842,1.0702468458973764,0.28708718612355716,0.9597267786261641
GOBP,GOBP_POSITIVE_REGULATION_OF_CELL_SUBSTRATE_ADHESION,GOBP|GOBP_POSITIVE_REGULATION_OF_CELL_SUBSTRATE_ADHESION,BFR_vs_HLRT_at_T1,9.919416146611237e-4,0.12977279653254073,0.8970071213674923,0.9971452871716181
GOBP,GOBP_POSITIVE_REGULATION_OF_CYTOSKELETON_ORGANIZATION,GOBP|GOBP_POSITIVE_REGULATION_OF_CYTOSKELETON_ORGANIZATION,BFR_vs_HLRT_at_T1,-6.812622065472396e-4,-0.13704410768082753,0.8912717444448338,0.9971452871716181
GOBP,GOBP_POSITIVE_REGULATION_OF_CYTOSOLIC_CALCIUM_ION_CONCENTRATION,GOBP|GOBP_POSITIVE_REGULATION_OF_CYTOSOLIC_CALCIUM_ION_CONCENTRATION,BFR_vs_HLRT_at_T1,0.013575394063077569,2.2321041458447883,0.0278414600138943,0.9597267786261641
GOBP,GOBP_POSITIVE_REGULATION_OF_DNA_METABOLIC_PROCESS,GOBP|GOBP_POSITIVE_REGULATION_OF_DNA_METABOLIC_PROCESS,BFR_vs_HLRT_at_T1,0.002750221423949359,0.9476871822800901,0.345575508304483,0.9597267786261641
GOBP,GOBP_POSITIVE_REGULATION_OF_EPITHELIAL_CELL_PROLIFERATION,GOBP|GOBP_POSITIVE_REGULATION_OF_EPITHELIAL_CELL_PROLIFERATION,BFR_vs_HLRT_at_T1,0.0015142033280177852,0.18596897132707493,0.8528461818983045,0.9971452871716181
GOBP,GOBP_POSITIVE_REGULATION_OF_ESTABLISHMENT_OF_PROTEIN_LOCALIZATION_TO_MITOCHONDRION,GOBP|GOBP_POSITIVE_REGULATION_OF_ESTABLISHMENT_OF_PROTEIN_LOCALIZATION_TO_MITOCHONDRION,BFR_vs_HLRT_at_T1,-0.001820012906141616,-0.29226282534246945,0.7706917809454316,0.9797356300254015
GOBP,GOBP_POSITIVE_REGULATION_OF_EXOCYTOSIS,GOBP|GOBP_POSITIVE_REGULATION_OF_EXOCYTOSIS,BFR_vs_HLRT_at_T1,-0.002369537557319605,-0.384420927130211,0.7014835755801097,0.975839615677677
GOBP,GOBP_POSITIVE_REGULATION_OF_GROWTH,GOBP|GOBP_POSITIVE_REGULATION_OF_GROWTH,BFR_vs_HLRT_at_T1,0.003514121816871848,0.9208147520276324,0.3593654202330976,0.9597267786261641
GOBP,GOBP_POSITIVE_REGULATION_OF_HEMOPOIESIS,GOBP|GOBP_POSITIVE_REGULATION_OF_HEMOPOIESIS,BFR_vs_HLRT_at_T1,0.0067246488187422465,0.778661936307038,0.4380193607207531,0.9597267786261641
GOBP,GOBP_POSITIVE_REGULATION_OF_HORMONE_SECRETION,GOBP|GOBP_POSITIVE_REGULATION_OF_HORMONE_SECRETION,BFR_vs_HLRT_at_T1,2.266345186141827e-4,0.05325342637334423,0.9576363335767442,0.9971452871716181
GOBP,GOBP_POSITIVE_REGULATION_OF_INFLAMMATORY_RESPONSE,GOBP|GOBP_POSITIVE_REGULATION_OF_INFLAMMATORY_RESPONSE,BFR_vs_HLRT_at_T1,0.0028410935752723604,0.4407367649762407,0.6603558427612888,0.9747244617483128
GOBP,GOBP_POSITIVE_REGULATION_OF_KINASE_ACTIVITY,GOBP|GOBP_POSITIVE_REGULATION_OF_KINASE_ACTIVITY,BFR_vs_HLRT_at_T1,-0.0017920091806448435,-0.3862895089284602,0.7001037612218641,0.975839615677677
GOBP,GOBP_POSITIVE_REGULATION_OF_LEUKOCYTE_MIGRATION,GOBP|GOBP_POSITIVE_REGULATION_OF_LEUKOCYTE_MIGRATION,BFR_vs_HLRT_at_T1,0.010300944173069787,1.1554688315222612,0.25065457504303945,0.9597267786261641
GOBP,GOBP_POSITIVE_REGULATION_OF_LIPID_METABOLIC_PROCESS,GOBP|GOBP_POSITIVE_REGULATION_OF_LIPID_METABOLIC_PROCESS,BFR_vs_HLRT_at_T1,-3.9629472415751016e-4,-0.09143600586142801,0.9273292469291883,0.9971452871716181
GOBP,GOBP_POSITIVE_REGULATION_OF_LIPID_TRANSPORT,GOBP|GOBP_POSITIVE_REGULATION_OF_LIPID_TRANSPORT,BFR_vs_HLRT_at_T1,3.912552943976799e-4,0.06852217004754968,0.9455069354869221,0.9971452871716181
GOBP,GOBP_POSITIVE_REGULATION_OF_MAPK_CASCADE,GOBP|GOBP_POSITIVE_REGULATION_OF_MAPK_CASCADE,BFR_vs_HLRT_at_T1,0.0036220280165729507,0.49242448654504106,0.6234997591473082,0.961916975493824
GOBP,GOBP_POSITIVE_REGULATION_OF_MICROTUBULE_POLYMERIZATION_OR_DEPOLYMERIZATION,GOBP|GOBP_POSITIVE_REGULATION_OF_MICROTUBULE_POLYMERIZATION_OR_DEPOLYMERIZATION,BFR_vs_HLRT_at_T1,0.013030960818037236,1.4450645675084504,0.15156922784015148,0.9597267786261641
GOBP,GOBP_POSITIVE_REGULATION_OF_MITOTIC_CELL_CYCLE,GOBP|GOBP_POSITIVE_REGULATION_OF_MITOTIC_CELL_CYCLE,BFR_vs_HLRT_at_T1,0.001999532913838406,0.4505756743587056,0.653271772398426,0.9736502661417153
GOBP,GOBP_POSITIVE_REGULATION_OF_MOLECULAR_FUNCTION,GOBP|GOBP_POSITIVE_REGULATION_OF_MOLECULAR_FUNCTION,BFR_vs_HLRT_at_T1,0.00226316791192141,0.8868233432976691,0.3773039449260043,0.9597267786261641
GOBP,GOBP_POSITIVE_REGULATION_OF_MRNA_METABOLIC_PROCESS,GOBP|GOBP_POSITIVE_REGULATION_OF_MRNA_METABOLIC_PROCESS,BFR_vs_HLRT_at_T1,-0.0018581352668373269,-0.37464000608993187,0.7087223087844687,0.975839615677677
GOBP,GOBP_POSITIVE_REGULATION_OF_MYELOID_CELL_DIFFERENTIATION,GOBP|GOBP_POSITIVE_REGULATION_OF_MYELOID_CELL_DIFFERENTIATION,BFR_vs_HLRT_at_T1,0.01170601331164095,1.5870881674834163,0.11565288829631674,0.9597267786261641
GOBP,GOBP_POSITIVE_REGULATION_OF_NEURON_PROJECTION_DEVELOPMENT,GOBP|GOBP_POSITIVE_REGULATION_OF_NEURON_PROJECTION_DEVELOPMENT,BFR_vs_HLRT_at_T1,0.011075498121963928,1.813480286623984,0.07276015196899574,0.9597267786261641
GOBP,GOBP_POSITIVE_REGULATION_OF_NUCLEOCYTOPLASMIC_TRANSPORT,GOBP|GOBP_POSITIVE_REGULATION_OF_NUCLEOCYTOPLASMIC_TRANSPORT,BFR_vs_HLRT_at_T1,-3.460138261958401e-5,-0.007085811587125322,0.9943605182178454,0.9971452871716181
GOBP,GOBP_POSITIVE_REGULATION_OF_NUCLEOTIDE_METABOLIC_PROCESS,GOBP|GOBP_POSITIVE_REGULATION_OF_NUCLEOTIDE_METABOLIC_PROCESS,BFR_vs_HLRT_at_T1,7.308987738474659e-4,0.1859515645562633,0.8528597959817648,0.9971452871716181
GOBP,GOBP_POSITIVE_REGULATION_OF_ORGANELLE_ASSEMBLY,GOBP|GOBP_POSITIVE_REGULATION_OF_ORGANELLE_ASSEMBLY,BFR_vs_HLRT_at_T1,-0.0035829945434601024,-0.49369637801281224,0.6226042927677059,0.961916975493824
GOBP,GOBP_POSITIVE_REGULATION_OF_PATTERN_RECOGNITION_RECEPTOR_SIGNALING_PATHWAY,GOBP|GOBP_POSITIVE_REGULATION_OF_PATTERN_RECOGNITION_RECEPTOR_SIGNALING_PATHWAY,BFR_vs_HLRT_at_T1,0.009324851202832607,1.3749171047090616,0.17223300768714803,0.9597267786261641
GOBP,GOBP_POSITIVE_REGULATION_OF_PHOSPHORUS_METABOLIC_PROCESS,GOBP|GOBP_POSITIVE_REGULATION_OF_PHOSPHORUS_METABOLIC_PROCESS,BFR_vs_HLRT_at_T1,7.349170078350675e-4,0.2391559443449594,0.8114746139864513,0.988586211152373
GOBP,GOBP_POSITIVE_REGULATION_OF_PROTEASOMAL_UBIQUITIN_DEPENDENT_PROTEIN_CATABOLIC_PROCESS,GOBP|GOBP_POSITIVE_REGULATION_OF_PROTEASOMAL_UBIQUITIN_DEPENDENT_PROTEIN_CATABOLIC_PROCESS,BFR_vs_HLRT_at_T1,-0.0053703776733049005,-0.9021322728581215,0.3691565321574226,0.9597267786261641
GOBP,GOBP_POSITIVE_REGULATION_OF_PROTEIN_CATABOLIC_PROCESS,GOBP|GOBP_POSITIVE_REGULATION_OF_PROTEIN_CATABOLIC_PROCESS,BFR_vs_HLRT_at_T1,0.003138398876201702,0.9844638929474181,0.32726574923693996,0.9597267786261641
GOBP,GOBP_POSITIVE_REGULATION_OF_PROTEIN_CONTAINING_COMPLEX_ASSEMBLY,GOBP|GOBP_POSITIVE_REGULATION_OF_PROTEIN_CONTAINING_COMPLEX_ASSEMBLY,BFR_vs_HLRT_at_T1,7.110687261936838e-4,0.17455887900017886,0.8617795337013002,0.9971452871716181
GOBP,GOBP_POSITIVE_REGULATION_OF_PROTEIN_CONTAINING_COMPLEX_DISASSEMBLY,GOBP|GOBP_POSITIVE_REGULATION_OF_PROTEIN_CONTAINING_COMPLEX_DISASSEMBLY,BFR_vs_HLRT_at_T1,-0.004737890569046138,-0.9368271856914989,0.3511067065550163,0.9597267786261641
GOBP,GOBP_POSITIVE_REGULATION_OF_PROTEIN_LOCALIZATION,GOBP|GOBP_POSITIVE_REGULATION_OF_PROTEIN_LOCALIZATION,BFR_vs_HLRT_at_T1,0.004549247769029374,1.4147597372034895,0.16024835020267186,0.9597267786261641
GOBP,GOBP_POSITIVE_REGULATION_OF_PROTEIN_LOCALIZATION_TO_CELL_PERIPHERY,GOBP|GOBP_POSITIVE_REGULATION_OF_PROTEIN_LOCALIZATION_TO_CELL_PERIPHERY,BFR_vs_HLRT_at_T1,0.004178232200835713,0.46469873548280305,0.6431584333739826,0.9716063323591426
GOBP,GOBP_POSITIVE_REGULATION_OF_PROTEIN_LOCALIZATION_TO_NUCLEUS,GOBP|GOBP_POSITIVE_REGULATION_OF_PROTEIN_LOCALIZATION_TO_NUCLEUS,BFR_vs_HLRT_at_T1,0.004648242681817433,1.2091921191001611,0.22944299009892843,0.9597267786261641
GOBP,GOBP_POSITIVE_REGULATION_OF_PROTEIN_MODIFICATION_PROCESS,GOBP|GOBP_POSITIVE_REGULATION_OF_PROTEIN_MODIFICATION_PROCESS,BFR_vs_HLRT_at_T1,0.001485785882534632,0.48766825631752664,0.6268533503539444,0.961916975493824
GOBP,GOBP_POSITIVE_REGULATION_OF_PROTEIN_UBIQUITINATION,GOBP|GOBP_POSITIVE_REGULATION_OF_PROTEIN_UBIQUITINATION,BFR_vs_HLRT_at_T1,-0.0018283591133705368,-0.3990172549118645,0.690732151725327,0.975839615677677
GOBP,GOBP_POSITIVE_REGULATION_OF_PROTEOLYSIS,GOBP|GOBP_POSITIVE_REGULATION_OF_PROTEOLYSIS,BFR_vs_HLRT_at_T1,0.005168226829743508,1.6805283368010697,0.0959788881510913,0.9597267786261641
GOBP,GOBP_POSITIVE_REGULATION_OF_REACTIVE_OXYGEN_SPECIES_METABOLIC_PROCESS,GOBP|GOBP_POSITIVE_REGULATION_OF_REACTIVE_OXYGEN_SPECIES_METABOLIC_PROCESS,BFR_vs_HLRT_at_T1,-0.00843875153707585,-1.9006352218249245,0.06023248919666607,0.9597267786261641
GOBP,GOBP_POSITIVE_REGULATION_OF_RESPONSE_TO_BIOTIC_STIMULUS,GOBP|GOBP_POSITIVE_REGULATION_OF_RESPONSE_TO_BIOTIC_STIMULUS,BFR_vs_HLRT_at_T1,0.004333105579715904,1.5342859487974279,0.12812030534737656,0.9597267786261641
GOBP,GOBP_POSITIVE_REGULATION_OF_SECRETION,GOBP|GOBP_POSITIVE_REGULATION_OF_SECRETION,BFR_vs_HLRT_at_T1,-2.1012080566734648e-4,-0.06451215854393044,0.9486913399465577,0.9971452871716181
GOBP,GOBP_POSITIVE_REGULATION_OF_SMALL_GTPASE_MEDIATED_SIGNAL_TRANSDUCTION,GOBP|GOBP_POSITIVE_REGULATION_OF_SMALL_GTPASE_MEDIATED_SIGNAL_TRANSDUCTION,BFR_vs_HLRT_at_T1,-0.0062677792969353385,-0.9460513778620177,0.3464050287937037,0.9597267786261641
GOBP,GOBP_POSITIVE_REGULATION_OF_SYNAPTIC_TRANSMISSION,GOBP|GOBP_POSITIVE_REGULATION_OF_SYNAPTIC_TRANSMISSION,BFR_vs_HLRT_at_T1,-0.011902380495675931,-1.883126099197758,0.06259226463935416,0.9597267786261641
GOBP,GOBP_POSITIVE_REGULATION_OF_TOR_SIGNALING,GOBP|GOBP_POSITIVE_REGULATION_OF_TOR_SIGNALING,BFR_vs_HLRT_at_T1,0.004534178607057987,0.7520679284235215,0.45377850308487333,0.9597267786261641
GOBP,GOBP_POSITIVE_REGULATION_OF_TRANSLATION,GOBP|GOBP_POSITIVE_REGULATION_OF_TRANSLATION,BFR_vs_HLRT_at_T1,-0.0018398928991549945,-0.42502531524156495,0.6717322919282835,0.9747244617483128
GOBP,GOBP_POSITIVE_REGULATION_OF_TRANSLATIONAL_INITIATION,GOBP|GOBP_POSITIVE_REGULATION_OF_TRANSLATIONAL_INITIATION,BFR_vs_HLRT_at_T1,0.005576488175689356,0.7079595572208912,0.4806188661851166,0.9597267786261641
GOBP,GOBP_POSITIVE_REGULATION_OF_TRANSMEMBRANE_RECEPTOR_PROTEIN_SERINE_THREONINE_KINASE_SIGNALING_PATHWAY,GOBP|GOBP_POSITIVE_REGULATION_OF_TRANSMEMBRANE_RECEPTOR_PROTEIN_SERINE_THREONINE_KINASE_SIGNALING_PATHWAY,BFR_vs_HLRT_at_T1,0.0045346350184633545,0.8517571094616021,0.39638611579791216,0.9597267786261641
GOBP,GOBP_POSITIVE_REGULATION_OF_TRANSMEMBRANE_TRANSPORT,GOBP|GOBP_POSITIVE_REGULATION_OF_TRANSMEMBRANE_TRANSPORT,BFR_vs_HLRT_at_T1,0.002177323518809643,0.4947559555319206,0.6218587369424894,0.961916975493824
GOBP,GOBP_POSITIVE_REGULATION_OF_T_CELL_PROLIFERATION,GOBP|GOBP_POSITIVE_REGULATION_OF_T_CELL_PROLIFERATION,BFR_vs_HLRT_at_T1,0.003451735824977719,0.3588098442610478,0.7204945370738469,0.975839615677677
GOBP,GOBP_POSITIVE_REGULATION_OF_WNT_SIGNALING_PATHWAY,GOBP|GOBP_POSITIVE_REGULATION_OF_WNT_SIGNALING_PATHWAY,BFR_vs_HLRT_at_T1,0.01186001212267264,2.558405813249549,0.012016320956539268,0.9597267786261641
GOBP,GOBP_POSTSYNAPSE_ORGANIZATION,GOBP|GOBP_POSTSYNAPSE_ORGANIZATION,BFR_vs_HLRT_at_T1,0.0014073908379560393,0.26266883703249855,0.7933467578507142,0.988586211152373
GOBP,GOBP_POST_EMBRYONIC_DEVELOPMENT,GOBP|GOBP_POST_EMBRYONIC_DEVELOPMENT,BFR_vs_HLRT_at_T1,0.008640316682749977,1.576217615957846,0.11813720072890031,0.9597267786261641
GOBP,GOBP_POST_GOLGI_VESICLE_MEDIATED_TRANSPORT,GOBP|GOBP_POST_GOLGI_VESICLE_MEDIATED_TRANSPORT,BFR_vs_HLRT_at_T1,0.004716729092243049,0.9031259106948913,0.36863158356733006,0.9597267786261641
GOBP,GOBP_POTASSIUM_ION_TRANSPORT,GOBP|GOBP_POTASSIUM_ION_TRANSPORT,BFR_vs_HLRT_at_T1,0.004622489564172133,1.0296962113754695,0.30563918943500146,0.9597267786261641
GOBP,GOBP_PRESYNAPTIC_ENDOCYTOSIS,GOBP|GOBP_PRESYNAPTIC_ENDOCYTOSIS,BFR_vs_HLRT_at_T1,-0.0028032393248526716,-0.39971648231968454,0.6902186767781557,0.975839615677677
GOBP,GOBP_PRIMARY_ALCOHOL_METABOLIC_PROCESS,GOBP|GOBP_PRIMARY_ALCOHOL_METABOLIC_PROCESS,BFR_vs_HLRT_at_T1,-0.00110792605828966,-0.20960265131118308,0.8344046564443011,0.9971452871716181
GOBP,GOBP_PRODUCTION_OF_MOLECULAR_MEDIATOR_INVOLVED_IN_INFLAMMATORY_RESPONSE,GOBP|GOBP_PRODUCTION_OF_MOLECULAR_MEDIATOR_INVOLVED_IN_INFLAMMATORY_RESPONSE,BFR_vs_HLRT_at_T1,-8.60519253590708e-5,-0.016922782809825683,0.9865319688210796,0.9971452871716181
GOBP,GOBP_PRODUCTION_OF_MOLECULAR_MEDIATOR_OF_IMMUNE_RESPONSE,GOBP|GOBP_PRODUCTION_OF_MOLECULAR_MEDIATOR_OF_IMMUNE_RESPONSE,BFR_vs_HLRT_at_T1,0.0040421478683599354,0.8378717330665528,0.4041028701458864,0.9597267786261641
GOBP,GOBP_PROTEIN_AUTOPHOSPHORYLATION,GOBP|GOBP_PROTEIN_AUTOPHOSPHORYLATION,BFR_vs_HLRT_at_T1,0.013221399287642472,1.9455646939131912,0.05451749859596832,0.9597267786261641
GOBP,GOBP_PROTEIN_COMPLEX_OLIGOMERIZATION,GOBP|GOBP_PROTEIN_COMPLEX_OLIGOMERIZATION,BFR_vs_HLRT_at_T1,0.001247141219046094,0.3935421624532257,0.694757743066436,0.975839615677677
GOBP,GOBP_PROTEIN_CONTAINING_COMPLEX_LOCALIZATION,GOBP|GOBP_PROTEIN_CONTAINING_COMPLEX_LOCALIZATION,BFR_vs_HLRT_at_T1,0.0020905373238687764,0.3297907868807139,0.7422485607079992,0.975839615677677
GOBP,GOBP_PROTEIN_DNA_COMPLEX_ORGANIZATION,GOBP|GOBP_PROTEIN_DNA_COMPLEX_ORGANIZATION,BFR_vs_HLRT_at_T1,-0.016947936121067708,-1.6533358687424595,0.10140174265619667,0.9597267786261641
GOBP,GOBP_PROTEIN_EXIT_FROM_ENDOPLASMIC_RETICULUM,GOBP|GOBP_PROTEIN_EXIT_FROM_ENDOPLASMIC_RETICULUM,BFR_vs_HLRT_at_T1,0.01514260253339331,1.9611392490648758,0.05264669166126013,0.9597267786261641
GOBP,GOBP_PROTEIN_EXPORT_FROM_NUCLEUS,GOBP|GOBP_PROTEIN_EXPORT_FROM_NUCLEUS,BFR_vs_HLRT_at_T1,-0.0060798591393264045,-1.3593768725754094,0.17708781066596369,0.9597267786261641
GOBP,GOBP_PROTEIN_FOLDING,GOBP|GOBP_PROTEIN_FOLDING,BFR_vs_HLRT_at_T1,0.0011323867903837714,0.3623953674699828,0.7178221157636956,0.975839615677677
GOBP,GOBP_PROTEIN_IMPORT_INTO_MITOCHONDRIAL_MATRIX,GOBP|GOBP_PROTEIN_IMPORT_INTO_MITOCHONDRIAL_MATRIX,BFR_vs_HLRT_at_T1,-0.015438640269820773,-1.6995194316719302,0.09233317268098355,0.9597267786261641
GOBP,GOBP_PROTEIN_INSERTION_INTO_ER_MEMBRANE,GOBP|GOBP_PROTEIN_INSERTION_INTO_ER_MEMBRANE,BFR_vs_HLRT_at_T1,-0.006159265086603097,-0.740523972898477,0.4607190498762178,0.9597267786261641
GOBP,GOBP_PROTEIN_INSERTION_INTO_MEMBRANE,GOBP|GOBP_PROTEIN_INSERTION_INTO_MEMBRANE,BFR_vs_HLRT_at_T1,-0.0023372041997236845,-0.3363520754403057,0.7373108629433043,0.975839615677677
GOBP,GOBP_PROTEIN_K48_LINKED_UBIQUITINATION,GOBP|GOBP_PROTEIN_K48_LINKED_UBIQUITINATION,BFR_vs_HLRT_at_T1,-0.0029433561046903686,-0.5149177612785616,0.6077479176020728,0.961916975493824
GOBP,GOBP_PROTEIN_K63_LINKED_UBIQUITINATION,GOBP|GOBP_PROTEIN_K63_LINKED_UBIQUITINATION,BFR_vs_HLRT_at_T1,0.004296992170127981,0.7363699539212433,0.46323122726530197,0.9597267786261641
GOBP,GOBP_PROTEIN_LOCALIZATION_TO_CELL_JUNCTION,GOBP|GOBP_PROTEIN_LOCALIZATION_TO_CELL_JUNCTION,BFR_vs_HLRT_at_T1,0.005937681918221978,1.122328184804642,0.26441312538681905,0.9597267786261641
GOBP,GOBP_PROTEIN_LOCALIZATION_TO_CELL_SURFACE,GOBP|GOBP_PROTEIN_LOCALIZATION_TO_CELL_SURFACE,BFR_vs_HLRT_at_T1,0.018171060480070167,2.3459886487183392,0.02095197608245514,0.9597267786261641
GOBP,GOBP_PROTEIN_LOCALIZATION_TO_ENDOPLASMIC_RETICULUM,GOBP|GOBP_PROTEIN_LOCALIZATION_TO_ENDOPLASMIC_RETICULUM,BFR_vs_HLRT_at_T1,0.011012040757318223,1.5305191607648112,0.12904876430083395,0.9597267786261641
GOBP,GOBP_PROTEIN_LOCALIZATION_TO_EXTRACELLULAR_REGION,GOBP|GOBP_PROTEIN_LOCALIZATION_TO_EXTRACELLULAR_REGION,BFR_vs_HLRT_at_T1,0.0033537013409784128,0.9233110506500682,0.3580698165466325,0.9597267786261641
GOBP,GOBP_PROTEIN_LOCALIZATION_TO_MEMBRANE,GOBP|GOBP_PROTEIN_LOCALIZATION_TO_MEMBRANE,BFR_vs_HLRT_at_T1,0.004334932394279137,1.0922293431739891,0.27735931312309253,0.9597267786261641
GOBP,GOBP_PROTEIN_LOCALIZATION_TO_NUCLEUS,GOBP|GOBP_PROTEIN_LOCALIZATION_TO_NUCLEUS,BFR_vs_HLRT_at_T1,0.0017645982024472873,0.6859875467762238,0.4943099201930692,0.9597267786261641
GOBP,GOBP_PROTEIN_LOCALIZATION_TO_VACUOLE,GOBP|GOBP_PROTEIN_LOCALIZATION_TO_VACUOLE,BFR_vs_HLRT_at_T1,0.011666263620701015,1.6540476610660317,0.10125670093616569,0.9597267786261641
GOBP,GOBP_PROTEIN_METHYLATION,GOBP|GOBP_PROTEIN_METHYLATION,BFR_vs_HLRT_at_T1,-0.010903794253071253,-1.5455125079350043,0.1253843681335082,0.9597267786261641
GOBP,GOBP_PROTEIN_MODIFICATION_BY_SMALL_PROTEIN_REMOVAL,GOBP|GOBP_PROTEIN_MODIFICATION_BY_SMALL_PROTEIN_REMOVAL,BFR_vs_HLRT_at_T1,5.870186745692701e-4,0.1334601577022294,0.8940979469555566,0.9971452871716181
GOBP,GOBP_PROTEIN_MONOUBIQUITINATION,GOBP|GOBP_PROTEIN_MONOUBIQUITINATION,BFR_vs_HLRT_at_T1,0.0015300748320124895,0.2507425130247484,0.8025281693439162,0.988586211152373
GOBP,GOBP_PROTEIN_NEDDYLATION,GOBP|GOBP_PROTEIN_NEDDYLATION,BFR_vs_HLRT_at_T1,-1.8627606280890996e-4,-0.02607881607462168,0.9792464965352394,0.9971452871716181
GOBP,GOBP_PROTEIN_N_LINKED_GLYCOSYLATION,GOBP|GOBP_PROTEIN_N_LINKED_GLYCOSYLATION,BFR_vs_HLRT_at_T1,2.788704959194588e-4,0.04185652534002471,0.9666966151319053,0.9971452871716181
GOBP,GOBP_PROTEIN_POLYUBIQUITINATION,GOBP|GOBP_PROTEIN_POLYUBIQUITINATION,BFR_vs_HLRT_at_T1,3.3306961544289637e-4,0.07226179098031074,0.9425380470273229,0.9971452871716181
GOBP,GOBP_PROTEIN_PROCESSING,GOBP|GOBP_PROTEIN_PROCESSING,BFR_vs_HLRT_at_T1,0.003395793045442616,0.9364415814973405,0.35130414341636274,0.9597267786261641
GOBP,GOBP_PROTEIN_REFOLDING,GOBP|GOBP_PROTEIN_REFOLDING,BFR_vs_HLRT_at_T1,0.0011132383448644312,0.3432911230756088,0.7321008344660135,0.975839615677677
GOBP,GOBP_PROTEIN_RNA_COMPLEX_ORGANIZATION,GOBP|GOBP_PROTEIN_RNA_COMPLEX_ORGANIZATION,BFR_vs_HLRT_at_T1,-5.250668149584664e-4,-0.09953058499368203,0.9209164588947972,0.9971452871716181
GOBP,GOBP_PROTEIN_TARGETING,GOBP|GOBP_PROTEIN_TARGETING,BFR_vs_HLRT_at_T1,0.0027397647403834754,0.7952912596601104,0.42832960442649226,0.9597267786261641
GOBP,GOBP_PROTEIN_TARGETING_TO_MEMBRANE,GOBP|GOBP_PROTEIN_TARGETING_TO_MEMBRANE,BFR_vs_HLRT_at_T1,-1.9932080233698224e-4,-0.0348511141896414,0.9722680028202386,0.9971452871716181
GOBP,GOBP_PROTEIN_TETRAMERIZATION,GOBP|GOBP_PROTEIN_TETRAMERIZATION,BFR_vs_HLRT_at_T1,-8.312825599407214e-4,-0.23888904820878276,0.8116809946240364,0.988586211152373
GOBP,GOBP_PROTEIN_TRANSMEMBRANE_TRANSPORT,GOBP|GOBP_PROTEIN_TRANSMEMBRANE_TRANSPORT,BFR_vs_HLRT_at_T1,-0.003931733076926132,-0.6465535305655261,0.5194036029803011,0.9597267786261641
GOBP,GOBP_PURINE_NUCLEOSIDE_MONOPHOSPHATE_BIOSYNTHETIC_PROCESS,GOBP|GOBP_PURINE_NUCLEOSIDE_MONOPHOSPHATE_BIOSYNTHETIC_PROCESS,BFR_vs_HLRT_at_T1,-5.759053366806155e-4,-0.07491109408733891,0.9404352507127185,0.9971452871716181
GOBP,GOBP_PYRIDINE_CONTAINING_COMPOUND_METABOLIC_PROCESS,GOBP|GOBP_PYRIDINE_CONTAINING_COMPOUND_METABOLIC_PROCESS,BFR_vs_HLRT_at_T1,-0.00549296201119906,-1.5369790619167305,0.1274597296544322,0.9597267786261641
GOBP,GOBP_PYRIMIDINE_CONTAINING_COMPOUND_METABOLIC_PROCESS,GOBP|GOBP_PYRIMIDINE_CONTAINING_COMPOUND_METABOLIC_PROCESS,BFR_vs_HLRT_at_T1,0.002920752969901977,0.45951020473403986,0.6468662083340266,0.9727992827039917
GOBP,GOBP_RAC_PROTEIN_SIGNAL_TRANSDUCTION,GOBP|GOBP_RAC_PROTEIN_SIGNAL_TRANSDUCTION,BFR_vs_HLRT_at_T1,-0.001870616407886272,-0.36003381499064385,0.719581875381268,0.975839615677677
GOBP,GOBP_RAS_PROTEIN_SIGNAL_TRANSDUCTION,GOBP|GOBP_RAS_PROTEIN_SIGNAL_TRANSDUCTION,BFR_vs_HLRT_at_T1,0.004828039232136511,0.9253835558708271,0.3569964352615378,0.9597267786261641
GOBP,GOBP_REACTIVE_NITROGEN_SPECIES_METABOLIC_PROCESS,GOBP|GOBP_REACTIVE_NITROGEN_SPECIES_METABOLIC_PROCESS,BFR_vs_HLRT_at_T1,7.28362296074786e-4,0.1494950852207223,0.8814643737985022,0.9971452871716181
GOBP,GOBP_REACTIVE_OXYGEN_SPECIES_BIOSYNTHETIC_PROCESS,GOBP|GOBP_REACTIVE_OXYGEN_SPECIES_BIOSYNTHETIC_PROCESS,BFR_vs_HLRT_at_T1,8.489417663995469e-4,0.21225198562565767,0.832342913939726,0.9971452871716181
GOBP,GOBP_REACTIVE_OXYGEN_SPECIES_METABOLIC_PROCESS,GOBP|GOBP_REACTIVE_OXYGEN_SPECIES_METABOLIC_PROCESS,BFR_vs_HLRT_at_T1,-0.00215414795906671,-0.7204865882767777,0.4729079504772382,0.9597267786261641
GOBP,GOBP_RECEPTOR_LOCALIZATION_TO_SYNAPSE,GOBP|GOBP_RECEPTOR_LOCALIZATION_TO_SYNAPSE,BFR_vs_HLRT_at_T1,0.008310845772427106,1.2237452137022218,0.2239267820567657,0.9597267786261641
GOBP,GOBP_RECEPTOR_MEDIATED_ENDOCYTOSIS,GOBP|GOBP_RECEPTOR_MEDIATED_ENDOCYTOSIS,BFR_vs_HLRT_at_T1,0.005387594407164101,0.8058842125260772,0.4222237428886756,0.9597267786261641
GOBP,GOBP_RECEPTOR_METABOLIC_PROCESS,GOBP|GOBP_RECEPTOR_METABOLIC_PROCESS,BFR_vs_HLRT_at_T1,7.083461010590208e-4,0.11615578382068459,0.9077622559111045,0.9971452871716181
GOBP,GOBP_REGENERATION,GOBP|GOBP_REGENERATION,BFR_vs_HLRT_at_T1,0.0026964977376482124,0.6373022142002959,0.5253858718462274,0.9597267786261641
GOBP,GOBP_REGULATED_EXOCYTOSIS,GOBP|GOBP_REGULATED_EXOCYTOSIS,BFR_vs_HLRT_at_T1,0.0017961015953614282,0.29567024709286877,0.7680956041954776,0.9797356300254015
GOBP,GOBP_REGULATION_OF_ACTIN_FILAMENT_BASED_MOVEMENT,GOBP|GOBP_REGULATION_OF_ACTIN_FILAMENT_BASED_MOVEMENT,BFR_vs_HLRT_at_T1,-0.004023039671337825,-0.8081524065428783,0.42092310006180456,0.9597267786261641
GOBP,GOBP_REGULATION_OF_ACTOMYOSIN_STRUCTURE_ORGANIZATION,GOBP|GOBP_REGULATION_OF_ACTOMYOSIN_STRUCTURE_ORGANIZATION,BFR_vs_HLRT_at_T1,0.004098946948698404,0.7712809834140005,0.44236086050117374,0.9597267786261641
GOBP,GOBP_REGULATION_OF_ALPHA_BETA_T_CELL_ACTIVATION,GOBP|GOBP_REGULATION_OF_ALPHA_BETA_T_CELL_ACTIVATION,BFR_vs_HLRT_at_T1,0.00803423035888351,0.7510417470849595,0.4543930375367855,0.9597267786261641
GOBP,GOBP_REGULATION_OF_AMIDE_METABOLIC_PROCESS,GOBP|GOBP_REGULATION_OF_AMIDE_METABOLIC_PROCESS,BFR_vs_HLRT_at_T1,0.007421018942983977,1.3109799219676324,0.19287006397154025,0.9597267786261641
GOBP,GOBP_REGULATION_OF_APOPTOTIC_SIGNALING_PATHWAY,GOBP|GOBP_REGULATION_OF_APOPTOTIC_SIGNALING_PATHWAY,BFR_vs_HLRT_at_T1,0.0027903538475240602,1.0092837677785487,0.31527688174760604,0.9597267786261641
GOBP,GOBP_REGULATION_OF_ATP_DEPENDENT_ACTIVITY,GOBP|GOBP_REGULATION_OF_ATP_DEPENDENT_ACTIVITY,BFR_vs_HLRT_at_T1,-0.009160914574237539,-1.46874778139427,0.14504308246214595,0.9597267786261641
GOBP,GOBP_REGULATION_OF_AUTOPHAGY,GOBP|GOBP_REGULATION_OF_AUTOPHAGY,BFR_vs_HLRT_at_T1,0.0015559768281637326,0.5668658327395386,0.5720768017908744,0.9597267786261641
GOBP,GOBP_REGULATION_OF_AXONOGENESIS,GOBP|GOBP_REGULATION_OF_AXONOGENESIS,BFR_vs_HLRT_at_T1,0.007323689091128183,1.2331681158229983,0.22040684091259582,0.9597267786261641
GOBP,GOBP_REGULATION_OF_BINDING,GOBP|GOBP_REGULATION_OF_BINDING,BFR_vs_HLRT_at_T1,-0.0047393628369407775,-0.924005039786352,0.3577101599256186,0.9597267786261641
GOBP,GOBP_REGULATION_OF_BLOOD_PRESSURE,GOBP|GOBP_REGULATION_OF_BLOOD_PRESSURE,BFR_vs_HLRT_at_T1,0.005333744117058059,1.002501905017909,0.31852330568150256,0.9597267786261641
GOBP,GOBP_REGULATION_OF_BODY_FLUID_LEVELS,GOBP|GOBP_REGULATION_OF_BODY_FLUID_LEVELS,BFR_vs_HLRT_at_T1,0.003802250607153196,0.6711510750643884,0.503673159677674,0.9597267786261641
GOBP,GOBP_REGULATION_OF_CALCIUM_MEDIATED_SIGNALING,GOBP|GOBP_REGULATION_OF_CALCIUM_MEDIATED_SIGNALING,BFR_vs_HLRT_at_T1,-0.004253040583234252,-0.5664149234528724,0.5723820376382264,0.9597267786261641
GOBP,GOBP_REGULATION_OF_CARBOHYDRATE_METABOLIC_PROCESS,GOBP|GOBP_REGULATION_OF_CARBOHYDRATE_METABOLIC_PROCESS,BFR_vs_HLRT_at_T1,1.0673804807399476e-4,0.025260172345661573,0.9798978304322253,0.9971452871716181
GOBP,GOBP_REGULATION_OF_CELLULAR_COMPONENT_SIZE,GOBP|GOBP_REGULATION_OF_CELLULAR_COMPONENT_SIZE,BFR_vs_HLRT_at_T1,-0.004752576127849968,-0.774043870922153,0.4407328021684417,0.9597267786261641
GOBP,GOBP_REGULATION_OF_CELLULAR_RESPIRATION,GOBP|GOBP_REGULATION_OF_CELLULAR_RESPIRATION,BFR_vs_HLRT_at_T1,-0.015252770653995995,-2.0512308195011837,0.042861650471547566,0.9597267786261641
GOBP,GOBP_REGULATION_OF_CELLULAR_RESPONSE_TO_INSULIN_STIMULUS,GOBP|GOBP_REGULATION_OF_CELLULAR_RESPONSE_TO_INSULIN_STIMULUS,BFR_vs_HLRT_at_T1,2.882510317317316e-4,0.06145663886414573,0.9511183308446366,0.9971452871716181
GOBP,GOBP_REGULATION_OF_CELLULAR_RESPONSE_TO_TRANSFORMING_GROWTH_FACTOR_BETA_STIMULUS,GOBP|GOBP_REGULATION_OF_CELLULAR_RESPONSE_TO_TRANSFORMING_GROWTH_FACTOR_BETA_STIMULUS,BFR_vs_HLRT_at_T1,0.003267761865391079,0.5245826666893826,0.6010354499399847,0.961916975493824
GOBP,GOBP_REGULATION_OF_CELL_CYCLE_CHECKPOINT,GOBP|GOBP_REGULATION_OF_CELL_CYCLE_CHECKPOINT,BFR_vs_HLRT_at_T1,9.326821347445911e-4,0.1307539993754391,0.8962328542645169,0.9971452871716181
GOBP,GOBP_REGULATION_OF_CELL_CYCLE_G1_S_PHASE_TRANSITION,GOBP|GOBP_REGULATION_OF_CELL_CYCLE_G1_S_PHASE_TRANSITION,BFR_vs_HLRT_at_T1,0.001303148239001739,0.3150569334409726,0.7533755573797591,0.9797356300254015
GOBP,GOBP_REGULATION_OF_CELL_DIVISION,GOBP|GOBP_REGULATION_OF_CELL_DIVISION,BFR_vs_HLRT_at_T1,4.286931768265473e-4,0.07849649628969337,0.9375901307318459,0.9971452871716181
GOBP,GOBP_REGULATION_OF_CELL_GROWTH,GOBP|GOBP_REGULATION_OF_CELL_GROWTH,BFR_vs_HLRT_at_T1,0.0023544094935907256,0.8132567293385028,0.4180048904677326,0.9597267786261641
GOBP,GOBP_REGULATION_OF_CELL_JUNCTION_ASSEMBLY,GOBP|GOBP_REGULATION_OF_CELL_JUNCTION_ASSEMBLY,BFR_vs_HLRT_at_T1,0.004656701603001884,0.9423742390707519,0.34827440949129684,0.9597267786261641
GOBP,GOBP_REGULATION_OF_CELL_MORPHOGENESIS,GOBP|GOBP_REGULATION_OF_CELL_MORPHOGENESIS,BFR_vs_HLRT_at_T1,0.007084263319104146,1.1036389866217033,0.2724010925361934,0.9597267786261641
GOBP,GOBP_REGULATION_OF_CELL_PROJECTION_ASSEMBLY,GOBP|GOBP_REGULATION_OF_CELL_PROJECTION_ASSEMBLY,BFR_vs_HLRT_at_T1,0.0015146593436617464,0.3435947754400619,0.7318731278614313,0.975839615677677
GOBP,GOBP_REGULATION_OF_CELL_SIZE,GOBP|GOBP_REGULATION_OF_CELL_SIZE,BFR_vs_HLRT_at_T1,0.005177760629279611,1.266663889503554,0.2082207654171981,0.9597267786261641
GOBP,GOBP_REGULATION_OF_CHEMOTAXIS,GOBP|GOBP_REGULATION_OF_CHEMOTAXIS,BFR_vs_HLRT_at_T1,0.005923447618108202,1.1373442549886177,0.2581149498626328,0.9597267786261641
GOBP,GOBP_REGULATION_OF_CHROMOSOME_ORGANIZATION,GOBP|GOBP_REGULATION_OF_CHROMOSOME_ORGANIZATION,BFR_vs_HLRT_at_T1,-0.008415894210911885,-1.8746352959844657,0.06376426049532179,0.9597267786261641
GOBP,GOBP_REGULATION_OF_CHROMOSOME_SEGREGATION,GOBP|GOBP_REGULATION_OF_CHROMOSOME_SEGREGATION,BFR_vs_HLRT_at_T1,-0.0034637880334575976,-0.5438563237287085,0.5877520343589191,0.961916975493824
GOBP,GOBP_REGULATION_OF_CILIUM_ASSEMBLY,GOBP|GOBP_REGULATION_OF_CILIUM_ASSEMBLY,BFR_vs_HLRT_at_T1,0.0021093626638393967,0.32940237726353994,0.7425411985619341,0.975839615677677
GOBP,GOBP_REGULATION_OF_CYTOPLASMIC_PATTERN_RECOGNITION_RECEPTOR_SIGNALING_PATHWAY,GOBP|GOBP_REGULATION_OF_CYTOPLASMIC_PATTERN_RECOGNITION_RECEPTOR_SIGNALING_PATHWAY,BFR_vs_HLRT_at_T1,0.005557338886502214,1.030185895189917,0.3054104481016835,0.9597267786261641
GOBP,GOBP_REGULATION_OF_CYTOPLASMIC_TRANSLATION,GOBP|GOBP_REGULATION_OF_CYTOPLASMIC_TRANSLATION,BFR_vs_HLRT_at_T1,0.0013014911561443215,0.2352405710721751,0.814503549291351,0.988586211152373
GOBP,GOBP_REGULATION_OF_DENDRITE_DEVELOPMENT,GOBP|GOBP_REGULATION_OF_DENDRITE_DEVELOPMENT,BFR_vs_HLRT_at_T1,0.0012939639453609098,0.17676953287255753,0.8600472971742837,0.9971452871716181
GOBP,GOBP_REGULATION_OF_DEVELOPMENTAL_GROWTH,GOBP|GOBP_REGULATION_OF_DEVELOPMENTAL_GROWTH,BFR_vs_HLRT_at_T1,0.0024919381025926765,0.618872379295807,0.5374090899119537,0.9597267786261641
GOBP,GOBP_REGULATION_OF_DNA_BINDING_TRANSCRIPTION_FACTOR_ACTIVITY,GOBP|GOBP_REGULATION_OF_DNA_BINDING_TRANSCRIPTION_FACTOR_ACTIVITY,BFR_vs_HLRT_at_T1,0.005257682330256697,0.9929681565738739,0.32312448447868114,0.9597267786261641
GOBP,GOBP_REGULATION_OF_DNA_RECOMBINATION,GOBP|GOBP_REGULATION_OF_DNA_RECOMBINATION,BFR_vs_HLRT_at_T1,-0.004269246862192409,-0.7173525442030291,0.47483057968134834,0.9597267786261641
GOBP,GOBP_REGULATION_OF_DNA_REPAIR,GOBP|GOBP_REGULATION_OF_DNA_REPAIR,BFR_vs_HLRT_at_T1,0.0067650870113126205,1.674809543922768,0.0970993571663636,0.9597267786261641
GOBP,GOBP_REGULATION_OF_DNA_REPLICATION,GOBP|GOBP_REGULATION_OF_DNA_REPLICATION,BFR_vs_HLRT_at_T1,0.005774015031220214,1.181496678309764,0.24021040542671496,0.9597267786261641
GOBP,GOBP_REGULATION_OF_EMBRYONIC_DEVELOPMENT,GOBP|GOBP_REGULATION_OF_EMBRYONIC_DEVELOPMENT,BFR_vs_HLRT_at_T1,-0.007533332041643144,-0.8393468002123835,0.4032787991782396,0.9597267786261641
GOBP,GOBP_REGULATION_OF_ENDOCYTOSIS,GOBP|GOBP_REGULATION_OF_ENDOCYTOSIS,BFR_vs_HLRT_at_T1,0.00298986811769357,0.6732269328297408,0.5023573995093287,0.9597267786261641
GOBP,GOBP_REGULATION_OF_ENDOPLASMIC_RETICULUM_UNFOLDED_PROTEIN_RESPONSE,GOBP|GOBP_REGULATION_OF_ENDOPLASMIC_RETICULUM_UNFOLDED_PROTEIN_RESPONSE,BFR_vs_HLRT_at_T1,0.009628275913714734,1.4186669883010374,0.1591083770979546,0.9597267786261641
GOBP,GOBP_REGULATION_OF_EPITHELIAL_CELL_DIFFERENTIATION,GOBP|GOBP_REGULATION_OF_EPITHELIAL_CELL_DIFFERENTIATION,BFR_vs_HLRT_at_T1,-0.021471309804583463,-1.9516659874162734,0.05377801267698678,0.9597267786261641
GOBP,GOBP_REGULATION_OF_EPITHELIAL_TO_MESENCHYMAL_TRANSITION,GOBP|GOBP_REGULATION_OF_EPITHELIAL_TO_MESENCHYMAL_TRANSITION,BFR_vs_HLRT_at_T1,-1.6360534917903014e-4,-0.01591054350312904,0.987337490696379,0.9971452871716181
GOBP,GOBP_REGULATION_OF_ERBB_SIGNALING_PATHWAY,GOBP|GOBP_REGULATION_OF_ERBB_SIGNALING_PATHWAY,BFR_vs_HLRT_at_T1,0.006986307496522834,1.1301818194733686,0.2611057917913009,0.9597267786261641
GOBP,GOBP_REGULATION_OF_EXTRACELLULAR_MATRIX_ORGANIZATION,GOBP|GOBP_REGULATION_OF_EXTRACELLULAR_MATRIX_ORGANIZATION,BFR_vs_HLRT_at_T1,-0.013987719960179418,-0.5909213887828428,0.5559076802344125,0.9597267786261641
GOBP,GOBP_REGULATION_OF_FAT_CELL_DIFFERENTIATION,GOBP|GOBP_REGULATION_OF_FAT_CELL_DIFFERENTIATION,BFR_vs_HLRT_at_T1,-0.0016846668773017603,-0.2768965244727562,0.7824316705708851,0.9882010384807607
GOBP,GOBP_REGULATION_OF_GENERATION_OF_PRECURSOR_METABOLITES_AND_ENERGY,GOBP|GOBP_REGULATION_OF_GENERATION_OF_PRECURSOR_METABOLITES_AND_ENERGY,BFR_vs_HLRT_at_T1,-0.005009742160650518,-1.2674987930180948,0.20792348215561512,0.9597267786261641
GOBP,GOBP_REGULATION_OF_G_PROTEIN_COUPLED_RECEPTOR_SIGNALING_PATHWAY,GOBP|GOBP_REGULATION_OF_G_PROTEIN_COUPLED_RECEPTOR_SIGNALING_PATHWAY,BFR_vs_HLRT_at_T1,-0.005370703557499089,-0.9272141875905376,0.35605003687863723,0.9597267786261641
GOBP,GOBP_REGULATION_OF_HEART_RATE,GOBP|GOBP_REGULATION_OF_HEART_RATE,BFR_vs_HLRT_at_T1,-0.005550454751697631,-1.0839514534673993,0.28099542182637344,0.9597267786261641
GOBP,GOBP_REGULATION_OF_HEMOPOIESIS,GOBP|GOBP_REGULATION_OF_HEMOPOIESIS,BFR_vs_HLRT_at_T1,0.002388297585999899,0.4952744897611922,0.6214940215456436,0.961916975493824
GOBP,GOBP_REGULATION_OF_HYDROLASE_ACTIVITY,GOBP|GOBP_REGULATION_OF_HYDROLASE_ACTIVITY,BFR_vs_HLRT_at_T1,0.005673374862571107,1.0073209693064682,0.3162141808407055,0.9597267786261641
GOBP,GOBP_REGULATION_OF_IMMUNE_EFFECTOR_PROCESS,GOBP|GOBP_REGULATION_OF_IMMUNE_EFFECTOR_PROCESS,BFR_vs_HLRT_at_T1,0.00887537547698039,2.0275442818534946,0.04526980661346565,0.9597267786261641
GOBP,GOBP_REGULATION_OF_INFLAMMATORY_RESPONSE,GOBP|GOBP_REGULATION_OF_INFLAMMATORY_RESPONSE,BFR_vs_HLRT_at_T1,0.0010479676501274071,0.2996716388455297,0.7650502409090504,0.9797356300254015
GOBP,GOBP_REGULATION_OF_INTRACELLULAR_PROTEIN_TRANSPORT,GOBP|GOBP_REGULATION_OF_INTRACELLULAR_PROTEIN_TRANSPORT,BFR_vs_HLRT_at_T1,0.0036659420915775842,0.8167506165076471,0.41601437971638366,0.9597267786261641
GOBP,GOBP_REGULATION_OF_INTRACELLULAR_STEROID_HORMONE_RECEPTOR_SIGNALING_PATHWAY,GOBP|GOBP_REGULATION_OF_INTRACELLULAR_STEROID_HORMONE_RECEPTOR_SIGNALING_PATHWAY,BFR_vs_HLRT_at_T1,9.475496190142207e-5,0.01938222297270376,0.9845748501970573,0.9971452871716181
GOBP,GOBP_REGULATION_OF_INTRACELLULAR_TRANSPORT,GOBP|GOBP_REGULATION_OF_INTRACELLULAR_TRANSPORT,BFR_vs_HLRT_at_T1,0.005524900008738051,1.5815825674669632,0.11690585600348445,0.9597267786261641
GOBP,GOBP_REGULATION_OF_KETONE_METABOLIC_PROCESS,GOBP|GOBP_REGULATION_OF_KETONE_METABOLIC_PROCESS,BFR_vs_HLRT_at_T1,2.4824518181792987e-4,0.057423567062723925,0.9543224897907545,0.9971452871716181
GOBP,GOBP_REGULATION_OF_LIPID_LOCALIZATION,GOBP|GOBP_REGULATION_OF_LIPID_LOCALIZATION,BFR_vs_HLRT_at_T1,0.007080076903082266,1.4869254873098736,0.1401839002972678,0.9597267786261641
GOBP,GOBP_REGULATION_OF_LIPID_METABOLIC_PROCESS,GOBP|GOBP_REGULATION_OF_LIPID_METABOLIC_PROCESS,BFR_vs_HLRT_at_T1,-7.322524619111995e-4,-0.23837682032011057,0.8120771181785026,0.988586211152373
GOBP,GOBP_REGULATION_OF_LYMPHOCYTE_MEDIATED_IMMUNITY,GOBP|GOBP_REGULATION_OF_LYMPHOCYTE_MEDIATED_IMMUNITY,BFR_vs_HLRT_at_T1,0.012869033480488526,1.797551106091056,0.07526922262694738,0.9597267786261641
GOBP,GOBP_REGULATION_OF_MEMBRANE_POTENTIAL,GOBP|GOBP_REGULATION_OF_MEMBRANE_POTENTIAL,BFR_vs_HLRT_at_T1,0.0021953011295372526,0.807768740764568,0.4211429363379482,0.9597267786261641
GOBP,GOBP_REGULATION_OF_MICROTUBULE_BASED_PROCESS,GOBP|GOBP_REGULATION_OF_MICROTUBULE_BASED_PROCESS,BFR_vs_HLRT_at_T1,-0.001145181843006264,-0.2651718644045104,0.7914234556900669,0.988586211152373
GOBP,GOBP_REGULATION_OF_MITOCHONDRIAL_MEMBRANE_POTENTIAL,GOBP|GOBP_REGULATION_OF_MITOCHONDRIAL_MEMBRANE_POTENTIAL,BFR_vs_HLRT_at_T1,0.005956465059034161,1.511158293882161,0.13390491257163023,0.9597267786261641
GOBP,GOBP_REGULATION_OF_MITOCHONDRION_ORGANIZATION,GOBP|GOBP_REGULATION_OF_MITOCHONDRION_ORGANIZATION,BFR_vs_HLRT_at_T1,0.0045582571016916235,0.9901698538259502,0.32448331072433745,0.9597267786261641
GOBP,GOBP_REGULATION_OF_MONONUCLEAR_CELL_MIGRATION,GOBP|GOBP_REGULATION_OF_MONONUCLEAR_CELL_MIGRATION,BFR_vs_HLRT_at_T1,0.009871028664651338,1.3557634533747,0.17823134025215914,0.9597267786261641
GOBP,GOBP_REGULATION_OF_MRNA_METABOLIC_PROCESS,GOBP|GOBP_REGULATION_OF_MRNA_METABOLIC_PROCESS,BFR_vs_HLRT_at_T1,-0.002811403418265697,-0.5196060628420793,0.6044875580746314,0.961916975493824
GOBP,GOBP_REGULATION_OF_MUSCLE_CELL_DIFFERENTIATION,GOBP|GOBP_REGULATION_OF_MUSCLE_CELL_DIFFERENTIATION,BFR_vs_HLRT_at_T1,-0.004700603283100881,-0.3671212144013974,0.7143051216189445,0.975839615677677
GOBP,GOBP_REGULATION_OF_MUSCLE_HYPERTROPHY,GOBP|GOBP_REGULATION_OF_MUSCLE_HYPERTROPHY,BFR_vs_HLRT_at_T1,0.0014695009435386416,0.2889689962782895,0.7732038909609794,0.9813256560646688
GOBP,GOBP_REGULATION_OF_MUSCLE_SYSTEM_PROCESS,GOBP|GOBP_REGULATION_OF_MUSCLE_SYSTEM_PROCESS,BFR_vs_HLRT_at_T1,-0.005631987453093512,-1.2429708266140305,0.2167879553023266,0.9597267786261641
GOBP,GOBP_REGULATION_OF_MYELOID_LEUKOCYTE_DIFFERENTIATION,GOBP|GOBP_REGULATION_OF_MYELOID_LEUKOCYTE_DIFFERENTIATION,BFR_vs_HLRT_at_T1,0.008600690599220334,1.16579390218652,0.2464735608695614,0.9597267786261641
GOBP,GOBP_REGULATION_OF_NERVOUS_SYSTEM_DEVELOPMENT,GOBP|GOBP_REGULATION_OF_NERVOUS_SYSTEM_DEVELOPMENT,BFR_vs_HLRT_at_T1,0.004976999191148426,1.27004314792519,0.2070194433077261,0.9597267786261641
GOBP,GOBP_REGULATION_OF_NEURON_DIFFERENTIATION,GOBP|GOBP_REGULATION_OF_NEURON_DIFFERENTIATION,BFR_vs_HLRT_at_T1,0.0019219449462389848,0.43329627170355517,0.6657336783370555,0.9747244617483128
GOBP,GOBP_REGULATION_OF_NEURON_PROJECTION_DEVELOPMENT,GOBP|GOBP_REGULATION_OF_NEURON_PROJECTION_DEVELOPMENT,BFR_vs_HLRT_at_T1,0.004579923975996561,1.0929717974894626,0.2770347830181505,0.9597267786261641
GOBP,GOBP_REGULATION_OF_NUCLEAR_DIVISION,GOBP|GOBP_REGULATION_OF_NUCLEAR_DIVISION,BFR_vs_HLRT_at_T1,-0.005889303228516052,-1.2904333862375978,0.1998789479371127,0.9597267786261641
GOBP,GOBP_REGULATION_OF_NUCLEOTIDE_METABOLIC_PROCESS,GOBP|GOBP_REGULATION_OF_NUCLEOTIDE_METABOLIC_PROCESS,BFR_vs_HLRT_at_T1,-0.008784565008885081,-2.0762609499669944,0.04043718037431711,0.9597267786261641
GOBP,GOBP_REGULATION_OF_ORGANELLE_ASSEMBLY,GOBP|GOBP_REGULATION_OF_ORGANELLE_ASSEMBLY,BFR_vs_HLRT_at_T1,-0.001762711324994122,-0.40896655312614427,0.6834396224357653,0.975839615677677
GOBP,GOBP_REGULATION_OF_ORGANIC_ACID_TRANSPORT,GOBP|GOBP_REGULATION_OF_ORGANIC_ACID_TRANSPORT,BFR_vs_HLRT_at_T1,0.003194607525885129,0.6046490689872639,0.5467830684711623,0.9597267786261641
GOBP,GOBP_REGULATION_OF_PH,GOBP|GOBP_REGULATION_OF_PH,BFR_vs_HLRT_at_T1,0.014671997536871706,2.066808006143731,0.04133857847156763,0.9597267786261641
GOBP,GOBP_REGULATION_OF_PHAGOCYTOSIS,GOBP|GOBP_REGULATION_OF_PHAGOCYTOSIS,BFR_vs_HLRT_at_T1,-0.001572387666625208,-0.38028018350110576,0.7045447765194726,0.975839615677677
GOBP,GOBP_REGULATION_OF_PHOSPHORYLATION,GOBP|GOBP_REGULATION_OF_PHOSPHORYLATION,BFR_vs_HLRT_at_T1,8.233395335087573e-4,0.21964402466329544,0.8265965748785773,0.9971452871716181
GOBP,GOBP_REGULATION_OF_PLASMA_LIPOPROTEIN_PARTICLE_LEVELS,GOBP|GOBP_REGULATION_OF_PLASMA_LIPOPROTEIN_PARTICLE_LEVELS,BFR_vs_HLRT_at_T1,7.578917104675842e-4,0.12263061951218654,0.9026459662121301,0.9971452871716181
GOBP,GOBP_REGULATION_OF_POLYSACCHARIDE_METABOLIC_PROCESS,GOBP|GOBP_REGULATION_OF_POLYSACCHARIDE_METABOLIC_PROCESS,BFR_vs_HLRT_at_T1,0.0056972080272591034,0.749718446731461,0.4551862058205125,0.9597267786261641
GOBP,GOBP_REGULATION_OF_POSTSYNAPTIC_MEMBRANE_NEUROTRANSMITTER_RECEPTOR_LEVELS,GOBP|GOBP_REGULATION_OF_POSTSYNAPTIC_MEMBRANE_NEUROTRANSMITTER_RECEPTOR_LEVELS,BFR_vs_HLRT_at_T1,0.0024968071179665304,0.43515140847561373,0.6643911758375578,0.9747244617483128
GOBP,GOBP_REGULATION_OF_POST_TRANSLATIONAL_PROTEIN_MODIFICATION,GOBP|GOBP_REGULATION_OF_POST_TRANSLATIONAL_PROTEIN_MODIFICATION,BFR_vs_HLRT_at_T1,-0.0011661530534356201,-0.34820583490199325,0.7284182852762131,0.975839615677677
GOBP,GOBP_REGULATION_OF_POTASSIUM_ION_TRANSMEMBRANE_TRANSPORT,GOBP|GOBP_REGULATION_OF_POTASSIUM_ION_TRANSMEMBRANE_TRANSPORT,BFR_vs_HLRT_at_T1,0.009923117677465704,1.95740858444095,0.05308978383165695,0.9597267786261641
GOBP,GOBP_REGULATION_OF_PROTEIN_CATABOLIC_PROCESS,GOBP|GOBP_REGULATION_OF_PROTEIN_CATABOLIC_PROCESS,BFR_vs_HLRT_at_T1,0.0031000020133693795,1.0870698151193463,0.2796218261050459,0.9597267786261641
GOBP,GOBP_REGULATION_OF_PROTEIN_CONTAINING_COMPLEX_ASSEMBLY,GOBP|GOBP_REGULATION_OF_PROTEIN_CONTAINING_COMPLEX_ASSEMBLY,BFR_vs_HLRT_at_T1,3.444946738736382e-4,0.09432223545878776,0.9250421103651645,0.9971452871716181
GOBP,GOBP_REGULATION_OF_PROTEIN_CONTAINING_COMPLEX_DISASSEMBLY,GOBP|GOBP_REGULATION_OF_PROTEIN_CONTAINING_COMPLEX_DISASSEMBLY,BFR_vs_HLRT_at_T1,-0.013779635842473725,-1.5401954619579359,0.12667432776528725,0.9597267786261641
GOBP,GOBP_REGULATION_OF_PROTEIN_IMPORT_INTO_NUCLEUS,GOBP|GOBP_REGULATION_OF_PROTEIN_IMPORT_INTO_NUCLEUS,BFR_vs_HLRT_at_T1,0.003869811444569521,0.7659201499144889,0.445529726293441,0.9597267786261641
GOBP,GOBP_REGULATION_OF_PROTEIN_LOCALIZATION_TO_MEMBRANE,GOBP|GOBP_REGULATION_OF_PROTEIN_LOCALIZATION_TO_MEMBRANE,BFR_vs_HLRT_at_T1,0.001629371434029931,0.3602932379628506,0.7193884870168996,0.975839615677677
GOBP,GOBP_REGULATION_OF_PROTEIN_MATURATION,GOBP|GOBP_REGULATION_OF_PROTEIN_MATURATION,BFR_vs_HLRT_at_T1,0.013872455296111641,1.7670114103178787,0.08028019521377028,0.9597267786261641
GOBP,GOBP_REGULATION_OF_PROTEIN_SERINE_THREONINE_KINASE_ACTIVITY,GOBP|GOBP_REGULATION_OF_PROTEIN_SERINE_THREONINE_KINASE_ACTIVITY,BFR_vs_HLRT_at_T1,-7.113583473777607e-4,-0.11304534063295997,0.9102214632854481,0.9971452871716181
GOBP,GOBP_REGULATION_OF_PROTEIN_STABILITY,GOBP|GOBP_REGULATION_OF_PROTEIN_STABILITY,BFR_vs_HLRT_at_T1,-7.252922730131561e-4,-0.2420769346676331,0.8092167953268632,0.988586211152373
GOBP,GOBP_REGULATION_OF_PROTEIN_TARGETING,GOBP|GOBP_REGULATION_OF_PROTEIN_TARGETING,BFR_vs_HLRT_at_T1,0.0016395202694730188,0.2981831188884637,0.7661826899594222,0.9797356300254015
GOBP,GOBP_REGULATION_OF_PROTEIN_TRANSPORT,GOBP|GOBP_REGULATION_OF_PROTEIN_TRANSPORT,BFR_vs_HLRT_at_T1,0.005922674064059996,1.8665960522367668,0.06489082956328074,0.9597267786261641
GOBP,GOBP_REGULATION_OF_RECEPTOR_MEDIATED_ENDOCYTOSIS,GOBP|GOBP_REGULATION_OF_RECEPTOR_MEDIATED_ENDOCYTOSIS,BFR_vs_HLRT_at_T1,0.004128554706003824,0.6398925072648142,0.5237072855844938,0.9597267786261641
GOBP,GOBP_REGULATION_OF_REGULATED_SECRETORY_PATHWAY,GOBP|GOBP_REGULATION_OF_REGULATED_SECRETORY_PATHWAY,BFR_vs_HLRT_at_T1,0.00453515140566688,0.6202299709897189,0.5365186619003102,0.9597267786261641
GOBP,GOBP_REGULATION_OF_RELEASE_OF_SEQUESTERED_CALCIUM_ION_INTO_CYTOSOL,GOBP|GOBP_REGULATION_OF_RELEASE_OF_SEQUESTERED_CALCIUM_ION_INTO_CYTOSOL,BFR_vs_HLRT_at_T1,-0.0077165232401356365,-1.5406190987502364,0.12657116695408374,0.9597267786261641
GOBP,GOBP_REGULATION_OF_REPRODUCTIVE_PROCESS,GOBP|GOBP_REGULATION_OF_REPRODUCTIVE_PROCESS,BFR_vs_HLRT_at_T1,0.0037694211745996353,0.5985506114720789,0.5508273292990686,0.9597267786261641
GOBP,GOBP_REGULATION_OF_RESPONSE_TO_CYTOKINE_STIMULUS,GOBP|GOBP_REGULATION_OF_RESPONSE_TO_CYTOKINE_STIMULUS,BFR_vs_HLRT_at_T1,-0.004196529321168152,-1.0014732302109215,0.31901765836770146,0.9597267786261641
GOBP,GOBP_REGULATION_OF_RESPONSE_TO_ENDOPLASMIC_RETICULUM_STRESS,GOBP|GOBP_REGULATION_OF_RESPONSE_TO_ENDOPLASMIC_RETICULUM_STRESS,BFR_vs_HLRT_at_T1,0.006729508017184736,1.5468754561231737,0.12505538446141143,0.9597267786261641
GOBP,GOBP_REGULATION_OF_RESPONSE_TO_WOUNDING,GOBP|GOBP_REGULATION_OF_RESPONSE_TO_WOUNDING,BFR_vs_HLRT_at_T1,0.012594003564273752,2.3239113706353915,0.022155867385906285,0.9597267786261641
GOBP,GOBP_REGULATION_OF_RNA_SPLICING,GOBP|GOBP_REGULATION_OF_RNA_SPLICING,BFR_vs_HLRT_at_T1,-4.832540259639001e-4,-0.062262740333827206,0.9504780010238911,0.9971452871716181
GOBP,GOBP_REGULATION_OF_SIGNALING_RECEPTOR_ACTIVITY,GOBP|GOBP_REGULATION_OF_SIGNALING_RECEPTOR_ACTIVITY,BFR_vs_HLRT_at_T1,0.005775171440885157,0.9718730455131839,0.33346098078392017,0.9597267786261641
GOBP,GOBP_REGULATION_OF_SMALL_GTPASE_MEDIATED_SIGNAL_TRANSDUCTION,GOBP|GOBP_REGULATION_OF_SMALL_GTPASE_MEDIATED_SIGNAL_TRANSDUCTION,BFR_vs_HLRT_at_T1,-4.923326691639376e-4,-0.10838711191277338,0.9139060212848802,0.9971452871716181
GOBP,GOBP_REGULATION_OF_SMALL_MOLECULE_METABOLIC_PROCESS,GOBP|GOBP_REGULATION_OF_SMALL_MOLECULE_METABOLIC_PROCESS,BFR_vs_HLRT_at_T1,-0.0017196741948397598,-0.571229416591478,0.5691270071289987,0.9597267786261641
GOBP,GOBP_REGULATION_OF_STEROID_METABOLIC_PROCESS,GOBP|GOBP_REGULATION_OF_STEROID_METABOLIC_PROCESS,BFR_vs_HLRT_at_T1,-8.890994829355292e-6,-0.0016324213827518931,0.9987007720690602,0.9987243017904481
GOBP,GOBP_REGULATION_OF_STRIATED_MUSCLE_CONTRACTION,GOBP|GOBP_REGULATION_OF_STRIATED_MUSCLE_CONTRACTION,BFR_vs_HLRT_at_T1,-0.007611104182992434,-1.1790634524888364,0.2411733892263409,0.9597267786261641
GOBP,GOBP_REGULATION_OF_SUPRAMOLECULAR_FIBER_ORGANIZATION,GOBP|GOBP_REGULATION_OF_SUPRAMOLECULAR_FIBER_ORGANIZATION,BFR_vs_HLRT_at_T1,-0.0013296810212091587,-0.27173329424235865,0.7863878585532093,0.9883840936258429
GOBP,GOBP_REGULATION_OF_SYNAPSE_STRUCTURE_OR_ACTIVITY,GOBP|GOBP_REGULATION_OF_SYNAPSE_STRUCTURE_OR_ACTIVITY,BFR_vs_HLRT_at_T1,0.005349352424796144,1.1864849869356648,0.23824481779176715,0.9597267786261641
GOBP,GOBP_REGULATION_OF_SYNAPTIC_PLASTICITY,GOBP|GOBP_REGULATION_OF_SYNAPTIC_PLASTICITY,BFR_vs_HLRT_at_T1,-0.007047170310444304,-1.6659752253895936,0.09885108790062065,0.9597267786261641
GOBP,GOBP_REGULATION_OF_SYSTEMIC_ARTERIAL_BLOOD_PRESSURE,GOBP|GOBP_REGULATION_OF_SYSTEMIC_ARTERIAL_BLOOD_PRESSURE,BFR_vs_HLRT_at_T1,0.0067176737150508176,0.9780624741859056,0.3304059802292578,0.9597267786261641
GOBP,GOBP_REGULATION_OF_THE_FORCE_OF_HEART_CONTRACTION,GOBP|GOBP_REGULATION_OF_THE_FORCE_OF_HEART_CONTRACTION,BFR_vs_HLRT_at_T1,-0.008263850420504981,-1.086910164748824,0.27969203719203733,0.9597267786261641
GOBP,GOBP_REGULATION_OF_TRANSLATION,GOBP|GOBP_REGULATION_OF_TRANSLATION,BFR_vs_HLRT_at_T1,-0.0010452259444542339,-0.27341384606245833,0.7850995602176905,0.988361582280523
GOBP,GOBP_REGULATION_OF_TRANSMEMBRANE_TRANSPORT,GOBP|GOBP_REGULATION_OF_TRANSMEMBRANE_TRANSPORT,BFR_vs_HLRT_at_T1,0.0013441468155450942,0.6167136795252576,0.5388265053289931,0.9597267786261641
GOBP,GOBP_REGULATION_OF_TRANSMEMBRANE_TRANSPORTER_ACTIVITY,GOBP|GOBP_REGULATION_OF_TRANSMEMBRANE_TRANSPORTER_ACTIVITY,BFR_vs_HLRT_at_T1,5.9816146230351475e-5,0.014716835428603484,0.9882874389338253,0.9971452871716181
GOBP,GOBP_REGULATION_OF_TUMOR_NECROSIS_FACTOR_MEDIATED_SIGNALING_PATHWAY,GOBP|GOBP_REGULATION_OF_TUMOR_NECROSIS_FACTOR_MEDIATED_SIGNALING_PATHWAY,BFR_vs_HLRT_at_T1,-7.195954840084895e-4,-0.10626547478595952,0.9155848179467507,0.9971452871716181
GOBP,GOBP_REGULATION_OF_UBIQUITIN_DEPENDENT_PROTEIN_CATABOLIC_PROCESS,GOBP|GOBP_REGULATION_OF_UBIQUITIN_DEPENDENT_PROTEIN_CATABOLIC_PROCESS,BFR_vs_HLRT_at_T1,0.0043917753013273195,1.203055785952037,0.23179809074330587,0.9597267786261641
GOBP,GOBP_REGULATION_OF_VACUOLE_ORGANIZATION,GOBP|GOBP_REGULATION_OF_VACUOLE_ORGANIZATION,BFR_vs_HLRT_at_T1,0.004210696353313448,0.5149454317561228,0.6077286515363534,0.961916975493824
GOBP,GOBP_REGULATION_OF_VASCULATURE_DEVELOPMENT,GOBP|GOBP_REGULATION_OF_VASCULATURE_DEVELOPMENT,BFR_vs_HLRT_at_T1,0.004800450439176941,0.8664013155874423,0.38834621758555354,0.9597267786261641
GOBP,GOBP_REGULATION_OF_VIRAL_PROCESS,GOBP|GOBP_REGULATION_OF_VIRAL_PROCESS,BFR_vs_HLRT_at_T1,0.0038045430288052157,0.9407931405903385,0.3490802043052743,0.9597267786261641
GOBP,GOBP_RELAXATION_OF_MUSCLE,GOBP|GOBP_RELAXATION_OF_MUSCLE,BFR_vs_HLRT_at_T1,-0.0020704446392944,-0.3568058505164631,0.7219897005178126,0.975839615677677
GOBP,GOBP_RELEASE_OF_CYTOCHROME_C_FROM_MITOCHONDRIA,GOBP|GOBP_RELEASE_OF_CYTOCHROME_C_FROM_MITOCHONDRIA,BFR_vs_HLRT_at_T1,0.008850460772437715,1.4671644139392115,0.14547246724692378,0.9597267786261641
GOBP,GOBP_RENAL_SYSTEM_DEVELOPMENT,GOBP|GOBP_RENAL_SYSTEM_DEVELOPMENT,BFR_vs_HLRT_at_T1,0.009542218532978451,1.4698340839035502,0.14474906443120364,0.9597267786261641
GOBP,GOBP_RENAL_SYSTEM_PROCESS,GOBP|GOBP_RENAL_SYSTEM_PROCESS,BFR_vs_HLRT_at_T1,-0.0043018443362775605,-0.9229463826711435,0.35825889655063803,0.9597267786261641
GOBP,GOBP_REPRODUCTIVE_SYSTEM_DEVELOPMENT,GOBP|GOBP_REPRODUCTIVE_SYSTEM_DEVELOPMENT,BFR_vs_HLRT_at_T1,1.2315582307084738e-4,0.02782332223766191,0.977858570202492,0.9971452871716181
GOBP,GOBP_RESPIRATORY_SYSTEM_DEVELOPMENT,GOBP|GOBP_RESPIRATORY_SYSTEM_DEVELOPMENT,BFR_vs_HLRT_at_T1,0.013474183943493728,1.722618305622296,0.0880518940946426,0.9597267786261641
GOBP,GOBP_RESPONSE_TO_ACID_CHEMICAL,GOBP|GOBP_RESPONSE_TO_ACID_CHEMICAL,BFR_vs_HLRT_at_T1,0.0016737170570176527,0.20785245113154757,0.8357673174497954,0.9971452871716181
GOBP,GOBP_RESPONSE_TO_ACTIVITY,GOBP|GOBP_RESPONSE_TO_ACTIVITY,BFR_vs_HLRT_at_T1,9.408497312798914e-5,0.018901974082736323,0.9849570049545716,0.9971452871716181
GOBP,GOBP_RESPONSE_TO_ALCOHOL,GOBP|GOBP_RESPONSE_TO_ALCOHOL,BFR_vs_HLRT_at_T1,-0.003458807134709946,-0.7625115678869193,0.44755139890473516,0.9597267786261641
GOBP,GOBP_RESPONSE_TO_ALKALOID,GOBP|GOBP_RESPONSE_TO_ALKALOID,BFR_vs_HLRT_at_T1,-0.0058361420423787835,-1.3180785959580663,0.19049164771574015,0.9597267786261641
GOBP,GOBP_RESPONSE_TO_AMINO_ACID_STARVATION,GOBP|GOBP_RESPONSE_TO_AMINO_ACID_STARVATION,BFR_vs_HLRT_at_T1,0.008961203968460854,1.1960770716653724,0.2344976105346647,0.9597267786261641
GOBP,GOBP_RESPONSE_TO_ANGIOTENSIN,GOBP|GOBP_RESPONSE_TO_ANGIOTENSIN,BFR_vs_HLRT_at_T1,-0.005417668402652807,-0.6633020977473044,0.5086647956057648,0.9597267786261641
GOBP,GOBP_RESPONSE_TO_AXON_INJURY,GOBP|GOBP_RESPONSE_TO_AXON_INJURY,BFR_vs_HLRT_at_T1,0.004328115875695107,0.8841645549986882,0.37873033719915916,0.9597267786261641
GOBP,GOBP_RESPONSE_TO_BMP,GOBP|GOBP_RESPONSE_TO_BMP,BFR_vs_HLRT_at_T1,0.003584443184840644,0.5732093834774485,0.5677909801047518,0.9597267786261641
GOBP,GOBP_RESPONSE_TO_CADMIUM_ION,GOBP|GOBP_RESPONSE_TO_CADMIUM_ION,BFR_vs_HLRT_at_T1,-0.008624456315116047,-1.236918108026208,0.2190172883606391,0.9597267786261641
GOBP,GOBP_RESPONSE_TO_CALCIUM_ION,GOBP|GOBP_RESPONSE_TO_CALCIUM_ION,BFR_vs_HLRT_at_T1,-0.002330243551661851,-0.5688995923081256,0.5707010572850717,0.9597267786261641
GOBP,GOBP_RESPONSE_TO_CARBOHYDRATE,GOBP|GOBP_RESPONSE_TO_CARBOHYDRATE,BFR_vs_HLRT_at_T1,-0.0012263912961442275,-0.30054646223025444,0.7643849228564491,0.9797356300254015
GOBP,GOBP_RESPONSE_TO_CORTICOSTEROID,GOBP|GOBP_RESPONSE_TO_CORTICOSTEROID,BFR_vs_HLRT_at_T1,0.002523821671907872,0.5003768277042268,0.6179102933061369,0.961916975493824
GOBP,GOBP_RESPONSE_TO_ENDOPLASMIC_RETICULUM_STRESS,GOBP|GOBP_RESPONSE_TO_ENDOPLASMIC_RETICULUM_STRESS,BFR_vs_HLRT_at_T1,0.004975230865362203,1.631969362966355,0.10583432236332284,0.9597267786261641
GOBP,GOBP_RESPONSE_TO_ESTRADIOL,GOBP|GOBP_RESPONSE_TO_ESTRADIOL,BFR_vs_HLRT_at_T1,0.007367463080647091,1.426185744912235,0.15693225611223735,0.9597267786261641
GOBP,GOBP_RESPONSE_TO_ETHANOL,GOBP|GOBP_RESPONSE_TO_ETHANOL,BFR_vs_HLRT_at_T1,-0.007419767513384912,-1.715887236285668,0.08928235854605791,0.9597267786261641
GOBP,GOBP_RESPONSE_TO_FATTY_ACID,GOBP|GOBP_RESPONSE_TO_FATTY_ACID,BFR_vs_HLRT_at_T1,0.00646820958902436,0.842546926654256,0.4014945114983747,0.9597267786261641
GOBP,GOBP_RESPONSE_TO_FIBROBLAST_GROWTH_FACTOR,GOBP|GOBP_RESPONSE_TO_FIBROBLAST_GROWTH_FACTOR,BFR_vs_HLRT_at_T1,-0.0012599570477900626,-0.11054004266603994,0.9122028613156823,0.9971452871716181
GOBP,GOBP_RESPONSE_TO_INTERLEUKIN_1,GOBP|GOBP_RESPONSE_TO_INTERLEUKIN_1,BFR_vs_HLRT_at_T1,-0.006523632924071897,-0.6405353810399993,0.5232911172973689,0.9597267786261641
GOBP,GOBP_RESPONSE_TO_IONIZING_RADIATION,GOBP|GOBP_RESPONSE_TO_IONIZING_RADIATION,BFR_vs_HLRT_at_T1,0.00242058777707313,0.5326399669050519,0.5954656100938962,0.961916975493824
GOBP,GOBP_RESPONSE_TO_ISCHEMIA,GOBP|GOBP_RESPONSE_TO_ISCHEMIA,BFR_vs_HLRT_at_T1,0.009085174096146037,1.6771689207638534,0.09663581038750509,0.9597267786261641
GOBP,GOBP_RESPONSE_TO_KETONE,GOBP|GOBP_RESPONSE_TO_KETONE,BFR_vs_HLRT_at_T1,4.124272572673393e-4,0.06067062632872807,0.9517427337976028,0.9971452871716181
GOBP,GOBP_RESPONSE_TO_LEUKEMIA_INHIBITORY_FACTOR,GOBP|GOBP_RESPONSE_TO_LEUKEMIA_INHIBITORY_FACTOR,BFR_vs_HLRT_at_T1,-0.0016361495760225803,-0.31419288114118676,0.754029732042911,0.9797356300254015
GOBP,GOBP_RESPONSE_TO_MECHANICAL_STIMULUS,GOBP|GOBP_RESPONSE_TO_MECHANICAL_STIMULUS,BFR_vs_HLRT_at_T1,-0.006412187485631882,-0.9676073340186822,0.33557720144972636,0.9597267786261641
GOBP,GOBP_RESPONSE_TO_METAL_ION,GOBP|GOBP_RESPONSE_TO_METAL_ION,BFR_vs_HLRT_at_T1,-4.4274297362567605e-4,-0.13801810410566312,0.8905039188312176,0.9971452871716181
GOBP,GOBP_RESPONSE_TO_MOLECULE_OF_BACTERIAL_ORIGIN,GOBP|GOBP_RESPONSE_TO_MOLECULE_OF_BACTERIAL_ORIGIN,BFR_vs_HLRT_at_T1,-0.0012901824710009058,-0.29359296944145136,0.769678007765745,0.9797356300254015
GOBP,GOBP_RESPONSE_TO_NERVE_GROWTH_FACTOR,GOBP|GOBP_RESPONSE_TO_NERVE_GROWTH_FACTOR,BFR_vs_HLRT_at_T1,0.0049878862552396735,0.5829942528430583,0.5612108864381653,0.9597267786261641
GOBP,GOBP_RESPONSE_TO_NUTRIENT,GOBP|GOBP_RESPONSE_TO_NUTRIENT,BFR_vs_HLRT_at_T1,0.003643424844298762,0.7526822829457298,0.4534108212704029,0.9597267786261641
GOBP,GOBP_RESPONSE_TO_OSMOTIC_STRESS,GOBP|GOBP_RESPONSE_TO_OSMOTIC_STRESS,BFR_vs_HLRT_at_T1,-0.0028125349595757715,-0.5353209502806815,0.5936176172340001,0.961916975493824
GOBP,GOBP_RESPONSE_TO_OXIDATIVE_STRESS,GOBP|GOBP_RESPONSE_TO_OXIDATIVE_STRESS,BFR_vs_HLRT_at_T1,-0.002378895793052588,-0.9938237791526655,0.32270975598733254,0.9597267786261641
GOBP,GOBP_RESPONSE_TO_OXYGEN_LEVELS,GOBP|GOBP_RESPONSE_TO_OXYGEN_LEVELS,BFR_vs_HLRT_at_T1,5.3382560480846886e-5,0.020459657686655582,0.9837175021255969,0.9971452871716181
GOBP,GOBP_RESPONSE_TO_PEPTIDE_HORMONE,GOBP|GOBP_RESPONSE_TO_PEPTIDE_HORMONE,BFR_vs_HLRT_at_T1,-0.0017938000012159977,-0.7414939845511311,0.4601335428300627,0.9597267786261641
GOBP,GOBP_RESPONSE_TO_PURINE_CONTAINING_COMPOUND,GOBP|GOBP_RESPONSE_TO_PURINE_CONTAINING_COMPOUND,BFR_vs_HLRT_at_T1,-9.528821015237499e-4,-0.21217161732588785,0.8324054403379089,0.9971452871716181
GOBP,GOBP_RESPONSE_TO_RADIATION,GOBP|GOBP_RESPONSE_TO_RADIATION,BFR_vs_HLRT_at_T1,-0.0012084518830580496,-0.4268509495821887,0.6704063845470848,0.9747244617483128
GOBP,GOBP_RESPONSE_TO_REACTIVE_OXYGEN_SPECIES,GOBP|GOBP_RESPONSE_TO_REACTIVE_OXYGEN_SPECIES,BFR_vs_HLRT_at_T1,-0.0023353203951193557,-0.8042510129685605,0.42316174185096234,0.9597267786261641
GOBP,GOBP_RESPONSE_TO_STEROID_HORMONE,GOBP|GOBP_RESPONSE_TO_STEROID_HORMONE,BFR_vs_HLRT_at_T1,0.0017471212478678555,0.5236041764102889,0.6017134827593943,0.961916975493824
GOBP,GOBP_RESPONSE_TO_TEMPERATURE_STIMULUS,GOBP|GOBP_RESPONSE_TO_TEMPERATURE_STIMULUS,BFR_vs_HLRT_at_T1,-0.005659791208004361,-1.4418612295261246,0.15246910397344487,0.9597267786261641
GOBP,GOBP_RESPONSE_TO_TOPOLOGICALLY_INCORRECT_PROTEIN,GOBP|GOBP_RESPONSE_TO_TOPOLOGICALLY_INCORRECT_PROTEIN,BFR_vs_HLRT_at_T1,0.0018402031967126586,0.5318181997799545,0.5960325844263826,0.961916975493824
GOBP,GOBP_RESPONSE_TO_TOXIC_SUBSTANCE,GOBP|GOBP_RESPONSE_TO_TOXIC_SUBSTANCE,BFR_vs_HLRT_at_T1,0.0022756165494927927,0.6488612409400705,0.517916925998652,0.9597267786261641
GOBP,GOBP_RESPONSE_TO_TUMOR_NECROSIS_FACTOR,GOBP|GOBP_RESPONSE_TO_TUMOR_NECROSIS_FACTOR,BFR_vs_HLRT_at_T1,0.003618112044843913,0.7622143492247823,0.4477279335749552,0.9597267786261641
GOBP,GOBP_RESPONSE_TO_TYPE_II_INTERFERON,GOBP|GOBP_RESPONSE_TO_TYPE_II_INTERFERON,BFR_vs_HLRT_at_T1,-0.0024801256549321637,-0.640907286556291,0.5230504406600154,0.9597267786261641
GOBP,GOBP_RESPONSE_TO_TYPE_I_INTERFERON,GOBP|GOBP_RESPONSE_TO_TYPE_I_INTERFERON,BFR_vs_HLRT_at_T1,0.0027775981911468683,0.6340035127125343,0.5275275652569282,0.9597267786261641
GOBP,GOBP_RESPONSE_TO_UV,GOBP|GOBP_RESPONSE_TO_UV,BFR_vs_HLRT_at_T1,3.866308652231108e-4,0.07391434730220114,0.941226336701309,0.9971452871716181
GOBP,GOBP_RESPONSE_TO_VIRUS,GOBP|GOBP_RESPONSE_TO_VIRUS,BFR_vs_HLRT_at_T1,0.0064205377788486805,2.1581607096646493,0.033311419373295674,0.9597267786261641
GOBP,GOBP_RESPONSE_TO_VITAMIN,GOBP|GOBP_RESPONSE_TO_VITAMIN,BFR_vs_HLRT_at_T1,0.0016437205451092507,0.2774061023974634,0.7820415276936852,0.9882010384807607
GOBP,GOBP_RESPONSE_TO_XENOBIOTIC_STIMULUS,GOBP|GOBP_RESPONSE_TO_XENOBIOTIC_STIMULUS,BFR_vs_HLRT_at_T1,4.446593200647664e-4,0.10036884840975929,0.9202526502948456,0.9971452871716181
GOBP,GOBP_RETINA_DEVELOPMENT_IN_CAMERA_TYPE_EYE,GOBP|GOBP_RETINA_DEVELOPMENT_IN_CAMERA_TYPE_EYE,BFR_vs_HLRT_at_T1,-4.971005590559407e-4,-0.04366577130669629,0.9652579828747321,0.9971452871716181
GOBP,GOBP_RETROGRADE_VESICLE_MEDIATED_TRANSPORT_GOLGI_TO_ENDOPLASMIC_RETICULUM,GOBP|GOBP_RETROGRADE_VESICLE_MEDIATED_TRANSPORT_GOLGI_TO_ENDOPLASMIC_RETICULUM,BFR_vs_HLRT_at_T1,0.013808393021364024,1.5121460590229792,0.1336537329576544,0.9597267786261641
GOBP,GOBP_RHO_PROTEIN_SIGNAL_TRANSDUCTION,GOBP|GOBP_RHO_PROTEIN_SIGNAL_TRANSDUCTION,BFR_vs_HLRT_at_T1,-0.0038898453360531327,-0.4235763232464018,0.6727853932632957,0.9747244617483128
GOBP,GOBP_RHYTHMIC_PROCESS,GOBP|GOBP_RHYTHMIC_PROCESS,BFR_vs_HLRT_at_T1,-0.002968806829115919,-0.8339418270164447,0.40630336578667736,0.9597267786261641
GOBP,GOBP_RIBOSE_PHOSPHATE_METABOLIC_PROCESS,GOBP|GOBP_RIBOSE_PHOSPHATE_METABOLIC_PROCESS,BFR_vs_HLRT_at_T1,-0.005860562041073825,-2.09316757621023,0.03886717301581688,0.9597267786261641
GOBP,GOBP_RIBOSOMAL_LARGE_SUBUNIT_BIOGENESIS,GOBP|GOBP_RIBOSOMAL_LARGE_SUBUNIT_BIOGENESIS,BFR_vs_HLRT_at_T1,0.007791348930123482,0.6181189484372389,0.537903581111481,0.9597267786261641
GOBP,GOBP_RIBOSOMAL_SMALL_SUBUNIT_BIOGENESIS,GOBP|GOBP_RIBOSOMAL_SMALL_SUBUNIT_BIOGENESIS,BFR_vs_HLRT_at_T1,-0.007708564990229039,-0.5532953340780693,0.5812973293593555,0.961916975493824
GOBP,GOBP_RIBOSOME_ASSEMBLY,GOBP|GOBP_RIBOSOME_ASSEMBLY,BFR_vs_HLRT_at_T1,7.065745814374691e-5,0.00807844859950689,0.9935705109137151,0.9971452871716181
GOBP,GOBP_RIBOSOME_BIOGENESIS,GOBP|GOBP_RIBOSOME_BIOGENESIS,BFR_vs_HLRT_at_T1,-0.0036813152797734727,-0.3631121841034211,0.7172882650507301,0.975839615677677
GOBP,GOBP_RNA_EXPORT_FROM_NUCLEUS,GOBP|GOBP_RNA_EXPORT_FROM_NUCLEUS,BFR_vs_HLRT_at_T1,-0.0034461914409145283,-0.4101353383755905,0.6825848870269835,0.975839615677677
GOBP,GOBP_RNA_LOCALIZATION,GOBP|GOBP_RNA_LOCALIZATION,BFR_vs_HLRT_at_T1,0.0032514045219421348,0.6117410284482592,0.5420988006881867,0.9597267786261641
GOBP,GOBP_RNA_MODIFICATION,GOBP|GOBP_RNA_MODIFICATION,BFR_vs_HLRT_at_T1,-0.003206556422661655,-0.44839063769436094,0.6548423021189673,0.9739027886977386
GOBP,GOBP_RNA_SPLICING,GOBP|GOBP_RNA_SPLICING,BFR_vs_HLRT_at_T1,-0.00240205108117042,-0.3805449919471123,0.7043488607816456,0.975839615677677
GOBP,GOBP_RRNA_METABOLIC_PROCESS,GOBP|GOBP_RRNA_METABOLIC_PROCESS,BFR_vs_HLRT_at_T1,-0.005221583904706034,-0.5337961854964122,0.5946683057562143,0.961916975493824
GOBP,GOBP_SENSORY_ORGAN_MORPHOGENESIS,GOBP|GOBP_SENSORY_ORGAN_MORPHOGENESIS,BFR_vs_HLRT_at_T1,0.005188810462907829,0.6565912906161648,0.5129533848218255,0.9597267786261641
GOBP,GOBP_SENSORY_PERCEPTION_OF_LIGHT_STIMULUS,GOBP|GOBP_SENSORY_PERCEPTION_OF_LIGHT_STIMULUS,BFR_vs_HLRT_at_T1,6.598537275573808e-4,0.07565236858337775,0.9398469635300818,0.9971452871716181
GOBP,GOBP_SENSORY_PERCEPTION_OF_MECHANICAL_STIMULUS,GOBP|GOBP_SENSORY_PERCEPTION_OF_MECHANICAL_STIMULUS,BFR_vs_HLRT_at_T1,-0.0012352897331611018,-0.26061403717938336,0.7949266010407575,0.988586211152373
GOBP,GOBP_SENSORY_SYSTEM_DEVELOPMENT,GOBP|GOBP_SENSORY_SYSTEM_DEVELOPMENT,BFR_vs_HLRT_at_T1,1.7007573671629778e-4,0.02624311675954008,0.9791157763845011,0.9971452871716181
GOBP,GOBP_SIGNAL_TRANSDUCTION_BY_P53_CLASS_MEDIATOR,GOBP|GOBP_SIGNAL_TRANSDUCTION_BY_P53_CLASS_MEDIATOR,BFR_vs_HLRT_at_T1,0.005030944991677423,1.1515567794190298,0.2522517695276556,0.9597267786261641
GOBP,GOBP_SIGNAL_TRANSDUCTION_IN_RESPONSE_TO_DNA_DAMAGE,GOBP|GOBP_SIGNAL_TRANSDUCTION_IN_RESPONSE_TO_DNA_DAMAGE,BFR_vs_HLRT_at_T1,0.009534682741297866,2.0706032788631203,0.040974620416205344,0.9597267786261641
GOBP,GOBP_SKELETAL_MUSCLE_CELL_DIFFERENTIATION,GOBP|GOBP_SKELETAL_MUSCLE_CELL_DIFFERENTIATION,BFR_vs_HLRT_at_T1,-0.008482509705543706,-1.2657324905609255,0.20855277669375688,0.9597267786261641
GOBP,GOBP_SKELETAL_MUSCLE_ORGAN_DEVELOPMENT,GOBP|GOBP_SKELETAL_MUSCLE_ORGAN_DEVELOPMENT,BFR_vs_HLRT_at_T1,-0.008318881251851817,-1.0408615610386616,0.30045227338688324,0.9597267786261641
GOBP,GOBP_SKELETAL_SYSTEM_MORPHOGENESIS,GOBP|GOBP_SKELETAL_SYSTEM_MORPHOGENESIS,BFR_vs_HLRT_at_T1,-0.0018821568162399605,-0.13127891570727526,0.8958186839563919,0.9971452871716181
GOBP,GOBP_SMALL_MOLECULE_CATABOLIC_PROCESS,GOBP|GOBP_SMALL_MOLECULE_CATABOLIC_PROCESS,BFR_vs_HLRT_at_T1,0.001215281810070079,0.33510201601353606,0.7382507541833412,0.975839615677677
GOBP,GOBP_SMOOTH_MUSCLE_CONTRACTION,GOBP|GOBP_SMOOTH_MUSCLE_CONTRACTION,BFR_vs_HLRT_at_T1,2.7065783095256944e-4,0.027762247725200886,0.977907159863134,0.9971452871716181
GOBP,GOBP_SODIUM_ION_TRANSPORT,GOBP|GOBP_SODIUM_ION_TRANSPORT,BFR_vs_HLRT_at_T1,7.062248011425187e-4,0.14663959942356447,0.8837120061667283,0.9971452871716181
GOBP,GOBP_SPINDLE_LOCALIZATION,GOBP|GOBP_SPINDLE_LOCALIZATION,BFR_vs_HLRT_at_T1,0.002262589918804625,0.3877141906288365,0.6990524098140523,0.975839615677677
GOBP,GOBP_SPINDLE_ORGANIZATION,GOBP|GOBP_SPINDLE_ORGANIZATION,BFR_vs_HLRT_at_T1,0.003330524050583976,0.8269257992866469,0.4102498995607632,0.9597267786261641
GOBP,GOBP_SPLICEOSOMAL_COMPLEX_ASSEMBLY,GOBP|GOBP_SPLICEOSOMAL_COMPLEX_ASSEMBLY,BFR_vs_HLRT_at_T1,-0.0019979609557169292,-0.21112771426889423,0.8332176927605532,0.9971452871716181
GOBP,GOBP_SPLICEOSOMAL_SNRNP_ASSEMBLY,GOBP|GOBP_SPLICEOSOMAL_SNRNP_ASSEMBLY,BFR_vs_HLRT_at_T1,5.845386498874311e-4,0.07043435878102852,0.9439887484793477,0.9971452871716181
GOBP,GOBP_SPROUTING_ANGIOGENESIS,GOBP|GOBP_SPROUTING_ANGIOGENESIS,BFR_vs_HLRT_at_T1,0.006562049956718823,0.9914605017370872,0.3238561171993549,0.9597267786261641
GOBP,GOBP_STEM_CELL_DIFFERENTIATION,GOBP|GOBP_STEM_CELL_DIFFERENTIATION,BFR_vs_HLRT_at_T1,-6.856095847844884e-4,-0.172173508406736,0.8636494326953894,0.9971452871716181
GOBP,GOBP_STEROID_METABOLIC_PROCESS,GOBP|GOBP_STEROID_METABOLIC_PROCESS,BFR_vs_HLRT_at_T1,0.00196809125181438,0.5564475049057382,0.5791492925544112,0.961916975493824
GOBP,GOBP_STEROL_HOMEOSTASIS,GOBP|GOBP_STEROL_HOMEOSTASIS,BFR_vs_HLRT_at_T1,0.016218734316147204,2.087525773786009,0.03938514477393127,0.9597267786261641
GOBP,GOBP_STRESS_ACTIVATED_PROTEIN_KINASE_SIGNALING_CASCADE,GOBP|GOBP_STRESS_ACTIVATED_PROTEIN_KINASE_SIGNALING_CASCADE,BFR_vs_HLRT_at_T1,0.0027799350061212813,0.5843741427014746,0.5602859647439381,0.9597267786261641
GOBP,GOBP_STRESS_GRANULE_ASSEMBLY,GOBP|GOBP_STRESS_GRANULE_ASSEMBLY,BFR_vs_HLRT_at_T1,-4.977363974763838e-4,-0.05275175964302422,0.9580350392728504,0.9971452871716181
GOBP,GOBP_SUBSTRATE_ADHESION_DEPENDENT_CELL_SPREADING,GOBP|GOBP_SUBSTRATE_ADHESION_DEPENDENT_CELL_SPREADING,BFR_vs_HLRT_at_T1,0.0013871222487789672,0.13310883265818438,0.8943750661068219,0.9971452871716181
GOBP,GOBP_SULFUR_AMINO_ACID_METABOLIC_PROCESS,GOBP|GOBP_SULFUR_AMINO_ACID_METABOLIC_PROCESS,BFR_vs_HLRT_at_T1,0.0035472873950625518,0.44511918182684,0.6571966119104278,0.9739027886977386
GOBP,GOBP_SULFUR_COMPOUND_METABOLIC_PROCESS,GOBP|GOBP_SULFUR_COMPOUND_METABOLIC_PROCESS,BFR_vs_HLRT_at_T1,0.0052199295965695,1.3313675110540664,0.18609823066723352,0.9597267786261641
GOBP,GOBP_SUPEROXIDE_METABOLIC_PROCESS,GOBP|GOBP_SUPEROXIDE_METABOLIC_PROCESS,BFR_vs_HLRT_at_T1,-0.0013827630910556166,-0.2480289075817027,0.80462114325512,0.988586211152373
GOBP,GOBP_SYNAPSE_ASSEMBLY,GOBP|GOBP_SYNAPSE_ASSEMBLY,BFR_vs_HLRT_at_T1,2.1876108604737543e-4,0.04922754952350458,0.9608362425207921,0.9971452871716181
GOBP,GOBP_TAXIS,GOBP|GOBP_TAXIS,BFR_vs_HLRT_at_T1,0.0024973818739231213,0.5972862758383275,0.5516676536805251,0.9597267786261641
GOBP,GOBP_TELOMERE_ORGANIZATION,GOBP|GOBP_TELOMERE_ORGANIZATION,BFR_vs_HLRT_at_T1,-0.003831130298492774,-0.9267116552970697,0.356309675551045,0.9597267786261641
GOBP,GOBP_TEMPERATURE_HOMEOSTASIS,GOBP|GOBP_TEMPERATURE_HOMEOSTASIS,BFR_vs_HLRT_at_T1,0.0026401371253172157,0.7233945213356588,0.4711279294941143,0.9597267786261641
GOBP,GOBP_TISSUE_HOMEOSTASIS,GOBP|GOBP_TISSUE_HOMEOSTASIS,BFR_vs_HLRT_at_T1,-0.0032907636430614395,-0.4903549217971883,0.6249580295702516,0.961916975493824
GOBP,GOBP_TISSUE_MIGRATION,GOBP|GOBP_TISSUE_MIGRATION,BFR_vs_HLRT_at_T1,0.0029192092942787982,0.49270887913080813,0.6232994854128158,0.961916975493824
GOBP,GOBP_TISSUE_REGENERATION,GOBP|GOBP_TISSUE_REGENERATION,BFR_vs_HLRT_at_T1,0.005047203654813093,0.6950044243226355,0.48866589958759477,0.9597267786261641
GOBP,GOBP_TISSUE_REMODELING,GOBP|GOBP_TISSUE_REMODELING,BFR_vs_HLRT_at_T1,-0.004470483568101188,-0.42673677935525284,0.6704892727178784,0.9747244617483128
GOBP,GOBP_TOR_SIGNALING,GOBP|GOBP_TOR_SIGNALING,BFR_vs_HLRT_at_T1,0.002923467525335329,0.5684520125212397,0.5710036870452317,0.9597267786261641
GOBP,GOBP_TRANSITION_METAL_ION_TRANSPORT,GOBP|GOBP_TRANSITION_METAL_ION_TRANSPORT,BFR_vs_HLRT_at_T1,-2.8275343723033197e-4,-0.0505018628553308,0.959823301559595,0.9971452871716181
GOBP,GOBP_TRANSLATIONAL_ELONGATION,GOBP|GOBP_TRANSLATIONAL_ELONGATION,BFR_vs_HLRT_at_T1,8.378647127600392e-4,0.22953133479931315,0.8189252555401009,0.9924047489255429
GOBP,GOBP_TRANSLATIONAL_INITIATION,GOBP|GOBP_TRANSLATIONAL_INITIATION,BFR_vs_HLRT_at_T1,-0.0011882039214875795,-0.21594537412788128,0.8294706321409748,0.9971452871716181
GOBP,GOBP_TRICARBOXYLIC_ACID_CYCLE,GOBP|GOBP_TRICARBOXYLIC_ACID_CYCLE,BFR_vs_HLRT_at_T1,0.0013768576999268478,0.38387180928276243,0.701889250227638,0.975839615677677
GOBP,GOBP_TRNA_METABOLIC_PROCESS,GOBP|GOBP_TRNA_METABOLIC_PROCESS,BFR_vs_HLRT_at_T1,0.004730664308269079,1.0098021176345053,0.31502966267089094,0.9597267786261641
GOBP,GOBP_TRNA_PROCESSING,GOBP|GOBP_TRNA_PROCESSING,BFR_vs_HLRT_at_T1,0.0017700180899619389,0.30462854582414783,0.7612827696607971,0.9797356300254015
GOBP,GOBP_TUMOR_NECROSIS_FACTOR_SUPERFAMILY_CYTOKINE_PRODUCTION,GOBP|GOBP_TUMOR_NECROSIS_FACTOR_SUPERFAMILY_CYTOKINE_PRODUCTION,BFR_vs_HLRT_at_T1,0.0015922954483174045,0.4853169215050477,0.6285141654446421,0.9625669699132511
GOBP,GOBP_TYPE_II_INTERFERON_PRODUCTION,GOBP|GOBP_TYPE_II_INTERFERON_PRODUCTION,BFR_vs_HLRT_at_T1,0.001813359754256727,0.34673192107953815,0.7295220123408307,0.975839615677677
GOBP,GOBP_TYPE_I_INTERFERON_PRODUCTION,GOBP|GOBP_TYPE_I_INTERFERON_PRODUCTION,BFR_vs_HLRT_at_T1,0.005726066996179405,1.1158536853767829,0.2671616357949051,0.9597267786261641
GOBP,GOBP_T_CELL_DIFFERENTIATION,GOBP|GOBP_T_CELL_DIFFERENTIATION,BFR_vs_HLRT_at_T1,0.0017137600292550514,0.43353310951754387,0.665562225787667,0.9747244617483128
GOBP,GOBP_T_HELPER_17_CELL_DIFFERENTIATION,GOBP|GOBP_T_HELPER_17_CELL_DIFFERENTIATION,BFR_vs_HLRT_at_T1,9.386010408785617e-4,0.27993795282904527,0.780103920303683,0.9882010384807607
GOBP,GOBP_VACUOLAR_LOCALIZATION,GOBP|GOBP_VACUOLAR_LOCALIZATION,BFR_vs_HLRT_at_T1,0.008913066512406226,1.1303971393529644,0.261015526758643,0.9597267786261641
GOBP,GOBP_VACUOLAR_TRANSPORT,GOBP|GOBP_VACUOLAR_TRANSPORT,BFR_vs_HLRT_at_T1,0.002716960577289951,0.5348805323016698,0.5939210128996951,0.961916975493824
GOBP,GOBP_VACUOLE_ORGANIZATION,GOBP|GOBP_VACUOLE_ORGANIZATION,BFR_vs_HLRT_at_T1,0.003080824455947609,0.6601503978431862,0.5106765330957255,0.9597267786261641
GOBP,GOBP_VASCULAR_PROCESS_IN_CIRCULATORY_SYSTEM,GOBP|GOBP_VASCULAR_PROCESS_IN_CIRCULATORY_SYSTEM,BFR_vs_HLRT_at_T1,-8.331230946994478e-4,-0.16237858412682663,0.8713357202985084,0.9971452871716181
GOBP,GOBP_VESICLE_BUDDING_FROM_MEMBRANE,GOBP|GOBP_VESICLE_BUDDING_FROM_MEMBRANE,BFR_vs_HLRT_at_T1,0.004893280326384617,1.0865816488640836,0.279836550268224,0.9597267786261641
GOBP,GOBP_VESICLE_LOCALIZATION,GOBP|GOBP_VESICLE_LOCALIZATION,BFR_vs_HLRT_at_T1,0.0025992243255921893,0.617228398728728,0.538488364912131,0.9597267786261641
GOBP,GOBP_VESICLE_MEDIATED_TRANSPORT_BETWEEN_ENDOSOMAL_COMPARTMENTS,GOBP|GOBP_VESICLE_MEDIATED_TRANSPORT_BETWEEN_ENDOSOMAL_COMPARTMENTS,BFR_vs_HLRT_at_T1,0.013567158457020147,2.3573198197735103,0.020356842313314933,0.9597267786261641
GOBP,GOBP_VESICLE_MEDIATED_TRANSPORT_IN_SYNAPSE,GOBP|GOBP_VESICLE_MEDIATED_TRANSPORT_IN_SYNAPSE,BFR_vs_HLRT_at_T1,0.004990010788956729,0.9843737985900229,0.3273098083284086,0.9597267786261641
GOBP,GOBP_VESICLE_MEDIATED_TRANSPORT_TO_THE_PLASMA_MEMBRANE,GOBP|GOBP_VESICLE_MEDIATED_TRANSPORT_TO_THE_PLASMA_MEMBRANE,BFR_vs_HLRT_at_T1,0.01118966797723845,2.0116539524111396,0.04694945082575923,0.9597267786261641
GOBP,GOBP_VESICLE_ORGANIZATION,GOBP|GOBP_VESICLE_ORGANIZATION,BFR_vs_HLRT_at_T1,0.005404508874539415,1.2841952813925708,0.20204383005601778,0.9597267786261641
GOBP,GOBP_VESICLE_TARGETING,GOBP|GOBP_VESICLE_TARGETING,BFR_vs_HLRT_at_T1,0.011692499619928146,1.8543083070490511,0.06664493354200067,0.9597267786261641
GOBP,GOBP_VIRAL_GENE_EXPRESSION,GOBP|GOBP_VIRAL_GENE_EXPRESSION,BFR_vs_HLRT_at_T1,-0.008322093239046362,-1.3553146248864998,0.17837376846186545,0.9597267786261641
GOBP,GOBP_VIRAL_GENOME_REPLICATION,GOBP|GOBP_VIRAL_GENOME_REPLICATION,BFR_vs_HLRT_at_T1,0.012122282690550629,2.1833670607828273,0.03135009169274493,0.9597267786261641
GOBP,GOBP_VIRAL_PROCESS,GOBP|GOBP_VIRAL_PROCESS,BFR_vs_HLRT_at_T1,0.002644228751199469,0.8015128376680419,0.42473713940015956,0.9597267786261641
GOBP,GOBP_VIRAL_RELEASE_FROM_HOST_CELL,GOBP|GOBP_VIRAL_RELEASE_FROM_HOST_CELL,BFR_vs_HLRT_at_T1,-0.0033956098614980196,-0.6340832376517646,0.527475750317876,0.9597267786261641
GOBP,GOBP_VIRION_ASSEMBLY,GOBP|GOBP_VIRION_ASSEMBLY,BFR_vs_HLRT_at_T1,-0.005882751156845635,-0.9289686071618001,0.3551445468776834,0.9597267786261641
GOBP,GOBP_WNT_SIGNALING_PATHWAY,GOBP|GOBP_WNT_SIGNALING_PATHWAY,BFR_vs_HLRT_at_T1,0.0019493556847338736,0.5067900473344045,0.6134189076583423,0.961916975493824
GOBP,GOBP_WOUND_HEALING,GOBP|GOBP_WOUND_HEALING,BFR_vs_HLRT_at_T1,0.005354588956318337,0.8782658490907299,0.38190689616303364,0.9597267786261641
Hallmark,HALLMARK_ADIPOGENESIS,Hallmark|HALLMARK_ADIPOGENESIS,BFR_vs_HLRT_at_T2,0.0031303040252664838,1.344788042829503,0.1817389030548611,0.5862938791652048
Hallmark,HALLMARK_ALLOGRAFT_REJECTION,Hallmark|HALLMARK_ALLOGRAFT_REJECTION,BFR_vs_HLRT_at_T2,-0.009211521187105456,-1.5491864198517726,0.12449913350166285,0.5862938791652048
Hallmark,HALLMARK_ANDROGEN_RESPONSE,Hallmark|HALLMARK_ANDROGEN_RESPONSE,BFR_vs_HLRT_at_T2,-0.004503899608210779,-0.9940615312626307,0.32259457784614076,0.6298275091281795
Hallmark,HALLMARK_APICAL_JUNCTION,Hallmark|HALLMARK_APICAL_JUNCTION,BFR_vs_HLRT_at_T2,-0.015022110285572477,-1.6067706044069354,0.11126097228909393,0.5862938791652048
Hallmark,HALLMARK_APOPTOSIS,Hallmark|HALLMARK_APOPTOSIS,BFR_vs_HLRT_at_T2,-0.004220000156722442,-0.6571674761482285,0.5125844203701,0.7505700441133607
Hallmark,HALLMARK_BILE_ACID_METABOLISM,Hallmark|HALLMARK_BILE_ACID_METABOLISM,BFR_vs_HLRT_at_T2,0.011152752750837408,2.5137035134952583,0.013545051488340485,0.5553471110219599
Hallmark,HALLMARK_CHOLESTEROL_HOMEOSTASIS,Hallmark|HALLMARK_CHOLESTEROL_HOMEOSTASIS,BFR_vs_HLRT_at_T2,0.008794810006001907,1.0706508451084404,0.28690632177939696,0.6191136417344881
Hallmark,HALLMARK_COAGULATION,Hallmark|HALLMARK_COAGULATION,BFR_vs_HLRT_at_T2,-0.0014711267155848862,-0.17562330968580805,0.8609453763721848,0.9090871665407678
Hallmark,HALLMARK_COMPLEMENT,Hallmark|HALLMARK_COMPLEMENT,BFR_vs_HLRT_at_T2,0.0010084290401630447,0.1987462475065658,0.8428651603308271,0.9090871665407678
Hallmark,HALLMARK_DNA_REPAIR,Hallmark|HALLMARK_DNA_REPAIR,BFR_vs_HLRT_at_T2,0.006217951640058068,1.2694520695929314,0.2072292016579769,0.5862938791652048
Hallmark,HALLMARK_E2F_TARGETS,Hallmark|HALLMARK_E2F_TARGETS,BFR_vs_HLRT_at_T2,0.001456090590800485,0.31703231268331244,0.7518806718268803,0.9090871665407678
Hallmark,HALLMARK_EPITHELIAL_MESENCHYMAL_TRANSITION,Hallmark|HALLMARK_EPITHELIAL_MESENCHYMAL_TRANSITION,BFR_vs_HLRT_at_T2,-0.019803447469751323,-1.174222503470279,0.2430974620928898,0.5862938791652048
Hallmark,HALLMARK_ESTROGEN_RESPONSE_EARLY,Hallmark|HALLMARK_ESTROGEN_RESPONSE_EARLY,BFR_vs_HLRT_at_T2,-0.004432312647572219,-0.7174230293794899,0.4747872915975758,0.7505700441133607
Hallmark,HALLMARK_ESTROGEN_RESPONSE_LATE,Hallmark|HALLMARK_ESTROGEN_RESPONSE_LATE,BFR_vs_HLRT_at_T2,0.004587278590711452,1.0143102541808917,0.31288502940529567,0.6298275091281795
Hallmark,HALLMARK_FATTY_ACID_METABOLISM,Hallmark|HALLMARK_FATTY_ACID_METABOLISM,BFR_vs_HLRT_at_T2,0.003057723147450564,1.0890252245081375,0.2787628622210028,0.6191136417344881
Hallmark,HALLMARK_G2M_CHECKPOINT,Hallmark|HALLMARK_G2M_CHECKPOINT,BFR_vs_HLRT_at_T2,0.0014563834516191435,0.26889358525076373,0.7885661058939983,0.9090871665407678
Hallmark,HALLMARK_GLYCOLYSIS,Hallmark|HALLMARK_GLYCOLYSIS,BFR_vs_HLRT_at_T2,0.004670936940258386,1.2807563319186508,0.2032446827774315,0.5862938791652048
Hallmark,HALLMARK_HEME_METABOLISM,Hallmark|HALLMARK_HEME_METABOLISM,BFR_vs_HLRT_at_T2,0.004990205097810341,0.5413410658950494,0.5894777119913562,0.8102208257347311
Hallmark,HALLMARK_HYPOXIA,Hallmark|HALLMARK_HYPOXIA,BFR_vs_HLRT_at_T2,-8.139269964266005e-4,-0.17078091356988284,0.8647414510997548,0.9090871665407678
Hallmark,HALLMARK_IL2_STAT5_SIGNALING,Hallmark|HALLMARK_IL2_STAT5_SIGNALING,BFR_vs_HLRT_at_T2,-0.003663039736154887,-0.536443693310554,0.5928445066351691,0.8102208257347311
Hallmark,HALLMARK_INFLAMMATORY_RESPONSE,Hallmark|HALLMARK_INFLAMMATORY_RESPONSE,BFR_vs_HLRT_at_T2,-0.009262250291744017,-1.185748914484841,0.23853413189734235,0.5862938791652048
Hallmark,HALLMARK_INTERFERON_ALPHA_RESPONSE,Hallmark|HALLMARK_INTERFERON_ALPHA_RESPONSE,BFR_vs_HLRT_at_T2,0.007176222407899488,0.9385170244860465,0.3502423182202862,0.6527243203196242
Hallmark,HALLMARK_INTERFERON_GAMMA_RESPONSE,Hallmark|HALLMARK_INTERFERON_GAMMA_RESPONSE,BFR_vs_HLRT_at_T2,0.001799117362981155,0.2797434171078593,0.7802527481376424,0.9090871665407678
Hallmark,HALLMARK_KRAS_SIGNALING_DN,Hallmark|HALLMARK_KRAS_SIGNALING_DN,BFR_vs_HLRT_at_T2,-0.007919869346877745,-1.193847412644795,0.23536483787729376,0.5862938791652048
Hallmark,HALLMARK_KRAS_SIGNALING_UP,Hallmark|HALLMARK_KRAS_SIGNALING_UP,BFR_vs_HLRT_at_T2,-0.0010097106621142424,-0.12261458021145862,0.9026586351781735,0.9252251010576277
Hallmark,HALLMARK_MITOTIC_SPINDLE,Hallmark|HALLMARK_MITOTIC_SPINDLE,BFR_vs_HLRT_at_T2,-0.009325889175431553,-1.4331821570427385,0.1549279547335533,0.5862938791652048
Hallmark,HALLMARK_MTORC1_SIGNALING,Hallmark|HALLMARK_MTORC1_SIGNALING,BFR_vs_HLRT_at_T2,-0.0011460473779920377,-0.32203619913445963,0.7480981746618072,0.9090871665407678
Hallmark,HALLMARK_MYC_TARGETS_V1,Hallmark|HALLMARK_MYC_TARGETS_V1,BFR_vs_HLRT_at_T2,-0.0051673981827973225,-1.6044386030636428,0.11177425009428138,0.5862938791652048
Hallmark,HALLMARK_MYOGENESIS,Hallmark|HALLMARK_MYOGENESIS,BFR_vs_HLRT_at_T2,-0.010720714519681318,-1.4581514502710724,0.1479354870599716,0.5862938791652048
Hallmark,HALLMARK_OXIDATIVE_PHOSPHORYLATION,Hallmark|HALLMARK_OXIDATIVE_PHOSPHORYLATION,BFR_vs_HLRT_at_T2,1.926535736591073e-4,0.05064681362841182,0.9597080855472071,0.9597080855472071
Hallmark,HALLMARK_P53_PATHWAY,Hallmark|HALLMARK_P53_PATHWAY,BFR_vs_HLRT_at_T2,-6.974031302699746e-4,-0.17443372549947267,0.861877622450256,0.9090871665407678
Hallmark,HALLMARK_PEROXISOME,Hallmark|HALLMARK_PEROXISOME,BFR_vs_HLRT_at_T2,0.0028709776551666955,0.6821849801169998,0.496700664598259,0.7505700441133607
Hallmark,HALLMARK_PI3K_AKT_MTOR_SIGNALING,Hallmark|HALLMARK_PI3K_AKT_MTOR_SIGNALING,BFR_vs_HLRT_at_T2,-0.002918002249319901,-0.6956934891037191,0.48823604135939835,0.7505700441133607
Hallmark,HALLMARK_PROTEIN_SECRETION,Hallmark|HALLMARK_PROTEIN_SECRETION,BFR_vs_HLRT_at_T2,0.007907856075912593,1.3893039168824246,0.16782925188103343,0.5862938791652048
Hallmark,HALLMARK_REACTIVE_OXYGEN_SPECIES_PATHWAY,Hallmark|HALLMARK_REACTIVE_OXYGEN_SPECIES_PATHWAY,BFR_vs_HLRT_at_T2,0.0019681150454305407,0.398729713893419,0.6909433482990279,0.9090871665407678
Hallmark,HALLMARK_SPERMATOGENESIS,Hallmark|HALLMARK_SPERMATOGENESIS,BFR_vs_HLRT_at_T2,0.003439998443618919,0.8430575509318716,0.4012102494250799,0.706778048864023
Hallmark,HALLMARK_TNFA_SIGNALING_VIA_NFKB,Hallmark|HALLMARK_TNFA_SIGNALING_VIA_NFKB,BFR_vs_HLRT_at_T2,-0.01023103149686462,-1.4758884606932932,0.14311887386007524,0.5862938791652048
Hallmark,HALLMARK_UNFOLDED_PROTEIN_RESPONSE,Hallmark|HALLMARK_UNFOLDED_PROTEIN_RESPONSE,BFR_vs_HLRT_at_T2,-0.005229721475123503,-1.3301029848574757,0.18651299129710064,0.5862938791652048
Hallmark,HALLMARK_UV_RESPONSE_DN,Hallmark|HALLMARK_UV_RESPONSE_DN,BFR_vs_HLRT_at_T2,-0.010220978220773072,-1.191322692599224,0.23634960837877167,0.5862938791652048
Hallmark,HALLMARK_UV_RESPONSE_UP,Hallmark|HALLMARK_UV_RESPONSE_UP,BFR_vs_HLRT_at_T2,0.0054579892068987446,1.7818603909705955,0.0778104136307023,0.5862938791652048
Hallmark,HALLMARK_XENOBIOTIC_METABOLISM,Hallmark|HALLMARK_XENOBIOTIC_METABOLISM,BFR_vs_HLRT_at_T2,0.004030467210257016,0.8207837400104898,0.4137237359204037,0.706778048864023
Reactome,REACTOME_ACTIVATION_OF_NMDA_RECEPTORS_AND_POSTSYNAPTIC_EVENTS,Reactome|REACTOME_ACTIVATION_OF_NMDA_RECEPTORS_AND_POSTSYNAPTIC_EVENTS,BFR_vs_HLRT_at_T2,-0.003940822995820159,-0.7270337216066174,0.4689055764648269,0.917063118572803
Reactome,REACTOME_ADIPOGENESIS,Reactome|REACTOME_ADIPOGENESIS,BFR_vs_HLRT_at_T2,-0.008168546520276848,-1.5470044210333223,0.12502429076921429,0.8127474399492993
Reactome,REACTOME_AEROBIC_RESPIRATION_AND_RESPIRATORY_ELECTRON_TRANSPORT,Reactome|REACTOME_AEROBIC_RESPIRATION_AND_RESPIRATORY_ELECTRON_TRANSPORT,BFR_vs_HLRT_at_T2,0.0024478510459258196,0.5000580581691986,0.6181339185208518,0.9488415495488363
Reactome,REACTOME_AGGREPHAGY,Reactome|REACTOME_AGGREPHAGY,BFR_vs_HLRT_at_T2,-0.002945887855377527,-0.5281843641522536,0.5985427206969152,0.9488415495488363
Reactome,REACTOME_AMINO_ACIDS_REGULATE_MTORC1,Reactome|REACTOME_AMINO_ACIDS_REGULATE_MTORC1,BFR_vs_HLRT_at_T2,0.011146755050866777,1.482763780700416,0.14128501630550508,0.8127474399492993
Reactome,REACTOME_ANTIGEN_PRESENTATION_FOLDING_ASSEMBLY_AND_PEPTIDE_LOADING_OF_CLASS_I_MHC,Reactome|REACTOME_ANTIGEN_PRESENTATION_FOLDING_ASSEMBLY_AND_PEPTIDE_LOADING_OF_CLASS_I_MHC,BFR_vs_HLRT_at_T2,0.00014952552813136955,0.02069288069969377,0.9835319218511204,0.9983512666182122
Reactome,REACTOME_ANTIGEN_PROCESSING_CROSS_PRESENTATION,Reactome|REACTOME_ANTIGEN_PROCESSING_CROSS_PRESENTATION,BFR_vs_HLRT_at_T2,8.267360520314293e-6,0.0020715598085024535,0.9983512666182122,0.9983512666182122
Reactome,REACTOME_ANTIGEN_PROCESSING_UB_ATP_INDEPENDENT_PROTEASOMAL_DEGRADATION,Reactome|REACTOME_ANTIGEN_PROCESSING_UB_ATP_INDEPENDENT_PROTEASOMAL_DEGRADATION,BFR_vs_HLRT_at_T2,-3.7369825334315765e-4,-0.08927912024095726,0.9290388281145385,0.9823807703986269
Reactome,REACTOME_ANTI_INFLAMMATORY_RESPONSE_FAVOURING_LEISHMANIA_PARASITE_INFECTION,Reactome|REACTOME_ANTI_INFLAMMATORY_RESPONSE_FAVOURING_LEISHMANIA_PARASITE_INFECTION,BFR_vs_HLRT_at_T2,0.004465487845070948,0.5032778968568679,0.6158767706923582,0.9488415495488363
Reactome,REACTOME_APOPTOTIC_EXECUTION_PHASE,Reactome|REACTOME_APOPTOTIC_EXECUTION_PHASE,BFR_vs_HLRT_at_T2,-0.008141772574359586,-1.0042168684245365,0.3177002744443931,0.8513283656704203
Reactome,REACTOME_ARACHIDONATE_METABOLISM,Reactome|REACTOME_ARACHIDONATE_METABOLISM,BFR_vs_HLRT_at_T2,-7.924063000105397e-4,-0.140798582716233,0.8883125742665894,0.9791485600224988
Reactome,REACTOME_ASPARAGINE_N_LINKED_GLYCOSYLATION,Reactome|REACTOME_ASPARAGINE_N_LINKED_GLYCOSYLATION,BFR_vs_HLRT_at_T2,-3.111756853832817e-5,-0.008483219546835551,0.9932483687589057,0.9983512666182122
Reactome,REACTOME_AUTOPHAGY,Reactome|REACTOME_AUTOPHAGY,BFR_vs_HLRT_at_T2,1.8661744534162472e-4,0.0574047376263804,0.9543374510322824,0.9856057452210973
Reactome,REACTOME_BACTERIAL_INFECTION_PATHWAYS,Reactome|REACTOME_BACTERIAL_INFECTION_PATHWAYS,BFR_vs_HLRT_at_T2,-4.00054274281858e-5,-0.004857948973321193,0.9961336203889987,0.9983512666182122
Reactome,REACTOME_BINDING_AND_UPTAKE_OF_LIGANDS_BY_SCAVENGER_RECEPTORS,Reactome|REACTOME_BINDING_AND_UPTAKE_OF_LIGANDS_BY_SCAVENGER_RECEPTORS,BFR_vs_HLRT_at_T2,-0.015655234575804255,-1.1555937504873142,0.2506036920433452,0.8467531727438525
Reactome,REACTOME_BIOLOGICAL_OXIDATIONS,Reactome|REACTOME_BIOLOGICAL_OXIDATIONS,BFR_vs_HLRT_at_T2,0.00513633013130016,1.133841546288961,0.25957456169353227,0.8467531727438525
Reactome,REACTOME_BIOSYNTHESIS_OF_THE_N_GLYCAN_PRECURSOR_DOLICHOL_LIPID_LINKED_OLIGOSACCHARIDE_LLO_AND_TRANSFER_TO_A_NASCENT_PROTEIN,Reactome|REACTOME_BIOSYNTHESIS_OF_THE_N_GLYCAN_PRECURSOR_DOLICHOL_LIPID_LINKED_OLIGOSACCHARIDE_LLO_AND_TRANSFER_TO_A_NASCENT_PROTEIN,BFR_vs_HLRT_at_T2,0.014108149863655994,1.7661433434518952,0.08042655579752081,0.8127474399492993
Reactome,REACTOME_BRANCHED_CHAIN_AMINO_ACID_CATABOLISM,Reactome|REACTOME_BRANCHED_CHAIN_AMINO_ACID_CATABOLISM,BFR_vs_HLRT_at_T2,0.013741123539931843,1.9726046086245836,0.05130453910670596,0.8127474399492993
Reactome,REACTOME_CARDIAC_CONDUCTION,Reactome|REACTOME_CARDIAC_CONDUCTION,BFR_vs_HLRT_at_T2,-0.009824143217545794,-2.1386164630251696,0.03490470172286711,0.8127474399492993
Reactome,REACTOME_CARGO_CONCENTRATION_IN_THE_ER,Reactome|REACTOME_CARGO_CONCENTRATION_IN_THE_ER,BFR_vs_HLRT_at_T2,0.0112464954311376,1.5834467081804078,0.1164804076738596,0.8127474399492993
Reactome,REACTOME_CARGO_TRAFFICKING_TO_THE_PERICILIARY_MEMBRANE,Reactome|REACTOME_CARGO_TRAFFICKING_TO_THE_PERICILIARY_MEMBRANE,BFR_vs_HLRT_at_T2,0.00322919112721623,0.5188169991508508,0.6050357344274194,0.9488415495488363
Reactome,REACTOME_CELLULAR_RESPONSES_TO_MECHANICAL_STIMULI,Reactome|REACTOME_CELLULAR_RESPONSES_TO_MECHANICAL_STIMULI,BFR_vs_HLRT_at_T2,-0.0010244635349176273,-0.1984077629489276,0.843129246338548,0.9785776453155454
Reactome,REACTOME_CELLULAR_RESPONSE_TO_CHEMICAL_STRESS,Reactome|REACTOME_CELLULAR_RESPONSE_TO_CHEMICAL_STRESS,BFR_vs_HLRT_at_T2,0.003868273501221098,1.4203974565503594,0.1586054930846633,0.8127474399492993
Reactome,REACTOME_CELLULAR_RESPONSE_TO_HEAT_STRESS,Reactome|REACTOME_CELLULAR_RESPONSE_TO_HEAT_STRESS,BFR_vs_HLRT_at_T2,-0.0017021013577888933,-0.4298265740418598,0.6682475047284073,0.9488415495488363
Reactome,REACTOME_CELLULAR_SENESCENCE,Reactome|REACTOME_CELLULAR_SENESCENCE,BFR_vs_HLRT_at_T2,-0.006017367154285906,-1.0790066817763153,0.2831830451943247,0.8467531727438525
Reactome,REACTOME_CELL_CELL_COMMUNICATION,Reactome|REACTOME_CELL_CELL_COMMUNICATION,BFR_vs_HLRT_at_T2,-0.005905494265402239,-1.6241844407624104,0.10748760982733656,0.8127474399492993
Reactome,REACTOME_CELL_CYCLE_CHECKPOINTS,Reactome|REACTOME_CELL_CYCLE_CHECKPOINTS,BFR_vs_HLRT_at_T2,0.004001547033318453,0.9841734247557292,0.3274078117098075,0.8513283656704203
Reactome,REACTOME_CELL_SURFACE_INTERACTIONS_AT_THE_VASCULAR_WALL,Reactome|REACTOME_CELL_SURFACE_INTERACTIONS_AT_THE_VASCULAR_WALL,BFR_vs_HLRT_at_T2,-0.007029267872090045,-0.8668442735844923,0.3881046079639261,0.8934491495836215
Reactome,REACTOME_CHROMATIN_ORGANIZATION,Reactome|REACTOME_CHROMATIN_ORGANIZATION,BFR_vs_HLRT_at_T2,0.006603496063682213,1.1564920224091906,0.25023801624836656,0.8467531727438525
Reactome,REACTOME_CHROMOSOME_MAINTENANCE,Reactome|REACTOME_CHROMOSOME_MAINTENANCE,BFR_vs_HLRT_at_T2,0.011183416614136715,1.4028078234601313,0.16377433683551612,0.8127474399492993
Reactome,REACTOME_CILIUM_ASSEMBLY,Reactome|REACTOME_CILIUM_ASSEMBLY,BFR_vs_HLRT_at_T2,0.00084576499337959965,0.17807724955891954,0.8590229103674923,0.9785776453155454
Reactome,REACTOME_CITRIC_ACID_CYCLE_TCA_CYCLE,Reactome|REACTOME_CITRIC_ACID_CYCLE_TCA_CYCLE,BFR_vs_HLRT_at_T2,0.008908514336329054,1.7792451269995024,0.07824078792139127,0.8127474399492993
Reactome,REACTOME_CLASS_I_MHC_MEDIATED_ANTIGEN_PROCESSING_PRESENTATION,Reactome|REACTOME_CLASS_I_MHC_MEDIATED_ANTIGEN_PROCESSING_PRESENTATION,BFR_vs_HLRT_at_T2,0.0010097129854222398,0.3337265418281854,0.7392854009614664,0.974324511454128
Reactome,REACTOME_CLATHRIN_MEDIATED_ENDOCYTOSIS,Reactome|REACTOME_CLATHRIN_MEDIATED_ENDOCYTOSIS,BFR_vs_HLRT_at_T2,8.208323197650934e-5,0.016788159322764517,0.9866390989908731,0.9983512666182122
Reactome,REACTOME_COLLAGEN_FORMATION,Reactome|REACTOME_COLLAGEN_FORMATION,BFR_vs_HLRT_at_T2,-0.0245983463777958,-0.9321524912259527,0.3535050540346093,0.8721517315321593
Reactome,REACTOME_COMPLEX_III_ASSEMBLY,Reactome|REACTOME_COMPLEX_III_ASSEMBLY,BFR_vs_HLRT_at_T2,0.008190374479824347,1.3422023201030702,0.1825727751107318,0.8127474399492993
Reactome,REACTOME_COMPLEX_IV_ASSEMBLY,Reactome|REACTOME_COMPLEX_IV_ASSEMBLY,BFR_vs_HLRT_at_T2,0.007205474648161625,1.0781211476792325,0.28357604886704946,0.8467531727438525
Reactome,REACTOME_COMPLEX_I_BIOGENESIS,Reactome|REACTOME_COMPLEX_I_BIOGENESIS,BFR_vs_HLRT_at_T2,-0.00823499159564861,-1.2317695067828465,0.22092673283093017,0.8467531727438525
Reactome,REACTOME_COOPERATION_OF_PDCL_PHLP1_AND_TRIC_CCT_IN_G_PROTEIN_BETA_FOLDING,Reactome|REACTOME_COOPERATION_OF_PDCL_PHLP1_AND_TRIC_CCT_IN_G_PROTEIN_BETA_FOLDING,BFR_vs_HLRT_at_T2,0.0028145363796397704,0.42212032395327836,0.6738442439608994,0.9488415495488363
Reactome,REACTOME_COPII_MEDIATED_VESICLE_TRANSPORT,Reactome|REACTOME_COPII_MEDIATED_VESICLE_TRANSPORT,BFR_vs_HLRT_at_T2,0.008647437350006695,1.5788426126514854,0.1175334365385633,0.8127474399492993
Reactome,REACTOME_CRISTAE_FORMATION,Reactome|REACTOME_CRISTAE_FORMATION,BFR_vs_HLRT_at_T2,-0.0015977255809303537,-0.32546396733808575,0.7455106252533665,0.974324511454128
Reactome,REACTOME_CYTOPROTECTION_BY_HMOX1,Reactome|REACTOME_CYTOPROTECTION_BY_HMOX1,BFR_vs_HLRT_at_T2,0.0029256161874899322,0.6583554996665852,0.5118241046613394,0.9348192324806281
Reactome,REACTOME_DARPP_32_EVENTS,Reactome|REACTOME_DARPP_32_EVENTS,BFR_vs_HLRT_at_T2,0.007284843054462753,1.1006288315484805,0.2737031793311748,0.8467531727438525
Reactome,REACTOME_DDX58_IFIH1_MEDIATED_INDUCTION_OF_INTERFERON_ALPHA_BETA,Reactome|REACTOME_DDX58_IFIH1_MEDIATED_INDUCTION_OF_INTERFERON_ALPHA_BETA,BFR_vs_HLRT_at_T2,-0.0023432023366664334,-0.42728584268250175,0.6700906872320214,0.9488415495488363
Reactome,REACTOME_DEADENYLATION_DEPENDENT_MRNA_DECAY,Reactome|REACTOME_DEADENYLATION_DEPENDENT_MRNA_DECAY,BFR_vs_HLRT_at_T2,-0.0020888824948920304,-0.30967174056090685,0.7574556031722619,0.974324511454128
Reactome,REACTOME_DEATH_RECEPTOR_SIGNALING,Reactome|REACTOME_DEATH_RECEPTOR_SIGNALING,BFR_vs_HLRT_at_T2,-0.004803149519573266,-1.031767530669652,0.3046724213510285,0.8513283656704203
Reactome,REACTOME_DEGRADATION_OF_THE_EXTRACELLULAR_MATRIX,Reactome|REACTOME_DEGRADATION_OF_THE_EXTRACELLULAR_MATRIX,BFR_vs_HLRT_at_T2,-0.01511195933042427,-0.7328730042971279,0.46535203101794254,0.917063118572803
Reactome,REACTOME_DENGUE_VIRUS_ATTACHMENT_AND_ENTRY,Reactome|REACTOME_DENGUE_VIRUS_ATTACHMENT_AND_ENTRY,BFR_vs_HLRT_at_T2,0.0024747471005620355,0.3841379850340807,0.7016925954060214,0.9539722166178346
Reactome,REACTOME_DENGUE_VIRUS_GENOME_TRANSLATION_AND_REPLICATION,Reactome|REACTOME_DENGUE_VIRUS_GENOME_TRANSLATION_AND_REPLICATION,BFR_vs_HLRT_at_T2,-0.007019371496469418,-1.5546661821758705,0.1231879792501994,0.8127474399492993
Reactome,REACTOME_DENGUE_VIRUS_INFECTION,Reactome|REACTOME_DENGUE_VIRUS_INFECTION,BFR_vs_HLRT_at_T2,-0.0090158590245417,-1.904108248016023,0.05977342395927777,0.8127474399492993
Reactome,REACTOME_DETOXIFICATION_OF_REACTIVE_OXYGEN_SPECIES,Reactome|REACTOME_DETOXIFICATION_OF_REACTIVE_OXYGEN_SPECIES,BFR_vs_HLRT_at_T2,0.005169399193638957,1.306956594591389,0.19422788050719955,0.8127474399492993
Reactome,REACTOME_DEUBIQUITINATION,Reactome|REACTOME_DEUBIQUITINATION,BFR_vs_HLRT_at_T2,7.604625069084214e-4,0.2186170602383712,0.8273943487125718,0.9778296848421303
Reactome,REACTOME_DEVELOPMENTAL_CELL_LINEAGES,Reactome|REACTOME_DEVELOPMENTAL_CELL_LINEAGES,BFR_vs_HLRT_at_T2,-0.015454112874535304,-0.8750348133715238,0.3836538782250192,0.8925000746076762
Reactome,REACTOME_DISEASES_OF_GLYCOSYLATION,Reactome|REACTOME_DISEASES_OF_GLYCOSYLATION,BFR_vs_HLRT_at_T2,0.001174320088620652,0.11366475596350976,0.9097316650023494,0.9823807703986269
Reactome,REACTOME_DISEASES_OF_METABOLISM,Reactome|REACTOME_DISEASES_OF_METABOLISM,BFR_vs_HLRT_at_T2,0.010764947417878826,2.1992429845321397,0.030167058631632347,0.8127474399492993
Reactome,REACTOME_DISEASES_OF_SIGNAL_TRANSDUCTION_BY_GROWTH_FACTOR_RECEPTORS_AND_SECOND_MESSENGERS,Reactome|REACTOME_DISEASES_OF_SIGNAL_TRANSDUCTION_BY_GROWTH_FACTOR_RECEPTORS_AND_SECOND_MESSENGERS,BFR_vs_HLRT_at_T2,-0.003646682402967491,-1.336691598776339,0.18435953497657925,0.8127474399492993
Reactome,REACTOME_DISORDERS_OF_TRANSMEMBRANE_TRANSPORTERS,Reactome|REACTOME_DISORDERS_OF_TRANSMEMBRANE_TRANSPORTERS,BFR_vs_HLRT_at_T2,0.00212960988462918,0.565568769236266,0.5729550400625991,0.9449482377151821
Reactome,REACTOME_DNA_DAMAGE_BYPASS,Reactome|REACTOME_DNA_DAMAGE_BYPASS,BFR_vs_HLRT_at_T2,0.003186310183148036,0.41152735230680404,0.681567442931585,0.9529088696491503
Reactome,REACTOME_DNA_DOUBLE_STRAND_BREAK_REPAIR,Reactome|REACTOME_DNA_DOUBLE_STRAND_BREAK_REPAIR,BFR_vs_HLRT_at_T2,0.014121517157413083,2.3195539937055294,0.022400568463591466,0.8127474399492993
Reactome,REACTOME_DNA_REPAIR,Reactome|REACTOME_DNA_REPAIR,BFR_vs_HLRT_at_T2,0.004587659302566771,1.2001537405597658,0.23291793284322082,0.8467531727438525
Reactome,REACTOME_DRUG_ADME,Reactome|REACTOME_DRUG_ADME,BFR_vs_HLRT_at_T2,0.009226931449618711,1.2941716768988576,0.19858987220480617,0.8127474399492993
Reactome,REACTOME_ECM_PROTEOGLYCANS,Reactome|REACTOME_ECM_PROTEOGLYCANS,BFR_vs_HLRT_at_T2,-0.026017319869979794,-0.8511988987018988,0.396694587138426,0.9038093170885787
Reactome,REACTOME_ENDOSOMAL_SORTING_COMPLEX_REQUIRED_FOR_TRANSPORT_ESCRT,Reactome|REACTOME_ENDOSOMAL_SORTING_COMPLEX_REQUIRED_FOR_TRANSPORT_ESCRT,BFR_vs_HLRT_at_T2,0.009299870558123778,1.093318001639911,0.27688354545704075,0.8467531727438525
Reactome,REACTOME_EPH_EPHRIN_SIGNALING,Reactome|REACTOME_EPH_EPHRIN_SIGNALING,BFR_vs_HLRT_at_T2,-0.006320638036984336,-0.6837214122323585,0.4957339284941955,0.9256585918762809
Reactome,REACTOME_EPIGENETIC_REGULATION_OF_GENE_EXPRESSION,Reactome|REACTOME_EPIGENETIC_REGULATION_OF_GENE_EXPRESSION,BFR_vs_HLRT_at_T2,-0.006490194225160962,-1.0598631591753502,0.29176262170838757,0.8467531727438525
Reactome,REACTOME_EUKARYOTIC_TRANSLATION_INITIATION,Reactome|REACTOME_EUKARYOTIC_TRANSLATION_INITIATION,BFR_vs_HLRT_at_T2,-0.023539205464491925,-1.677367198423867,0.09659693675700327,0.8127474399492993
Reactome,REACTOME_EXTRACELLULAR_MATRIX_ORGANIZATION,Reactome|REACTOME_EXTRACELLULAR_MATRIX_ORGANIZATION,BFR_vs_HLRT_at_T2,-0.011908556301049786,-0.7915279540066036,0.4305112972861098,0.9162421613574685
Reactome,REACTOME_EXTRA_NUCLEAR_ESTROGEN_SIGNALING,Reactome|REACTOME_EXTRA_NUCLEAR_ESTROGEN_SIGNALING,BFR_vs_HLRT_at_T2,0.00166566524115902,0.19403371100933955,0.8465434865801431,0.9785776453155454
Reactome,REACTOME_FACTORS_INVOLVED_IN_MEGAKARYOCYTE_DEVELOPMENT_AND_PLATELET_PRODUCTION,Reactome|REACTOME_FACTORS_INVOLVED_IN_MEGAKARYOCYTE_DEVELOPMENT_AND_PLATELET_PRODUCTION,BFR_vs_HLRT_at_T2,0.004036559763406805,0.9762754110989472,0.33128615134686035,0.8513283656704203
Reactome,REACTOME_FATTY_ACID_METABOLISM,Reactome|REACTOME_FATTY_ACID_METABOLISM,BFR_vs_HLRT_at_T2,0.006670948956647854,1.6270541554106142,0.10687576716792883,0.8127474399492993
Reactome,REACTOME_FCGAMMA_RECEPTOR_FCGR_DEPENDENT_PHAGOCYTOSIS,Reactome|REACTOME_FCGAMMA_RECEPTOR_FCGR_DEPENDENT_PHAGOCYTOSIS,BFR_vs_HLRT_at_T2,-0.004334819421684621,-0.681619430151359,0.4970567701190164,0.9256585918762809
Reactome,REACTOME_FC_EPSILON_RECEPTOR_FCERI_SIGNALING,Reactome|REACTOME_FC_EPSILON_RECEPTOR_FCERI_SIGNALING,BFR_vs_HLRT_at_T2,0.0037870763620352355,0.8154524965135654,0.41675327075253643,0.9162421613574685
Reactome,REACTOME_FOXO_MEDIATED_TRANSCRIPTION,Reactome|REACTOME_FOXO_MEDIATED_TRANSCRIPTION,BFR_vs_HLRT_at_T2,-0.0011808266205325935,-0.23514048651689662,0.8145810118872627,0.9744821438678918
Reactome,REACTOME_G2_M_DNA_DAMAGE_CHECKPOINT,Reactome|REACTOME_G2_M_DNA_DAMAGE_CHECKPOINT,BFR_vs_HLRT_at_T2,0.006416676977161223,1.0616061414825932,0.29097420659839673,0.8467531727438525
Reactome,REACTOME_GAMMA_CARBOXYLATION_HYPUSINYLATION_HYDROXYLATION_AND_ARYLSULFATASE_ACTIVATION,Reactome|REACTOME_GAMMA_CARBOXYLATION_HYPUSINYLATION_HYDROXYLATION_AND_ARYLSULFATASE_ACTIVATION,BFR_vs_HLRT_at_T2,-0.004966642964705198,-0.7650334959495079,0.4460551029046935,0.9162421613574685
Reactome,REACTOME_GLUCONEOGENESIS,Reactome|REACTOME_GLUCONEOGENESIS,BFR_vs_HLRT_at_T2,0.001604044205713806,0.30686770225938786,0.7595827862871274,0.974324511454128
Reactome,REACTOME_GLUCOSE_METABOLISM,Reactome|REACTOME_GLUCOSE_METABOLISM,BFR_vs_HLRT_at_T2,0.003184558817622224,0.7685116886759393,0.44399619353576525,0.9162421613574685
Reactome,REACTOME_GLUTATHIONE_CONJUGATION,Reactome|REACTOME_GLUTATHIONE_CONJUGATION,BFR_vs_HLRT_at_T2,0.011031086442826965,1.9432154869380671,0.05480451286948521,0.8127474399492993
Reactome,REACTOME_GLYCOGEN_METABOLISM,Reactome|REACTOME_GLYCOGEN_METABOLISM,BFR_vs_HLRT_at_T2,-1.945816841843473e-4,-0.027973218177335148,0.9777393163446435,0.9983512666182122
Reactome,REACTOME_GLYCOSAMINOGLYCAN_METABOLISM,Reactome|REACTOME_GLYCOSAMINOGLYCAN_METABOLISM,BFR_vs_HLRT_at_T2,-0.001433063578149249,-0.0896040403331716,0.9287812699138868,0.9823807703986269
Reactome,REACTOME_G_ALPHA_I_SIGNALLING_EVENTS,Reactome|REACTOME_G_ALPHA_I_SIGNALLING_EVENTS,BFR_vs_HLRT_at_T2,0.0013536595176306954,0.2554627726236925,0.7988909174992639,0.9744821438678918
Reactome,REACTOME_G_ALPHA_Q_SIGNALLING_EVENTS,Reactome|REACTOME_G_ALPHA_Q_SIGNALLING_EVENTS,BFR_vs_HLRT_at_T2,0.006469507145427218,0.629115825817624,0.5307092018491537,0.9432585352553943
Reactome,REACTOME_G_PROTEIN_MEDIATED_EVENTS,Reactome|REACTOME_G_PROTEIN_MEDIATED_EVENTS,BFR_vs_HLRT_at_T2,-0.006276915518218795,-0.9272182562470622,0.3560479352580951,0.8721517315321593
Reactome,REACTOME_HCMV_INFECTION,Reactome|REACTOME_HCMV_INFECTION,BFR_vs_HLRT_at_T2,0.002785064492803191,0.5697863493684373,0.5701017082162948,0.9449482377151821
Reactome,REACTOME_HIV_INFECTION,Reactome|REACTOME_HIV_INFECTION,BFR_vs_HLRT_at_T2,0.0030731380999083624,0.9271366548499749,0.3560900870947663,0.8721517315321593
Reactome,REACTOME_HIV_LIFE_CYCLE,Reactome|REACTOME_HIV_LIFE_CYCLE,BFR_vs_HLRT_at_T2,0.0027541856566820205,0.6230388632154962,0.5346787385394636,0.9432585352553943
Reactome,REACTOME_HSF1_ACTIVATION,Reactome|REACTOME_HSF1_ACTIVATION,BFR_vs_HLRT_at_T2,0.003452826696784317,0.8115597064969889,0.4189737563838384,0.9162421613574685
Reactome,REACTOME_HSF1_DEPENDENT_TRANSACTIVATION,Reactome|REACTOME_HSF1_DEPENDENT_TRANSACTIVATION,BFR_vs_HLRT_at_T2,-0.008566557260692664,-1.658118715530827,0.10043036349285075,0.8127474399492993
Reactome,REACTOME_HSP90_CHAPERONE_CYCLE_FOR_STEROID_HORMONE_RECEPTORS_SHR_IN_THE_PRESENCE_OF_LIGAND,Reactome|REACTOME_HSP90_CHAPERONE_CYCLE_FOR_STEROID_HORMONE_RECEPTORS_SHR_IN_THE_PRESENCE_OF_LIGAND,BFR_vs_HLRT_at_T2,-0.0013935883424938678,-0.38459261778789133,0.7013567524964481,0.9539722166178346
Reactome,REACTOME_INFECTION_WITH_MYCOBACTERIUM_TUBERCULOSIS,Reactome|REACTOME_INFECTION_WITH_MYCOBACTERIUM_TUBERCULOSIS,BFR_vs_HLRT_at_T2,7.01135900613048e-4,0.1099010496141706,0.9127083193735499,0.9823807703986269
Reactome,REACTOME_INTEGRATION_OF_ENERGY_METABOLISM,Reactome|REACTOME_INTEGRATION_OF_ENERGY_METABOLISM,BFR_vs_HLRT_at_T2,0.008220258003091785,1.1602962671295323,0.24869354721883385,0.8467531727438525
Reactome,REACTOME_INTEGRIN_CELL_SURFACE_INTERACTIONS,Reactome|REACTOME_INTEGRIN_CELL_SURFACE_INTERACTIONS,BFR_vs_HLRT_at_T2,-0.01912545940768879,-0.7375786971063255,0.46249943141680494,0.917063118572803
Reactome,REACTOME_INTERCONVERSION_OF_NUCLEOTIDE_DI_AND_TRIPHOSPHATES,Reactome|REACTOME_INTERCONVERSION_OF_NUCLEOTIDE_DI_AND_TRIPHOSPHATES,BFR_vs_HLRT_at_T2,0.007145718955865049,1.1755703464744125,0.2425606545226114,0.8467531727438525
Reactome,REACTOME_INTERFERON_GAMMA_SIGNALING,Reactome|REACTOME_INTERFERON_GAMMA_SIGNALING,BFR_vs_HLRT_at_T2,-0.015137762046668696,-1.843190825641857,0.06826596539050357,0.8127474399492993
Reactome,REACTOME_INTERFERON_SIGNALING,Reactome|REACTOME_INTERFERON_SIGNALING,BFR_vs_HLRT_at_T2,-0.005108057118940787,-1.3589638055092141,0.17721825141171454,0.8127474399492993
Reactome,REACTOME_INTERLEUKIN_12_FAMILY_SIGNALING,Reactome|REACTOME_INTERLEUKIN_12_FAMILY_SIGNALING,BFR_vs_HLRT_at_T2,-0.001818975000949019,-0.4060463541797989,0.6855769695665833,0.9529088696491503
Reactome,REACTOME_INTERLEUKIN_4_AND_INTERLEUKIN_13_SIGNALING,Reactome|REACTOME_INTERLEUKIN_4_AND_INTERLEUKIN_13_SIGNALING,BFR_vs_HLRT_at_T2,-0.0028385658403129455,-0.25763614810667834,0.7972176802420539,0.9744821438678918
Reactome,REACTOME_INTRACELLULAR_SIGNALING_BY_SECOND_MESSENGERS,Reactome|REACTOME_INTRACELLULAR_SIGNALING_BY_SECOND_MESSENGERS,BFR_vs_HLRT_at_T2,-0.001997629749062313,-0.556033511889778,0.5794311908847118,0.9485503198927505
Reactome,REACTOME_INTRA_GOLGI_AND_RETROGRADE_GOLGI_TO_ER_TRAFFIC,Reactome|REACTOME_INTRA_GOLGI_AND_RETROGRADE_GOLGI_TO_ER_TRAFFIC,BFR_vs_HLRT_at_T2,7.800989491805223e-4,0.16380726292127182,0.8702138185483752,0.9785796684000939
Reactome,REACTOME_INTRINSIC_PATHWAY_FOR_APOPTOSIS,Reactome|REACTOME_INTRINSIC_PATHWAY_FOR_APOPTOSIS,BFR_vs_HLRT_at_T2,-2.3233049073442813e-4,-0.05419402297564088,0.9568888121343726,0.9856057452210973
Reactome,REACTOME_ION_CHANNEL_TRANSPORT,Reactome|REACTOME_ION_CHANNEL_TRANSPORT,BFR_vs_HLRT_at_T2,-0.003687580945238106,-0.9848119590245752,0.3270955702467797,0.8513283656704203
Reactome,REACTOME_ION_TRANSPORT_BY_P_TYPE_ATPASES,Reactome|REACTOME_ION_TRANSPORT_BY_P_TYPE_ATPASES,BFR_vs_HLRT_at_T2,-0.011006884496405717,-2.050163993209682,0.04296769992759005,0.8127474399492993
Reactome,REACTOME_IRON_UPTAKE_AND_TRANSPORT,Reactome|REACTOME_IRON_UPTAKE_AND_TRANSPORT,BFR_vs_HLRT_at_T2,0.0026996332928101024,0.42181838487647383,0.674063906240576,0.9488415495488363
Reactome,REACTOME_ISG15_ANTIVIRAL_MECHANISM,Reactome|REACTOME_ISG15_ANTIVIRAL_MECHANISM,BFR_vs_HLRT_at_T2,-0.0012068713405883127,-0.23108291158863212,0.8177230007698687,0.9744821438678918
Reactome,REACTOME_L1CAM_INTERACTIONS,Reactome|REACTOME_L1CAM_INTERACTIONS,BFR_vs_HLRT_at_T2,-0.0030927225343626574,-0.4799908242748085,0.6322831955207402,0.9488415495488363
Reactome,REACTOME_LATE_ENDOSOMAL_MICROAUTOPHAGY,Reactome|REACTOME_LATE_ENDOSOMAL_MICROAUTOPHAGY,BFR_vs_HLRT_at_T2,0.009635237620198106,1.7299910207500422,0.08672009855197829,0.8127474399492993
Reactome,REACTOME_LATE_SARS_COV_2_INFECTION_EVENTS,Reactome|REACTOME_LATE_SARS_COV_2_INFECTION_EVENTS,BFR_vs_HLRT_at_T2,-0.00853271780092471,-1.0618807049950216,0.29085014412886107,0.8467531727438525
Reactome,REACTOME_LEISHMANIA_INFECTION,Reactome|REACTOME_LEISHMANIA_INFECTION,BFR_vs_HLRT_at_T2,-0.0017732634839357359,-0.254387500453347,0.7997190947978153,0.9744821438678918
Reactome,REACTOME_LYSOSOME_VESICLE_BIOGENESIS,Reactome|REACTOME_LYSOSOME_VESICLE_BIOGENESIS,BFR_vs_HLRT_at_T2,0.0050341009167416545,0.4636543256383247,0.6439040580184792,0.9488415495488363
Reactome,REACTOME_MAPK_FAMILY_SIGNALING_CASCADES,Reactome|REACTOME_MAPK_FAMILY_SIGNALING_CASCADES,BFR_vs_HLRT_at_T2,-5.873281115190698e-4,-0.1928597567453587,0.847460337262383,0.9785776453155454
Reactome,REACTOME_MATERNAL_TO_ZYGOTIC_TRANSITION_MZT,Reactome|REACTOME_MATERNAL_TO_ZYGOTIC_TRANSITION_MZT,BFR_vs_HLRT_at_T2,-0.003087356272636871,-0.46264597204166513,0.644624286761544,0.9488415495488363
Reactome,REACTOME_METABOLISM_OF_AMINO_ACIDS_AND_DERIVATIVES,Reactome|REACTOME_METABOLISM_OF_AMINO_ACIDS_AND_DERIVATIVES,BFR_vs_HLRT_at_T2,-0.005737988085062928,-1.0548539220881525,0.2940365906839859,0.8467531727438525
Reactome,REACTOME_METABOLISM_OF_CARBOHYDRATES_AND_CARBOHYDRATE_DERIVATIVES,Reactome|REACTOME_METABOLISM_OF_CARBOHYDRATES_AND_CARBOHYDRATE_DERIVATIVES,BFR_vs_HLRT_at_T2,0.0033523381961131915,0.7872234086964627,0.43301477064640737,0.9162421613574685
Reactome,REACTOME_METABOLISM_OF_NUCLEOTIDES,Reactome|REACTOME_METABOLISM_OF_NUCLEOTIDES,BFR_vs_HLRT_at_T2,0.010310386996713453,1.5477682665758878,0.12484025152793624,0.8127474399492993
Reactome,REACTOME_METABOLISM_OF_STEROIDS,Reactome|REACTOME_METABOLISM_OF_STEROIDS,BFR_vs_HLRT_at_T2,0.007175079304090018,1.5470801066332747,0.12500604567199314,0.8127474399492993
Reactome,REACTOME_METABOLISM_OF_VITAMINS_AND_COFACTORS,Reactome|REACTOME_METABOLISM_OF_VITAMINS_AND_COFACTORS,BFR_vs_HLRT_at_T2,0.007612995439966262,1.6803989509928672,0.09600412175252636,0.8127474399492993
Reactome,REACTOME_MHC_CLASS_II_ANTIGEN_PRESENTATION,Reactome|REACTOME_MHC_CLASS_II_ANTIGEN_PRESENTATION,BFR_vs_HLRT_at_T2,0.004249262150024052,0.770986757205784,0.4425344416856043,0.9162421613574685
Reactome,REACTOME_MITF_M_DEPENDENT_GENE_EXPRESSION,Reactome|REACTOME_MITF_M_DEPENDENT_GENE_EXPRESSION,BFR_vs_HLRT_at_T2,0.01542500366174386,2.3668116573804907,0.019869885304433243,0.8127474399492993
Reactome,REACTOME_MITF_M_REGULATED_MELANOCYTE_DEVELOPMENT,Reactome|REACTOME_MITF_M_REGULATED_MELANOCYTE_DEVELOPMENT,BFR_vs_HLRT_at_T2,0.008390829308025843,1.9166689298147226,0.05813767068455976,0.8127474399492993
Reactome,REACTOME_MITOCHONDRIAL_FATTY_ACID_BETA_OXIDATION,Reactome|REACTOME_MITOCHONDRIAL_FATTY_ACID_BETA_OXIDATION,BFR_vs_HLRT_at_T2,0.012361537415747859,2.1836860195856187,0.031325931611164606,0.8127474399492993
Reactome,REACTOME_MITOCHONDRIAL_PROTEIN_DEGRADATION,Reactome|REACTOME_MITOCHONDRIAL_PROTEIN_DEGRADATION,BFR_vs_HLRT_at_T2,0.004905558776461871,1.0526900816993328,0.2950225986483106,0.8467531727438525
Reactome,REACTOME_MITOCHONDRIAL_TRANSLATION,Reactome|REACTOME_MITOCHONDRIAL_TRANSLATION,BFR_vs_HLRT_at_T2,-0.0030139566916967536,-0.2973524205522674,0.766814896517167,0.974324511454128
Reactome,REACTOME_MITOCHONDRIAL_TRNA_AMINOACYLATION,Reactome|REACTOME_MITOCHONDRIAL_TRNA_AMINOACYLATION,BFR_vs_HLRT_at_T2,0.012160819886064649,0.9929861518391948,0.32311575837109885,0.8513283656704203
Reactome,REACTOME_MITOPHAGY,Reactome|REACTOME_MITOPHAGY,BFR_vs_HLRT_at_T2,-0.005292963035676945,-1.069926015894353,0.287230872511687,0.8467531727438525
Reactome,REACTOME_MITOTIC_G2_G2_M_PHASES,Reactome|REACTOME_MITOTIC_G2_G2_M_PHASES,BFR_vs_HLRT_at_T2,0.0032472623051121308,0.8913607418454469,0.3748774875955846,0.8872132768864965
Reactome,REACTOME_MITOTIC_PROMETAPHASE,Reactome|REACTOME_MITOTIC_PROMETAPHASE,BFR_vs_HLRT_at_T2,0.00115502128483011,0.25592538207025806,0.7985346851361654,0.9744821438678918
Reactome,REACTOME_MITOTIC_PROPHASE,Reactome|REACTOME_MITOTIC_PROPHASE,BFR_vs_HLRT_at_T2,-0.002827914567357294,-0.5004851199660085,0.6178343316119619,0.9488415495488363
Reactome,REACTOME_MRNA_SPLICING_MINOR_PATHWAY,Reactome|REACTOME_MRNA_SPLICING_MINOR_PATHWAY,BFR_vs_HLRT_at_T2,0.0019148382362923488,0.16425310341923618,0.8698637665598231,0.9785796684000939
Reactome,REACTOME_MTOR_SIGNALLING,Reactome|REACTOME_MTOR_SIGNALLING,BFR_vs_HLRT_at_T2,-0.0020913219777324715,-0.4624088876904129,0.6447936763273243,0.9488415495488363
Reactome,REACTOME_MUSCLE_CONTRACTION,Reactome|REACTOME_MUSCLE_CONTRACTION,BFR_vs_HLRT_at_T2,-0.019002177044357804,-2.1264899407167412,0.03592613792806569,0.8127474399492993
Reactome,REACTOME_M_PHASE,Reactome|REACTOME_M_PHASE,BFR_vs_HLRT_at_T2,9.66242753905e-4,0.2969578699166397,0.7671152262127523,0.974324511454128
Reactome,REACTOME_NCAM_SIGNALING_FOR_NEURITE_OUT_GROWTH,Reactome|REACTOME_NCAM_SIGNALING_FOR_NEURITE_OUT_GROWTH,BFR_vs_HLRT_at_T2,-0.021012458765212606,-0.9827878089173664,0.32808604927188934,0.8513283656704203
Reactome,REACTOME_NEDDYLATION,Reactome|REACTOME_NEDDYLATION,BFR_vs_HLRT_at_T2,0.003321778770262851,0.8149618271529407,0.41703276468649475,0.9162421613574685
Reactome,REACTOME_NEGATIVE_REGULATION_OF_MAPK_PATHWAY,Reactome|REACTOME_NEGATIVE_REGULATION_OF_MAPK_PATHWAY,BFR_vs_HLRT_at_T2,0.005904902950035179,0.7614263569147692,0.4481961603530271,0.9162421613574685
Reactome,REACTOME_NEGATIVE_REGULATION_OF_THE_PI3K_AKT_NETWORK,Reactome|REACTOME_NEGATIVE_REGULATION_OF_THE_PI3K_AKT_NETWORK,BFR_vs_HLRT_at_T2,-0.004712353846808454,-0.7060005506729755,0.48183097415824017,0.9256585918762809
Reactome,REACTOME_NEURONAL_SYSTEM,Reactome|REACTOME_NEURONAL_SYSTEM,BFR_vs_HLRT_at_T2,0.001200441030556193,0.330230204471171,0.7419175377217448,0.974324511454128
Reactome,REACTOME_NEUTROPHIL_DEGRANULATION,Reactome|REACTOME_NEUTROPHIL_DEGRANULATION,BFR_vs_HLRT_at_T2,9.097638416968312e-4,0.18301281763048385,0.8551588664310289,0.9785776453155454
Reactome,REACTOME_NON_INTEGRIN_MEMBRANE_ECM_INTERACTIONS,Reactome|REACTOME_NON_INTEGRIN_MEMBRANE_ECM_INTERACTIONS,BFR_vs_HLRT_at_T2,-0.014093400286444903,-0.6728123199358762,0.5026200498875734,0.9256585918762809
Reactome,REACTOME_NUCLEAR_ENVELOPE_NE_REASSEMBLY,Reactome|REACTOME_NUCLEAR_ENVELOPE_NE_REASSEMBLY,BFR_vs_HLRT_at_T2,-5.621909888516574e-4,-0.13586430340404812,0.8922019520598385,0.9791485600224988
Reactome,REACTOME_ONCOGENIC_MAPK_SIGNALING,Reactome|REACTOME_ONCOGENIC_MAPK_SIGNALING,BFR_vs_HLRT_at_T2,-0.004607302809326974,-0.9998189751464096,0.31981371618382937,0.8513283656704203
Reactome,REACTOME_ORGANELLE_BIOGENESIS_AND_MAINTENANCE,Reactome|REACTOME_ORGANELLE_BIOGENESIS_AND_MAINTENANCE,BFR_vs_HLRT_at_T2,0.0012311241308415877,0.3815459838379545,0.7036084674602129,0.9539722166178346
Reactome,REACTOME_PEPTIDE_HORMONE_METABOLISM,Reactome|REACTOME_PEPTIDE_HORMONE_METABOLISM,BFR_vs_HLRT_at_T2,0.006193965041568045,0.7640934187882588,0.44661252578141786,0.9162421613574685
Reactome,REACTOME_PEROXISOMAL_PROTEIN_IMPORT,Reactome|REACTOME_PEROXISOMAL_PROTEIN_IMPORT,BFR_vs_HLRT_at_T2,0.006923540543140427,1.155638991738004,0.25058526581815926,0.8467531727438525
Reactome,REACTOME_PHASE_I_FUNCTIONALIZATION_OF_COMPOUNDS,Reactome|REACTOME_PHASE_I_FUNCTIONALIZATION_OF_COMPOUNDS,BFR_vs_HLRT_at_T2,-6.066964579186651e-4,-0.10282770739741737,0.9183058427382998,0.9823807703986269
Reactome,REACTOME_PHOSPHOLIPID_METABOLISM,Reactome|REACTOME_PHOSPHOLIPID_METABOLISM,BFR_vs_HLRT_at_T2,-0.003197567900529996,-0.6449780511295864,0.5204198436918184,0.9350632963893647
Reactome,REACTOME_PKR_MEDIATED_SIGNALING,Reactome|REACTOME_PKR_MEDIATED_SIGNALING,BFR_vs_HLRT_at_T2,-0.002076637660390901,-0.4895303574303529,0.6255394554514446,0.9488415495488363
Reactome,REACTOME_PLASMA_LIPOPROTEIN_ASSEMBLY_REMODELING_AND_CLEARANCE,Reactome|REACTOME_PLASMA_LIPOPROTEIN_ASSEMBLY_REMODELING_AND_CLEARANCE,BFR_vs_HLRT_at_T2,0.0052114175302202526,0.7430983609816572,0.45916605618665607,0.917063118572803
Reactome,REACTOME_PLATELET_ACTIVATION_SIGNALING_AND_AGGREGATION,Reactome|REACTOME_PLATELET_ACTIVATION_SIGNALING_AND_AGGREGATION,BFR_vs_HLRT_at_T2,-0.004517801781943748,-0.6776834582428609,0.4995389233210148,0.9256585918762809
Reactome,REACTOME_PLATELET_HOMEOSTASIS,Reactome|REACTOME_PLATELET_HOMEOSTASIS,BFR_vs_HLRT_at_T2,9.650036201496459e-4,0.16113998164695637,0.8723085731892241,0.9785796684000939
Reactome,REACTOME_POTENTIAL_THERAPEUTICS_FOR_SARS,Reactome|REACTOME_POTENTIAL_THERAPEUTICS_FOR_SARS,BFR_vs_HLRT_at_T2,0.001130787979214315,0.3213561647691532,0.7486118618054429,0.974324511454128
Reactome,REACTOME_PROCESSING_OF_CAPPED_INTRON_CONTAINING_PRE_MRNA,Reactome|REACTOME_PROCESSING_OF_CAPPED_INTRON_CONTAINING_PRE_MRNA,BFR_vs_HLRT_at_T2,-0.01200323083576911,-1.7254814672243246,0.08753272211330453,0.8127474399492993
Reactome,REACTOME_PROGRAMMED_CELL_DEATH,Reactome|REACTOME_PROGRAMMED_CELL_DEATH,BFR_vs_HLRT_at_T2,-6.329359536345613e-4,-0.2279482210674854,0.8201523925765967,0.9744821438678918
Reactome,REACTOME_PROTEIN_FOLDING,Reactome|REACTOME_PROTEIN_FOLDING,BFR_vs_HLRT_at_T2,0.008369935980990534,1.4845441299607705,0.14081314346058335,0.8127474399492993
Reactome,REACTOME_PROTEIN_LOCALIZATION,Reactome|REACTOME_PROTEIN_LOCALIZATION,BFR_vs_HLRT_at_T2,0.003106108230001403,0.5897303940615461,0.5567028614795597,0.9449482377151821
Reactome,REACTOME_PROTEIN_UBIQUITINATION,Reactome|REACTOME_PROTEIN_UBIQUITINATION,BFR_vs_HLRT_at_T2,0.005455310448070849,1.1150183829674754,0.26751767990197495,0.8467531727438525
Reactome,REACTOME_PYRUVATE_METABOLISM,Reactome|REACTOME_PYRUVATE_METABOLISM,BFR_vs_HLRT_at_T2,0.006921796386566981,1.5264635546294791,0.130054335568336,0.8127474399492993
Reactome,REACTOME_RAB_GERANYLGERANYLATION,Reactome|REACTOME_RAB_GERANYLGERANYLATION,BFR_vs_HLRT_at_T2,-0.0036105066689893356,-0.5831558307149611,0.5611025442008102,0.9449482377151821
Reactome,REACTOME_RAB_REGULATION_OF_TRAFFICKING,Reactome|REACTOME_RAB_REGULATION_OF_TRAFFICKING,BFR_vs_HLRT_at_T2,-0.0038695642774422977,-0.718327382642642,0.47423208319699517,0.9193446525134731
Reactome,REACTOME_RAC1_GTPASE_CYCLE,Reactome|REACTOME_RAC1_GTPASE_CYCLE,BFR_vs_HLRT_at_T2,0.0024271089950494706,0.3281991088799216,0.7434480117089912,0.974324511454128
Reactome,REACTOME_RECYCLING_PATHWAY_OF_L1,Reactome|REACTOME_RECYCLING_PATHWAY_OF_L1,BFR_vs_HLRT_at_T2,-0.0030253057997519095,-0.42447996801641164,0.6721285638736187,0.9488415495488363
Reactome,REACTOME_REGULATED_NECROSIS,Reactome|REACTOME_REGULATED_NECROSIS,BFR_vs_HLRT_at_T2,0.00308667506431054,0.45806652677851906,0.6478994644612561,0.9488415495488363
Reactome,REACTOME_REGULATION_OF_CDH1_POSTTRANSLATIONAL_PROCESSING_AND_TRAFFICKING_TO_PLASMA_MEMBRANE,Reactome|REACTOME_REGULATION_OF_CDH1_POSTTRANSLATIONAL_PROCESSING_AND_TRAFFICKING_TO_PLASMA_MEMBRANE,BFR_vs_HLRT_at_T2,-0.019314341145903358,-2.485601943752949,0.014593206659008139,0.8127474399492993
Reactome,REACTOME_REGULATION_OF_CHOLESTEROL_BIOSYNTHESIS_BY_SREBP_SREBF,Reactome|REACTOME_REGULATION_OF_CHOLESTEROL_BIOSYNTHESIS_BY_SREBP_SREBF,BFR_vs_HLRT_at_T2,0.008044492498647964,1.3594497516807675,0.17706480401027075,0.8127474399492993
Reactome,REACTOME_REGULATION_OF_INSULIN_LIKE_GROWTH_FACTOR_IGF_TRANSPORT_AND_UPTAKE_BY_INSULIN_LIKE_GROWTH_FACTOR_BINDING_PROTEINS_IGFBPS,Reactome|REACTOME_REGULATION_OF_INSULIN_LIKE_GROWTH_FACTOR_IGF_TRANSPORT_AND_UPTAKE_BY_INSULIN_LIKE_GROWTH_FACTOR_BINDING_PROTEINS_IGFBPS,BFR_vs_HLRT_at_T2,-0.006419144993093113,-0.4720454007768338,0.6379238446438922,0.9488415495488363
Reactome,REACTOME_REGULATION_OF_PLK1_ACTIVITY_AT_G2_M_TRANSITION,Reactome|REACTOME_REGULATION_OF_PLK1_ACTIVITY_AT_G2_M_TRANSITION,BFR_vs_HLRT_at_T2,2.2201448470232643e-4,0.05552305081072351,0.955832658042612,0.9856057452210973
Reactome,REACTOME_REGULATION_OF_TP53_ACTIVITY,Reactome|REACTOME_REGULATION_OF_TP53_ACTIVITY,BFR_vs_HLRT_at_T2,-9.445175925722211e-4,-0.13235671557364137,0.894968367079388,0.9791485600224988
Reactome,REACTOME_REGULATION_OF_T_CELL_ACTIVATION_BY_CD28_FAMILY,Reactome|REACTOME_REGULATION_OF_T_CELL_ACTIVATION_BY_CD28_FAMILY,BFR_vs_HLRT_at_T2,-0.0018779712372106738,-0.5661364633719965,0.5725705759556301,0.9449482377151821
Reactome,REACTOME_RESPIRATORY_SYNCYTIAL_VIRUS_INFECTION_PATHWAY,Reactome|REACTOME_RESPIRATORY_SYNCYTIAL_VIRUS_INFECTION_PATHWAY,BFR_vs_HLRT_at_T2,-0.004050587406703748,-0.8867061741974908,0.3773667331553424,0.8872132768864965
Reactome,REACTOME_RHOA_GTPASE_CYCLE,Reactome|REACTOME_RHOA_GTPASE_CYCLE,BFR_vs_HLRT_at_T2,-0.004084926041934735,-0.6945791328042161,0.4889313118440133,0.9256585918762809
Reactome,REACTOME_RHOBTB_GTPASE_CYCLE,Reactome|REACTOME_RHOBTB_GTPASE_CYCLE,BFR_vs_HLRT_at_T2,-0.005572081274427154,-0.9965393782337573,0.32139581412159257,0.8513283656704203
Reactome,REACTOME_RHOB_GTPASE_CYCLE,Reactome|REACTOME_RHOB_GTPASE_CYCLE,BFR_vs_HLRT_at_T2,6.64635474285899e-4,0.059180097191003485,0.952926882164806,0.9856057452210973
Reactome,REACTOME_RHOD_GTPASE_CYCLE,Reactome|REACTOME_RHOD_GTPASE_CYCLE,BFR_vs_HLRT_at_T2,0.0019809175814566905,0.2307092946052387,0.8180124619570678,0.9744821438678918
Reactome,REACTOME_RHOG_GTPASE_CYCLE,Reactome|REACTOME_RHOG_GTPASE_CYCLE,BFR_vs_HLRT_at_T2,0.003929146575860493,0.7552059402127419,0.4519022424794754,0.9162421613574685
Reactome,REACTOME_RHOH_GTPASE_CYCLE,Reactome|REACTOME_RHOH_GTPASE_CYCLE,BFR_vs_HLRT_at_T2,5.012460855266521e-4,0.10407757644148088,0.9173164456967329,0.9823807703986269
Reactome,REACTOME_RHOQ_GTPASE_CYCLE,Reactome|REACTOME_RHOQ_GTPASE_CYCLE,BFR_vs_HLRT_at_T2,-0.003601396310140035,-0.6182989687343527,0.537785409240632,0.9432585352553943
Reactome,REACTOME_RHOU_GTPASE_CYCLE,Reactome|REACTOME_RHOU_GTPASE_CYCLE,BFR_vs_HLRT_at_T2,-0.004200827990615602,-0.503816918097631,0.61549926926165055,0.9488415495488363
Reactome,REACTOME_RHO_GTPASES_ACTIVATE_PAKS,Reactome|REACTOME_RHO_GTPASES_ACTIVATE_PAKS,BFR_vs_HLRT_at_T2,-0.015547271323136519,-1.3884641065912686,0.16808393344387393,0.8127474399492993
Reactome,REACTOME_RHO_GTPASES_ACTIVATE_PKNS,Reactome|REACTOME_RHO_GTPASES_ACTIVATE_PKNS,BFR_vs_HLRT_at_T2,-0.009135549474975024,-1.4445376961297376,0.15171695284143205,0.8127474399492993
Reactome,REACTOME_RHO_GTPASE_CYCLE,Reactome|REACTOME_RHO_GTPASE_CYCLE,BFR_vs_HLRT_at_T2,-0.0019573613893939038,-0.44049400153144574,0.6605310284020778,0.9488415495488363
Reactome,REACTOME_RHO_GTPASE_EFFECTORS,Reactome|REACTOME_RHO_GTPASE_EFFECTORS,BFR_vs_HLRT_at_T2,-0.0032634157771374017,-0.6036082211455579,0.5474722609303233,0.9449482377151821
Reactome,REACTOME_SARS_COV_1_INFECTION,Reactome|REACTOME_SARS_COV_1_INFECTION,BFR_vs_HLRT_at_T2,-0.01076019754217522,-1.472744792236233,0.14396353867790146,0.8127474399492993
Reactome,REACTOME_SARS_COV_2_ACTIVATES_MODULATES_INNATE_AND_ADAPTIVE_IMMUNE_RESPONSES,Reactome|REACTOME_SARS_COV_2_ACTIVATES_MODULATES_INNATE_AND_ADAPTIVE_IMMUNE_RESPONSES,BFR_vs_HLRT_at_T2,-8.857545069152033e-4,-0.19616401701638744,0.8448802706482659,0.9785776453155454
Reactome,REACTOME_SARS_COV_2_MODULATES_HOST_TRANSLATION_MACHINERY,Reactome|REACTOME_SARS_COV_2_MODULATES_HOST_TRANSLATION_MACHINERY,BFR_vs_HLRT_at_T2,-0.0177164154486531,-1.1822805608759963,0.23990075929533147,0.8467531727438525
Reactome,REACTOME_SARS_COV_INFECTIONS,Reactome|REACTOME_SARS_COV_INFECTIONS,BFR_vs_HLRT_at_T2,-0.005739830085349756,-1.3524080330395334,0.1792982084781554,0.8127474399492993
Reactome,REACTOME_SEALING_OF_THE_NUCLEAR_ENVELOPE_NE_BY_ESCRT_III,Reactome|REACTOME_SEALING_OF_THE_NUCLEAR_ENVELOPE_NE_BY_ESCRT_III,BFR_vs_HLRT_at_T2,3.810378294072658e-4,0.05717716444473098,0.9545182743752869,0.9856057452210973
Reactome,REACTOME_SEMAPHORIN_INTERACTIONS,Reactome|REACTOME_SEMAPHORIN_INTERACTIONS,BFR_vs_HLRT_at_T2,-0.004272309923799483,-0.5658316943381465,0.5727769617040619,0.9449482377151821
Reactome,REACTOME_SENSORY_PROCESSING_OF_SOUND,Reactome|REACTOME_SENSORY_PROCESSING_OF_SOUND,BFR_vs_HLRT_at_T2,-0.010893215303629356,-1.4756342882028175,0.1431870231218354,0.8127474399492993
Reactome,REACTOME_SIGNALING_BY_ALK_IN_CANCER,Reactome|REACTOME_SIGNALING_BY_ALK_IN_CANCER,BFR_vs_HLRT_at_T2,-0.007141315585555266,-1.3045460529332908,0.19504480888848258,0.8127474399492993
Reactome,REACTOME_SIGNALING_BY_FGFR,Reactome|REACTOME_SIGNALING_BY_FGFR,BFR_vs_HLRT_at_T2,-0.0060651344951594445,-0.9551909099917931,0.3417868349155133,0.8682171323715914
Reactome,REACTOME_SIGNALING_BY_INSULIN_RECEPTOR,Reactome|REACTOME_SIGNALING_BY_INSULIN_RECEPTOR,BFR_vs_HLRT_at_T2,0.0029767067066279462,0.37402667468788336,0.7091771266983712,0.9556594207337807
Reactome,REACTOME_SIGNALING_BY_INTERLEUKINS,Reactome|REACTOME_SIGNALING_BY_INTERLEUKINS,BFR_vs_HLRT_at_T2,6.644325295053766e-4,0.2415797313352552,0.809601002046957,0.9744821438678918
Reactome,REACTOME_SIGNALING_BY_MET,Reactome|REACTOME_SIGNALING_BY_MET,BFR_vs_HLRT_at_T2,-0.017245440317472473,-1.273402817970989,0.20583015426397558,0.8270629834970655
Reactome,REACTOME_SIGNALING_BY_NOTCH,Reactome|REACTOME_SIGNALING_BY_NOTCH,BFR_vs_HLRT_at_T2,0.001438498457641213,0.3912182210436818,0.6964690867156285,0.9539722166178346
Reactome,REACTOME_SIGNALING_BY_NTRKS,Reactome|REACTOME_SIGNALING_BY_NTRKS,BFR_vs_HLRT_at_T2,0.006014402598794141,1.153545500113194,0.25143892612718005,0.8467531727438525
Reactome,REACTOME_SIGNALING_BY_NUCLEAR_RECEPTORS,Reactome|REACTOME_SIGNALING_BY_NUCLEAR_RECEPTORS,BFR_vs_HLRT_at_T2,-4.208804410214817e-4,-0.09353023591408431,0.9256696532293736,0.9823807703986269
Reactome,REACTOME_SIGNALING_BY_PDGF,Reactome|REACTOME_SIGNALING_BY_PDGF,BFR_vs_HLRT_at_T2,-0.01269946847182181,-0.6053439881669934,0.546323173919854,0.9449482377151821
Reactome,REACTOME_SIGNALING_BY_RETINOIC_ACID,Reactome|REACTOME_SIGNALING_BY_RETINOIC_ACID,BFR_vs_HLRT_at_T2,-0.0029438038525609334,-0.5338197905383895,0.5946520333673813,0.9488415495488363
Reactome,REACTOME_SIGNALING_BY_ROBO_RECEPTORS,Reactome|REACTOME_SIGNALING_BY_ROBO_RECEPTORS,BFR_vs_HLRT_at_T2,-0.014657730609627995,-1.710305471887559,0.09031335637108552,0.8127474399492993
Reactome,REACTOME_SIGNALING_BY_TGFB_FAMILY_MEMBERS,Reactome|REACTOME_SIGNALING_BY_TGFB_FAMILY_MEMBERS,BFR_vs_HLRT_at_T2,-2.509645037033076e-4,-0.05172988644232574,0.9588472182015201,0.9856057452210973
Reactome,REACTOME_SIGNALING_BY_VEGF,Reactome|REACTOME_SIGNALING_BY_VEGF,BFR_vs_HLRT_at_T2,0.0029216082059332696,0.6503115632378056,0.5169837415558989,0.9350632963893647
Reactome,REACTOME_SIGNALING_BY_WNT,Reactome|REACTOME_SIGNALING_BY_WNT,BFR_vs_HLRT_at_T2,9.506095660066216e-4,0.2583711378433512,0.796652040247472,0.9744821438678918
Reactome,REACTOME_SIGNALLING_TO_ERKS,Reactome|REACTOME_SIGNALLING_TO_ERKS,BFR_vs_HLRT_at_T2,0.008903859020100297,1.3963916965655843,0.16569151113061242,0.8127474399492993
Reactome,REACTOME_SLC_MEDIATED_TRANSMEMBRANE_TRANSPORT,Reactome|REACTOME_SLC_MEDIATED_TRANSMEMBRANE_TRANSPORT,BFR_vs_HLRT_at_T2,0.010547476561422214,1.2990637219867032,0.1969122807917026,0.8127474399492993
Reactome,REACTOME_SMOOTH_MUSCLE_CONTRACTION,Reactome|REACTOME_SMOOTH_MUSCLE_CONTRACTION,BFR_vs_HLRT_at_T2,-0.01147406054914446,-1.4385422313871818,0.15340581895438704,0.8127474399492993
Reactome,REACTOME_STRIATED_MUSCLE_CONTRACTION,Reactome|REACTOME_STRIATED_MUSCLE_CONTRACTION,BFR_vs_HLRT_at_T2,-0.031080966849273584,-1.592971544717739,0.11432581463859605,0.8127474399492993
Reactome,REACTOME_SULFUR_AMINO_ACID_METABOLISM,Reactome|REACTOME_SULFUR_AMINO_ACID_METABOLISM,BFR_vs_HLRT_at_T2,0.01395468898756913,1.7619974433577763,0.08112861371952482,0.8127474399492993
Reactome,REACTOME_SUMOYLATION,Reactome|REACTOME_SUMOYLATION,BFR_vs_HLRT_at_T2,0.0018628959764805525,0.3176133569645524,0.7514411409705244,0.974324511454128
Reactome,REACTOME_TBC_RABGAPS,Reactome|REACTOME_TBC_RABGAPS,BFR_vs_HLRT_at_T2,-0.0036635620844660127,-0.4506061504510302,0.6532498782253986,0.9488415495488363
Reactome,REACTOME_TOLL_LIKE_RECEPTOR_CASCADES,Reactome|REACTOME_TOLL_LIKE_RECEPTOR_CASCADES,BFR_vs_HLRT_at_T2,0.0014415329790629927,0.2641294438922114,0.7922242857281259,0.9744821438678918
Reactome,REACTOME_TRANSCRIPTIONAL_ACTIVITY_OF_SMAD2_SMAD3_SMAD4_HETEROTRIMER,Reactome|REACTOME_TRANSCRIPTIONAL_ACTIVITY_OF_SMAD2_SMAD3_SMAD4_HETEROTRIMER,BFR_vs_HLRT_at_T2,-0.0012440492792885338,-0.18123053831642003,0.856553806935155,0.9785776453155454
Reactome,REACTOME_TRANSCRIPTIONAL_REGULATION_BY_TP53,Reactome|REACTOME_TRANSCRIPTIONAL_REGULATION_BY_TP53,BFR_vs_HLRT_at_T2,0.0012921376824156228,0.44858745532777133,0.6547007726444547,0.9488415495488363
Reactome,REACTOME_TRANSCRIPTION_COUPLED_NUCLEOTIDE_EXCISION_REPAIR_TC_NER,Reactome|REACTOME_TRANSCRIPTION_COUPLED_NUCLEOTIDE_EXCISION_REPAIR_TC_NER,BFR_vs_HLRT_at_T2,0.006222883329822695,0.9212846676048585,0.35912130121912444,0.8721517315321593
Reactome,REACTOME_TRANSLATION,Reactome|REACTOME_TRANSLATION,BFR_vs_HLRT_at_T2,-0.010305826755629438,-1.4648435599238336,0.1461036316155359,0.8127474399492993
Reactome,REACTOME_TRANSLOCATION_OF_SLC2A4_GLUT4_TO_THE_PLASMA_MEMBRANE,Reactome|REACTOME_TRANSLOCATION_OF_SLC2A4_GLUT4_TO_THE_PLASMA_MEMBRANE,BFR_vs_HLRT_at_T2,0.0011093794362057874,0.22878723525533104,0.8195019820468583,0.9744821438678918
Reactome,REACTOME_TRANSPORT_OF_MATURE_TRANSCRIPT_TO_CYTOPLASM,Reactome|REACTOME_TRANSPORT_OF_MATURE_TRANSCRIPT_TO_CYTOPLASM,BFR_vs_HLRT_at_T2,-0.011643791577028384,-1.1062704840424538,0.27126632997420685,0.8467531727438525
Reactome,REACTOME_TRANS_GOLGI_NETWORK_VESICLE_BUDDING,Reactome|REACTOME_TRANS_GOLGI_NETWORK_VESICLE_BUDDING,BFR_vs_HLRT_at_T2,0.0013294255300262126,0.15062989342178118,0.880571402632282,0.9791485600224988
Reactome,REACTOME_TRIGLYCERIDE_METABOLISM,Reactome|REACTOME_TRIGLYCERIDE_METABOLISM,BFR_vs_HLRT_at_T2,8.299437884739524e-4,0.13902515865772083,0.8897101422726288,0.9791485600224988
Reactome,REACTOME_TRNA_AMINOACYLATION,Reactome|REACTOME_TRNA_AMINOACYLATION,BFR_vs_HLRT_at_T2,0.005391061491997719,0.8116973312007069,0.41889513362113273,0.9162421613574685
Reactome,REACTOME_TRNA_PROCESSING,Reactome|REACTOME_TRNA_PROCESSING,BFR_vs_HLRT_at_T2,0.013447415777420826,2.260755968765747,0.0259433650707795,0.8127474399492993
Reactome,REACTOME_UNFOLDED_PROTEIN_RESPONSE_UPR,Reactome|REACTOME_UNFOLDED_PROTEIN_RESPONSE_UPR,BFR_vs_HLRT_at_T2,-0.005065714224281509,-0.9062627661927735,0.3669774478213078,0.8815436518316198
Reactome,REACTOME_VISUAL_PHOTOTRANSDUCTION,Reactome|REACTOME_VISUAL_PHOTOTRANSDUCTION,BFR_vs_HLRT_at_T2,-0.01253749782070375,-1.430844156252022,0.1555955280141357,0.8127474399492993
GOBP,GOBP_ACETYL_COA_METABOLIC_PROCESS,GOBP|GOBP_ACETYL_COA_METABOLIC_PROCESS,BFR_vs_HLRT_at_T2,0.004721469415237822,0.939903291453061,0.3495342372761463,0.9261899601054855
GOBP,GOBP_ACTIN_FILAMENT_BASED_MOVEMENT,GOBP|GOBP_ACTIN_FILAMENT_BASED_MOVEMENT,BFR_vs_HLRT_at_T2,-0.015752506966966395,-2.4058662954281065,0.017973190654054855,0.5590821941229721
GOBP,GOBP_ACTIN_FILAMENT_BUNDLE_ORGANIZATION,GOBP|GOBP_ACTIN_FILAMENT_BUNDLE_ORGANIZATION,BFR_vs_HLRT_at_T2,-0.0073919486117506525,-1.0986573719401702,0.27455829981374086,0.8683185254271967
GOBP,GOBP_ACTIN_FILAMENT_ORGANIZATION,GOBP|GOBP_ACTIN_FILAMENT_ORGANIZATION,BFR_vs_HLRT_at_T2,-0.011698598130935933,-1.6479623751451347,0.10250212506847932,0.7558282553829123
GOBP,GOBP_ACTIN_FILAMENT_POLYMERIZATION,GOBP|GOBP_ACTIN_FILAMENT_POLYMERIZATION,BFR_vs_HLRT_at_T2,-0.010427687554178,-1.2723914116462591,0.20618765053584578,0.795945020058188
GOBP,GOBP_ACTIN_NUCLEATION,GOBP|GOBP_ACTIN_NUCLEATION,BFR_vs_HLRT_at_T2,-0.012926982489922863,-1.3581814895862938,0.1774654947921327,0.7904197087067137
GOBP,GOBP_ACTION_POTENTIAL,GOBP|GOBP_ACTION_POTENTIAL,BFR_vs_HLRT_at_T2,-0.007427010279586366,-1.7045633252483967,0.09138410447731117,0.7558282553829123
GOBP,GOBP_ACTOMYOSIN_STRUCTURE_ORGANIZATION,GOBP|GOBP_ACTOMYOSIN_STRUCTURE_ORGANIZATION,BFR_vs_HLRT_at_T2,-0.01917334853933353,-1.9212124939872361,0.057555344076805966,0.722226736963791
GOBP,GOBP_ACYL_COA_METABOLIC_PROCESS,GOBP|GOBP_ACYL_COA_METABOLIC_PROCESS,BFR_vs_HLRT_at_T2,0.00812537501618596,1.5548224584937127,0.12315074782376531,0.7799992205602225
GOBP,GOBP_ADAPTIVE_IMMUNE_RESPONSE_BASED_ON_SOMATIC_RECOMBINATION_OF_IMMUNE_RECEPTORS_BUILT_FROM_IMMUNOGLOBULIN_SUPERFAMILY_DOMAINS,GOBP|GOBP_ADAPTIVE_IMMUNE_RESPONSE_BASED_ON_SOMATIC_RECOMBINATION_OF_IMMUNE_RECEPTORS_BUILT_FROM_IMMUNOGLOBULIN_SUPERFAMILY_DOMAINS,BFR_vs_HLRT_at_T2,0.003627214262823364,0.7437044512018501,0.4588008670560362,0.9297193617869095
GOBP,GOBP_ADENYLATE_CYCLASE_MODULATING_G_PROTEIN_COUPLED_RECEPTOR_SIGNALING_PATHWAY,GOBP|GOBP_ADENYLATE_CYCLASE_MODULATING_G_PROTEIN_COUPLED_RECEPTOR_SIGNALING_PATHWAY,BFR_vs_HLRT_at_T2,-0.005510217262249317,-0.6557337803190799,0.5135027575108444,0.9297193617869095
GOBP,GOBP_ALCOHOL_BIOSYNTHETIC_PROCESS,GOBP|GOBP_ALCOHOL_BIOSYNTHETIC_PROCESS,BFR_vs_HLRT_at_T2,0.009421705607585595,2.237401657694268,0.027481619126383496,0.5894167639595287
GOBP,GOBP_ALCOHOL_METABOLIC_PROCESS,GOBP|GOBP_ALCOHOL_METABOLIC_PROCESS,BFR_vs_HLRT_at_T2,0.008422355629980977,2.3630440968249697,0.02006192216667242,0.5590821941229721
GOBP,GOBP_ALDEHYDE_METABOLIC_PROCESS,GOBP|GOBP_ALDEHYDE_METABOLIC_PROCESS,BFR_vs_HLRT_at_T2,0.004295241343284462,0.858873440567373,0.3924664728869124,0.9261899601054855
GOBP,GOBP_ALTERNATIVE_MRNA_SPLICING_VIA_SPLICEOSOME,GOBP|GOBP_ALTERNATIVE_MRNA_SPLICING_VIA_SPLICEOSOME,BFR_vs_HLRT_at_T2,-0.016764940973296005,-1.3687992076431998,0.17413205191845782,0.7904197087067137
GOBP,GOBP_AMEBOIDAL_TYPE_CELL_MIGRATION,GOBP|GOBP_AMEBOIDAL_TYPE_CELL_MIGRATION,BFR_vs_HLRT_at_T2,-0.005251594664500949,-1.0430441757916187,0.29944532844533756,0.9013993576829025
GOBP,GOBP_AMIDE_BIOSYNTHETIC_PROCESS,GOBP|GOBP_AMIDE_BIOSYNTHETIC_PROCESS,BFR_vs_HLRT_at_T2,0.011777400761471074,2.3632348719402345,0.02005215876305696,0.5590821941229721
GOBP,GOBP_AMINE_METABOLIC_PROCESS,GOBP|GOBP_AMINE_METABOLIC_PROCESS,BFR_vs_HLRT_at_T2,0.010103331340408597,1.4349510796026679,0.1544243401704524,0.785242723219686
GOBP,GOBP_AMINO_ACID_BIOSYNTHETIC_PROCESS,GOBP|GOBP_AMINO_ACID_BIOSYNTHETIC_PROCESS,BFR_vs_HLRT_at_T2,0.00995179929540399,1.6456472871239614,0.1029791710418878,0.7558282553829123
GOBP,GOBP_AMINO_ACID_METABOLIC_PROCESS,GOBP|GOBP_AMINO_ACID_METABOLIC_PROCESS,BFR_vs_HLRT_at_T2,0.010183102298917113,2.3183120449768553,0.022470749034509293,0.5827414249616076
GOBP,GOBP_AMYLOID_BETA_METABOLIC_PROCESS,GOBP|GOBP_AMYLOID_BETA_METABOLIC_PROCESS,BFR_vs_HLRT_at_T2,0.004085560681770822,0.732250407835105,0.4657301923353213,0.9297193617869095
GOBP,GOBP_AMYLOID_FIBRIL_FORMATION,GOBP|GOBP_AMYLOID_FIBRIL_FORMATION,BFR_vs_HLRT_at_T2,0.006956393469335409,1.486795648504682,0.14021815184953185,0.7804698505412709
GOBP,GOBP_ANTIGEN_PROCESSING_AND_PRESENTATION,GOBP|GOBP_ANTIGEN_PROCESSING_AND_PRESENTATION,BFR_vs_HLRT_at_T2,0.0028933882000124755,0.4354392127956565,0.6641829989172723,0.9577792272151837
GOBP,GOBP_ANTIVIRAL_INNATE_IMMUNE_RESPONSE,GOBP|GOBP_ANTIVIRAL_INNATE_IMMUNE_RESPONSE,BFR_vs_HLRT_at_T2,-4.4171950872515936e-4,-0.05700835642519926,0.9546524060847934,0.9811354979312672
GOBP,GOBP_APICAL_JUNCTION_ASSEMBLY,GOBP|GOBP_APICAL_JUNCTION_ASSEMBLY,BFR_vs_HLRT_at_T2,-0.0014332178180855026,-0.2502394464865714,0.8029160709403385,0.9766194999212333
GOBP,GOBP_APOPTOTIC_MITOCHONDRIAL_CHANGES,GOBP|GOBP_APOPTOTIC_MITOCHONDRIAL_CHANGES,BFR_vs_HLRT_at_T2,0.0061525437108798375,1.510171223906694,0.13415628551173953,0.7804698505412709
GOBP,GOBP_APPENDAGE_DEVELOPMENT,GOBP|GOBP_APPENDAGE_DEVELOPMENT,BFR_vs_HLRT_at_T2,-0.02539977540887349,-2.6886848849990663,0.008406308214128938,0.5590821941229721
GOBP,GOBP_ARTERY_DEVELOPMENT,GOBP|GOBP_ARTERY_DEVELOPMENT,BFR_vs_HLRT_at_T2,-0.005888336007391817,-0.6070775659343007,0.5451767482837431,0.9488754657641799
GOBP,GOBP_AUTOPHAGOSOME_MATURATION,GOBP|GOBP_AUTOPHAGOSOME_MATURATION,BFR_vs_HLRT_at_T2,0.0023581271642831164,0.3617301174639764,0.7183176872934062,0.9577792272151837
GOBP,GOBP_AUTOPHAGY_OF_MITOCHONDRION,GOBP|GOBP_AUTOPHAGY_OF_MITOCHONDRION,BFR_vs_HLRT_at_T2,3.9207511621719426e-4,0.09059852561343053,0.9279930068399963,0.9809214427913595
GOBP,GOBP_AXO_DENDRITIC_TRANSPORT,GOBP|GOBP_AXO_DENDRITIC_TRANSPORT,BFR_vs_HLRT_at_T2,-0.0017684327695538654,-0.3664892181309818,0.7147751010718094,0.9577792272151837
GOBP,GOBP_BASEMENT_MEMBRANE_ORGANIZATION,GOBP|GOBP_BASEMENT_MEMBRANE_ORGANIZATION,BFR_vs_HLRT_at_T2,-0.01798216286341553,-0.6521646098798158,0.5157927187759399,0.9297193617869095
GOBP,GOBP_BIOLOGICAL_PROCESS_INVOLVED_IN_SYMBIOTIC_INTERACTION,GOBP|GOBP_BIOLOGICAL_PROCESS_INVOLVED_IN_SYMBIOTIC_INTERACTION,BFR_vs_HLRT_at_T2,-0.0033693843287864733,-0.8341240175225378,0.40620119053514525,0.9290103408103872
GOBP,GOBP_BIOMINERAL_TISSUE_DEVELOPMENT,GOBP|GOBP_BIOMINERAL_TISSUE_DEVELOPMENT,BFR_vs_HLRT_at_T2,-0.020581022601989657,-1.2237837978056336,0.22391228618210288,0.8180302164551663
GOBP,GOBP_BLASTOCYST_DEVELOPMENT,GOBP|GOBP_BLASTOCYST_DEVELOPMENT,BFR_vs_HLRT_at_T2,0.002731777607763705,0.5681418092477797,0.5712134755669229,0.9577792272151837
GOBP,GOBP_BLOOD_VESSEL_ENDOTHELIAL_CELL_MIGRATION,GOBP|GOBP_BLOOD_VESSEL_ENDOTHELIAL_CELL_MIGRATION,BFR_vs_HLRT_at_T2,-0.002271069526510558,-0.36459177171954965,0.71618678246452006,0.9577792272151837
GOBP,GOBP_BONE_DEVELOPMENT,GOBP|GOBP_BONE_DEVELOPMENT,BFR_vs_HLRT_at_T2,-0.015087777660844716,-1.4983551826046888,0.13719426298911733,0.7804698505412709
GOBP,GOBP_BRANCHED_CHAIN_AMINO_ACID_METABOLIC_PROCESS,GOBP|GOBP_BRANCHED_CHAIN_AMINO_ACID_METABOLIC_PROCESS,BFR_vs_HLRT_at_T2,0.014018963305599236,1.9018400666003135,0.06007289761574766,0.7302611616414325
GOBP,GOBP_B_CELL_ACTIVATION,GOBP|GOBP_B_CELL_ACTIVATION,BFR_vs_HLRT_at_T2,0.003467819962915706,0.7689351532319367,0.4437459011607251,0.9297193617869095
GOBP,GOBP_CALCIUM_ION_IMPORT,GOBP|GOBP_CALCIUM_ION_IMPORT,BFR_vs_HLRT_at_T2,-0.0036032809217246,-0.5137873421517316,0.6085352284456318,0.9577792272151837
GOBP,GOBP_CALCIUM_ION_TRANSPORT,GOBP|GOBP_CALCIUM_ION_TRANSPORT,BFR_vs_HLRT_at_T2,-0.003449846944661744,-1.2897788656351885,0.20010528313204107,0.795945020058188
GOBP,GOBP_CALCIUM_MEDIATED_SIGNALING,GOBP|GOBP_CALCIUM_MEDIATED_SIGNALING,BFR_vs_HLRT_at_T2,-0.005006897767828755,-0.8617523544498764,0.39088758059308326,0.9261899601054855
GOBP,GOBP_CANONICAL_NF_KAPPAB_SIGNAL_TRANSDUCTION,GOBP|GOBP_CANONICAL_NF_KAPPAB_SIGNAL_TRANSDUCTION,BFR_vs_HLRT_at_T2,-0.0064803442034760406,-1.9891325622983256,0.04942099024836829,0.6906626874245759
GOBP,GOBP_CARBOHYDRATE_BIOSYNTHETIC_PROCESS,GOBP|GOBP_CARBOHYDRATE_BIOSYNTHETIC_PROCESS,BFR_vs_HLRT_at_T2,0.002323883018101436,0.6462713941702056,0.519585514617886,0.9304222092916711
GOBP,GOBP_CARBOHYDRATE_CATABOLIC_PROCESS,GOBP|GOBP_CARBOHYDRATE_CATABOLIC_PROCESS,BFR_vs_HLRT_at_T2,0.004613479779290441,1.3918453808745048,0.16706031743111463,0.7904197087067137
GOBP,GOBP_CARBOHYDRATE_HOMEOSTASIS,GOBP|GOBP_CARBOHYDRATE_HOMEOSTASIS,BFR_vs_HLRT_at_T2,-9.96514164026005e-4,-0.3406625146020236,0.7340730069458503,0.9577792272151837
GOBP,GOBP_CARBOHYDRATE_TRANSPORT,GOBP|GOBP_CARBOHYDRATE_TRANSPORT,BFR_vs_HLRT_at_T2,-7.92549365121702e-4,-0.14222231036409078,0.8871908434643926,0.9774538225748568
GOBP,GOBP_CARBOXYLIC_ACID_TRANSMEMBRANE_TRANSPORT,GOBP|GOBP_CARBOXYLIC_ACID_TRANSMEMBRANE_TRANSPORT,BFR_vs_HLRT_at_T2,1.9838718703091285e-6,3.071305294296539e-4,0.9997555577627462,0.9999990124677018
GOBP,GOBP_CARDIAC_CHAMBER_DEVELOPMENT,GOBP|GOBP_CARDIAC_CHAMBER_DEVELOPMENT,BFR_vs_HLRT_at_T2,-0.012222036542464822,-2.102986058229082,0.037979743222947095,0.6423530484228879
GOBP,GOBP_CARDIAC_CONDUCTION,GOBP|GOBP_CARDIAC_CONDUCTION,BFR_vs_HLRT_at_T2,-0.008635061346055434,-2.085170741872405,0.0396031128881127,0.6555579112117378
GOBP,GOBP_CARDIAC_MUSCLE_CELL_ACTION_POTENTIAL_INVOLVED_IN_CONTRACTION,GOBP|GOBP_CARDIAC_MUSCLE_CELL_ACTION_POTENTIAL_INVOLVED_IN_CONTRACTION,BFR_vs_HLRT_at_T2,-0.010896282537935564,-1.9436037778548247,0.0547569853960606,0.7100155773022525
GOBP,GOBP_CARDIAC_MUSCLE_TISSUE_DEVELOPMENT,GOBP|GOBP_CARDIAC_MUSCLE_TISSUE_DEVELOPMENT,BFR_vs_HLRT_at_T2,-0.014532344160974514,-2.1335586887667515,0.035327625835881185,0.6246566568253538
GOBP,GOBP_CARDIAC_SEPTUM_DEVELOPMENT,GOBP|GOBP_CARDIAC_SEPTUM_DEVELOPMENT,BFR_vs_HLRT_at_T2,-0.0036457426163580275,-0.33285090243205534,0.7399443163052325,0.9577792272151837
GOBP,GOBP_CELLULAR_COMPONENT_ASSEMBLY_INVOLVED_IN_MORPHOGENESIS,GOBP|GOBP_CELLULAR_COMPONENT_ASSEMBLY_INVOLVED_IN_MORPHOGENESIS,BFR_vs_HLRT_at_T2,-0.02400329249890934,-1.7620889982213537,0.08111305566470603,0.7322774711537333
GOBP,GOBP_CELLULAR_COMPONENT_DISASSEMBLY,GOBP|GOBP_CELLULAR_COMPONENT_DISASSEMBLY,BFR_vs_HLRT_at_T2,-0.0034047811575054696,-0.9823794366688883,0.3282861175794244,0.922045485475784
GOBP,GOBP_CELLULAR_OXIDANT_DETOXIFICATION,GOBP|GOBP_CELLULAR_OXIDANT_DETOXIFICATION,BFR_vs_HLRT_at_T2,0.004878785428643617,1.165374593845739,0.24664238256706988,0.8268311603810361
GOBP,GOBP_CELLULAR_PROCESS_INVOLVED_IN_REPRODUCTION_IN_MULTICELLULAR_ORGANISM,GOBP|GOBP_CELLULAR_PROCESS_INVOLVED_IN_REPRODUCTION_IN_MULTICELLULAR_ORGANISM,BFR_vs_HLRT_at_T2,0.003952052167506256,1.232690065544977,0.22058444180487582,0.8172128367818733
GOBP,GOBP_CELLULAR_RESPONSE_TO_ABIOTIC_STIMULUS,GOBP|GOBP_CELLULAR_RESPONSE_TO_ABIOTIC_STIMULUS,BFR_vs_HLRT_at_T2,0.0017576378155348751,0.49416460569640597,0.6222747828765466,0.9577792272151837
GOBP,GOBP_CELLULAR_RESPONSE_TO_ALCOHOL,GOBP|GOBP_CELLULAR_RESPONSE_TO_ALCOHOL,BFR_vs_HLRT_at_T2,0.006731860134693082,0.8646260644710564,0.38931545386587996,0.9261899601054855
GOBP,GOBP_CELLULAR_RESPONSE_TO_CHEMICAL_STRESS,GOBP|GOBP_CELLULAR_RESPONSE_TO_CHEMICAL_STRESS,BFR_vs_HLRT_at_T2,4.942686735398549e-4,0.18107815766107843,0.8566730922157768,0.9774538225748568
GOBP,GOBP_CELLULAR_RESPONSE_TO_CORTICOSTEROID_STIMULUS,GOBP|GOBP_CELLULAR_RESPONSE_TO_CORTICOSTEROID_STIMULUS,BFR_vs_HLRT_at_T2,0.0022111798728428056,0.4577113081013999,0.6481538040333764,0.9577792272151837
GOBP,GOBP_CELLULAR_RESPONSE_TO_EXTERNAL_STIMULUS,GOBP|GOBP_CELLULAR_RESPONSE_TO_EXTERNAL_STIMULUS,BFR_vs_HLRT_at_T2,7.509383568154483e-4,0.07823042317926061,0.9378012400886816,0.9809214427913595
GOBP,GOBP_CELLULAR_RESPONSE_TO_GLUCOSE_STARVATION,GOBP|GOBP_CELLULAR_RESPONSE_TO_GLUCOSE_STARVATION,BFR_vs_HLRT_at_T2,0.012731158113184565,1.7136950529760586,0.08968611962269107,0.7558282553829123
GOBP,GOBP_CELLULAR_RESPONSE_TO_HEAT,GOBP|GOBP_CELLULAR_RESPONSE_TO_HEAT,BFR_vs_HLRT_at_T2,-0.004193278557139232,-0.7518460786769409,0.453911318718489,0.9297193617869095
GOBP,GOBP_CELLULAR_RESPONSE_TO_HYDROGEN_PEROXIDE,GOBP|GOBP_CELLULAR_RESPONSE_TO_HYDROGEN_PEROXIDE,BFR_vs_HLRT_at_T2,0.0023451753690930666,0.4439889992427124,0.6580107548453978,0.9577792272151837
GOBP,GOBP_CELLULAR_RESPONSE_TO_METAL_ION,GOBP|GOBP_CELLULAR_RESPONSE_TO_METAL_ION,BFR_vs_HLRT_at_T2,-0.0031490699219019758,-0.7271856067313286,0.4688129528259751,0.9297193617869095
GOBP,GOBP_CELLULAR_RESPONSE_TO_NUTRIENT_LEVELS,GOBP|GOBP_CELLULAR_RESPONSE_TO_NUTRIENT_LEVELS,BFR_vs_HLRT_at_T2,0.0024545044944077436,0.6514603569512623,0.5162451983186953,0.9297193617869095
GOBP,GOBP_CELLULAR_RESPONSE_TO_OXYGEN_LEVELS,GOBP|GOBP_CELLULAR_RESPONSE_TO_OXYGEN_LEVELS,BFR_vs_HLRT_at_T2,0.0040776150292778784,1.6463787248599115,0.1028282580328901,0.7558282553829123
GOBP,GOBP_CELLULAR_RESPONSE_TO_RADIATION,GOBP|GOBP_CELLULAR_RESPONSE_TO_RADIATION,BFR_vs_HLRT_at_T2,0.0037749654583092707,0.9058910964751203,0.36717319216726474,0.9261899601054855
GOBP,GOBP_CELLULAR_RESPONSE_TO_UV,GOBP|GOBP_CELLULAR_RESPONSE_TO_UV,BFR_vs_HLRT_at_T2,0.0052424965532186125,0.7413409039021834,0.46022591547934444,0.9297193617869095
GOBP,GOBP_CELLULAR_RESPONSE_TO_VASCULAR_ENDOTHELIAL_GROWTH_FACTOR_STIMULUS,GOBP|GOBP_CELLULAR_RESPONSE_TO_VASCULAR_ENDOTHELIAL_GROWTH_FACTOR_STIMULUS,BFR_vs_HLRT_at_T2,-0.005070371854529176,-0.5688477276128778,0.5707361214739832,0.9577792272151837
GOBP,GOBP_CELLULAR_RESPONSE_TO_XENOBIOTIC_STIMULUS,GOBP|GOBP_CELLULAR_RESPONSE_TO_XENOBIOTIC_STIMULUS,BFR_vs_HLRT_at_T2,0.003467251385701642,0.8403315615099636,0.4027292150055619,0.9290103408103872
GOBP,GOBP_CELLULAR_SENESCENCE,GOBP|GOBP_CELLULAR_SENESCENCE,BFR_vs_HLRT_at_T2,0.003982920747859747,0.8712625977230442,0.3856997422905796,0.9261899601054855
GOBP,GOBP_CELL_ACTIVATION_INVOLVED_IN_IMMUNE_RESPONSE,GOBP|GOBP_CELL_ACTIVATION_INVOLVED_IN_IMMUNE_RESPONSE,BFR_vs_HLRT_at_T2,0.0032659019993096366,0.6173021138507564,0.5384399472334864,0.9413624246014662
GOBP,GOBP_CELL_CELL_JUNCTION_ORGANIZATION,GOBP|GOBP_CELL_CELL_JUNCTION_ORGANIZATION,BFR_vs_HLRT_at_T2,-0.0014183330777522707,-0.2339575179612481,0.8154967350846316,0.9771176065028042
GOBP,GOBP_CELL_COMMUNICATION_BY_ELECTRICAL_COUPLING,GOBP|GOBP_CELL_COMMUNICATION_BY_ELECTRICAL_COUPLING,BFR_vs_HLRT_at_T2,-0.015124968169233644,-2.3323317950934124,0.02168967241969856,0.5818815566388097
GOBP,GOBP_CELL_CYCLE_G2_M_PHASE_TRANSITION,GOBP|GOBP_CELL_CYCLE_G2_M_PHASE_TRANSITION,BFR_vs_HLRT_at_T2,0.005465481045876439,0.7290521551376938,0.46767552088549214,0.9297193617869095
GOBP,GOBP_CELL_FATE_COMMITMENT,GOBP|GOBP_CELL_FATE_COMMITMENT,BFR_vs_HLRT_at_T2,-0.0021884846367590874,-0.5424519663140954,0.5887152488047803,0.9577792272151837
GOBP,GOBP_CELL_KILLING,GOBP|GOBP_CELL_KILLING,BFR_vs_HLRT_at_T2,0.0012790263712635086,0.20190038574708835,0.8404051645415735,0.9774538225748568
GOBP,GOBP_CELL_MATURATION,GOBP|GOBP_CELL_MATURATION,BFR_vs_HLRT_at_T2,0.0021962354748762264,0.3231398052116068,0.7472647698195585,0.9577792272151837
GOBP,GOBP_CELL_RECOGNITION,GOBP|GOBP_CELL_RECOGNITION,BFR_vs_HLRT_at_T2,-0.009144510793267863,-1.5417829589657548,0.12628809429881285,0.7799992205602225
GOBP,GOBP_CELL_REDOX_HOMEOSTASIS,GOBP|GOBP_CELL_REDOX_HOMEOSTASIS,BFR_vs_HLRT_at_T2,0.0036115875525110086,0.6763423939254273,0.5003861659694808,0.9297193617869095
GOBP,GOBP_CELL_SUBSTRATE_ADHESION,GOBP|GOBP_CELL_SUBSTRATE_ADHESION,BFR_vs_HLRT_at_T2,-0.007922794570448994,-0.8655165933205908,0.3888290639952777,0.9261899601054855
GOBP,GOBP_CELL_SUBSTRATE_JUNCTION_ORGANIZATION,GOBP|GOBP_CELL_SUBSTRATE_JUNCTION_ORGANIZATION,BFR_vs_HLRT_at_T2,-0.007531270908405814,-0.8522393488308916,0.39611974517801085,0.9261899601054855
GOBP,GOBP_CELL_SURFACE_RECEPTOR_PROTEIN_SERINE_THREONINE_KINASE_SIGNALING_PATHWAY,GOBP|GOBP_CELL_SURFACE_RECEPTOR_PROTEIN_SERINE_THREONINE_KINASE_SIGNALING_PATHWAY,BFR_vs_HLRT_at_T2,-0.007011623406809966,-1.1917296516183844,0.23619067382059286,0.8268142684310219
GOBP,GOBP_CENTRAL_NERVOUS_SYSTEM_NEURON_DIFFERENTIATION,GOBP|GOBP_CENTRAL_NERVOUS_SYSTEM_NEURON_DIFFERENTIATION,BFR_vs_HLRT_at_T2,-0.002586635874293544,-0.41304519761933567,0.6804586964031353,0.9577792272151837
GOBP,GOBP_CHROMOSOME_LOCALIZATION,GOBP|GOBP_CHROMOSOME_LOCALIZATION,BFR_vs_HLRT_at_T2,-0.005383080072552466,-1.1662995017892481,0.24627010596076104,0.8268311603810361
GOBP,GOBP_CHROMOSOME_SEGREGATION,GOBP|GOBP_CHROMOSOME_SEGREGATION,BFR_vs_HLRT_at_T2,-0.004241898316542231,-1.375214379799831,0.17214113335216044,0.7904197087067137
GOBP,GOBP_CILIUM_MOVEMENT,GOBP|GOBP_CILIUM_MOVEMENT,BFR_vs_HLRT_at_T2,5.012722604867959e-4,0.13043507525505055,0.8964845063011965,0.9774538225748568
GOBP,GOBP_CILIUM_ORGANIZATION,GOBP|GOBP_CILIUM_ORGANIZATION,BFR_vs_HLRT_at_T2,0.0017437820685011225,0.3989472901802946,0.6907835380112258,0.9577792272151837
GOBP,GOBP_COGNITION,GOBP|GOBP_COGNITION,BFR_vs_HLRT_at_T2,3.033724986719749e-4,0.061445796988419205,0.9511269433498567,0.9809214427913595
GOBP,GOBP_COLLAGEN_FIBRIL_ORGANIZATION,GOBP|GOBP_COLLAGEN_FIBRIL_ORGANIZATION,BFR_vs_HLRT_at_T2,-0.03240886820646259,-1.1512433739148775,0.2523800361618355,0.8268311603810361
GOBP,GOBP_COLLAGEN_METABOLIC_PROCESS,GOBP|GOBP_COLLAGEN_METABOLIC_PROCESS,BFR_vs_HLRT_at_T2,-0.006606884169287883,-0.4755928413452453,0.6354027744970604,0.9577792272151837
GOBP,GOBP_CONNECTIVE_TISSUE_DEVELOPMENT,GOBP|GOBP_CONNECTIVE_TISSUE_DEVELOPMENT,BFR_vs_HLRT_at_T2,-0.012434051577569957,-1.4566370107967308,0.14835250157001625,0.7821689479243685
GOBP,GOBP_CORTICAL_CYTOSKELETON_ORGANIZATION,GOBP|GOBP_CORTICAL_CYTOSKELETON_ORGANIZATION,BFR_vs_HLRT_at_T2,-0.005611428144025696,-0.6758869093556987,0.5006741028204975,0.9297193617869095
GOBP,GOBP_CYTOCHROME_COMPLEX_ASSEMBLY,GOBP|GOBP_CYTOCHROME_COMPLEX_ASSEMBLY,BFR_vs_HLRT_at_T2,0.013672501871100334,1.2707380045485315,0.2067730568046549,0.795945020058188
GOBP,GOBP_CYTOKINESIS,GOBP|GOBP_CYTOKINESIS,BFR_vs_HLRT_at_T2,-0.0017434564443321024,-0.38407460396236737,0.7017394204973757,0.9577792272151837
GOBP,GOBP_CYTOKINETIC_PROCESS,GOBP|GOBP_CYTOKINETIC_PROCESS,BFR_vs_HLRT_at_T2,-0.007526938454578386,-1.3113080758245066,0.1927596297030389,0.795945020058188
GOBP,GOBP_CYTOPLASMIC_MICROTUBULE_ORGANIZATION,GOBP|GOBP_CYTOPLASMIC_MICROTUBULE_ORGANIZATION,BFR_vs_HLRT_at_T2,-0.003595533480011348,-0.6886028937065358,0.4926692358007154,0.9297193617869095
GOBP,GOBP_CYTOPLASMIC_TRANSLATION,GOBP|GOBP_CYTOPLASMIC_TRANSLATION,BFR_vs_HLRT_at_T2,-0.020814318127701736,-1.8088327655247978,0.07348492000238355,0.7322774711537333
GOBP,GOBP_CYTOPLASMIC_TRANSLATIONAL_INITIATION,GOBP|GOBP_CYTOPLASMIC_TRANSLATIONAL_INITIATION,BFR_vs_HLRT_at_T2,-0.008416574638984528,-1.479525343687233,0.142146509761636,0.7821689479243685
GOBP,GOBP_CYTOSKELETON_DEPENDENT_INTRACELLULAR_TRANSPORT,GOBP|GOBP_CYTOSKELETON_DEPENDENT_INTRACELLULAR_TRANSPORT,BFR_vs_HLRT_at_T2,-0.00522044800022238,-1.3512688956314116,0.17966149517508306,0.7904197087067137
GOBP,GOBP_CYTOSOLIC_TRANSPORT,GOBP|GOBP_CYTOSOLIC_TRANSPORT,BFR_vs_HLRT_at_T2,0.0034424379805297056,0.5203845323641912,0.6039469634820869,0.9577792272151837
GOBP,GOBP_DEFENSE_RESPONSE_TO_BACTERIUM,GOBP|GOBP_DEFENSE_RESPONSE_TO_BACTERIUM,BFR_vs_HLRT_at_T2,-9.90548246441153e-4,-0.14839557352189733,0.8823297163735914,0.9774538225748568
GOBP,GOBP_DENDRITE_DEVELOPMENT,GOBP|GOBP_DENDRITE_DEVELOPMENT,BFR_vs_HLRT_at_T2,-0.0033111928163202554,-0.7408568587779838,0.4605180695663602,0.9297193617869095
GOBP,GOBP_DENDRITIC_SPINE_DEVELOPMENT,GOBP|GOBP_DENDRITIC_SPINE_DEVELOPMENT,BFR_vs_HLRT_at_T2,-0.013867988346086602,-2.392099439097036,0.018622578115870175,0.5590821941229721
GOBP,GOBP_DEOXYRIBONUCLEOTIDE_METABOLIC_PROCESS,GOBP|GOBP_DEOXYRIBONUCLEOTIDE_METABOLIC_PROCESS,BFR_vs_HLRT_at_T2,0.010979829331100269,1.2427961383193358,0.2168520632426526,0.8150285275496798
GOBP,GOBP_DEPHOSPHORYLATION,GOBP|GOBP_DEPHOSPHORYLATION,BFR_vs_HLRT_at_T2,0.012059456086925335,1.8532652623633645,0.06679563868649896,0.7322774711537333
GOBP,GOBP_DETECTION_OF_ABIOTIC_STIMULUS,GOBP|GOBP_DETECTION_OF_ABIOTIC_STIMULUS,BFR_vs_HLRT_at_T2,-0.005628157917812314,-0.7627430963289746,0.44741390913836354,0.9297193617869095
GOBP,GOBP_DEVELOPMENTAL_CELL_GROWTH,GOBP|GOBP_DEVELOPMENTAL_CELL_GROWTH,BFR_vs_HLRT_at_T2,-0.007143312805681944,-1.757551581333338,0.08188706939636864,0.7322774711537333
GOBP,GOBP_DEVELOPMENTAL_MATURATION,GOBP|GOBP_DEVELOPMENTAL_MATURATION,BFR_vs_HLRT_at_T2,0.0017009964369177205,0.3936116493065361,0.6947065974033186,0.9577792272151837
GOBP,GOBP_DICARBOXYLIC_ACID_METABOLIC_PROCESS,GOBP|GOBP_DICARBOXYLIC_ACID_METABOLIC_PROCESS,BFR_vs_HLRT_at_T2,0.011725645373414362,2.9474264441389852,0.003988889714542749,0.5590821941229721
GOBP,GOBP_DIGESTIVE_SYSTEM_DEVELOPMENT,GOBP|GOBP_DIGESTIVE_SYSTEM_DEVELOPMENT,BFR_vs_HLRT_at_T2,0.007763423010804543,0.7411800315192419,0.4603230012017394,0.9297193617869095
GOBP,GOBP_DNA_BIOSYNTHETIC_PROCESS,GOBP|GOBP_DNA_BIOSYNTHETIC_PROCESS,BFR_vs_HLRT_at_T2,7.185743407478462e-5,0.01878299490195719,0.9850516823659416,0.9927075244568687
GOBP,GOBP_DNA_DAMAGE_RESPONSE_SIGNAL_TRANSDUCTION_BY_P53_CLASS_MEDIATOR,GOBP|GOBP_DNA_DAMAGE_RESPONSE_SIGNAL_TRANSDUCTION_BY_P53_CLASS_MEDIATOR,BFR_vs_HLRT_at_T2,-0.00611858307795136,-0.8692235618630909,0.3868084262914109,0.9261899601054855
GOBP,GOBP_DNA_RECOMBINATION,GOBP|GOBP_DNA_RECOMBINATION,BFR_vs_HLRT_at_T2,5.505125948992579e-4,0.12784978588751628,0.8985248570486203,0.9774538225748568
GOBP,GOBP_DNA_REPLICATION,GOBP|GOBP_DNA_REPLICATION,BFR_vs_HLRT_at_T2,0.007380218391245044,2.0758061645595003,0.040480156508907926,0.655656208000595
GOBP,GOBP_DNA_TEMPLATED_DNA_REPLICATION,GOBP|GOBP_DNA_TEMPLATED_DNA_REPLICATION,BFR_vs_HLRT_at_T2,0.004173841166445714,0.8737337864965994,0.3843587280638482,0.9261899601054855
GOBP,GOBP_DNA_TEMPLATED_TRANSCRIPTION_ELONGATION,GOBP|GOBP_DNA_TEMPLATED_TRANSCRIPTION_ELONGATION,BFR_vs_HLRT_at_T2,0.001988948917929015,0.35211951461388896,0.725490339643609,0.9577792272151837
GOBP,GOBP_DNA_TEMPLATED_TRANSCRIPTION_INITIATION,GOBP|GOBP_DNA_TEMPLATED_TRANSCRIPTION_INITIATION,BFR_vs_HLRT_at_T2,2.399612186136657e-4,0.06040345322435274,0.951954981142497,0.9809214427913595
GOBP,GOBP_DOUBLE_STRAND_BREAK_REPAIR,GOBP|GOBP_DOUBLE_STRAND_BREAK_REPAIR,BFR_vs_HLRT_at_T2,0.0016176792885365943,0.40150535809306254,0.6889056818912802,0.9577792272151837
GOBP,GOBP_EAR_DEVELOPMENT,GOBP|GOBP_EAR_DEVELOPMENT,BFR_vs_HLRT_at_T2,-4.465545568640983e-4,-0.08071495108624892,0.9358301255148334,0.9809214427913595
GOBP,GOBP_EMBRYONIC_ORGAN_DEVELOPMENT,GOBP|GOBP_EMBRYONIC_ORGAN_DEVELOPMENT,BFR_vs_HLRT_at_T2,-0.001040087657816659,-0.18219246448465862,0.8558008772549883,0.9774538225748568
GOBP,GOBP_EMBRYO_IMPLANTATION,GOBP|GOBP_EMBRYO_IMPLANTATION,BFR_vs_HLRT_at_T2,0.005458992963891997,0.8008832740194792,0.42509984746593554,0.9290103408103872
GOBP,GOBP_ENDOCRINE_PROCESS,GOBP|GOBP_ENDOCRINE_PROCESS,BFR_vs_HLRT_at_T2,-5.791033054569628e-4,-0.07953560337052878,0.9367657188201299,0.9809214427913595
GOBP,GOBP_ENDOCRINE_SYSTEM_DEVELOPMENT,GOBP|GOBP_ENDOCRINE_SYSTEM_DEVELOPMENT,BFR_vs_HLRT_at_T2,0.003845507910607081,0.41337662261586644,0.6802166921861896,0.9577792272151837
GOBP,GOBP_ENDOPLASMIC_RETICULUM_ORGANIZATION,GOBP|GOBP_ENDOPLASMIC_RETICULUM_ORGANIZATION,BFR_vs_HLRT_at_T2,-9.064448902467229e-4,-0.18460544594841485,0.8539127489751134,0.9774538225748568
GOBP,GOBP_ENDOSOMAL_TRANSPORT,GOBP|GOBP_ENDOSOMAL_TRANSPORT,BFR_vs_HLRT_at_T2,0.0031326902348157645,0.6539927979873703,0.5146190912256962,0.9297193617869095
GOBP,GOBP_ENDOSOME_ORGANIZATION,GOBP|GOBP_ENDOSOME_ORGANIZATION,BFR_vs_HLRT_at_T2,0.0038197828741191736,0.6564941955882466,0.5130155741301944,0.9297193617869095
GOBP,GOBP_ENDOSOME_TO_LYSOSOME_TRANSPORT,GOBP|GOBP_ENDOSOME_TO_LYSOSOME_TRANSPORT,BFR_vs_HLRT_at_T2,-0.0010964564406853255,-0.19634041451572837,0.8447425813483432,0.9774538225748568
GOBP,GOBP_ENDOTHELIAL_CELL_MIGRATION,GOBP|GOBP_ENDOTHELIAL_CELL_MIGRATION,BFR_vs_HLRT_at_T2,-0.0018728304366031068,-0.3006530675553631,0.7643038597498576,0.9653058488399174
GOBP,GOBP_ENDOTHELIAL_CELL_PROLIFERATION,GOBP|GOBP_ENDOTHELIAL_CELL_PROLIFERATION,BFR_vs_HLRT_at_T2,0.003280567013251105,0.398308269149936,0.6912529402054415,0.9577792272151837
GOBP,GOBP_ENDOTHELIUM_DEVELOPMENT,GOBP|GOBP_ENDOTHELIUM_DEVELOPMENT,BFR_vs_HLRT_at_T2,-0.01098222087385842,-1.3463649968550322,0.18123175969248928,0.7904197087067137
GOBP,GOBP_ENSHEATHMENT_OF_NEURONS,GOBP|GOBP_ENSHEATHMENT_OF_NEURONS,BFR_vs_HLRT_at_T2,0.0011931107034837234,0.2192025760922225,0.8269394818966501,0.9771176065028042
GOBP,GOBP_EPIDERMIS_DEVELOPMENT,GOBP|GOBP_EPIDERMIS_DEVELOPMENT,BFR_vs_HLRT_at_T2,-0.0037592802295785864,-0.551371794637845,0.582609975108453,0.9577792272151837
GOBP,GOBP_EPIGENETIC_REGULATION_OF_GENE_EXPRESSION,GOBP|GOBP_EPIGENETIC_REGULATION_OF_GENE_EXPRESSION,BFR_vs_HLRT_at_T2,-6.488359882773284e-4,-0.1278010505255212,0.8985633263412021,0.9774538225748568
GOBP,GOBP_EPITHELIAL_CELL_DEVELOPMENT,GOBP|GOBP_EPITHELIAL_CELL_DEVELOPMENT,BFR_vs_HLRT_at_T2,-0.013612552578849057,-1.537524172728031,0.12732635091407232,0.7799992205602225
GOBP,GOBP_EPITHELIAL_CELL_PROLIFERATION,GOBP|GOBP_EPITHELIAL_CELL_PROLIFERATION,BFR_vs_HLRT_at_T2,0.0014120664316747827,0.26242811694092627,0.7935317923291156,0.9766194999212333
GOBP,GOBP_EPITHELIAL_TUBE_MORPHOGENESIS,GOBP|GOBP_EPITHELIAL_TUBE_MORPHOGENESIS,BFR_vs_HLRT_at_T2,0.002730810084148813,0.803002831804476,0.4238794465168185,0.9290103408103872
GOBP,GOBP_ERAD_PATHWAY,GOBP|GOBP_ERAD_PATHWAY,BFR_vs_HLRT_at_T2,0.0015735841806734123,0.37859485666343123,0.7057921136384298,0.9577792272151837
GOBP,GOBP_ERBB_SIGNALING_PATHWAY,GOBP|GOBP_ERBB_SIGNALING_PATHWAY,BFR_vs_HLRT_at_T2,0.0016934087920390667,0.24561138149332712,0.8064869529384001,0.9766194999212333
GOBP,GOBP_ERK1_AND_ERK2_CASCADE,GOBP|GOBP_ERK1_AND_ERK2_CASCADE,BFR_vs_HLRT_at_T2,-0.0058599970010443925,-0.9950237130320173,0.3221287304010136,0.9220082774640296
GOBP,GOBP_ERYTHROCYTE_HOMEOSTASIS,GOBP|GOBP_ERYTHROCYTE_HOMEOSTASIS,BFR_vs_HLRT_at_T2,0.00646337076683165,1.4427437918621888,0.15222076516126487,0.7821689479243685
GOBP,GOBP_ER_NUCLEUS_SIGNALING_PATHWAY,GOBP|GOBP_ER_NUCLEUS_SIGNALING_PATHWAY,BFR_vs_HLRT_at_T2,-0.003715827611657358,-0.5501687959819044,0.5834316285345522,0.9577792272151837
GOBP,GOBP_ESTABLISHMENT_OF_ORGANELLE_LOCALIZATION,GOBP|GOBP_ESTABLISHMENT_OF_ORGANELLE_LOCALIZATION,BFR_vs_HLRT_at_T2,-0.0032095327258428435,-0.9131639405599628,0.3633548627262131,0.9261899601054855
GOBP,GOBP_ESTABLISHMENT_OF_PROTEIN_LOCALIZATION_TO_ENDOPLASMIC_RETICULUM,GOBP|GOBP_ESTABLISHMENT_OF_PROTEIN_LOCALIZATION_TO_ENDOPLASMIC_RETICULUM,BFR_vs_HLRT_at_T2,-0.007638426832551039,-1.3662315170615695,0.17493379674416962,0.7904197087067137
GOBP,GOBP_ESTABLISHMENT_OF_PROTEIN_LOCALIZATION_TO_MEMBRANE,GOBP|GOBP_ESTABLISHMENT_OF_PROTEIN_LOCALIZATION_TO_MEMBRANE,BFR_vs_HLRT_at_T2,-0.0053877764800441446,-1.5065289918688665,0.1350870437868951,0.7804698505412709
GOBP,GOBP_ESTABLISHMENT_OF_PROTEIN_LOCALIZATION_TO_MITOCHONDRION,GOBP|GOBP_ESTABLISHMENT_OF_PROTEIN_LOCALIZATION_TO_MITOCHONDRION,BFR_vs_HLRT_at_T2,6.520779978267249e-4,0.13474701816348064,0.8930830058671305,0.9774538225748568
GOBP,GOBP_ESTABLISHMENT_OF_PROTEIN_LOCALIZATION_TO_ORGANELLE,GOBP|GOBP_ESTABLISHMENT_OF_PROTEIN_LOCALIZATION_TO_ORGANELLE,BFR_vs_HLRT_at_T2,-1.271037433316427e-4,-0.05377969620835223,0.9572180858297619,0.982474499703898
GOBP,GOBP_ESTABLISHMENT_OF_PROTEIN_LOCALIZATION_TO_PLASMA_MEMBRANE,GOBP|GOBP_ESTABLISHMENT_OF_PROTEIN_LOCALIZATION_TO_PLASMA_MEMBRANE,BFR_vs_HLRT_at_T2,-0.0016125730801969107,-0.3006844573596869,0.7642799913193564,0.9653058488399174
GOBP,GOBP_ESTABLISHMENT_OR_MAINTENANCE_OF_CELL_POLARITY,GOBP|GOBP_ESTABLISHMENT_OR_MAINTENANCE_OF_CELL_POLARITY,BFR_vs_HLRT_at_T2,-0.006950484631200071,-1.1996844250969971,0.23309939773216126,0.8268142684310219
GOBP,GOBP_EXECUTION_PHASE_OF_APOPTOSIS,GOBP|GOBP_EXECUTION_PHASE_OF_APOPTOSIS,BFR_vs_HLRT_at_T2,0.004451964386120361,0.8121475584661774,0.41863798765295046,0.9290103408103872
GOBP,GOBP_EXOCYTIC_PROCESS,GOBP|GOBP_EXOCYTIC_PROCESS,BFR_vs_HLRT_at_T2,0.01814745641945925,1.9991850573474093,0.04830444267288896,0.6906626874245759
GOBP,GOBP_EXOCYTOSIS,GOBP|GOBP_EXOCYTOSIS,BFR_vs_HLRT_at_T2,0.004769825124679168,0.9348098711044297,0.3521404011426039,0.9261899601054855
GOBP,GOBP_EXTERNAL_ENCAPSULATING_STRUCTURE_ORGANIZATION,GOBP|GOBP_EXTERNAL_ENCAPSULATING_STRUCTURE_ORGANIZATION,BFR_vs_HLRT_at_T2,-0.014323861757668227,-0.8866738635810277,0.37738404882248555,0.9261899601054855
GOBP,GOBP_EXTRACELLULAR_VESICLE_BIOGENESIS,GOBP|GOBP_EXTRACELLULAR_VESICLE_BIOGENESIS,BFR_vs_HLRT_at_T2,0.0026988236555908762,0.35851773178030066,0.7207124124532411,0.9577792272151837
GOBP,GOBP_EXTRINSIC_APOPTOTIC_SIGNALING_PATHWAY,GOBP|GOBP_EXTRINSIC_APOPTOTIC_SIGNALING_PATHWAY,BFR_vs_HLRT_at_T2,0.0053894726885124755,1.0391600272103838,0.3012388598940291,0.9013993576829025
GOBP,GOBP_EXTRINSIC_APOPTOTIC_SIGNALING_PATHWAY_VIA_DEATH_DOMAIN_RECEPTORS,GOBP|GOBP_EXTRINSIC_APOPTOTIC_SIGNALING_PATHWAY_VIA_DEATH_DOMAIN_RECEPTORS,BFR_vs_HLRT_at_T2,0.006160938207562182,0.9432523665156995,0.34782739727424095,0.9261899601054855
GOBP,GOBP_FATTY_ACID_DERIVATIVE_METABOLIC_PROCESS,GOBP|GOBP_FATTY_ACID_DERIVATIVE_METABOLIC_PROCESS,BFR_vs_HLRT_at_T2,0.002275961949514828,0.40846098111987655,0.6838094761634237,0.9577792272151837
GOBP,GOBP_FATTY_ACID_METABOLIC_PROCESS,GOBP|GOBP_FATTY_ACID_METABOLIC_PROCESS,BFR_vs_HLRT_at_T2,0.004758548862809825,1.4221156308819278,0.1581073910006415,0.7889170836742131
GOBP,GOBP_FATTY_ACID_TRANSPORT,GOBP|GOBP_FATTY_ACID_TRANSPORT,BFR_vs_HLRT_at_T2,0.0018928464673988177,0.391241890146155,0.6964516489318892,0.9577792272151837
GOBP,GOBP_FAT_CELL_DIFFERENTIATION,GOBP|GOBP_FAT_CELL_DIFFERENTIATION,BFR_vs_HLRT_at_T2,0.007336776876829182,2.0359731380097177,0.04439991463771907,0.6773163448655969
GOBP,GOBP_FEMALE_SEX_DIFFERENTIATION,GOBP|GOBP_FEMALE_SEX_DIFFERENTIATION,BFR_vs_HLRT_at_T2,0.010209624322953137,1.7592248426590074,0.08160093180942642,0.7322774711537333
GOBP,GOBP_FERTILIZATION,GOBP|GOBP_FERTILIZATION,BFR_vs_HLRT_at_T2,-0.0026802448898002595,-0.6855796135899537,0.4945660958891044,0.9297193617869095
GOBP,GOBP_FIBROBLAST_MIGRATION,GOBP|GOBP_FIBROBLAST_MIGRATION,BFR_vs_HLRT_at_T2,-0.007896589172431873,-0.9420732891895558,0.34842769376587257,0.9261899601054855
GOBP,GOBP_FIBROBLAST_PROLIFERATION,GOBP|GOBP_FIBROBLAST_PROLIFERATION,BFR_vs_HLRT_at_T2,-0.01820098015321735,-1.841410555440654,0.0685285772561347,0.7322774711537333
GOBP,GOBP_FOREBRAIN_DEVELOPMENT,GOBP|GOBP_FOREBRAIN_DEVELOPMENT,BFR_vs_HLRT_at_T2,-0.004625162540115375,-0.9139004336222843,0.36296960626868713,0.9261899601054855
GOBP,GOBP_GASTRULATION,GOBP|GOBP_GASTRULATION,BFR_vs_HLRT_at_T2,-0.007676696245279375,-0.7936769103706951,0.42926468675445806,0.9292366521881043
GOBP,GOBP_GENERATION_OF_PRECURSOR_METABOLITES_AND_ENERGY,GOBP|GOBP_GENERATION_OF_PRECURSOR_METABOLITES_AND_ENERGY,BFR_vs_HLRT_at_T2,0.0012714138986629764,0.41811302370475933,0.6767618682678413,0.9577792272151837
GOBP,GOBP_GLAND_DEVELOPMENT,GOBP|GOBP_GLAND_DEVELOPMENT,BFR_vs_HLRT_at_T2,0.0015429432952536876,0.3860915977785566,0.7002498570179907,0.9577792272151837
GOBP,GOBP_GLAND_MORPHOGENESIS,GOBP|GOBP_GLAND_MORPHOGENESIS,BFR_vs_HLRT_at_T2,-0.0027932586942293752,-0.4321536062339759,0.6665611302605271,0.9577792272151837
GOBP,GOBP_GLIAL_CELL_MIGRATION,GOBP|GOBP_GLIAL_CELL_MIGRATION,BFR_vs_HLRT_at_T2,-0.015735539013745897,-1.3622826068122649,0.17617227177452793,0.7904197087067137
GOBP,GOBP_GLIOGENESIS,GOBP|GOBP_GLIOGENESIS,BFR_vs_HLRT_at_T2,-5.530335524507601e-4,-0.11141230342731995,0.9115129414266538,0.9809214427913595
GOBP,GOBP_GLUCAN_BIOSYNTHETIC_PROCESS,GOBP|GOBP_GLUCAN_BIOSYNTHETIC_PROCESS,BFR_vs_HLRT_at_T2,-0.0012243681527485673,-0.18324646221024124,0.854976033270912,0.9774538225748568
GOBP,GOBP_GLUCOSE_6_PHOSPHATE_METABOLIC_PROCESS,GOBP|GOBP_GLUCOSE_6_PHOSPHATE_METABOLIC_PROCESS,BFR_vs_HLRT_at_T2,0.003225216140894116,0.3360057372479748,0.7375712268858443,0.9577792272151837
GOBP,GOBP_GLUTAMINE_FAMILY_AMINO_ACID_METABOLIC_PROCESS,GOBP|GOBP_GLUTAMINE_FAMILY_AMINO_ACID_METABOLIC_PROCESS,BFR_vs_HLRT_at_T2,0.012610551167810582,2.0415195682886305,0.04383534406209208,0.6773163448655969
GOBP,GOBP_GLUTATHIONE_METABOLIC_PROCESS,GOBP|GOBP_GLUTATHIONE_METABOLIC_PROCESS,BFR_vs_HLRT_at_T2,0.01166398427371329,2.266042772151049,0.025605819071227477,0.5894167639595287
GOBP,GOBP_GLYCEROLIPID_BIOSYNTHETIC_PROCESS,GOBP|GOBP_GLYCEROLIPID_BIOSYNTHETIC_PROCESS,BFR_vs_HLRT_at_T2,-0.0014038720387320944,-0.2861867107493719,0.7753277431087656,0.9654999788654113
GOBP,GOBP_GLYCEROLIPID_CATABOLIC_PROCESS,GOBP|GOBP_GLYCEROLIPID_CATABOLIC_PROCESS,BFR_vs_HLRT_at_T2,-5.487020939949072e-4,-0.09034142949509258,0.9281967831807898,0.9809214427913595
GOBP,GOBP_GLYCOPROTEIN_METABOLIC_PROCESS,GOBP|GOBP_GLYCOPROTEIN_METABOLIC_PROCESS,BFR_vs_HLRT_at_T2,2.3238020118920844e-4,0.04291350433206481,0.9658561385842159,0.9861365824390027
GOBP,GOBP_GOLGI_ORGANIZATION,GOBP|GOBP_GOLGI_ORGANIZATION,BFR_vs_HLRT_at_T2,0.0050574997435237305,0.9179084844680555,0.360877563690024,0.9261899601054855
GOBP,GOBP_GOLGI_VESICLE_TRANSPORT,GOBP|GOBP_GOLGI_VESICLE_TRANSPORT,BFR_vs_HLRT_at_T2,-0.002027972220905609,-0.4256696623654289,0.6712642018822883,0.9577792272151837
GOBP,GOBP_GRANULOCYTE_MIGRATION,GOBP|GOBP_GRANULOCYTE_MIGRATION,BFR_vs_HLRT_at_T2,0.0015033847043944004,0.18748611830838305,0.8516597710196689,0.9774538225748568
GOBP,GOBP_HEART_MORPHOGENESIS,GOBP|GOBP_HEART_MORPHOGENESIS,BFR_vs_HLRT_at_T2,-0.008747096277824731,-1.6478986289980155,0.10251523663555401,0.7558282553829123
GOBP,GOBP_HEART_PROCESS,GOBP|GOBP_HEART_PROCESS,BFR_vs_HLRT_at_T2,-0.012180970941802483,-2.609879645622381,0.010449644823321079,0.5590821941229721
GOBP,GOBP_HEPATICOBILIARY_SYSTEM_DEVELOPMENT,GOBP|GOBP_HEPATICOBILIARY_SYSTEM_DEVELOPMENT,BFR_vs_HLRT_at_T2,0.0020529542684948957,0.340481011579144,0.734209249586187,0.9577792272151837
GOBP,GOBP_HINDBRAIN_DEVELOPMENT,GOBP|GOBP_HINDBRAIN_DEVELOPMENT,BFR_vs_HLRT_at_T2,-0.0019236709170515343,-0.3969077301928431,0.6922821476935004,0.9577792272151837
GOBP,GOBP_HOMEOSTASIS_OF_NUMBER_OF_CELLS,GOBP|GOBP_HOMEOSTASIS_OF_NUMBER_OF_CELLS,BFR_vs_HLRT_at_T2,0.0026662869762452968,1.0741078516059461,0.2853618651849204,0.881131169621103
GOBP,GOBP_HORMONE_MEDIATED_SIGNALING_PATHWAY,GOBP|GOBP_HORMONE_MEDIATED_SIGNALING_PATHWAY,BFR_vs_HLRT_at_T2,-2.790840409755413e-4,-0.06408645193361254,0.9490294490915548,0.9809214427913595
GOBP,GOBP_HORMONE_METABOLIC_PROCESS,GOBP|GOBP_HORMONE_METABOLIC_PROCESS,BFR_vs_HLRT_at_T2,-3.49762253246004e-4,-0.058857347241167784,0.9531833043062569,0.9809214427913595
GOBP,GOBP_HORMONE_TRANSPORT,GOBP|GOBP_HORMONE_TRANSPORT,BFR_vs_HLRT_at_T2,7.289823253843197e-4,0.16507856872942572,0.8692157202520138,0.9774538225748568
GOBP,GOBP_HUMORAL_IMMUNE_RESPONSE,GOBP|GOBP_HUMORAL_IMMUNE_RESPONSE,BFR_vs_HLRT_at_T2,-0.0017387776079076656,-0.2136551843515475,0.8312514016235326,0.9774538225748568
GOBP,GOBP_HYDROGEN_PEROXIDE_METABOLIC_PROCESS,GOBP|GOBP_HYDROGEN_PEROXIDE_METABOLIC_PROCESS,BFR_vs_HLRT_at_T2,0.006143392057603336,1.6402914949710197,0.10408965300329766,0.7568387853884634
GOBP,GOBP_ICOSANOID_METABOLIC_PROCESS,GOBP|GOBP_ICOSANOID_METABOLIC_PROCESS,BFR_vs_HLRT_at_T2,2.756558073556403e-4,0.061302187097885256,0.9512410238730444,0.9809214427913595
GOBP,GOBP_IMMUNE_RESPONSE_REGULATING_CELL_SURFACE_RECEPTOR_SIGNALING_PATHWAY,GOBP|GOBP_IMMUNE_RESPONSE_REGULATING_CELL_SURFACE_RECEPTOR_SIGNALING_PATHWAY,BFR_vs_HLRT_at_T2,-0.0012360734398935268,-0.24434179401601325,0.8074672497811058,0.9766194999212333
GOBP,GOBP_IMMUNE_SYSTEM_DEVELOPMENT,GOBP|GOBP_IMMUNE_SYSTEM_DEVELOPMENT,BFR_vs_HLRT_at_T2,0.005607502099008357,1.2596213837736008,0.2107408386645895,0.8037077082404444
GOBP,GOBP_IMPORT_ACROSS_PLASMA_MEMBRANE,GOBP|GOBP_IMPORT_ACROSS_PLASMA_MEMBRANE,BFR_vs_HLRT_at_T2,-0.0019126715033500608,-0.36382579140100846,0.7167569436981354,0.9577792272151837
GOBP,GOBP_INSULIN_LIKE_GROWTH_FACTOR_RECEPTOR_SIGNALING_PATHWAY,GOBP|GOBP_INSULIN_LIKE_GROWTH_FACTOR_RECEPTOR_SIGNALING_PATHWAY,BFR_vs_HLRT_at_T2,-0.002802415055274128,-0.34948555404545273,0.7274604424122144,0.9577792272151837
GOBP,GOBP_INSULIN_RECEPTOR_SIGNALING_PATHWAY,GOBP|GOBP_INSULIN_RECEPTOR_SIGNALING_PATHWAY,BFR_vs_HLRT_at_T2,-0.0022637021571242436,-0.5417882356926232,0.5891707427547488,0.9577792272151837
GOBP,GOBP_INSULIN_SECRETION_INVOLVED_IN_CELLULAR_RESPONSE_TO_GLUCOSE_STIMULUS,GOBP|GOBP_INSULIN_SECRETION_INVOLVED_IN_CELLULAR_RESPONSE_TO_GLUCOSE_STIMULUS,BFR_vs_HLRT_at_T2,0.009053810807482993,1.4531267074964995,0.14932259921268098,0.7821689479243685
GOBP,GOBP_INTEGRATED_STRESS_RESPONSE_SIGNALING,GOBP|GOBP_INTEGRATED_STRESS_RESPONSE_SIGNALING,BFR_vs_HLRT_at_T2,-0.002637922225027567,-0.34952523377493683,0.7274307498679977,0.9577792272151837
GOBP,GOBP_INTEGRIN_MEDIATED_SIGNALING_PATHWAY,GOBP|GOBP_INTEGRIN_MEDIATED_SIGNALING_PATHWAY,BFR_vs_HLRT_at_T2,-0.011658377588074718,-0.8292010807900955,0.40896752111190005,0.9290103408103872
GOBP,GOBP_INTERLEUKIN_2_PRODUCTION,GOBP|GOBP_INTERLEUKIN_2_PRODUCTION,BFR_vs_HLRT_at_T2,0.0013417382683951207,0.2834854515857645,0.7773913775615761,0.9654999788654113
GOBP,GOBP_INTERLEUKIN_6_PRODUCTION,GOBP|GOBP_INTERLEUKIN_6_PRODUCTION,BFR_vs_HLRT_at_T2,-0.0031097798010421562,-0.6766454256646965,0.5001946523320018,0.9297193617869095
GOBP,GOBP_INTRACELLULAR_IRON_ION_HOMEOSTASIS,GOBP|GOBP_INTRACELLULAR_IRON_ION_HOMEOSTASIS,BFR_vs_HLRT_at_T2,0.0037581255975526195,0.7623135874959472,0.4476689859875369,0.9297193617869095
GOBP,GOBP_INTRACELLULAR_LIPID_TRANSPORT,GOBP|GOBP_INTRACELLULAR_LIPID_TRANSPORT,BFR_vs_HLRT_at_T2,0.010996119541079097,1.5709889677313884,0.11934717634629488,0.7799992205602225
GOBP,GOBP_INTRACELLULAR_RECEPTOR_SIGNALING_PATHWAY,GOBP|GOBP_INTRACELLULAR_RECEPTOR_SIGNALING_PATHWAY,BFR_vs_HLRT_at_T2,9.121801540441649e-4,0.2681260996541458,0.7891551078020933,0.9745439267778232
GOBP,GOBP_INTRA_GOLGI_VESICLE_MEDIATED_TRANSPORT,GOBP|GOBP_INTRA_GOLGI_VESICLE_MEDIATED_TRANSPORT,BFR_vs_HLRT_at_T2,0.0020657261098385015,0.24060246785455816,0.8103563040246269,0.9766194999212333
GOBP,GOBP_INTRINSIC_APOPTOTIC_SIGNALING_PATHWAY,GOBP|GOBP_INTRINSIC_APOPTOTIC_SIGNALING_PATHWAY,BFR_vs_HLRT_at_T2,-3.735134858015854e-4,-0.15714279974825768,0.875449465770924,0.9774538225748568
GOBP,GOBP_INTRINSIC_APOPTOTIC_SIGNALING_PATHWAY_BY_P53_CLASS_MEDIATOR,GOBP|GOBP_INTRINSIC_APOPTOTIC_SIGNALING_PATHWAY_BY_P53_CLASS_MEDIATOR,BFR_vs_HLRT_at_T2,0.001709015363270311,0.34845489910359895,0.7282318321638086,0.9577792272151837
GOBP,GOBP_INTRINSIC_APOPTOTIC_SIGNALING_PATHWAY_IN_RESPONSE_TO_DNA_DAMAGE,GOBP|GOBP_INTRINSIC_APOPTOTIC_SIGNALING_PATHWAY_IN_RESPONSE_TO_DNA_DAMAGE,BFR_vs_HLRT_at_T2,-1.1300891042764077e-4,-0.024523148422278155,0.9804842371730496,0.9906710863904319
GOBP,GOBP_INTRINSIC_APOPTOTIC_SIGNALING_PATHWAY_IN_RESPONSE_TO_ENDOPLASMIC_RETICULUM_STRESS,GOBP|GOBP_INTRINSIC_APOPTOTIC_SIGNALING_PATHWAY_IN_RESPONSE_TO_ENDOPLASMIC_RETICULUM_STRESS,BFR_vs_HLRT_at_T2,0.0022737296977696636,0.40413272017791874,0.6869789811621814,0.9577792272151837
GOBP,GOBP_INTRINSIC_APOPTOTIC_SIGNALING_PATHWAY_IN_RESPONSE_TO_OXIDATIVE_STRESS,GOBP|GOBP_INTRINSIC_APOPTOTIC_SIGNALING_PATHWAY_IN_RESPONSE_TO_OXIDATIVE_STRESS,BFR_vs_HLRT_at_T2,0.005588616265486873,1.36695429490422,0.17470783173082713,0.7904197087067137
GOBP,GOBP_IN_UTERO_EMBRYONIC_DEVELOPMENT,GOBP|GOBP_IN_UTERO_EMBRYONIC_DEVELOPMENT,BFR_vs_HLRT_at_T2,-0.00550710501812195,-1.683000993983191,0.09549769026058955,0.7558282553829123
GOBP,GOBP_ISOPRENOID_METABOLIC_PROCESS,GOBP|GOBP_ISOPRENOID_METABOLIC_PROCESS,BFR_vs_HLRT_at_T2,0.00999278028407678,1.7614263911191206,0.08122570898508853,0.7322774711537333
GOBP,GOBP_JNK_CASCADE,GOBP|GOBP_JNK_CASCADE,BFR_vs_HLRT_at_T2,0.006557435707054013,1.086351804121045,0.279937688849778,0.8781916206658358
GOBP,GOBP_KERATINOCYTE_DIFFERENTIATION,GOBP|GOBP_KERATINOCYTE_DIFFERENTIATION,BFR_vs_HLRT_at_T2,-0.003948278961522663,-0.4031009282684866,0.6877353709673988,0.9577792272151837
GOBP,GOBP_KETONE_BIOSYNTHETIC_PROCESS,GOBP|GOBP_KETONE_BIOSYNTHETIC_PROCESS,BFR_vs_HLRT_at_T2,0.010199174383793141,1.5793631156178276,0.11741401043218812,0.7799992205602225
GOBP,GOBP_KETONE_METABOLIC_PROCESS,GOBP|GOBP_KETONE_METABOLIC_PROCESS,BFR_vs_HLRT_at_T2,0.0013689957749695447,0.4040802992899549,0.6870174023981277,0.9577792272151837
GOBP,GOBP_LAMELLIPODIUM_ORGANIZATION,GOBP|GOBP_LAMELLIPODIUM_ORGANIZATION,BFR_vs_HLRT_at_T2,-0.00841043982413453,-1.2166995794643864,0.22658522432268471,0.8180302164551663
GOBP,GOBP_LEARNING,GOBP|GOBP_LEARNING,BFR_vs_HLRT_at_T2,-5.800453099186753e-4,-0.09027229230885882,0.9282515826570846,0.9809214427913595
GOBP,GOBP_LEUKOCYTE_CELL_CELL_ADHESION,GOBP|GOBP_LEUKOCYTE_CELL_CELL_ADHESION,BFR_vs_HLRT_at_T2,-0.00295199438894464,-0.47400547989274083,0.6365303414307386,0.9577792272151837
GOBP,GOBP_LEUKOCYTE_CHEMOTAXIS,GOBP|GOBP_LEUKOCYTE_CHEMOTAXIS,BFR_vs_HLRT_at_T2,-4.587717297325211e-4,-0.07619581844100327,0.9394156942629721,0.9809214427913595
GOBP,GOBP_LEUKOCYTE_HOMEOSTASIS,GOBP|GOBP_LEUKOCYTE_HOMEOSTASIS,BFR_vs_HLRT_at_T2,0.0032070935499306508,0.9918737770298891,0.3236554546152809,0.9220082774640296
GOBP,GOBP_LEUKOCYTE_MEDIATED_IMMUNITY,GOBP|GOBP_LEUKOCYTE_MEDIATED_IMMUNITY,BFR_vs_HLRT_at_T2,0.004927656663649409,0.8987898899642528,0.3709258068004764,0.9261899601054855
GOBP,GOBP_LEUKOCYTE_MIGRATION,GOBP|GOBP_LEUKOCYTE_MIGRATION,BFR_vs_HLRT_at_T2,-1.9417030872714847e-5,-0.0028143352005176926,0.9977601006068355,0.9999990124677018
GOBP,GOBP_LEUKOCYTE_PROLIFERATION,GOBP|GOBP_LEUKOCYTE_PROLIFERATION,BFR_vs_HLRT_at_T2,0.002078383316636373,0.3432267606137006,0.7321491024644254,0.9577792272151837
GOBP,GOBP_LIMBIC_SYSTEM_DEVELOPMENT,GOBP|GOBP_LIMBIC_SYSTEM_DEVELOPMENT,BFR_vs_HLRT_at_T2,-0.004059543194586998,-1.1522323650403659,0.2519754313097671,0.8268311603810361
GOBP,GOBP_LIPID_CATABOLIC_PROCESS,GOBP|GOBP_LIPID_CATABOLIC_PROCESS,BFR_vs_HLRT_at_T2,0.006305841760946174,1.6572704372724025,0.10060209443731893,0.7558282553829123
GOBP,GOBP_LIPID_DROPLET_ORGANIZATION,GOBP|GOBP_LIPID_DROPLET_ORGANIZATION,BFR_vs_HLRT_at_T2,0.0038725549365794393,0.6630534635790684,0.5088233460342941,0.9297193617869095
GOBP,GOBP_LIPID_HOMEOSTASIS,GOBP|GOBP_LIPID_HOMEOSTASIS,BFR_vs_HLRT_at_T2,-0.001031870980755134,-0.21827345048889832,0.8276613145055887,0.9771176065028042
GOBP,GOBP_LIPID_LOCALIZATION,GOBP|GOBP_LIPID_LOCALIZATION,BFR_vs_HLRT_at_T2,0.005422500196749766,1.3993105039041862,0.16481724073403906,0.7904197087067137
GOBP,GOBP_LIPOPROTEIN_METABOLIC_PROCESS,GOBP|GOBP_LIPOPROTEIN_METABOLIC_PROCESS,BFR_vs_HLRT_at_T2,0.006133133073880021,1.0281528648319824,0.3063608725545582,0.9062690450473243
GOBP,GOBP_LOCOMOTORY_BEHAVIOR,GOBP|GOBP_LOCOMOTORY_BEHAVIOR,BFR_vs_HLRT_at_T2,0.0031541040375284504,0.5462635789231756,0.5861026802420203,0.9577792272151837
GOBP,GOBP_LONG_CHAIN_FATTY_ACID_METABOLIC_PROCESS,GOBP|GOBP_LONG_CHAIN_FATTY_ACID_METABOLIC_PROCESS,BFR_vs_HLRT_at_T2,0.00862035396716579,1.873414776683901,0.06393423328431182,0.7322774711537333
GOBP,GOBP_LYMPHOCYTE_MIGRATION,GOBP|GOBP_LYMPHOCYTE_MIGRATION,BFR_vs_HLRT_at_T2,2.3844363216504738e-4,0.03168519031997518,0.9747863222505759,0.9901241527192334
GOBP,GOBP_LYTIC_VACUOLE_ORGANIZATION,GOBP|GOBP_LYTIC_VACUOLE_ORGANIZATION,BFR_vs_HLRT_at_T2,9.048587297197375e-4,0.1300592854744013,0.8967810426366362,0.9774538225748568
GOBP,GOBP_L_AMINO_ACID_METABOLIC_PROCESS,GOBP|GOBP_L_AMINO_ACID_METABOLIC_PROCESS,BFR_vs_HLRT_at_T2,0.011007074036469083,2.5753527755682226,0.0114786056127996,0.5590821941229721
GOBP,GOBP_MACROAUTOPHAGY,GOBP|GOBP_MACROAUTOPHAGY,BFR_vs_HLRT_at_T2,0.0037035272774915114,1.147292806787387,0.25400083204507407,0.8268311603810361
GOBP,GOBP_MAINTENANCE_OF_CELL_NUMBER,GOBP|GOBP_MAINTENANCE_OF_CELL_NUMBER,BFR_vs_HLRT_at_T2,-0.007073450391457528,-1.131696221260973,0.26047139864699265,0.8408578761301256
GOBP,GOBP_MAINTENANCE_OF_LOCATION,GOBP|GOBP_MAINTENANCE_OF_LOCATION,BFR_vs_HLRT_at_T2,-0.0029149072061597503,-0.828252548064748,0.40950183198474455,0.9290103408103872
GOBP,GOBP_MAINTENANCE_OF_PROTEIN_LOCATION,GOBP|GOBP_MAINTENANCE_OF_PROTEIN_LOCATION,BFR_vs_HLRT_at_T2,-0.003009878075385806,-0.4643273091164223,0.6434235601867864,0.9577792272151837
GOBP,GOBP_MAMMARY_GLAND_DEVELOPMENT,GOBP|GOBP_MAMMARY_GLAND_DEVELOPMENT,BFR_vs_HLRT_at_T2,-0.005961127200862754,-1.4004760768158284,0.16446910336508072,0.7904197087067137
GOBP,GOBP_MEIOTIC_CELL_CYCLE,GOBP|GOBP_MEIOTIC_CELL_CYCLE,BFR_vs_HLRT_at_T2,1.1115420340560012e-4,0.034429381717171005,0.9726034523098569,0.9901241527192334
GOBP,GOBP_MEIOTIC_CELL_CYCLE_PROCESS,GOBP|GOBP_MEIOTIC_CELL_CYCLE_PROCESS,BFR_vs_HLRT_at_T2,-0.0038008109320639694,-0.8199307038772059,0.41420759150842934,0.9290103408103872
GOBP,GOBP_MEMBRANELESS_ORGANELLE_ASSEMBLY,GOBP|GOBP_MEMBRANELESS_ORGANELLE_ASSEMBLY,BFR_vs_HLRT_at_T2,-0.01776962336975557,-2.361887385051086,0.02012121007126378,0.5590821941229721
GOBP,GOBP_MEMBRANE_BIOGENESIS,GOBP|GOBP_MEMBRANE_BIOGENESIS,BFR_vs_HLRT_at_T2,-0.006503524674780305,-0.9787384126693259,0.3300734652433682,0.92373077683216
GOBP,GOBP_MEMBRANE_DEPOLARIZATION,GOBP|GOBP_MEMBRANE_DEPOLARIZATION,BFR_vs_HLRT_at_T2,7.227376621980197e-4,0.17200206266530035,0.8637838595135943,0.9774538225748568
GOBP,GOBP_MEMBRANE_DOCKING,GOBP|GOBP_MEMBRANE_DOCKING,BFR_vs_HLRT_at_T2,0.009869502369841902,1.7753468259554783,0.0788859513676108,0.7322774711537333
GOBP,GOBP_MEMBRANE_FISSION,GOBP|GOBP_MEMBRANE_FISSION,BFR_vs_HLRT_at_T2,0.002391814508229617,0.3235668018838342,0.7469423972080014,0.9577792272151837
GOBP,GOBP_MEMBRANE_INVAGINATION,GOBP|GOBP_MEMBRANE_INVAGINATION,BFR_vs_HLRT_at_T2,-0.003911675816043958,-0.6353073498862952,0.5266805045953947,0.9304222092916711
GOBP,GOBP_MEMBRANE_LIPID_METABOLIC_PROCESS,GOBP|GOBP_MEMBRANE_LIPID_METABOLIC_PROCESS,BFR_vs_HLRT_at_T2,0.010981819858966395,1.7862477906020484,0.07709280854885432,0.7322774711537333
GOBP,GOBP_MEMBRANE_REPOLARIZATION,GOBP|GOBP_MEMBRANE_REPOLARIZATION,BFR_vs_HLRT_at_T2,-0.013730119859042572,-2.5639916918634844,0.011836631380338929,0.5590821941229721
GOBP,GOBP_MEMORY,GOBP|GOBP_MEMORY,BFR_vs_HLRT_at_T2,0.005460394163486183,0.8273112934303398,0.41003245949918155,0.9290103408103872
GOBP,GOBP_MESENCHYME_DEVELOPMENT,GOBP|GOBP_MESENCHYME_DEVELOPMENT,BFR_vs_HLRT_at_T2,-0.0022691982493688173,-0.35873031430501734,0.7205538531048881,0.9577792272151837
GOBP,GOBP_MESODERM_DEVELOPMENT,GOBP|GOBP_MESODERM_DEVELOPMENT,BFR_vs_HLRT_at_T2,0.0027412158863687744,0.41568153101274435,0.6785345900051405,0.9577792272151837
GOBP,GOBP_METABOLIC_COMPOUND_SALVAGE,GOBP|GOBP_METABOLIC_COMPOUND_SALVAGE,BFR_vs_HLRT_at_T2,0.011147669285533388,1.1537200375069172,0.2513676766541143,0.8268311603810361
GOBP,GOBP_METALLO_SULFUR_CLUSTER_ASSEMBLY,GOBP|GOBP_METALLO_SULFUR_CLUSTER_ASSEMBLY,BFR_vs_HLRT_at_T2,0.009733488191071255,1.224036906688404,0.22381721119786696,0.8180302164551663
GOBP,GOBP_METHYLATION,GOBP|GOBP_METHYLATION,BFR_vs_HLRT_at_T2,0.01035604607950008,1.9710139256030468,0.051488992121626484,0.6906626874245759
GOBP,GOBP_MICROTUBULE_ORGANIZING_CENTER_ORGANIZATION,GOBP|GOBP_MICROTUBULE_ORGANIZING_CENTER_ORGANIZATION,BFR_vs_HLRT_at_T2,0.004744902582645812,0.8397559430088473,0.4030504058448997,0.9290103408103872
GOBP,GOBP_MICROTUBULE_POLYMERIZATION_OR_DEPOLYMERIZATION,GOBP|GOBP_MICROTUBULE_POLYMERIZATION_OR_DEPOLYMERIZATION,BFR_vs_HLRT_at_T2,0.004498641523022689,0.7766638772440525,0.43919216357921553,0.9297193617869095
GOBP,GOBP_MIDBRAIN_DEVELOPMENT,GOBP|GOBP_MIDBRAIN_DEVELOPMENT,BFR_vs_HLRT_at_T2,-0.0018921949701163343,-0.4935553527278314,0.6227035527460059,0.9577792272151837
GOBP,GOBP_MIRNA_METABOLIC_PROCESS,GOBP|GOBP_MIRNA_METABOLIC_PROCESS,BFR_vs_HLRT_at_T2,0.0022755684897834833,0.29469481859406266,0.7688385326572722,0.9654999788654113
GOBP,GOBP_MITOCHONDRIAL_ELECTRON_TRANSPORT_CYTOCHROME_C_TO_OXYGEN,GOBP|GOBP_MITOCHONDRIAL_ELECTRON_TRANSPORT_CYTOCHROME_C_TO_OXYGEN,BFR_vs_HLRT_at_T2,8.252857446404693e-4,0.14370261388396777,0.8860247807157691,0.9774538225748568
GOBP,GOBP_MITOCHONDRIAL_ELECTRON_TRANSPORT_NADH_TO_UBIQUINONE,GOBP|GOBP_MITOCHONDRIAL_ELECTRON_TRANSPORT_NADH_TO_UBIQUINONE,BFR_vs_HLRT_at_T2,-0.0074857087163216485,-1.1488946198971302,0.2533427733230723,0.8268311603810361
GOBP,GOBP_MITOCHONDRIAL_FISSION,GOBP|GOBP_MITOCHONDRIAL_FISSION,BFR_vs_HLRT_at_T2,-0.002563627029049269,-0.33260743812917287,0.7401275567244819,0.9577792272151837
GOBP,GOBP_MITOCHONDRIAL_FUSION,GOBP|GOBP_MITOCHONDRIAL_FUSION,BFR_vs_HLRT_at_T2,-0.006569791953266332,-0.7938558425100077,0.4291609842728452,0.9292366521881043
GOBP,GOBP_MITOCHONDRIAL_GENE_EXPRESSION,GOBP|GOBP_MITOCHONDRIAL_GENE_EXPRESSION,BFR_vs_HLRT_at_T2,0.002589903682541389,0.24510017108479532,0.8068816409464102,0.9766194999212333
GOBP,GOBP_MITOCHONDRIAL_MEMBRANE_ORGANIZATION,GOBP|GOBP_MITOCHONDRIAL_MEMBRANE_ORGANIZATION,BFR_vs_HLRT_at_T2,-0.004993142892356278,-0.823027544796882,0.41245263684034283,0.9290103408103872
GOBP,GOBP_MITOCHONDRIAL_RESPIRATORY_CHAIN_COMPLEX_ASSEMBLY,GOBP|GOBP_MITOCHONDRIAL_RESPIRATORY_CHAIN_COMPLEX_ASSEMBLY,BFR_vs_HLRT_at_T2,0.005915244836771472,0.7397566366765211,0.4611825197632371,0.9297193617869095
GOBP,GOBP_MITOCHONDRIAL_RNA_METABOLIC_PROCESS,GOBP|GOBP_MITOCHONDRIAL_RNA_METABOLIC_PROCESS,BFR_vs_HLRT_at_T2,0.013248453260534573,1.5044994605503947,0.13560787584289868,0.7804698505412709
GOBP,GOBP_MITOCHONDRIAL_TRANSPORT,GOBP|GOBP_MITOCHONDRIAL_TRANSPORT,BFR_vs_HLRT_at_T2,-0.0025145756802854163,-0.47544828536268885,0.6355054229923667,0.9577792272151837
GOBP,GOBP_MITOCHONDRION_LOCALIZATION,GOBP|GOBP_MITOCHONDRION_LOCALIZATION,BFR_vs_HLRT_at_T2,-0.001681016159682594,-0.2254857088135759,0.8220620754045802,0.9771176065028042
GOBP,GOBP_MITOCHONDRION_ORGANIZATION,GOBP|GOBP_MITOCHONDRION_ORGANIZATION,BFR_vs_HLRT_at_T2,0.0028836095959863944,0.5166712354242834,0.6065275767254381,0.9577792272151837
GOBP,GOBP_MITOTIC_CELL_CYCLE_PHASE_TRANSITION,GOBP|GOBP_MITOTIC_CELL_CYCLE_PHASE_TRANSITION,BFR_vs_HLRT_at_T2,3.0911328807450844e-4,0.09645255289219277,0.9233543839342429,0.9809214427913595
GOBP,GOBP_MITOTIC_SPINDLE_ASSEMBLY,GOBP|GOBP_MITOTIC_SPINDLE_ASSEMBLY,BFR_vs_HLRT_at_T2,-0.009605226997595018,-1.4446205695277545,0.15169370929786902,0.7821689479243685
GOBP,GOBP_MODIFICATION_OF_SYNAPTIC_STRUCTURE,GOBP|GOBP_MODIFICATION_OF_SYNAPTIC_STRUCTURE,BFR_vs_HLRT_at_T2,-0.0011599874098210759,-0.14185605225064693,0.8874793901832173,0.9774538225748568
GOBP,GOBP_MODIFIED_AMINO_ACID_BIOSYNTHETIC_PROCESS,GOBP|GOBP_MODIFIED_AMINO_ACID_BIOSYNTHETIC_PROCESS,BFR_vs_HLRT_at_T2,0.015488707404677227,3.412114684097624,9.319362940618265e-4,0.5590821941229721
GOBP,GOBP_MODIFIED_AMINO_ACID_METABOLIC_PROCESS,GOBP|GOBP_MODIFIED_AMINO_ACID_METABOLIC_PROCESS,BFR_vs_HLRT_at_T2,0.01015417821875697,2.9606504262013553,0.0038349373506797826,0.5590821941229721
GOBP,GOBP_MODULATION_OF_PROCESS_OF_ANOTHER_ORGANISM,GOBP|GOBP_MODULATION_OF_PROCESS_OF_ANOTHER_ORGANISM,BFR_vs_HLRT_at_T2,-0.003113942098698322,-0.41507436226326805,0.6789775392308,0.9577792272151837
GOBP,GOBP_MONOATOMIC_ANION_TRANSPORT,GOBP|GOBP_MONOATOMIC_ANION_TRANSPORT,BFR_vs_HLRT_at_T2,-0.006164893228178037,-0.7840735561970968,0.4348520937134308,0.9297193617869095
GOBP,GOBP_MONOCARBOXYLIC_ACID_CATABOLIC_PROCESS,GOBP|GOBP_MONOCARBOXYLIC_ACID_CATABOLIC_PROCESS,BFR_vs_HLRT_at_T2,0.007605096660826427,1.7586430134470386,0.08170033452121914,0.7322774711537333
GOBP,GOBP_MONOSACCHARIDE_CATABOLIC_PROCESS,GOBP|GOBP_MONOSACCHARIDE_CATABOLIC_PROCESS,BFR_vs_HLRT_at_T2,0.0023200595344047836,0.5159518501183086,0.6070281027465572,0.9577792272151837
GOBP,GOBP_MONOSACCHARIDE_METABOLIC_PROCESS,GOBP|GOBP_MONOSACCHARIDE_METABOLIC_PROCESS,BFR_vs_HLRT_at_T2,0.004012917005526667,1.1720667507661862,0.2439577981732816,0.8268142684310219
GOBP,GOBP_MORPHOGENESIS_OF_A_BRANCHING_STRUCTURE,GOBP|GOBP_MORPHOGENESIS_OF_A_BRANCHING_STRUCTURE,BFR_vs_HLRT_at_T2,0.0010364488685664017,0.18661465058867163,0.8523412184194942,0.9774538225748568
GOBP,GOBP_MULTICELLULAR_ORGANISMAL_LEVEL_CHEMICAL_HOMEOSTASIS,GOBP|GOBP_MULTICELLULAR_ORGANISMAL_LEVEL_CHEMICAL_HOMEOSTASIS,BFR_vs_HLRT_at_T2,0.0032458095186698732,0.5554263949568212,0.5798447103536959,0.9577792272151837
GOBP,GOBP_MULTICELLULAR_ORGANISMAL_RESPONSE_TO_STRESS,GOBP|GOBP_MULTICELLULAR_ORGANISMAL_RESPONSE_TO_STRESS,BFR_vs_HLRT_at_T2,0.0025821887838190227,0.3726452950966761,0.7102018784985316,0.9577792272151837
GOBP,GOBP_MULTICELLULAR_ORGANISM_GROWTH,GOBP|GOBP_MULTICELLULAR_ORGANISM_GROWTH,BFR_vs_HLRT_at_T2,-0.0019451157184499218,-0.42167054676998345,0.674171469535291,0.9577792272151837
GOBP,GOBP_MULTI_MULTICELLULAR_ORGANISM_PROCESS,GOBP|GOBP_MULTI_MULTICELLULAR_ORGANISM_PROCESS,BFR_vs_HLRT_at_T2,0.005634665905384637,0.9537232238887119,0.3425257477008229,0.9261899601054855
GOBP,GOBP_MUSCLE_ADAPTATION,GOBP|GOBP_MUSCLE_ADAPTATION,BFR_vs_HLRT_at_T2,-0.012236174307560133,-1.4919174711239047,0.1388719600445878,0.7804698505412709
GOBP,GOBP_MUSCLE_CELL_APOPTOTIC_PROCESS,GOBP|GOBP_MUSCLE_CELL_APOPTOTIC_PROCESS,BFR_vs_HLRT_at_T2,-0.00731029067364225,-1.3519733154652014,0.17943678046281095,0.7904197087067137
GOBP,GOBP_MUSCLE_CELL_DIFFERENTIATION,GOBP|GOBP_MUSCLE_CELL_DIFFERENTIATION,BFR_vs_HLRT_at_T2,-0.02280322520951017,-1.976765977939611,0.050824647490903166,0.6906626874245759
GOBP,GOBP_MUSCLE_CELL_MIGRATION,GOBP|GOBP_MUSCLE_CELL_MIGRATION,BFR_vs_HLRT_at_T2,0.0010159205192288093,0.10958161534968976,0.9129610126048342,0.9809214427913595
GOBP,GOBP_MUSCLE_CELL_PROLIFERATION,GOBP|GOBP_MUSCLE_CELL_PROLIFERATION,BFR_vs_HLRT_at_T2,0.0014858312272597873,0.24862421200419313,0.8041618692280683,0.9766194999212333
GOBP,GOBP_MUSCLE_CONTRACTION,GOBP|GOBP_MUSCLE_CONTRACTION,BFR_vs_HLRT_at_T2,-0.019936870171488402,-2.115952289885281,0.036834649979154206,0.6368301707507105
GOBP,GOBP_MUSCLE_ORGAN_MORPHOGENESIS,GOBP|GOBP_MUSCLE_ORGAN_MORPHOGENESIS,BFR_vs_HLRT_at_T2,-0.024111511594242657,-2.4226050572553155,0.017210794234061366,0.5590821941229721
GOBP,GOBP_MUSCLE_TISSUE_DEVELOPMENT,GOBP|GOBP_MUSCLE_TISSUE_DEVELOPMENT,BFR_vs_HLRT_at_T2,-0.012134600448629212,-1.7397610468875808,0.08498073605763913,0.733901932086885
GOBP,GOBP_MYELOID_CELL_DIFFERENTIATION,GOBP|GOBP_MYELOID_CELL_DIFFERENTIATION,BFR_vs_HLRT_at_T2,0.0019511108933258359,0.4977454187765741,0.6197573703179298,0.9577792272151837
GOBP,GOBP_MYELOID_LEUKOCYTE_ACTIVATION,GOBP|GOBP_MYELOID_LEUKOCYTE_ACTIVATION,BFR_vs_HLRT_at_T2,0.006609131276187577,0.9627931101369598,0.3379760592391008,0.9261899601054855
GOBP,GOBP_MYELOID_LEUKOCYTE_DIFFERENTIATION,GOBP|GOBP_MYELOID_LEUKOCYTE_DIFFERENTIATION,BFR_vs_HLRT_at_T2,-0.0010029867438509166,-0.1895773766496437,0.8500249633173761,0.9774538225748568
GOBP,GOBP_MYELOID_LEUKOCYTE_MEDIATED_IMMUNITY,GOBP|GOBP_MYELOID_LEUKOCYTE_MEDIATED_IMMUNITY,BFR_vs_HLRT_at_T2,0.004325782634481367,0.5143254858614044,0.6081603662582105,0.9577792272151837
GOBP,GOBP_MYOBLAST_DIFFERENTIATION,GOBP|GOBP_MYOBLAST_DIFFERENTIATION,BFR_vs_HLRT_at_T2,-0.011764218962726253,-2.369462619565006,0.01973574083215768,0.5590821941229721
GOBP,GOBP_MYOTUBE_CELL_DEVELOPMENT,GOBP|GOBP_MYOTUBE_CELL_DEVELOPMENT,BFR_vs_HLRT_at_T2,-0.0055033518336124465,-0.4696537308766736,0.6396259444149806,0.9577792272151837
GOBP,GOBP_MYOTUBE_DIFFERENTIATION,GOBP|GOBP_MYOTUBE_DIFFERENTIATION,BFR_vs_HLRT_at_T2,-0.023193743855073806,-1.813777996672141,0.07271392800817794,0.7322774711537333
GOBP,GOBP_NADH_DEHYDROGENASE_COMPLEX_ASSEMBLY,GOBP|GOBP_NADH_DEHYDROGENASE_COMPLEX_ASSEMBLY,BFR_vs_HLRT_at_T2,-0.007536898178092,-1.004722206356226,0.3174580269040061,0.9181499811573114
GOBP,GOBP_NADPLUS_METABOLIC_PROCESS,GOBP|GOBP_NADPLUS_METABOLIC_PROCESS,BFR_vs_HLRT_at_T2,0.005634534833215077,1.3853020714581947,0.16904549756124257,0.7904197087067137
GOBP,GOBP_NADPPLUS_METABOLIC_PROCESS,GOBP|GOBP_NADPPLUS_METABOLIC_PROCESS,BFR_vs_HLRT_at_T2,0.006231962863601587,0.9468629166869575,0.3459933346771583,0.9261899601054855
GOBP,GOBP_NEGATIVE_REGULATION_OF_ACTIN_FILAMENT_POLYMERIZATION,GOBP|GOBP_NEGATIVE_REGULATION_OF_ACTIN_FILAMENT_POLYMERIZATION,BFR_vs_HLRT_at_T2,-0.018581754407449927,-1.2915000239937844,0.19951050811786974,0.795945020058188
GOBP,GOBP_NEGATIVE_REGULATION_OF_AUTOPHAGY,GOBP|GOBP_NEGATIVE_REGULATION_OF_AUTOPHAGY,BFR_vs_HLRT_at_T2,0.0074323234411308725,1.2433273965576113,0.216657142536989,0.8150285275496798
GOBP,GOBP_NEGATIVE_REGULATION_OF_CALCIUM_ION_TRANSPORT,GOBP|GOBP_NEGATIVE_REGULATION_OF_CALCIUM_ION_TRANSPORT,BFR_vs_HLRT_at_T2,0.006847789130255355,1.2684318603460476,0.20759161563231962,0.795945020058188
GOBP,GOBP_NEGATIVE_REGULATION_OF_CANONICAL_NF_KAPPAB_SIGNAL_TRANSDUCTION,GOBP|GOBP_NEGATIVE_REGULATION_OF_CANONICAL_NF_KAPPAB_SIGNAL_TRANSDUCTION,BFR_vs_HLRT_at_T2,0.005387862229346847,0.8243710591248694,0.41169267173293933,0.9290103408103872
GOBP,GOBP_NEGATIVE_REGULATION_OF_CARBOHYDRATE_METABOLIC_PROCESS,GOBP|GOBP_NEGATIVE_REGULATION_OF_CARBOHYDRATE_METABOLIC_PROCESS,BFR_vs_HLRT_at_T2,-0.0057001864404176705,-0.8022456059685574,0.42431520369029563,0.9290103408103872
GOBP,GOBP_NEGATIVE_REGULATION_OF_CATABOLIC_PROCESS,GOBP|GOBP_NEGATIVE_REGULATION_OF_CATABOLIC_PROCESS,BFR_vs_HLRT_at_T2,-0.0018783808861063244,-0.6368414747189568,0.5256847370394373,0.9304222092916711
GOBP,GOBP_NEGATIVE_REGULATION_OF_CELL_ACTIVATION,GOBP|GOBP_NEGATIVE_REGULATION_OF_CELL_ACTIVATION,BFR_vs_HLRT_at_T2,0.004981150463148704,0.7961463932395854,0.42783477172912443,0.9292366521881043
GOBP,GOBP_NEGATIVE_REGULATION_OF_CELL_ADHESION,GOBP|GOBP_NEGATIVE_REGULATION_OF_CELL_ADHESION,BFR_vs_HLRT_at_T2,-0.0018105148398171456,-0.3324959384951678,0.7402114805541785,0.9577792272151837
GOBP,GOBP_NEGATIVE_REGULATION_OF_CELL_CYCLE,GOBP|GOBP_NEGATIVE_REGULATION_OF_CELL_CYCLE,BFR_vs_HLRT_at_T2,0.0024101038024928467,0.5298071443629256,0.5974211549147554,0.9577792272151837
GOBP,GOBP_NEGATIVE_REGULATION_OF_CELL_DEVELOPMENT,GOBP|GOBP_NEGATIVE_REGULATION_OF_CELL_DEVELOPMENT,BFR_vs_HLRT_at_T2,0.0013096787890547468,0.32485172662531153,0.7459725800233918,0.9577792272151837
GOBP,GOBP_NEGATIVE_REGULATION_OF_CELL_PROJECTION_ORGANIZATION,GOBP|GOBP_NEGATIVE_REGULATION_OF_CELL_PROJECTION_ORGANIZATION,BFR_vs_HLRT_at_T2,-0.004539674522683723,-0.8225281398493066,0.4127353426301097,0.9290103408103872
GOBP,GOBP_NEGATIVE_REGULATION_OF_CYTOKINE_PRODUCTION,GOBP|GOBP_NEGATIVE_REGULATION_OF_CYTOKINE_PRODUCTION,BFR_vs_HLRT_at_T2,-3.5709210755913504e-4,-0.08175666307080712,0.9350037953580311,0.9809214427913595
GOBP,GOBP_NEGATIVE_REGULATION_OF_DNA_METABOLIC_PROCESS,GOBP|GOBP_NEGATIVE_REGULATION_OF_DNA_METABOLIC_PROCESS,BFR_vs_HLRT_at_T2,-0.016402427830474922,-2.513491645296548,0.013552694540955458,0.5590821941229721
GOBP,GOBP_NEGATIVE_REGULATION_OF_ENDOCYTOSIS,GOBP|GOBP_NEGATIVE_REGULATION_OF_ENDOCYTOSIS,BFR_vs_HLRT_at_T2,-0.0024319780807093017,-0.3662885287688463,0.7149243652431165,0.9577792272151837
GOBP,GOBP_NEGATIVE_REGULATION_OF_EPITHELIAL_CELL_PROLIFERATION,GOBP|GOBP_NEGATIVE_REGULATION_OF_EPITHELIAL_CELL_PROLIFERATION,BFR_vs_HLRT_at_T2,0.002395674301935019,0.3185234855474507,0.7507528388812374,0.9590898335789865
GOBP,GOBP_NEGATIVE_REGULATION_OF_ESTABLISHMENT_OF_PROTEIN_LOCALIZATION,GOBP|GOBP_NEGATIVE_REGULATION_OF_ESTABLISHMENT_OF_PROTEIN_LOCALIZATION,BFR_vs_HLRT_at_T2,0.0065910610424656235,1.607192329438522,0.11116835176712268,0.7722230149537629
GOBP,GOBP_NEGATIVE_REGULATION_OF_GROWTH,GOBP|GOBP_NEGATIVE_REGULATION_OF_GROWTH,BFR_vs_HLRT_at_T2,-0.003711327296842773,-0.8319832740185794,0.40740273586835274,0.9290103408103872
GOBP,GOBP_NEGATIVE_REGULATION_OF_IMMUNE_EFFECTOR_PROCESS,GOBP|GOBP_NEGATIVE_REGULATION_OF_IMMUNE_EFFECTOR_PROCESS,BFR_vs_HLRT_at_T2,9.86902576276566e-4,0.13391935830696838,0.8937357572056474,0.9774538225748568
GOBP,GOBP_NEGATIVE_REGULATION_OF_IMMUNE_RESPONSE,GOBP|GOBP_NEGATIVE_REGULATION_OF_IMMUNE_RESPONSE,BFR_vs_HLRT_at_T2,-0.0051605968454448425,-1.0876043605453996,0.2793868320921283,0.8781916206658358
GOBP,GOBP_NEGATIVE_REGULATION_OF_INFLAMMATORY_RESPONSE,GOBP|GOBP_NEGATIVE_REGULATION_OF_INFLAMMATORY_RESPONSE,BFR_vs_HLRT_at_T2,4.2759189415408905e-4,0.13011601381310411,0.8967362772720674,0.9774538225748568
GOBP,GOBP_NEGATIVE_REGULATION_OF_INTRACELLULAR_TRANSPORT,GOBP|GOBP_NEGATIVE_REGULATION_OF_INTRACELLULAR_TRANSPORT,BFR_vs_HLRT_at_T2,0.002555684511797246,0.5159014266949686,0.6070631928249993,0.9577792272151837
GOBP,GOBP_NEGATIVE_REGULATION_OF_INTRINSIC_APOPTOTIC_SIGNALING_PATHWAY,GOBP|GOBP_NEGATIVE_REGULATION_OF_INTRINSIC_APOPTOTIC_SIGNALING_PATHWAY,BFR_vs_HLRT_at_T2,0.0010365120771883146,0.32447939868111525,0.7462535584475047,0.9577792272151837
GOBP,GOBP_NEGATIVE_REGULATION_OF_KINASE_ACTIVITY,GOBP|GOBP_NEGATIVE_REGULATION_OF_KINASE_ACTIVITY,BFR_vs_HLRT_at_T2,-0.0013364750237244427,-0.24209710548463323,0.8092012096028923,0.9766194999212333
GOBP,GOBP_NEGATIVE_REGULATION_OF_LIPID_METABOLIC_PROCESS,GOBP|GOBP_NEGATIVE_REGULATION_OF_LIPID_METABOLIC_PROCESS,BFR_vs_HLRT_at_T2,-0.010465942119698913,-1.3804433629009476,0.1705311694490929,0.7904197087067137
GOBP,GOBP_NEGATIVE_REGULATION_OF_LOCOMOTION,GOBP|GOBP_NEGATIVE_REGULATION_OF_LOCOMOTION,BFR_vs_HLRT_at_T2,-0.002157895372268681,-0.45249986578509044,0.6518900190461806,0.9577792272151837
GOBP,GOBP_NEGATIVE_REGULATION_OF_MAPK_CASCADE,GOBP|GOBP_NEGATIVE_REGULATION_OF_MAPK_CASCADE,BFR_vs_HLRT_at_T2,-0.002847545196990736,-0.8052722095676937,0.42257509084787215,0.9290103408103872
GOBP,GOBP_NEGATIVE_REGULATION_OF_MITOTIC_CELL_CYCLE_PHASE_TRANSITION,GOBP|GOBP_NEGATIVE_REGULATION_OF_MITOTIC_CELL_CYCLE_PHASE_TRANSITION,BFR_vs_HLRT_at_T2,0.005287475471030138,0.8516806656216844,0.39642835053358183,0.9261899601054855
GOBP,GOBP_NEGATIVE_REGULATION_OF_MOLECULAR_FUNCTION,GOBP|GOBP_NEGATIVE_REGULATION_OF_MOLECULAR_FUNCTION,BFR_vs_HLRT_at_T2,-0.004872486390326974,-1.5291143851846072,0.12939637648748076,0.7804698505412709
GOBP,GOBP_NEGATIVE_REGULATION_OF_MRNA_METABOLIC_PROCESS,GOBP|GOBP_NEGATIVE_REGULATION_OF_MRNA_METABOLIC_PROCESS,BFR_vs_HLRT_at_T2,-0.004018479041820153,-0.515369460409544,0.6074334485842117,0.9577792272151837
GOBP,GOBP_NEGATIVE_REGULATION_OF_NERVOUS_SYSTEM_DEVELOPMENT,GOBP|GOBP_NEGATIVE_REGULATION_OF_NERVOUS_SYSTEM_DEVELOPMENT,BFR_vs_HLRT_at_T2,-0.0016034149112992835,-0.24054410898427167,0.8104014137843456,0.9766194999212333
GOBP,GOBP_NEGATIVE_REGULATION_OF_ORGANELLE_ORGANIZATION,GOBP|GOBP_NEGATIVE_REGULATION_OF_ORGANELLE_ORGANIZATION,BFR_vs_HLRT_at_T2,-0.005064044726937621,-0.9847775249927733,0.327112403382936,0.922045485475784
GOBP,GOBP_NEGATIVE_REGULATION_OF_PHOSPHORUS_METABOLIC_PROCESS,GOBP|GOBP_NEGATIVE_REGULATION_OF_PHOSPHORUS_METABOLIC_PROCESS,BFR_vs_HLRT_at_T2,-0.0035296433115775544,-0.8604120756440297,0.39162214638752757,0.9261899601054855
GOBP,GOBP_NEGATIVE_REGULATION_OF_PROTEASOMAL_UBIQUITIN_DEPENDENT_PROTEIN_CATABOLIC_PROCESS,GOBP|GOBP_NEGATIVE_REGULATION_OF_PROTEASOMAL_UBIQUITIN_DEPENDENT_PROTEIN_CATABOLIC_PROCESS,BFR_vs_HLRT_at_T2,-0.0018072847733591954,-0.2793018442456956,0.7805905998796192,0.9654999788654113
GOBP,GOBP_NEGATIVE_REGULATION_OF_PROTEIN_CATABOLIC_PROCESS,GOBP|GOBP_NEGATIVE_REGULATION_OF_PROTEIN_CATABOLIC_PROCESS,BFR_vs_HLRT_at_T2,0.0033934645943669434,0.6886683734451485,0.4926281964811686,0.9297193617869095
GOBP,GOBP_NEGATIVE_REGULATION_OF_PROTEIN_CONTAINING_COMPLEX_ASSEMBLY,GOBP|GOBP_NEGATIVE_REGULATION_OF_PROTEIN_CONTAINING_COMPLEX_ASSEMBLY,BFR_vs_HLRT_at_T2,-0.006902334044224093,-0.9872551517802245,0.3259026687694192,0.9220082774640296
GOBP,GOBP_NEGATIVE_REGULATION_OF_PROTEIN_LOCALIZATION,GOBP|GOBP_NEGATIVE_REGULATION_OF_PROTEIN_LOCALIZATION,BFR_vs_HLRT_at_T2,-0.0033374557328670895,-1.0471498706767945,0.29755737331694515,0.9013993576829025
GOBP,GOBP_NEGATIVE_REGULATION_OF_PROTEIN_MODIFICATION_PROCESS,GOBP|GOBP_NEGATIVE_REGULATION_OF_PROTEIN_MODIFICATION_PROCESS,BFR_vs_HLRT_at_T2,-0.006426196106640025,-1.7691954006234423,0.07991293434636812,0.7322774711537333
GOBP,GOBP_NEGATIVE_REGULATION_OF_PROTEIN_UBIQUITINATION,GOBP|GOBP_NEGATIVE_REGULATION_OF_PROTEIN_UBIQUITINATION,BFR_vs_HLRT_at_T2,-0.0031090122904312684,-0.534967058501081,0.5938614009440293,0.9577792272151837
GOBP,GOBP_NEGATIVE_REGULATION_OF_PROTEOLYSIS,GOBP|GOBP_NEGATIVE_REGULATION_OF_PROTEOLYSIS,BFR_vs_HLRT_at_T2,0.0011222940424502614,0.24853367803601428,0.8042317112575514,0.9766194999212333
GOBP,GOBP_NEGATIVE_REGULATION_OF_REACTIVE_OXYGEN_SPECIES_METABOLIC_PROCESS,GOBP|GOBP_NEGATIVE_REGULATION_OF_REACTIVE_OXYGEN_SPECIES_METABOLIC_PROCESS,BFR_vs_HLRT_at_T2,0.0022077114975975753,0.44897102077114687,0.6544249909925777,0.9577792272151837
GOBP,GOBP_NEGATIVE_REGULATION_OF_RESPONSE_TO_BIOTIC_STIMULUS,GOBP|GOBP_NEGATIVE_REGULATION_OF_RESPONSE_TO_BIOTIC_STIMULUS,BFR_vs_HLRT_at_T2,-3.83611552479457e-4,-0.07643018895022935,0.9392297087936441,0.9809214427913595
GOBP,GOBP_NEGATIVE_REGULATION_OF_RESPONSE_TO_EXTERNAL_STIMULUS,GOBP|GOBP_NEGATIVE_REGULATION_OF_RESPONSE_TO_EXTERNAL_STIMULUS,BFR_vs_HLRT_at_T2,1.7188649707344794e-5,0.006410603478860002,0.9948978975032896,0.9987491151710443
GOBP,GOBP_NEGATIVE_REGULATION_OF_SECRETION,GOBP|GOBP_NEGATIVE_REGULATION_OF_SECRETION,BFR_vs_HLRT_at_T2,-0.003287150704849917,-0.5087544692269704,0.6120460903507194,0.9577792272151837
GOBP,GOBP_NEGATIVE_REGULATION_OF_SMALL_MOLECULE_METABOLIC_PROCESS,GOBP|GOBP_NEGATIVE_REGULATION_OF_SMALL_MOLECULE_METABOLIC_PROCESS,BFR_vs_HLRT_at_T2,-0.0016371536079469173,-0.3046569444454146,0.7612612018821655,0.9651402172947312
GOBP,GOBP_NEGATIVE_REGULATION_OF_SMOOTH_MUSCLE_CELL_PROLIFERATION,GOBP|GOBP_NEGATIVE_REGULATION_OF_SMOOTH_MUSCLE_CELL_PROLIFERATION,BFR_vs_HLRT_at_T2,-0.0028230564326952173,-0.3606193182635335,0.7191454344213506,0.9577792272151837
GOBP,GOBP_NEGATIVE_REGULATION_OF_SUPRAMOLECULAR_FIBER_ORGANIZATION,GOBP|GOBP_NEGATIVE_REGULATION_OF_SUPRAMOLECULAR_FIBER_ORGANIZATION,BFR_vs_HLRT_at_T2,-0.005034189738092776,-0.6364817476614086,0.5259181404262705,0.9304222092916711
GOBP,GOBP_NEGATIVE_REGULATION_OF_TOR_SIGNALING,GOBP|GOBP_NEGATIVE_REGULATION_OF_TOR_SIGNALING,BFR_vs_HLRT_at_T2,-0.0014555705281665207,-0.2188066667747217,0.8272470435741559,0.9771176065028042
GOBP,GOBP_NEGATIVE_REGULATION_OF_TRANSLATION,GOBP|GOBP_NEGATIVE_REGULATION_OF_TRANSLATION,BFR_vs_HLRT_at_T2,-0.004770641539086087,-0.8575450067191686,0.39319635188399416,0.9261899601054855
GOBP,GOBP_NEGATIVE_REGULATION_OF_TRANSMEMBRANE_TRANSPORT,GOBP|GOBP_NEGATIVE_REGULATION_OF_TRANSMEMBRANE_TRANSPORT,BFR_vs_HLRT_at_T2,0.0010464948679519415,0.2522002764136423,0.8014044049271376,0.9766194999212333
GOBP,GOBP_NEGATIVE_REGULATION_OF_TRANSPORT,GOBP|GOBP_NEGATIVE_REGULATION_OF_TRANSPORT,BFR_vs_HLRT_at_T2,-4.68388455097446e-4,-0.1391313947256215,0.8896264118285894,0.9774538225748568
GOBP,GOBP_NEGATIVE_REGULATION_OF_VASCULATURE_DEVELOPMENT,GOBP|GOBP_NEGATIVE_REGULATION_OF_VASCULATURE_DEVELOPMENT,BFR_vs_HLRT_at_T2,6.740261998102346e-4,0.07424925822008678,0.9409605220302641,0.9809214427913595
GOBP,GOBP_NEGATIVE_REGULATION_OF_WNT_SIGNALING_PATHWAY,GOBP|GOBP_NEGATIVE_REGULATION_OF_WNT_SIGNALING_PATHWAY,BFR_vs_HLRT_at_T2,-0.005885691061326262,-0.9440400064153311,0.3474267630972805,0.9261899601054855
GOBP,GOBP_NEPHRON_DEVELOPMENT,GOBP|GOBP_NEPHRON_DEVELOPMENT,BFR_vs_HLRT_at_T2,5.919866216223674e-4,0.060524981515340255,0.9518584363499728,0.9809214427913595
GOBP,GOBP_NEURAL_CREST_CELL_DIFFERENTIATION,GOBP|GOBP_NEURAL_CREST_CELL_DIFFERENTIATION,BFR_vs_HLRT_at_T2,-0.005796061506042656,-0.7137492043143839,0.47704647902396446,0.9297193617869095
GOBP,GOBP_NEURAL_PRECURSOR_CELL_PROLIFERATION,GOBP|GOBP_NEURAL_PRECURSOR_CELL_PROLIFERATION,BFR_vs_HLRT_at_T2,-0.014605206661691877,-2.595509922687871,0.010867321517061514,0.5590821941229721
GOBP,GOBP_NEURAL_TUBE_DEVELOPMENT,GOBP|GOBP_NEURAL_TUBE_DEVELOPMENT,BFR_vs_HLRT_at_T2,4.247701150146693e-4,0.06699278083641425,0.9467213427405641,0.9809214427913595
GOBP,GOBP_NEUROMUSCULAR_JUNCTION_DEVELOPMENT,GOBP|GOBP_NEUROMUSCULAR_JUNCTION_DEVELOPMENT,BFR_vs_HLRT_at_T2,0.0014742834575681707,0.12028673476677612,0.9044975961478192,0.9784749967380725
GOBP,GOBP_NEUROMUSCULAR_PROCESS,GOBP|GOBP_NEUROMUSCULAR_PROCESS,BFR_vs_HLRT_at_T2,-0.008441755561852365,-1.234488779242884,0.21991674117777113,0.8172128367818733
GOBP,GOBP_NEURON_APOPTOTIC_PROCESS,GOBP|GOBP_NEURON_APOPTOTIC_PROCESS,BFR_vs_HLRT_at_T2,0.001959233109626667,0.32748229586365585,0.7439883917647363,0.9577792272151837
GOBP,GOBP_NEURON_MIGRATION,GOBP|GOBP_NEURON_MIGRATION,BFR_vs_HLRT_at_T2,-0.0108911128939021,-2.229332171163587,0.028031388517355475,0.5894167639595287
GOBP,GOBP_NEURON_PROJECTION_GUIDANCE,GOBP|GOBP_NEURON_PROJECTION_GUIDANCE,BFR_vs_HLRT_at_T2,-0.01513870996153243,-1.4749004696438337,0.14338391790907526,0.7821689479243685
GOBP,GOBP_NEURON_PROJECTION_ORGANIZATION,GOBP|GOBP_NEURON_PROJECTION_ORGANIZATION,BFR_vs_HLRT_at_T2,-0.009725647625840828,-1.7851602639930357,0.07727017262250588,0.7322774711537333
GOBP,GOBP_NEUROTRANSMITTER_TRANSPORT,GOBP|GOBP_NEUROTRANSMITTER_TRANSPORT,BFR_vs_HLRT_at_T2,0.0011863326898655172,0.239608508255206,0.8111246939134469,0.9766194999212333
GOBP,GOBP_NEUTRAL_LIPID_METABOLIC_PROCESS,GOBP|GOBP_NEUTRAL_LIPID_METABOLIC_PROCESS,BFR_vs_HLRT_at_T2,-0.006392944216318086,-1.0414956920795972,0.30015948248770014,0.9013993576829025
GOBP,GOBP_NON_CANONICAL_NF_KAPPAB_SIGNAL_TRANSDUCTION,GOBP|GOBP_NON_CANONICAL_NF_KAPPAB_SIGNAL_TRANSDUCTION,BFR_vs_HLRT_at_T2,-0.012612277318743037,-2.669916144622597,0.008857012196192176,0.5590821941229721
GOBP,GOBP_NON_PROTEINOGENIC_AMINO_ACID_METABOLIC_PROCESS,GOBP|GOBP_NON_PROTEINOGENIC_AMINO_ACID_METABOLIC_PROCESS,BFR_vs_HLRT_at_T2,0.009428249877159373,1.8212251694532684,0.07156555784358355,0.7322774711537333
GOBP,GOBP_NOTCH_SIGNALING_PATHWAY,GOBP|GOBP_NOTCH_SIGNALING_PATHWAY,BFR_vs_HLRT_at_T2,-0.0031099723856964703,-0.5720958862635315,0.5685421497951488,0.9577792272151837
GOBP,GOBP_NUCLEAR_TRANSCRIBED_MRNA_CATABOLIC_PROCESS,GOBP|GOBP_NUCLEAR_TRANSCRIBED_MRNA_CATABOLIC_PROCESS,BFR_vs_HLRT_at_T2,-0.005015666367985838,-0.876161244859606,0.38304426718243145,0.9261899601054855
GOBP,GOBP_NUCLEAR_TRANSPORT,GOBP|GOBP_NUCLEAR_TRANSPORT,BFR_vs_HLRT_at_T2,-0.0038120512741244006,-1.3659021266190667,0.17503684885025902,0.7904197087067137
GOBP,GOBP_NUCLEOBASE_METABOLIC_PROCESS,GOBP|GOBP_NUCLEOBASE_METABOLIC_PROCESS,BFR_vs_HLRT_at_T2,0.013291596154462092,1.6348607555617518,0.10522551460960024,0.7580134293173054
GOBP,GOBP_NUCLEOSIDE_METABOLIC_PROCESS,GOBP|GOBP_NUCLEOSIDE_METABOLIC_PROCESS,BFR_vs_HLRT_at_T2,0.007753656162010528,0.7199032870739103,0.4732654561365992,0.9297193617869095
GOBP,GOBP_NUCLEOSIDE_MONOPHOSPHATE_METABOLIC_PROCESS,GOBP|GOBP_NUCLEOSIDE_MONOPHOSPHATE_METABOLIC_PROCESS,BFR_vs_HLRT_at_T2,0.01196666475024212,1.823521862545847,0.07121446098603165,0.7322774711537333
GOBP,GOBP_NUCLEOSIDE_PHOSPHATE_BIOSYNTHETIC_PROCESS,GOBP|GOBP_NUCLEOSIDE_PHOSPHATE_BIOSYNTHETIC_PROCESS,BFR_vs_HLRT_at_T2,0.0025939305933179446,0.7623753403548894,0.44763230701565504,0.9297193617869095
GOBP,GOBP_NUCLEOSIDE_TRIPHOSPHATE_BIOSYNTHETIC_PROCESS,GOBP|GOBP_NUCLEOSIDE_TRIPHOSPHATE_BIOSYNTHETIC_PROCESS,BFR_vs_HLRT_at_T2,-0.0015973720325686558,-0.34732387060019765,0.7290786677734823,0.9577792272151837
GOBP,GOBP_NUCLEOTIDE_SUGAR_METABOLIC_PROCESS,GOBP|GOBP_NUCLEOTIDE_SUGAR_METABOLIC_PROCESS,BFR_vs_HLRT_at_T2,0.006063487661694133,0.7412747935153096,0.4602658113776611,0.9297193617869095
GOBP,GOBP_NUCLEUS_LOCALIZATION,GOBP|GOBP_NUCLEUS_LOCALIZATION,BFR_vs_HLRT_at_T2,-0.01258824404094886,-1.2922328542320185,0.19925766468458675,0.795945020058188
GOBP,GOBP_NUCLEUS_ORGANIZATION,GOBP|GOBP_NUCLEUS_ORGANIZATION,BFR_vs_HLRT_at_T2,-0.009851606196382347,-1.525651157905505,0.13025650629129146,0.7804698505412709
GOBP,GOBP_NUTRIENT_STORAGE,GOBP|GOBP_NUTRIENT_STORAGE,BFR_vs_HLRT_at_T2,0.005731515098008224,0.953561232452188,0.34260736645815937,0.9261899601054855
GOBP,GOBP_OLEFINIC_COMPOUND_METABOLIC_PROCESS,GOBP|GOBP_OLEFINIC_COMPOUND_METABOLIC_PROCESS,BFR_vs_HLRT_at_T2,-8.598500910445839e-4,-0.16733453764761722,0.8674450875854345,0.9774538225748568
GOBP,GOBP_OLIGODENDROCYTE_DIFFERENTIATION,GOBP|GOBP_OLIGODENDROCYTE_DIFFERENTIATION,BFR_vs_HLRT_at_T2,0.013426380968103845,1.734903020518279,0.0858419997685174,0.733901932086885
GOBP,GOBP_ORGANELLE_DISASSEMBLY,GOBP|GOBP_ORGANELLE_DISASSEMBLY,BFR_vs_HLRT_at_T2,0.001623527116822239,0.32611693368518696,0.7450180440570789,0.9577792272151837
GOBP,GOBP_ORGANELLE_FUSION,GOBP|GOBP_ORGANELLE_FUSION,BFR_vs_HLRT_at_T2,3.208054438622529e-4,0.07309287661938765,0.9418783559459212,0.9809214427913595
GOBP,GOBP_ORGANIC_ACID_BIOSYNTHETIC_PROCESS,GOBP|GOBP_ORGANIC_ACID_BIOSYNTHETIC_PROCESS,BFR_vs_HLRT_at_T2,0.005515855355757243,1.6013914688340032,0.1124477855848608,0.7741980281860327
GOBP,GOBP_ORGANIC_ANION_TRANSPORT,GOBP|GOBP_ORGANIC_ANION_TRANSPORT,BFR_vs_HLRT_at_T2,4.4008778630308387e-4,0.0986387394545154,0.9216227597992805,0.9809214427913595
GOBP,GOBP_ORGANIC_HYDROXY_COMPOUND_TRANSPORT,GOBP|GOBP_ORGANIC_HYDROXY_COMPOUND_TRANSPORT,BFR_vs_HLRT_at_T2,0.005821658842777577,1.1003509239385532,0.27382360973429853,0.8683185254271967
GOBP,GOBP_ORGANOPHOSPHATE_CATABOLIC_PROCESS,GOBP|GOBP_ORGANOPHOSPHATE_CATABOLIC_PROCESS,BFR_vs_HLRT_at_T2,0.0060009054488981695,1.6938160741995592,0.09341599036398023,0.7558282553829123
GOBP,GOBP_ORGANOPHOSPHATE_ESTER_TRANSPORT,GOBP|GOBP_ORGANOPHOSPHATE_ESTER_TRANSPORT,BFR_vs_HLRT_at_T2,0.007479390171555287,1.1829135454720479,0.23965092878141786,0.8268142684310219
GOBP,GOBP_ORGAN_GROWTH,GOBP|GOBP_ORGAN_GROWTH,BFR_vs_HLRT_at_T2,-0.01185911227126514,-2.58034776047184,0.01132430751115996,0.5590821941229721
GOBP,GOBP_OSSIFICATION,GOBP|GOBP_OSSIFICATION,BFR_vs_HLRT_at_T2,-0.011680510895719157,-1.881058141822405,0.06287602874824975,0.7322774711537333
GOBP,GOBP_OXIDATIVE_PHOSPHORYLATION,GOBP|GOBP_OXIDATIVE_PHOSPHORYLATION,BFR_vs_HLRT_at_T2,-0.0024869077718425725,-0.5092549964202834,0.6116965224286195,0.9577792272151837
GOBP,GOBP_PATTERN_SPECIFICATION_PROCESS,GOBP|GOBP_PATTERN_SPECIFICATION_PROCESS,BFR_vs_HLRT_at_T2,0.005570389587478103,0.7267126451076347,0.4691014113821995,0.9297193617869095
GOBP,GOBP_PEPTIDE_METABOLIC_PROCESS,GOBP|GOBP_PEPTIDE_METABOLIC_PROCESS,BFR_vs_HLRT_at_T2,0.010068468093034522,1.4976677314453368,0.13737265563406434,0.7804698505412709
GOBP,GOBP_PEPTIDYL_AMINO_ACID_MODIFICATION,GOBP|GOBP_PEPTIDYL_AMINO_ACID_MODIFICATION,BFR_vs_HLRT_at_T2,7.887387368134408e-4,0.2077094263477543,0.8358786950591094,0.9774538225748568
GOBP,GOBP_PEPTIDYL_LYSINE_MODIFICATION,GOBP|GOBP_PEPTIDYL_LYSINE_MODIFICATION,BFR_vs_HLRT_at_T2,0.011079121839254129,2.216825729385809,0.02890245997363201,0.5916530358666388
GOBP,GOBP_PERIPHERAL_NERVOUS_SYSTEM_DEVELOPMENT,GOBP|GOBP_PERIPHERAL_NERVOUS_SYSTEM_DEVELOPMENT,BFR_vs_HLRT_at_T2,0.0010257679067429415,0.14761689842786563,0.8829426390075479,0.9774538225748568
GOBP,GOBP_PHAGOCYTOSIS,GOBP|GOBP_PHAGOCYTOSIS,BFR_vs_HLRT_at_T2,-0.002664714158800874,-0.5688495487266105,0.570734890255122,0.9577792272151837
GOBP,GOBP_PHENOL_CONTAINING_COMPOUND_METABOLIC_PROCESS,GOBP|GOBP_PHENOL_CONTAINING_COMPOUND_METABOLIC_PROCESS,BFR_vs_HLRT_at_T2,0.007870887300751778,1.3042109094180208,0.19515859069040725,0.795945020058188
GOBP,GOBP_PHOSPHATIDYLINOSITOL_3_KINASE_PROTEIN_KINASE_B_SIGNAL_TRANSDUCTION,GOBP|GOBP_PHOSPHATIDYLINOSITOL_3_KINASE_PROTEIN_KINASE_B_SIGNAL_TRANSDUCTION,BFR_vs_HLRT_at_T2,-0.006500746299504735,-1.0714751972854264,0.2865375140284564,0.881131169621103
GOBP,GOBP_PHOSPHATIDYLINOSITOL_METABOLIC_PROCESS,GOBP|GOBP_PHOSPHATIDYLINOSITOL_METABOLIC_PROCESS,BFR_vs_HLRT_at_T2,-0.002965494147014941,-0.4545013808172018,0.6504540261668683,0.9577792272151837
GOBP,GOBP_PHOSPHOLIPID_METABOLIC_PROCESS,GOBP|GOBP_PHOSPHOLIPID_METABOLIC_PROCESS,BFR_vs_HLRT_at_T2,0.002854508252845306,0.7410655029869504,0.4603921257157296,0.9297193617869095
GOBP,GOBP_PIGMENTATION,GOBP|GOBP_PIGMENTATION,BFR_vs_HLRT_at_T2,0.004830066624400775,0.7831820195059999,0.43537295946876,0.9297193617869095
GOBP,GOBP_PIGMENT_METABOLIC_PROCESS,GOBP|GOBP_PIGMENT_METABOLIC_PROCESS,BFR_vs_HLRT_at_T2,0.012819622211057001,1.5527034518176088,0.12365634216432955,0.7799992205602225
GOBP,GOBP_PLACENTA_DEVELOPMENT,GOBP|GOBP_PLACENTA_DEVELOPMENT,BFR_vs_HLRT_at_T2,-7.187171075937471e-4,-0.1297578826844091,0.8970188906541943,0.9774538225748568
GOBP,GOBP_PLASMA_MEMBRANE_ORGANIZATION,GOBP|GOBP_PLASMA_MEMBRANE_ORGANIZATION,BFR_vs_HLRT_at_T2,-0.004776204521176178,-0.8473461617683087,0.39882764509775714,0.9290057122336978
GOBP,GOBP_PLASMA_MEMBRANE_REPAIR,GOBP|GOBP_PLASMA_MEMBRANE_REPAIR,BFR_vs_HLRT_at_T2,-0.006812056943593381,-1.0199507330861028,0.31021548764907936,0.9091418730283841
GOBP,GOBP_PLATELET_ACTIVATION,GOBP|GOBP_PLATELET_ACTIVATION,BFR_vs_HLRT_at_T2,-0.009058911537958278,-0.8424405808038232,0.4015537291563589,0.9290103408103872
GOBP,GOBP_POLYOL_METABOLIC_PROCESS,GOBP|GOBP_POLYOL_METABOLIC_PROCESS,BFR_vs_HLRT_at_T2,0.014027396481919141,2.5291210146623095,0.012999141155472222,0.5590821941229721
GOBP,GOBP_POLYSACCHARIDE_CATABOLIC_PROCESS,GOBP|GOBP_POLYSACCHARIDE_CATABOLIC_PROCESS,BFR_vs_HLRT_at_T2,0.0036008941504545033,0.7427679860895327,0.4593651874275515,0.9297193617869095
GOBP,GOBP_POLYSACCHARIDE_METABOLIC_PROCESS,GOBP|GOBP_POLYSACCHARIDE_METABOLIC_PROCESS,BFR_vs_HLRT_at_T2,8.441619699353364e-4,0.17858479041029762,0.8586253980907135,0.9774538225748568
GOBP,GOBP_POSITIVE_REGULATION_OF_ACTIN_FILAMENT_POLYMERIZATION,GOBP|GOBP_POSITIVE_REGULATION_OF_ACTIN_FILAMENT_POLYMERIZATION,BFR_vs_HLRT_at_T2,-0.01592247680487774,-2.206232314770129,0.029658699741386775,0.5916530358666388
GOBP,GOBP_POSITIVE_REGULATION_OF_APOPTOTIC_SIGNALING_PATHWAY,GOBP|GOBP_POSITIVE_REGULATION_OF_APOPTOTIC_SIGNALING_PATHWAY,BFR_vs_HLRT_at_T2,7.972933734542442e-4,0.13947566409007547,0.8893550829422532,0.9774538225748568
GOBP,GOBP_POSITIVE_REGULATION_OF_AUTOPHAGY,GOBP|GOBP_POSITIVE_REGULATION_OF_AUTOPHAGY,BFR_vs_HLRT_at_T2,6.010084050063098e-4,0.16938696122305008,0.8658347966611076,0.9774538225748568
GOBP,GOBP_POSITIVE_REGULATION_OF_CALCIUM_ION_TRANSPORT,GOBP|GOBP_POSITIVE_REGULATION_OF_CALCIUM_ION_TRANSPORT,BFR_vs_HLRT_at_T2,-0.009986181468134403,-1.4086527758560965,0.16204264564360607,0.7904197087067137
GOBP,GOBP_POSITIVE_REGULATION_OF_CARBOHYDRATE_METABOLIC_PROCESS,GOBP|GOBP_POSITIVE_REGULATION_OF_CARBOHYDRATE_METABOLIC_PROCESS,BFR_vs_HLRT_at_T2,0.0035689537485210088,0.5739558918500238,0.5672876526942564,0.9577792272151837
GOBP,GOBP_POSITIVE_REGULATION_OF_CELL_ACTIVATION,GOBP|GOBP_POSITIVE_REGULATION_OF_CELL_ACTIVATION,BFR_vs_HLRT_at_T2,-0.003995632159014904,-0.6582784216538392,0.511873415206838,0.9297193617869095
GOBP,GOBP_POSITIVE_REGULATION_OF_CELL_ADHESION,GOBP|GOBP_POSITIVE_REGULATION_OF_CELL_ADHESION,BFR_vs_HLRT_at_T2,-0.003569082539707953,-0.5229794319164744,0.602146574880621,0.9577792272151837
GOBP,GOBP_POSITIVE_REGULATION_OF_CELL_CYCLE,GOBP|GOBP_POSITIVE_REGULATION_OF_CELL_CYCLE,BFR_vs_HLRT_at_T2,-0.009834158534242743,-2.7652420757983585,0.00677567860125259,0.5590821941229721
GOBP,GOBP_POSITIVE_REGULATION_OF_CELL_DEVELOPMENT,GOBP|GOBP_POSITIVE_REGULATION_OF_CELL_DEVELOPMENT,BFR_vs_HLRT_at_T2,-0.0021884428905439603,-0.5266908326911308,0.5995758137577591,0.9577792272151837
GOBP,GOBP_POSITIVE_REGULATION_OF_CELL_MATRIX_ADHESION,GOBP|GOBP_POSITIVE_REGULATION_OF_CELL_MATRIX_ADHESION,BFR_vs_HLRT_at_T2,0.0013046471683659244,0.1464496149040466,0.8838615821969154,0.9774538225748568
GOBP,GOBP_POSITIVE_REGULATION_OF_CELL_PROJECTION_ORGANIZATION,GOBP|GOBP_POSITIVE_REGULATION_OF_CELL_PROJECTION_ORGANIZATION,BFR_vs_HLRT_at_T2,-0.003255826803462085,-0.7272751279321534,0.4687583652011066,0.9297193617869095
GOBP,GOBP_POSITIVE_REGULATION_OF_CELL_SUBSTRATE_ADHESION,GOBP|GOBP_POSITIVE_REGULATION_OF_CELL_SUBSTRATE_ADHESION,BFR_vs_HLRT_at_T2,-9.455252185850138e-4,-0.12243152197900156,0.9028032292065883,0.9782463959926542
GOBP,GOBP_POSITIVE_REGULATION_OF_CYTOSKELETON_ORGANIZATION,GOBP|GOBP_POSITIVE_REGULATION_OF_CYTOSKELETON_ORGANIZATION,BFR_vs_HLRT_at_T2,-0.009952377793089315,-1.9815065067675368,0.05028262213588884,0.6906626874245759
GOBP,GOBP_POSITIVE_REGULATION_OF_CYTOSOLIC_CALCIUM_ION_CONCENTRATION,GOBP|GOBP_POSITIVE_REGULATION_OF_CYTOSOLIC_CALCIUM_ION_CONCENTRATION,BFR_vs_HLRT_at_T2,-0.0038926365251450573,-0.633473484396713,0.5278721089425664,0.9304222092916711
GOBP,GOBP_POSITIVE_REGULATION_OF_DNA_METABOLIC_PROCESS,GOBP|GOBP_POSITIVE_REGULATION_OF_DNA_METABOLIC_PROCESS,BFR_vs_HLRT_at_T2,0.0019697276835337896,0.6717785200576099,0.5032752657642465,0.9297193617869095
GOBP,GOBP_POSITIVE_REGULATION_OF_EPITHELIAL_CELL_PROLIFERATION,GOBP|GOBP_POSITIVE_REGULATION_OF_EPITHELIAL_CELL_PROLIFERATION,BFR_vs_HLRT_at_T2,0.0012693440415172553,0.15429726208534908,0.8776866402467601,0.9774538225748568
GOBP,GOBP_POSITIVE_REGULATION_OF_ESTABLISHMENT_OF_PROTEIN_LOCALIZATION_TO_MITOCHONDRION,GOBP|GOBP_POSITIVE_REGULATION_OF_ESTABLISHMENT_OF_PROTEIN_LOCALIZATION_TO_MITOCHONDRION,BFR_vs_HLRT_at_T2,0.002209066640110585,0.3510997390015034,0.7262528752816921,0.9577792272151837
GOBP,GOBP_POSITIVE_REGULATION_OF_EXOCYTOSIS,GOBP|GOBP_POSITIVE_REGULATION_OF_EXOCYTOSIS,BFR_vs_HLRT_at_T2,0.005880779348055636,0.9442802109553233,0.3473046420280209,0.9261899601054855
GOBP,GOBP_POSITIVE_REGULATION_OF_GROWTH,GOBP|GOBP_POSITIVE_REGULATION_OF_GROWTH,BFR_vs_HLRT_at_T2,-0.0045572913135282144,-1.1819111383518714,0.24004665149069793,0.8268142684310219
GOBP,GOBP_POSITIVE_REGULATION_OF_HEMOPOIESIS,GOBP|GOBP_POSITIVE_REGULATION_OF_HEMOPOIESIS,BFR_vs_HLRT_at_T2,-0.004137131045150947,-0.4741341014807291,0.6364389444499066,0.9577792272151837
GOBP,GOBP_POSITIVE_REGULATION_OF_HORMONE_SECRETION,GOBP|GOBP_POSITIVE_REGULATION_OF_HORMONE_SECRETION,BFR_vs_HLRT_at_T2,-0.0020659630198581747,-0.48047038091111666,0.6319434362065177,0.9577792272151837
GOBP,GOBP_POSITIVE_REGULATION_OF_INFLAMMATORY_RESPONSE,GOBP|GOBP_POSITIVE_REGULATION_OF_INFLAMMATORY_RESPONSE,BFR_vs_HLRT_at_T2,0.003064749674868278,0.47055601349814125,0.6389835825052824,0.9577792272151837
GOBP,GOBP_POSITIVE_REGULATION_OF_KINASE_ACTIVITY,GOBP|GOBP_POSITIVE_REGULATION_OF_KINASE_ACTIVITY,BFR_vs_HLRT_at_T2,0.0019565882351093578,0.41744061318180886,0.6772519194653823,0.9577792272151837
GOBP,GOBP_POSITIVE_REGULATION_OF_LEUKOCYTE_MIGRATION,GOBP|GOBP_POSITIVE_REGULATION_OF_LEUKOCYTE_MIGRATION,BFR_vs_HLRT_at_T2,-0.0026076160698764728,-0.2894992406866284,0.7727993248967951,0.9654999788654113
GOBP,GOBP_POSITIVE_REGULATION_OF_LIPID_METABOLIC_PROCESS,GOBP|GOBP_POSITIVE_REGULATION_OF_LIPID_METABOLIC_PROCESS,BFR_vs_HLRT_at_T2,0.0019329002333688255,0.4413986223340925,0.6598783219363056,0.9577792272151837
GOBP,GOBP_POSITIVE_REGULATION_OF_LIPID_TRANSPORT,GOBP|GOBP_POSITIVE_REGULATION_OF_LIPID_TRANSPORT,BFR_vs_HLRT_at_T2,0.0023757940735732175,0.41181508806183725,0.6813572057220376,0.9577792272151837
GOBP,GOBP_POSITIVE_REGULATION_OF_MAPK_CASCADE,GOBP|GOBP_POSITIVE_REGULATION_OF_MAPK_CASCADE,BFR_vs_HLRT_at_T2,-0.003829146182220869,-0.5152433087729972,0.6075212668408857,0.9577792272151837
GOBP,GOBP_POSITIVE_REGULATION_OF_MICROTUBULE_POLYMERIZATION_OR_DEPOLYMERIZATION,GOBP|GOBP_POSITIVE_REGULATION_OF_MICROTUBULE_POLYMERIZATION_OR_DEPOLYMERIZATION,BFR_vs_HLRT_at_T2,-0.0035628661843828194,-0.3910505521144812,0.6965926184327853,0.9577792272151837
GOBP,GOBP_POSITIVE_REGULATION_OF_MITOTIC_CELL_CYCLE,GOBP|GOBP_POSITIVE_REGULATION_OF_MITOTIC_CELL_CYCLE,BFR_vs_HLRT_at_T2,-0.006032840664890675,-1.3454997390870853,0.1815098916396306,0.7904197087067137
GOBP,GOBP_POSITIVE_REGULATION_OF_MOLECULAR_FUNCTION,GOBP|GOBP_POSITIVE_REGULATION_OF_MOLECULAR_FUNCTION,BFR_vs_HLRT_at_T2,-0.0018780179222458449,-0.7283542362821954,0.468100634887918,0.9297193617869095
GOBP,GOBP_POSITIVE_REGULATION_OF_MRNA_METABOLIC_PROCESS,GOBP|GOBP_POSITIVE_REGULATION_OF_MRNA_METABOLIC_PROCESS,BFR_vs_HLRT_at_T2,-0.006694978609320598,-1.3360065830464147,0.18458255499818485,0.795945020058188
GOBP,GOBP_POSITIVE_REGULATION_OF_MYELOID_CELL_DIFFERENTIATION,GOBP|GOBP_POSITIVE_REGULATION_OF_MYELOID_CELL_DIFFERENTIATION,BFR_vs_HLRT_at_T2,0.01623229063866838,2.1781833247044182,0.031745023513450515,0.6109052023088027
GOBP,GOBP_POSITIVE_REGULATION_OF_NEURON_PROJECTION_DEVELOPMENT,GOBP|GOBP_POSITIVE_REGULATION_OF_NEURON_PROJECTION_DEVELOPMENT,BFR_vs_HLRT_at_T2,-0.00888959527728449,-1.4406355876702899,0.15281449882326995,0.7821689479243685
GOBP,GOBP_POSITIVE_REGULATION_OF_NUCLEOCYTOPLASMIC_TRANSPORT,GOBP|GOBP_POSITIVE_REGULATION_OF_NUCLEOCYTOPLASMIC_TRANSPORT,BFR_vs_HLRT_at_T2,-2.52529133185575e-4,-0.05118352754675346,0.9592814789464171,0.9832951128067358
GOBP,GOBP_POSITIVE_REGULATION_OF_NUCLEOTIDE_METABOLIC_PROCESS,GOBP|GOBP_POSITIVE_REGULATION_OF_NUCLEOTIDE_METABOLIC_PROCESS,BFR_vs_HLRT_at_T2,0.0016135643696063018,0.40630435506945456,0.6853880307870381,0.9577792272151837
GOBP,GOBP_POSITIVE_REGULATION_OF_ORGANELLE_ASSEMBLY,GOBP|GOBP_POSITIVE_REGULATION_OF_ORGANELLE_ASSEMBLY,BFR_vs_HLRT_at_T2,-0.009721869264312559,-1.325824833948285,0.18792135210588895,0.795945020058188
GOBP,GOBP_POSITIVE_REGULATION_OF_PATTERN_RECOGNITION_RECEPTOR_SIGNALING_PATHWAY,GOBP|GOBP_POSITIVE_REGULATION_OF_PATTERN_RECOGNITION_RECEPTOR_SIGNALING_PATHWAY,BFR_vs_HLRT_at_T2,-0.00807283902450076,-1.178103579748061,0.24155403046519805,0.8268142684310219
GOBP,GOBP_POSITIVE_REGULATION_OF_PHOSPHORUS_METABOLIC_PROCESS,GOBP|GOBP_POSITIVE_REGULATION_OF_PHOSPHORUS_METABOLIC_PROCESS,BFR_vs_HLRT_at_T2,7.019236127017159e-4,0.2260764436490623,0.8216038614032781,0.9771176065028042
GOBP,GOBP_POSITIVE_REGULATION_OF_PROTEASOMAL_UBIQUITIN_DEPENDENT_PROTEIN_CATABOLIC_PROCESS,GOBP|GOBP_POSITIVE_REGULATION_OF_PROTEASOMAL_UBIQUITIN_DEPENDENT_PROTEIN_CATABOLIC_PROCESS,BFR_vs_HLRT_at_T2,-0.0044856483848024,-0.7457842325563226,0.45754898814842637,0.9297193617869095
GOBP,GOBP_POSITIVE_REGULATION_OF_PROTEIN_CATABOLIC_PROCESS,GOBP|GOBP_POSITIVE_REGULATION_OF_PROTEIN_CATABOLIC_PROCESS,BFR_vs_HLRT_at_T2,-0.0013760011419705204,-0.42720175247803754,0.6701517253279139,0.9577792272151837
GOBP,GOBP_POSITIVE_REGULATION_OF_PROTEIN_CONTAINING_COMPLEX_ASSEMBLY,GOBP|GOBP_POSITIVE_REGULATION_OF_PROTEIN_CONTAINING_COMPLEX_ASSEMBLY,BFR_vs_HLRT_at_T2,-0.00929784251367008,-2.2590983096189294,0.026050002620490807,0.5894167639595287
GOBP,GOBP_POSITIVE_REGULATION_OF_PROTEIN_CONTAINING_COMPLEX_DISASSEMBLY,GOBP|GOBP_POSITIVE_REGULATION_OF_PROTEIN_CONTAINING_COMPLEX_DISASSEMBLY,BFR_vs_HLRT_at_T2,-7.208103415419498e-4,-0.14106460169416973,0.8881029651186865,0.9774538225748568
GOBP,GOBP_POSITIVE_REGULATION_OF_PROTEIN_LOCALIZATION,GOBP|GOBP_POSITIVE_REGULATION_OF_PROTEIN_LOCALIZATION,BFR_vs_HLRT_at_T2,-0.002270861284931966,-0.6989663783459229,0.4861971492159787,0.9297193617869095
GOBP,GOBP_POSITIVE_REGULATION_OF_PROTEIN_LOCALIZATION_TO_CELL_PERIPHERY,GOBP|GOBP_POSITIVE_REGULATION_OF_PROTEIN_LOCALIZATION_TO_CELL_PERIPHERY,BFR_vs_HLRT_at_T2,-0.0116225425584702,-1.2793890893340585,0.20372357541705385,0.795945020058188
GOBP,GOBP_POSITIVE_REGULATION_OF_PROTEIN_LOCALIZATION_TO_NUCLEUS,GOBP|GOBP_POSITIVE_REGULATION_OF_PROTEIN_LOCALIZATION_TO_NUCLEUS,BFR_vs_HLRT_at_T2,8.562551802193119e-4,0.22046126973943148,0.8259618464770948,0.9771176065028042
GOBP,GOBP_POSITIVE_REGULATION_OF_PROTEIN_MODIFICATION_PROCESS,GOBP|GOBP_POSITIVE_REGULATION_OF_PROTEIN_MODIFICATION_PROCESS,BFR_vs_HLRT_at_T2,-0.002983793758965153,-0.9693031843309726,0.3347348407073225,0.9261899601054855
GOBP,GOBP_POSITIVE_REGULATION_OF_PROTEIN_UBIQUITINATION,GOBP|GOBP_POSITIVE_REGULATION_OF_PROTEIN_UBIQUITINATION,BFR_vs_HLRT_at_T2,-0.008032335845855429,-1.7349805605883013,0.08582819692437796,0.733901932086885
GOBP,GOBP_POSITIVE_REGULATION_OF_PROTEOLYSIS,GOBP|GOBP_POSITIVE_REGULATION_OF_PROTEOLYSIS,BFR_vs_HLRT_at_T2,-0.0016525889434869864,-0.5318531001709859,0.5960084999896691,0.9577792272151837
GOBP,GOBP_POSITIVE_REGULATION_OF_REACTIVE_OXYGEN_SPECIES_METABOLIC_PROCESS,GOBP|GOBP_POSITIVE_REGULATION_OF_REACTIVE_OXYGEN_SPECIES_METABOLIC_PROCESS,BFR_vs_HLRT_at_T2,-0.00417952698442281,-0.931687535326846,0.3537441727268814,0.9261899601054855
GOBP,GOBP_POSITIVE_REGULATION_OF_RESPONSE_TO_BIOTIC_STIMULUS,GOBP|GOBP_POSITIVE_REGULATION_OF_RESPONSE_TO_BIOTIC_STIMULUS,BFR_vs_HLRT_at_T2,0.0013759180513358144,0.48219442369972526,0.6307226274233033,0.9577792272151837
GOBP,GOBP_POSITIVE_REGULATION_OF_SECRETION,GOBP|GOBP_POSITIVE_REGULATION_OF_SECRETION,BFR_vs_HLRT_at_T2,-6.734483952510473e-4,-0.20464418900892553,0.8382664849604974,0.9774538225748568
GOBP,GOBP_POSITIVE_REGULATION_OF_SMALL_GTPASE_MEDIATED_SIGNAL_TRANSDUCTION,GOBP|GOBP_POSITIVE_REGULATION_OF_SMALL_GTPASE_MEDIATED_SIGNAL_TRANSDUCTION,BFR_vs_HLRT_at_T2,-0.0034278848691263464,-0.5120941713560386,0.6097153445388375,0.9577792272151837
GOBP,GOBP_POSITIVE_REGULATION_OF_SYNAPTIC_TRANSMISSION,GOBP|GOBP_POSITIVE_REGULATION_OF_SYNAPTIC_TRANSMISSION,BFR_vs_HLRT_at_T2,-0.007352370927604364,-1.1513187052543987,0.2523492012935093,0.8268311603810361
GOBP,GOBP_POSITIVE_REGULATION_OF_TOR_SIGNALING,GOBP|GOBP_POSITIVE_REGULATION_OF_TOR_SIGNALING,BFR_vs_HLRT_at_T2,-1.7991063119938977e-4,-0.02953505957232496,0.9764967808057798,0.9901241527192334
GOBP,GOBP_POSITIVE_REGULATION_OF_TRANSLATION,GOBP|GOBP_POSITIVE_REGULATION_OF_TRANSLATION,BFR_vs_HLRT_at_T2,-0.003160272693599796,-0.7225524736193145,0.47164298240635505,0.9297193617869095
GOBP,GOBP_POSITIVE_REGULATION_OF_TRANSLATIONAL_INITIATION,GOBP|GOBP_POSITIVE_REGULATION_OF_TRANSLATIONAL_INITIATION,BFR_vs_HLRT_at_T2,0.003401922494681811,0.4274591884719394,0.6699648686509097,0.9577792272151837
GOBP,GOBP_POSITIVE_REGULATION_OF_TRANSMEMBRANE_RECEPTOR_PROTEIN_SERINE_THREONINE_KINASE_SIGNALING_PATHWAY,GOBP|GOBP_POSITIVE_REGULATION_OF_TRANSMEMBRANE_RECEPTOR_PROTEIN_SERINE_THREONINE_KINASE_SIGNALING_PATHWAY,BFR_vs_HLRT_at_T2,8.488512989001974e-4,0.15780749497710467,0.874927024249374,0.9774538225748568
GOBP,GOBP_POSITIVE_REGULATION_OF_TRANSMEMBRANE_TRANSPORT,GOBP|GOBP_POSITIVE_REGULATION_OF_TRANSMEMBRANE_TRANSPORT,BFR_vs_HLRT_at_T2,-0.0044288030735406825,-0.9960405408445578,0.3216369101978177,0.9220082774640296
GOBP,GOBP_POSITIVE_REGULATION_OF_T_CELL_PROLIFERATION,GOBP|GOBP_POSITIVE_REGULATION_OF_T_CELL_PROLIFERATION,BFR_vs_HLRT_at_T2,-4.519610960525e-4,-0.04649973004584366,0.9630047769230388,0.9845173672090987
GOBP,GOBP_POSITIVE_REGULATION_OF_WNT_SIGNALING_PATHWAY,GOBP|GOBP_POSITIVE_REGULATION_OF_WNT_SIGNALING_PATHWAY,BFR_vs_HLRT_at_T2,0.0031274406395834188,0.6677224131591832,0.5058504179134724,0.9297193617869095
GOBP,GOBP_POSTSYNAPSE_ORGANIZATION,GOBP|GOBP_POSTSYNAPSE_ORGANIZATION,BFR_vs_HLRT_at_T2,-0.007211437183030103,-1.332104315646817,0.18585688035518275,0.795945020058188
GOBP,GOBP_POST_EMBRYONIC_DEVELOPMENT,GOBP|GOBP_POST_EMBRYONIC_DEVELOPMENT,BFR_vs_HLRT_at_T2,0.009133993118275958,1.6491865157781378,0.1022506014458966,0.7558282553829123
GOBP,GOBP_POST_GOLGI_VESICLE_MEDIATED_TRANSPORT,GOBP|GOBP_POST_GOLGI_VESICLE_MEDIATED_TRANSPORT,BFR_vs_HLRT_at_T2,0.0023926072392512626,0.4534207181344244,0.6512291876371576,0.9577792272151837
GOBP,GOBP_POTASSIUM_ION_TRANSPORT,GOBP|GOBP_POTASSIUM_ION_TRANSPORT,BFR_vs_HLRT_at_T2,-0.0076614696367054425,-1.689148527335839,0.09430982819678727,0.7558282553829123
GOBP,GOBP_PRESYNAPTIC_ENDOCYTOSIS,GOBP|GOBP_PRESYNAPTIC_ENDOCYTOSIS,BFR_vs_HLRT_at_T2,-9.809534340120135e-4,-0.13844040155758397,0.8901710435919483,0.9774538225748568
GOBP,GOBP_PRIMARY_ALCOHOL_METABOLIC_PROCESS,GOBP|GOBP_PRIMARY_ALCOHOL_METABOLIC_PROCESS,BFR_vs_HLRT_at_T2,0.0019639673547798553,0.367741665025393,0.7138438349807998,0.9577792272151837
GOBP,GOBP_PRODUCTION_OF_MOLECULAR_MEDIATOR_INVOLVED_IN_INFLAMMATORY_RESPONSE,GOBP|GOBP_PRODUCTION_OF_MOLECULAR_MEDIATOR_INVOLVED_IN_INFLAMMATORY_RESPONSE,BFR_vs_HLRT_at_T2,0.005222146308350717,1.0164424696669492,0.31187408855637194,0.9091418730283841
GOBP,GOBP_PRODUCTION_OF_MOLECULAR_MEDIATOR_OF_IMMUNE_RESPONSE,GOBP|GOBP_PRODUCTION_OF_MOLECULAR_MEDIATOR_OF_IMMUNE_RESPONSE,BFR_vs_HLRT_at_T2,-0.0027407370905909723,-0.5622834465855744,0.5751824242412363,0.9577792272151837
GOBP,GOBP_PROTEIN_AUTOPHOSPHORYLATION,GOBP|GOBP_PROTEIN_AUTOPHOSPHORYLATION,BFR_vs_HLRT_at_T2,6.876177988142142e-4,0.10014699992992696,0.9204283234084593,0.9809214427913595
GOBP,GOBP_PROTEIN_COMPLEX_OLIGOMERIZATION,GOBP|GOBP_PROTEIN_COMPLEX_OLIGOMERIZATION,BFR_vs_HLRT_at_T2,-0.0011449234179817108,-0.3575811786084309,0.7214111062911162,0.9577792272151837
GOBP,GOBP_PROTEIN_CONTAINING_COMPLEX_LOCALIZATION,GOBP|GOBP_PROTEIN_CONTAINING_COMPLEX_LOCALIZATION,BFR_vs_HLRT_at_T2,-0.001908863831007402,-0.2980424473559612,0.766289737535099,0.9654999788654113
GOBP,GOBP_PROTEIN_DNA_COMPLEX_ORGANIZATION,GOBP|GOBP_PROTEIN_DNA_COMPLEX_ORGANIZATION,BFR_vs_HLRT_at_T2,-0.009411362698995049,-0.9086975534651186,0.36569677121721156,0.9261899601054855
GOBP,GOBP_PROTEIN_EXIT_FROM_ENDOPLASMIC_RETICULUM,GOBP|GOBP_PROTEIN_EXIT_FROM_ENDOPLASMIC_RETICULUM,BFR_vs_HLRT_at_T2,-0.003786157844686104,-0.48532113303605445,0.6285111890094641,0.9577792272151837
GOBP,GOBP_PROTEIN_EXPORT_FROM_NUCLEUS,GOBP|GOBP_PROTEIN_EXPORT_FROM_NUCLEUS,BFR_vs_HLRT_at_T2,0.0015344768652233998,0.33956997541197387,0.7348932340566185,0.9577792272151837
GOBP,GOBP_PROTEIN_FOLDING,GOBP|GOBP_PROTEIN_FOLDING,BFR_vs_HLRT_at_T2,0.0068124306205175345,2.1578065839003795,0.03333971682260121,0.6115533526338417
GOBP,GOBP_PROTEIN_IMPORT_INTO_MITOCHONDRIAL_MATRIX,GOBP|GOBP_PROTEIN_IMPORT_INTO_MITOCHONDRIAL_MATRIX,BFR_vs_HLRT_at_T2,-0.002626166487201001,-0.2861290284041657,0.7753717929304089,0.9654999788654113
GOBP,GOBP_PROTEIN_INSERTION_INTO_ER_MEMBRANE,GOBP|GOBP_PROTEIN_INSERTION_INTO_ER_MEMBRANE,BFR_vs_HLRT_at_T2,-0.011948572143316516,-1.421833738349179,0.15818902963133322,0.7889170836742131
GOBP,GOBP_PROTEIN_INSERTION_INTO_MEMBRANE,GOBP|GOBP_PROTEIN_INSERTION_INTO_MEMBRANE,BFR_vs_HLRT_at_T2,-0.012478586852964482,-1.7774010753610119,0.07854543049593746,0.7322774711537333
GOBP,GOBP_PROTEIN_K48_LINKED_UBIQUITINATION,GOBP|GOBP_PROTEIN_K48_LINKED_UBIQUITINATION,BFR_vs_HLRT_at_T2,-0.0010952760371925234,-0.18964492637894415,0.8499721682691537,0.9774538225748568
GOBP,GOBP_PROTEIN_K63_LINKED_UBIQUITINATION,GOBP|GOBP_PROTEIN_K63_LINKED_UBIQUITINATION,BFR_vs_HLRT_at_T2,-0.00936470846308489,-1.5883577915014968,0.11536547245524882,0.7799992205602225
GOBP,GOBP_PROTEIN_LOCALIZATION_TO_CELL_JUNCTION,GOBP|GOBP_PROTEIN_LOCALIZATION_TO_CELL_JUNCTION,BFR_vs_HLRT_at_T2,0.0013538531756481856,0.253277777929174,0.8005740456292298,0.9766194999212333
GOBP,GOBP_PROTEIN_LOCALIZATION_TO_CELL_SURFACE,GOBP|GOBP_PROTEIN_LOCALIZATION_TO_CELL_SURFACE,BFR_vs_HLRT_at_T2,-0.012033080347349547,-1.5376058681908145,0.1273063710154211,0.7799992205602225
GOBP,GOBP_PROTEIN_LOCALIZATION_TO_ENDOPLASMIC_RETICULUM,GOBP|GOBP_PROTEIN_LOCALIZATION_TO_ENDOPLASMIC_RETICULUM,BFR_vs_HLRT_at_T2,-0.010277443888197832,-1.4137696487365106,0.16053820967028648,0.7904197087067137
GOBP,GOBP_PROTEIN_LOCALIZATION_TO_EXTRACELLULAR_REGION,GOBP|GOBP_PROTEIN_LOCALIZATION_TO_EXTRACELLULAR_REGION,BFR_vs_HLRT_at_T2,3.3649039259779634e-4,0.09168935052526325,0.9271284641875692,0.9809214427913595
GOBP,GOBP_PROTEIN_LOCALIZATION_TO_MEMBRANE,GOBP|GOBP_PROTEIN_LOCALIZATION_TO_MEMBRANE,BFR_vs_HLRT_at_T2,-0.0035705969543181025,-0.8904200280200627,0.37537974552153763,0.9261899601054855
GOBP,GOBP_PROTEIN_LOCALIZATION_TO_NUCLEUS,GOBP|GOBP_PROTEIN_LOCALIZATION_TO_NUCLEUS,BFR_vs_HLRT_at_T2,-5.949987357879577e-4,-0.22893332759195853,0.8193887429652191,0.9771176065028042
GOBP,GOBP_PROTEIN_LOCALIZATION_TO_VACUOLE,GOBP|GOBP_PROTEIN_LOCALIZATION_TO_VACUOLE,BFR_vs_HLRT_at_T2,0.011084473364924727,1.5554421964815373,0.12300318864085981,0.7799992205602225
GOBP,GOBP_PROTEIN_METHYLATION,GOBP|GOBP_PROTEIN_METHYLATION,BFR_vs_HLRT_at_T2,0.0023094609661311744,0.32398737050275367,0.7466249215533973,0.9577792272151837
GOBP,GOBP_PROTEIN_MODIFICATION_BY_SMALL_PROTEIN_REMOVAL,GOBP|GOBP_PROTEIN_MODIFICATION_BY_SMALL_PROTEIN_REMOVAL,BFR_vs_HLRT_at_T2,0.0017685438275946846,0.39795880834695846,0.6915096926982781,0.9577792272151837
GOBP,GOBP_PROTEIN_MONOUBIQUITINATION,GOBP|GOBP_PROTEIN_MONOUBIQUITINATION,BFR_vs_HLRT_at_T2,-0.007964805473275743,-1.2918528708700119,0.19938873807608776,0.795945020058188
GOBP,GOBP_PROTEIN_NEDDYLATION,GOBP|GOBP_PROTEIN_NEDDYLATION,BFR_vs_HLRT_at_T2,0.00672285353019797,0.9315518862887501,0.35381395420487516,0.9261899601054855
GOBP,GOBP_PROTEIN_N_LINKED_GLYCOSYLATION,GOBP|GOBP_PROTEIN_N_LINKED_GLYCOSYLATION,BFR_vs_HLRT_at_T2,-0.005160121273310628,-0.7665545951568168,0.44515401286559386,0.9297193617869095
GOBP,GOBP_PROTEIN_POLYUBIQUITINATION,GOBP|GOBP_PROTEIN_POLYUBIQUITINATION,BFR_vs_HLRT_at_T2,-4.333968087806839e-4,-0.093064059641112,0.9260390511664957,0.9809214427913595
GOBP,GOBP_PROTEIN_PROCESSING,GOBP|GOBP_PROTEIN_PROCESSING,BFR_vs_HLRT_at_T2,0.0013741435746721514,0.37505431410642925,0.7084151369487486,0.9577792272151837
GOBP,GOBP_PROTEIN_REFOLDING,GOBP|GOBP_PROTEIN_REFOLDING,BFR_vs_HLRT_at_T2,-0.0013045915517110318,-0.3981727704861827,0.6913524882094233,0.9577792272151837
GOBP,GOBP_PROTEIN_RNA_COMPLEX_ORGANIZATION,GOBP|GOBP_PROTEIN_RNA_COMPLEX_ORGANIZATION,BFR_vs_HLRT_at_T2,-0.009523722607619467,-1.7867809013656732,0.07700598691160485,0.7322774711537333
GOBP,GOBP_PROTEIN_TARGETING,GOBP|GOBP_PROTEIN_TARGETING,BFR_vs_HLRT_at_T2,0.00415633060270551,1.1941134797901025,0.23526122997414906,0.8268142684310219
GOBP,GOBP_PROTEIN_TARGETING_TO_MEMBRANE,GOBP|GOBP_PROTEIN_TARGETING_TO_MEMBRANE,BFR_vs_HLRT_at_T2,0.002158077229441818,0.3734681767052004,0.7095913742662898,0.9577792272151837
GOBP,GOBP_PROTEIN_TETRAMERIZATION,GOBP|GOBP_PROTEIN_TETRAMERIZATION,BFR_vs_HLRT_at_T2,4.332804587830197e-4,0.12323647063725486,0.9021674409053386,0.9782463959926542
GOBP,GOBP_PROTEIN_TRANSMEMBRANE_TRANSPORT,GOBP|GOBP_PROTEIN_TRANSMEMBRANE_TRANSPORT,BFR_vs_HLRT_at_T2,-0.0024629235230920962,-0.40086114877057316,0.6893784078124945,0.9577792272151837
GOBP,GOBP_PURINE_NUCLEOSIDE_MONOPHOSPHATE_BIOSYNTHETIC_PROCESS,GOBP|GOBP_PURINE_NUCLEOSIDE_MONOPHOSPHATE_BIOSYNTHETIC_PROCESS,BFR_vs_HLRT_at_T2,0.012842888617834808,1.6534091314559727,0.10138680618442375,0.7558282553829123
GOBP,GOBP_PYRIDINE_CONTAINING_COMPOUND_METABOLIC_PROCESS,GOBP|GOBP_PYRIDINE_CONTAINING_COMPOUND_METABOLIC_PROCESS,BFR_vs_HLRT_at_T2,0.005369066312702703,1.4869032211702642,0.14018977365366603,0.7804698505412709
GOBP,GOBP_PYRIMIDINE_CONTAINING_COMPOUND_METABOLIC_PROCESS,GOBP|GOBP_PYRIMIDINE_CONTAINING_COMPOUND_METABOLIC_PROCESS,BFR_vs_HLRT_at_T2,0.0077141411027751294,1.2011866332842338,0.2325189142478863,0.8268142684310219
GOBP,GOBP_RAC_PROTEIN_SIGNAL_TRANSDUCTION,GOBP|GOBP_RAC_PROTEIN_SIGNAL_TRANSDUCTION,BFR_vs_HLRT_at_T2,-0.0037640951087028612,-0.7170372536507752,0.4750242405629481,0.9297193617869095
GOBP,GOBP_RAS_PROTEIN_SIGNAL_TRANSDUCTION,GOBP|GOBP_RAS_PROTEIN_SIGNAL_TRANSDUCTION,BFR_vs_HLRT_at_T2,0.009231563598717185,1.7512527569821752,0.08297162284862605,0.7335445747298985
GOBP,GOBP_REACTIVE_NITROGEN_SPECIES_METABOLIC_PROCESS,GOBP|GOBP_REACTIVE_NITROGEN_SPECIES_METABOLIC_PROCESS,BFR_vs_HLRT_at_T2,6.107957445378176e-9,1.2407893012283077e-6,0.9999990124677018,0.9999990124677018
GOBP,GOBP_REACTIVE_OXYGEN_SPECIES_BIOSYNTHETIC_PROCESS,GOBP|GOBP_REACTIVE_OXYGEN_SPECIES_BIOSYNTHETIC_PROCESS,BFR_vs_HLRT_at_T2,0.0052796266242041145,1.3064706271449018,0.1943923685554384,0.795945020058188
GOBP,GOBP_REACTIVE_OXYGEN_SPECIES_METABOLIC_PROCESS,GOBP|GOBP_REACTIVE_OXYGEN_SPECIES_METABOLIC_PROCESS,BFR_vs_HLRT_at_T2,0.0014283362252962561,0.47282823288826786,0.6373671400121685,0.9577792272151837
GOBP,GOBP_RECEPTOR_LOCALIZATION_TO_SYNAPSE,GOBP|GOBP_RECEPTOR_LOCALIZATION_TO_SYNAPSE,BFR_vs_HLRT_at_T2,0.0010068935774793335,0.14674115482340588,0.8836320526748398,0.9774538225748568
GOBP,GOBP_RECEPTOR_MEDIATED_ENDOCYTOSIS,GOBP|GOBP_RECEPTOR_MEDIATED_ENDOCYTOSIS,BFR_vs_HLRT_at_T2,-0.0031560109480041672,-0.46723872941809635,0.6413466048976959,0.9577792272151837
GOBP,GOBP_RECEPTOR_METABOLIC_PROCESS,GOBP|GOBP_RECEPTOR_METABOLIC_PROCESS,BFR_vs_HLRT_at_T2,0.009908891508017686,1.6082108360988863,0.11094491901959737,0.7722230149537629
GOBP,GOBP_REGENERATION,GOBP|GOBP_REGENERATION,BFR_vs_HLRT_at_T2,-0.004325523249397473,-1.0118277742779704,0.3140647969005392,0.9117254178679831
GOBP,GOBP_REGULATED_EXOCYTOSIS,GOBP|GOBP_REGULATED_EXOCYTOSIS,BFR_vs_HLRT_at_T2,0.003864227370591229,0.629596023850285,0.5303961798606132,0.9314858418319573
GOBP,GOBP_REGULATION_OF_ACTIN_FILAMENT_BASED_MOVEMENT,GOBP|GOBP_REGULATION_OF_ACTIN_FILAMENT_BASED_MOVEMENT,BFR_vs_HLRT_at_T2,-0.005563764685652894,-1.1061914251557554,0.2713003740290506,0.8650479139123006
GOBP,GOBP_REGULATION_OF_ACTOMYOSIN_STRUCTURE_ORGANIZATION,GOBP|GOBP_REGULATION_OF_ACTOMYOSIN_STRUCTURE_ORGANIZATION,BFR_vs_HLRT_at_T2,-0.002733155543320355,-0.5090110997134566,0.6118668485496592,0.9577792272151837
GOBP,GOBP_REGULATION_OF_ALPHA_BETA_T_CELL_ACTIVATION,GOBP|GOBP_REGULATION_OF_ALPHA_BETA_T_CELL_ACTIVATION,BFR_vs_HLRT_at_T2,-0.0017383764239266297,-0.1608370876408584,0.872546509364853,0.9774538225748568
GOBP,GOBP_REGULATION_OF_AMIDE_METABOLIC_PROCESS,GOBP|GOBP_REGULATION_OF_AMIDE_METABOLIC_PROCESS,BFR_vs_HLRT_at_T2,0.0026225791597386874,0.45854681861697627,0.6475556377755319,0.9577792272151837
GOBP,GOBP_REGULATION_OF_APOPTOTIC_SIGNALING_PATHWAY,GOBP|GOBP_REGULATION_OF_APOPTOTIC_SIGNALING_PATHWAY,BFR_vs_HLRT_at_T2,5.782845637360701e-4,0.207022804184763,0.8364134344229075,0.9774538225748568
GOBP,GOBP_REGULATION_OF_ATP_DEPENDENT_ACTIVITY,GOBP|GOBP_REGULATION_OF_ATP_DEPENDENT_ACTIVITY,BFR_vs_HLRT_at_T2,-0.0054472324696819285,-0.864384317365261,0.38944755634674155,0.9261899601054855
GOBP,GOBP_REGULATION_OF_AUTOPHAGY,GOBP|GOBP_REGULATION_OF_AUTOPHAGY,BFR_vs_HLRT_at_T2,0.00404765188336681,1.4594959318618943,0.14756603432788046,0.7821689479243685
GOBP,GOBP_REGULATION_OF_AXONOGENESIS,GOBP|GOBP_REGULATION_OF_AXONOGENESIS,BFR_vs_HLRT_at_T2,-0.003379637573307226,-0.5632291148678741,0.5745408540141137,0.9577792272151837
GOBP,GOBP_REGULATION_OF_BINDING,GOBP|GOBP_REGULATION_OF_BINDING,BFR_vs_HLRT_at_T2,-0.008529535424163369,-1.6458958004407338,0.10292787679116897,0.7558282553829123
GOBP,GOBP_REGULATION_OF_BLOOD_PRESSURE,GOBP|GOBP_REGULATION_OF_BLOOD_PRESSURE,BFR_vs_HLRT_at_T2,-0.005462455921165843,-1.0161634125488974,0.3120062726202809,0.9091418730283841
GOBP,GOBP_REGULATION_OF_BODY_FLUID_LEVELS,GOBP|GOBP_REGULATION_OF_BODY_FLUID_LEVELS,BFR_vs_HLRT_at_T2,-0.0022369469024019206,-0.39080292580775916,0.696775074466246,0.9577792272151837
GOBP,GOBP_REGULATION_OF_CALCIUM_MEDIATED_SIGNALING,GOBP|GOBP_REGULATION_OF_CALCIUM_MEDIATED_SIGNALING,BFR_vs_HLRT_at_T2,-0.0042458968600260355,-0.5596637515574101,0.5769614982380575,0.9577792272151837
GOBP,GOBP_REGULATION_OF_CARBOHYDRATE_METABOLIC_PROCESS,GOBP|GOBP_REGULATION_OF_CARBOHYDRATE_METABOLIC_PROCESS,BFR_vs_HLRT_at_T2,2.853213591259701e-4,0.06683037769428507,0.9468503059352855,0.9809214427913595
GOBP,GOBP_REGULATION_OF_CELLULAR_COMPONENT_SIZE,GOBP|GOBP_REGULATION_OF_CELLULAR_COMPONENT_SIZE,BFR_vs_HLRT_at_T2,-0.009402070555290782,-1.5155929572316553,0.13278011606526366,0.7804698505412709
GOBP,GOBP_REGULATION_OF_CELLULAR_RESPIRATION,GOBP|GOBP_REGULATION_OF_CELLULAR_RESPIRATION,BFR_vs_HLRT_at_T2,0.00653520229981816,0.869856088368352,0.3864642919724739,0.9261899601054855
GOBP,GOBP_REGULATION_OF_CELLULAR_RESPONSE_TO_INSULIN_STIMULUS,GOBP|GOBP_REGULATION_OF_CELLULAR_RESPONSE_TO_INSULIN_STIMULUS,BFR_vs_HLRT_at_T2,-8.441663393310012e-4,-0.1781347069463705,0.8589779072076338,0.9774538225748568
GOBP,GOBP_REGULATION_OF_CELLULAR_RESPONSE_TO_TRANSFORMING_GROWTH_FACTOR_BETA_STIMULUS,GOBP|GOBP_REGULATION_OF_CELLULAR_RESPONSE_TO_TRANSFORMING_GROWTH_FACTOR_BETA_STIMULUS,BFR_vs_HLRT_at_T2,-0.0037124691064300327,-0.589860022729278,0.556616286132176,0.9577792272151837
GOBP,GOBP_REGULATION_OF_CELL_CYCLE_CHECKPOINT,GOBP|GOBP_REGULATION_OF_CELL_CYCLE_CHECKPOINT,BFR_vs_HLRT_at_T2,-0.002301722484269672,-0.31937201784979324,0.7501113014685468,0.9590898335789865
GOBP,GOBP_REGULATION_OF_CELL_CYCLE_G1_S_PHASE_TRANSITION,GOBP|GOBP_REGULATION_OF_CELL_CYCLE_G1_S_PHASE_TRANSITION,BFR_vs_HLRT_at_T2,-0.0031643600313469855,-0.7571879415888098,0.450719474171952,0.9297193617869095
GOBP,GOBP_REGULATION_OF_CELL_DIVISION,GOBP|GOBP_REGULATION_OF_CELL_DIVISION,BFR_vs_HLRT_at_T2,0.004520323888492578,0.819211110184147,0.41461602054178504,0.9290103408103872
GOBP,GOBP_REGULATION_OF_CELL_GROWTH,GOBP|GOBP_REGULATION_OF_CELL_GROWTH,BFR_vs_HLRT_at_T2,-0.003473208505846717,-1.187405619379605,0.23788331622152958,0.8268142684310219
GOBP,GOBP_REGULATION_OF_CELL_JUNCTION_ASSEMBLY,GOBP|GOBP_REGULATION_OF_CELL_JUNCTION_ASSEMBLY,BFR_vs_HLRT_at_T2,-0.00887164793596687,-1.7769363578307604,0.07862235753733762,0.7322774711537333
GOBP,GOBP_REGULATION_OF_CELL_MORPHOGENESIS,GOBP|GOBP_REGULATION_OF_CELL_MORPHOGENESIS,BFR_vs_HLRT_at_T2,-0.0058879447360129615,-0.9078594993306209,0.36613726035772365,0.9261899601054855
GOBP,GOBP_REGULATION_OF_CELL_PROJECTION_ASSEMBLY,GOBP|GOBP_REGULATION_OF_CELL_PROJECTION_ASSEMBLY,BFR_vs_HLRT_at_T2,-0.004588536678438025,-1.0302161873511548,0.30539630179979693,0.9062690450473243
GOBP,GOBP_REGULATION_OF_CELL_SIZE,GOBP|GOBP_REGULATION_OF_CELL_SIZE,BFR_vs_HLRT_at_T2,-0.0050332189785440296,-1.2186747837344118,0.22583764994525637,0.8180302164551663
GOBP,GOBP_REGULATION_OF_CHEMOTAXIS,GOBP|GOBP_REGULATION_OF_CHEMOTAXIS,BFR_vs_HLRT_at_T2,0.0022202518059221965,0.4219317399974724,0.673981436480813,0.9577792272151837
GOBP,GOBP_REGULATION_OF_CHROMOSOME_ORGANIZATION,GOBP|GOBP_REGULATION_OF_CHROMOSOME_ORGANIZATION,BFR_vs_HLRT_at_T2,-0.0029769364092068554,-0.6563094513031561,0.5131339137454055,0.9297193617869095
GOBP,GOBP_REGULATION_OF_CHROMOSOME_SEGREGATION,GOBP|GOBP_REGULATION_OF_CHROMOSOME_SEGREGATION,BFR_vs_HLRT_at_T2,-0.003053615549631036,-0.4745367071410107,0.636152893936242,0.9577792272151837
GOBP,GOBP_REGULATION_OF_CILIUM_ASSEMBLY,GOBP|GOBP_REGULATION_OF_CILIUM_ASSEMBLY,BFR_vs_HLRT_at_T2,0.003929180330653717,0.6072954320400674,0.5450327578779797,0.9488754657641799
GOBP,GOBP_REGULATION_OF_CYTOPLASMIC_PATTERN_RECOGNITION_RECEPTOR_SIGNALING_PATHWAY,GOBP|GOBP_REGULATION_OF_CYTOPLASMIC_PATTERN_RECOGNITION_RECEPTOR_SIGNALING_PATHWAY,BFR_vs_HLRT_at_T2,0.0023188830194301457,0.4254515768288196,0.6714226170196655,0.9577792272151837
GOBP,GOBP_REGULATION_OF_CYTOPLASMIC_TRANSLATION,GOBP|GOBP_REGULATION_OF_CYTOPLASMIC_TRANSLATION,BFR_vs_HLRT_at_T2,-0.008595974189776381,-1.5377604435115084,0.1272685739864062,0.7799992205602225
GOBP,GOBP_REGULATION_OF_DENDRITE_DEVELOPMENT,GOBP|GOBP_REGULATION_OF_DENDRITE_DEVELOPMENT,BFR_vs_HLRT_at_T2,-0.0018551215429764706,-0.25083040898352654,0.802460400108931,0.9766194999212333
GOBP,GOBP_REGULATION_OF_DEVELOPMENTAL_GROWTH,GOBP|GOBP_REGULATION_OF_DEVELOPMENTAL_GROWTH,BFR_vs_HLRT_at_T2,-0.007776241316660715,-1.9114201398400852,0.058816560832028277,0.7263378464653651
GOBP,GOBP_REGULATION_OF_DNA_BINDING_TRANSCRIPTION_FACTOR_ACTIVITY,GOBP|GOBP_REGULATION_OF_DNA_BINDING_TRANSCRIPTION_FACTOR_ACTIVITY,BFR_vs_HLRT_at_T2,-0.0035752873192107237,-0.668304685744752,0.5054803108772359,0.9297193617869095
GOBP,GOBP_REGULATION_OF_DNA_RECOMBINATION,GOBP|GOBP_REGULATION_OF_DNA_RECOMBINATION,BFR_vs_HLRT_at_T2,-0.01460977826190555,-2.429671605181536,0.01689767458942142,0.5590821941229721
GOBP,GOBP_REGULATION_OF_DNA_REPAIR,GOBP|GOBP_REGULATION_OF_DNA_REPAIR,BFR_vs_HLRT_at_T2,0.003292300412560581,0.8067037492213082,0.42175352308727565,0.9290103408103872
GOBP,GOBP_REGULATION_OF_DNA_REPLICATION,GOBP|GOBP_REGULATION_OF_DNA_REPLICATION,BFR_vs_HLRT_at_T2,0.007760159885541379,1.5716210709162095,0.1192003779234173,0.7799992205602225
GOBP,GOBP_REGULATION_OF_EMBRYONIC_DEVELOPMENT,GOBP|GOBP_REGULATION_OF_EMBRYONIC_DEVELOPMENT,BFR_vs_HLRT_at_T2,0.0021339341730776326,0.23531950499768745,0.8144424579791049,0.9771176065028042
GOBP,GOBP_REGULATION_OF_ENDOCYTOSIS,GOBP|GOBP_REGULATION_OF_ENDOCYTOSIS,BFR_vs_HLRT_at_T2,-0.003927312326560725,-0.8752406280240844,0.3835424488386898,0.9261899601054855
GOBP,GOBP_REGULATION_OF_ENDOPLASMIC_RETICULUM_UNFOLDED_PROTEIN_RESPONSE,GOBP|GOBP_REGULATION_OF_ENDOPLASMIC_RETICULUM_UNFOLDED_PROTEIN_RESPONSE,BFR_vs_HLRT_at_T2,-0.006971789815450893,-1.016713991413527,0.3117455098265232,0.9091418730283841
GOBP,GOBP_REGULATION_OF_EPITHELIAL_CELL_DIFFERENTIATION,GOBP|GOBP_REGULATION_OF_EPITHELIAL_CELL_DIFFERENTIATION,BFR_vs_HLRT_at_T2,-0.013198890136255026,-1.187427076664444,0.23787489535489406,0.8268142684310219
GOBP,GOBP_REGULATION_OF_EPITHELIAL_TO_MESENCHYMAL_TRANSITION,GOBP|GOBP_REGULATION_OF_EPITHELIAL_TO_MESENCHYMAL_TRANSITION,BFR_vs_HLRT_at_T2,-0.0042829391342869005,-0.41224177322678246,0.6810454898824768,0.9577792272151837
GOBP,GOBP_REGULATION_OF_ERBB_SIGNALING_PATHWAY,GOBP|GOBP_REGULATION_OF_ERBB_SIGNALING_PATHWAY,BFR_vs_HLRT_at_T2,0.00271947473946256,0.4354198539068068,0.6641970009186047,0.9577792272151837
GOBP,GOBP_REGULATION_OF_EXTRACELLULAR_MATRIX_ORGANIZATION,GOBP|GOBP_REGULATION_OF_EXTRACELLULAR_MATRIX_ORGANIZATION,BFR_vs_HLRT_at_T2,-0.004998376944075789,-0.2089942627453888,0.8348782751814395,0.9774538225748568
GOBP,GOBP_REGULATION_OF_FAT_CELL_DIFFERENTIATION,GOBP|GOBP_REGULATION_OF_FAT_CELL_DIFFERENTIATION,BFR_vs_HLRT_at_T2,0.007795675281804568,1.2681767505831063,0.20768231243163518,0.795945020058188
GOBP,GOBP_REGULATION_OF_GENERATION_OF_PRECURSOR_METABOLITES_AND_ENERGY,GOBP|GOBP_REGULATION_OF_GENERATION_OF_PRECURSOR_METABOLITES_AND_ENERGY,BFR_vs_HLRT_at_T2,1.134240355439714e-4,0.028402714860564143,0.9773976211932793,0.9901241527192334
GOBP,GOBP_REGULATION_OF_G_PROTEIN_COUPLED_RECEPTOR_SIGNALING_PATHWAY,GOBP|GOBP_REGULATION_OF_G_PROTEIN_COUPLED_RECEPTOR_SIGNALING_PATHWAY,BFR_vs_HLRT_at_T2,-0.009472252131758955,-1.6185447629526488,0.10869823036447553,0.7715592782846554
GOBP,GOBP_REGULATION_OF_HEART_RATE,GOBP|GOBP_REGULATION_OF_HEART_RATE,BFR_vs_HLRT_at_T2,-0.012486140306699617,-2.4134152628367436,0.01762571784261144,0.5590821941229721
GOBP,GOBP_REGULATION_OF_HEMOPOIESIS,GOBP|GOBP_REGULATION_OF_HEMOPOIESIS,BFR_vs_HLRT_at_T2,0.004154381931327306,0.8526808686374779,0.39587596272954517,0.9261899601054855
GOBP,GOBP_REGULATION_OF_HYDROLASE_ACTIVITY,GOBP|GOBP_REGULATION_OF_HYDROLASE_ACTIVITY,BFR_vs_HLRT_at_T2,-6.134245384101927e-5,-0.010779785472536925,0.9914206400082021,0.9965442608867974
GOBP,GOBP_REGULATION_OF_IMMUNE_EFFECTOR_PROCESS,GOBP|GOBP_REGULATION_OF_IMMUNE_EFFECTOR_PROCESS,BFR_vs_HLRT_at_T2,-2.872623593777879e-4,-0.06495086132682308,0.948342918658277,0.9809214427913595
GOBP,GOBP_REGULATION_OF_INFLAMMATORY_RESPONSE,GOBP|GOBP_REGULATION_OF_INFLAMMATORY_RESPONSE,BFR_vs_HLRT_at_T2,-5.340355586661988e-4,-0.15114386388872814,0.8801670141735826,0.9774538225748568
GOBP,GOBP_REGULATION_OF_INTRACELLULAR_PROTEIN_TRANSPORT,GOBP|GOBP_REGULATION_OF_INTRACELLULAR_PROTEIN_TRANSPORT,BFR_vs_HLRT_at_T2,-4.093615659921876e-4,-0.09026793646556902,0.9282550351946257,0.9809214427913595
GOBP,GOBP_REGULATION_OF_INTRACELLULAR_STEROID_HORMONE_RECEPTOR_SIGNALING_PATHWAY,GOBP|GOBP_REGULATION_OF_INTRACELLULAR_STEROID_HORMONE_RECEPTOR_SIGNALING_PATHWAY,BFR_vs_HLRT_at_T2,0.003481764045478661,0.7048935537095932,0.4825166587639852,0.9297193617869095
GOBP,GOBP_REGULATION_OF_INTRACELLULAR_TRANSPORT,GOBP|GOBP_REGULATION_OF_INTRACELLULAR_TRANSPORT,BFR_vs_HLRT_at_T2,-0.0014490160503289468,-0.41054732026146246,0.6822837021056409,0.9577792272151837
GOBP,GOBP_REGULATION_OF_KETONE_METABOLIC_PROCESS,GOBP|GOBP_REGULATION_OF_KETONE_METABOLIC_PROCESS,BFR_vs_HLRT_at_T2,-0.0028709229098076716,-0.6572845868051105,0.5125094449135522,0.9297193617869095
GOBP,GOBP_REGULATION_OF_LIPID_LOCALIZATION,GOBP|GOBP_REGULATION_OF_LIPID_LOCALIZATION,BFR_vs_HLRT_at_T2,0.0044286750121006885,0.9205505063149199,0.35950274116517067,0.9261899601054855
GOBP,GOBP_REGULATION_OF_LIPID_METABOLIC_PROCESS,GOBP|GOBP_REGULATION_OF_LIPID_METABOLIC_PROCESS,BFR_vs_HLRT_at_T2,-0.0018081793824145306,-0.5825956982627336,0.5614781717472226,0.9577792272151837
GOBP,GOBP_REGULATION_OF_LYMPHOCYTE_MEDIATED_IMMUNITY,GOBP|GOBP_REGULATION_OF_LYMPHOCYTE_MEDIATED_IMMUNITY,BFR_vs_HLRT_at_T2,1.6224523753446268e-4,0.02243002988138228,0.982149666219023,0.9910667189603111
GOBP,GOBP_REGULATION_OF_MEMBRANE_POTENTIAL,GOBP|GOBP_REGULATION_OF_MEMBRANE_POTENTIAL,BFR_vs_HLRT_at_T2,-0.0016165290636848129,-0.5887067803521148,0.5573867382532831,0.9577792272151837
GOBP,GOBP_REGULATION_OF_MICROTUBULE_BASED_PROCESS,GOBP|GOBP_REGULATION_OF_MICROTUBULE_BASED_PROCESS,BFR_vs_HLRT_at_T2,-4.072351390742787e-4,-0.09332990248739036,0.9258283953874639,0.9809214427913595
GOBP,GOBP_REGULATION_OF_MITOCHONDRIAL_MEMBRANE_POTENTIAL,GOBP|GOBP_REGULATION_OF_MITOCHONDRIAL_MEMBRANE_POTENTIAL,BFR_vs_HLRT_at_T2,0.004676772263383283,1.1743300158182457,0.24305461189547994,0.8268142684310219
GOBP,GOBP_REGULATION_OF_MITOCHONDRION_ORGANIZATION,GOBP|GOBP_REGULATION_OF_MITOCHONDRION_ORGANIZATION,BFR_vs_HLRT_at_T2,0.0010386107704898895,0.22329874553494727,0.8237589675622861,0.9771176065028042
GOBP,GOBP_REGULATION_OF_MONONUCLEAR_CELL_MIGRATION,GOBP|GOBP_REGULATION_OF_MONONUCLEAR_CELL_MIGRATION,BFR_vs_HLRT_at_T2,-0.0016415617824012962,-0.22315227610983096,0.8238726450043146,0.9771176065028042
GOBP,GOBP_REGULATION_OF_MRNA_METABOLIC_PROCESS,GOBP|GOBP_REGULATION_OF_MRNA_METABOLIC_PROCESS,BFR_vs_HLRT_at_T2,-0.005066694048529552,-0.9268261959708612,0.3562504862328443,0.9261899601054855
GOBP,GOBP_REGULATION_OF_MUSCLE_CELL_DIFFERENTIATION,GOBP|GOBP_REGULATION_OF_MUSCLE_CELL_DIFFERENTIATION,BFR_vs_HLRT_at_T2,-0.010200039145994273,-0.7884611496151103,0.4322940404815011,0.9297193617869095
GOBP,GOBP_REGULATION_OF_MUSCLE_HYPERTROPHY,GOBP|GOBP_REGULATION_OF_MUSCLE_HYPERTROPHY,BFR_vs_HLRT_at_T2,-0.01239256986347284,-2.41193352883655,0.017693445664769814,0.5590821941229721
GOBP,GOBP_REGULATION_OF_MUSCLE_SYSTEM_PROCESS,GOBP|GOBP_REGULATION_OF_MUSCLE_SYSTEM_PROCESS,BFR_vs_HLRT_at_T2,-0.008570033393806992,-1.8719935576841185,0.06413263450811883,0.7322774711537333
GOBP,GOBP_REGULATION_OF_MYELOID_LEUKOCYTE_DIFFERENTIATION,GOBP|GOBP_REGULATION_OF_MYELOID_LEUKOCYTE_DIFFERENTIATION,BFR_vs_HLRT_at_T2,0.003072177387236169,0.41215191454146377,0.6811111317605656,0.9577792272151837
GOBP,GOBP_REGULATION_OF_NERVOUS_SYSTEM_DEVELOPMENT,GOBP|GOBP_REGULATION_OF_NERVOUS_SYSTEM_DEVELOPMENT,BFR_vs_HLRT_at_T2,0.001109712279286315,0.28027468679121886,0.779846324298043,0.9654999788654113
GOBP,GOBP_REGULATION_OF_NEURON_DIFFERENTIATION,GOBP|GOBP_REGULATION_OF_NEURON_DIFFERENTIATION,BFR_vs_HLRT_at_T2,-0.004640733616851994,-1.0355074499607235,0.3029320744039893,0.9029929267674469
GOBP,GOBP_REGULATION_OF_NEURON_PROJECTION_DEVELOPMENT,GOBP|GOBP_REGULATION_OF_NEURON_PROJECTION_DEVELOPMENT,BFR_vs_HLRT_at_T2,-0.0027654475257977706,-0.6531887370552553,0.5151350942916781,0.9297193617869095
GOBP,GOBP_REGULATION_OF_NUCLEAR_DIVISION,GOBP|GOBP_REGULATION_OF_NUCLEAR_DIVISION,BFR_vs_HLRT_at_T2,0.003654038085619711,0.7924417038634204,0.42998097016416137,0.9292366521881043
GOBP,GOBP_REGULATION_OF_NUCLEOTIDE_METABOLIC_PROCESS,GOBP|GOBP_REGULATION_OF_NUCLEOTIDE_METABOLIC_PROCESS,BFR_vs_HLRT_at_T2,0.0012020787406713807,0.28120120019256745,0.7791376833152681,0.9654999788654113
GOBP,GOBP_REGULATION_OF_ORGANELLE_ASSEMBLY,GOBP|GOBP_REGULATION_OF_ORGANELLE_ASSEMBLY,BFR_vs_HLRT_at_T2,-0.005470741169878279,-1.2562478836730955,0.21195590728378705,0.8043985164233479
GOBP,GOBP_REGULATION_OF_ORGANIC_ACID_TRANSPORT,GOBP|GOBP_REGULATION_OF_ORGANIC_ACID_TRANSPORT,BFR_vs_HLRT_at_T2,0.0015497857277322336,0.2903221115009704,0.7721716147598147,0.9654999788654113
GOBP,GOBP_REGULATION_OF_PH,GOBP|GOBP_REGULATION_OF_PH,BFR_vs_HLRT_at_T2,0.006449412861169061,0.8991945122970737,0.3707113380693089,0.9261899601054855
GOBP,GOBP_REGULATION_OF_PHAGOCYTOSIS,GOBP|GOBP_REGULATION_OF_PHAGOCYTOSIS,BFR_vs_HLRT_at_T2,-0.003687912619706135,-0.8827693933706969,0.37948016243944205,0.9261899601054855
GOBP,GOBP_REGULATION_OF_PHOSPHORYLATION,GOBP|GOBP_REGULATION_OF_PHOSPHORYLATION,BFR_vs_HLRT_at_T2,-0.002125370026804227,-0.5611740166370073,0.575935533310759,0.9577792272151837
GOBP,GOBP_REGULATION_OF_PLASMA_LIPOPROTEIN_PARTICLE_LEVELS,GOBP|GOBP_REGULATION_OF_PLASMA_LIPOPROTEIN_PARTICLE_LEVELS,BFR_vs_HLRT_at_T2,0.00670358283009409,1.0735476458606827,0.2856117552727223,0.881131169621103
GOBP,GOBP_REGULATION_OF_POLYSACCHARIDE_METABOLIC_PROCESS,GOBP|GOBP_REGULATION_OF_POLYSACCHARIDE_METABOLIC_PROCESS,BFR_vs_HLRT_at_T2,-0.004855203858745275,-0.6323625870566044,0.5285946227595355,0.9304222092916711
GOBP,GOBP_REGULATION_OF_POSTSYNAPTIC_MEMBRANE_NEUROTRANSMITTER_RECEPTOR_LEVELS,GOBP|GOBP_REGULATION_OF_POSTSYNAPTIC_MEMBRANE_NEUROTRANSMITTER_RECEPTOR_LEVELS,BFR_vs_HLRT_at_T2,7.507530203296909e-4,0.1295015798317429,0.8972211560452423,0.9774538225748568
GOBP,GOBP_REGULATION_OF_POST_TRANSLATIONAL_PROTEIN_MODIFICATION,GOBP|GOBP_REGULATION_OF_POST_TRANSLATIONAL_PROTEIN_MODIFICATION,BFR_vs_HLRT_at_T2,-0.0027295393226085263,-0.8066635336748242,0.4217765900032592,0.9290103408103872
GOBP,GOBP_REGULATION_OF_POTASSIUM_ION_TRANSMEMBRANE_TRANSPORT,GOBP|GOBP_REGULATION_OF_POTASSIUM_ION_TRANSMEMBRANE_TRANSPORT,BFR_vs_HLRT_at_T2,-0.0061755710415238585,-1.205682750857523,0.2307877475877888,0.8268142684310219
GOBP,GOBP_REGULATION_OF_PROTEIN_CATABOLIC_PROCESS,GOBP|GOBP_REGULATION_OF_PROTEIN_CATABOLIC_PROCESS,BFR_vs_HLRT_at_T2,0.0010774909134090294,0.37396560119209243,0.7092224217138006,0.9577792272151837
GOBP,GOBP_REGULATION_OF_PROTEIN_CONTAINING_COMPLEX_ASSEMBLY,GOBP|GOBP_REGULATION_OF_PROTEIN_CONTAINING_COMPLEX_ASSEMBLY,BFR_vs_HLRT_at_T2,-0.005966014153391472,-1.61673347745965,0.10908935811222635,0.7715592782846554
GOBP,GOBP_REGULATION_OF_PROTEIN_CONTAINING_COMPLEX_DISASSEMBLY,GOBP|GOBP_REGULATION_OF_PROTEIN_CONTAINING_COMPLEX_DISASSEMBLY,BFR_vs_HLRT_at_T2,-0.01217931150370727,-1.347359273778822,0.18091255195370032,0.7904197087067137
GOBP,GOBP_REGULATION_OF_PROTEIN_IMPORT_INTO_NUCLEUS,GOBP|GOBP_REGULATION_OF_PROTEIN_IMPORT_INTO_NUCLEUS,BFR_vs_HLRT_at_T2,0.0028294833358726013,0.5542725994029617,0.5806309704955493,0.9577792272151837
GOBP,GOBP_REGULATION_OF_PROTEIN_LOCALIZATION_TO_MEMBRANE,GOBP|GOBP_REGULATION_OF_PROTEIN_LOCALIZATION_TO_MEMBRANE,BFR_vs_HLRT_at_T2,-0.0029357446740214625,-0.6425055353795814,0.5220167996002913,0.9304222092916711
GOBP,GOBP_REGULATION_OF_PROTEIN_MATURATION,GOBP|GOBP_REGULATION_OF_PROTEIN_MATURATION,BFR_vs_HLRT_at_T2,0.0028143032223269526,0.35479663040398135,0.7234898463443311,0.9577792272151837
GOBP,GOBP_REGULATION_OF_PROTEIN_SERINE_THREONINE_KINASE_ACTIVITY,GOBP|GOBP_REGULATION_OF_PROTEIN_SERINE_THREONINE_KINASE_ACTIVITY,BFR_vs_HLRT_at_T2,0.002873605727503517,0.4519745635147019,0.6522671161701215,0.9577792272151837
GOBP,GOBP_REGULATION_OF_PROTEIN_STABILITY,GOBP|GOBP_REGULATION_OF_PROTEIN_STABILITY,BFR_vs_HLRT_at_T2,0.0017581352717161297,0.5807847792996985,0.5626934268544469,0.9577792272151837
GOBP,GOBP_REGULATION_OF_PROTEIN_TARGETING,GOBP|GOBP_REGULATION_OF_PROTEIN_TARGETING,BFR_vs_HLRT_at_T2,0.010096218125491968,1.8173876237458384,0.07215541782447266,0.7322774711537333
GOBP,GOBP_REGULATION_OF_PROTEIN_TRANSPORT,GOBP|GOBP_REGULATION_OF_PROTEIN_TRANSPORT,BFR_vs_HLRT_at_T2,-3.531676693303426e-4,-0.11016306936025821,0.9125010514388296,0.9809214427913595
GOBP,GOBP_REGULATION_OF_RECEPTOR_MEDIATED_ENDOCYTOSIS,GOBP|GOBP_REGULATION_OF_RECEPTOR_MEDIATED_ENDOCYTOSIS,BFR_vs_HLRT_at_T2,-0.002138163808634321,-0.3279990109572057,0.743598845584197,0.9577792272151837
GOBP,GOBP_REGULATION_OF_REGULATED_SECRETORY_PATHWAY,GOBP|GOBP_REGULATION_OF_REGULATED_SECRETORY_PATHWAY,BFR_vs_HLRT_at_T2,-0.0035324015370921252,-0.47813837561108496,0.6335963697720249,0.9577792272151837
GOBP,GOBP_REGULATION_OF_RELEASE_OF_SEQUESTERED_CALCIUM_ION_INTO_CYTOSOL,GOBP|GOBP_REGULATION_OF_RELEASE_OF_SEQUESTERED_CALCIUM_ION_INTO_CYTOSOL,BFR_vs_HLRT_at_T2,-0.006165418639492493,-1.21831266415456,0.22597457084124561,0.8180302164551663
GOBP,GOBP_REGULATION_OF_REPRODUCTIVE_PROCESS,GOBP|GOBP_REGULATION_OF_REPRODUCTIVE_PROCESS,BFR_vs_HLRT_at_T2,0.0014439447173845849,0.2269338900895668,0.8209388777359212,0.9771176065028042
GOBP,GOBP_REGULATION_OF_RESPONSE_TO_CYTOKINE_STIMULUS,GOBP|GOBP_REGULATION_OF_RESPONSE_TO_CYTOKINE_STIMULUS,BFR_vs_HLRT_at_T2,-0.00963109807753756,-2.274822248797988,0.025053791778079985,0.5894167639595287
GOBP,GOBP_REGULATION_OF_RESPONSE_TO_ENDOPLASMIC_RETICULUM_STRESS,GOBP|GOBP_REGULATION_OF_RESPONSE_TO_ENDOPLASMIC_RETICULUM_STRESS,BFR_vs_HLRT_at_T2,-0.0022767201115007356,-0.517969582068065,0.6056247016905367,0.9577792272151837
GOBP,GOBP_REGULATION_OF_RESPONSE_TO_WOUNDING,GOBP|GOBP_REGULATION_OF_RESPONSE_TO_WOUNDING,BFR_vs_HLRT_at_T2,0.004971201283368691,0.9079034694947937,0.3661141408768587,0.9261899601054855
GOBP,GOBP_REGULATION_OF_RNA_SPLICING,GOBP|GOBP_REGULATION_OF_RNA_SPLICING,BFR_vs_HLRT_at_T2,-0.0054193025600574735,-0.6910647284205168,0.49112756544360614,0.9297193617869095
GOBP,GOBP_REGULATION_OF_SIGNALING_RECEPTOR_ACTIVITY,GOBP|GOBP_REGULATION_OF_SIGNALING_RECEPTOR_ACTIVITY,BFR_vs_HLRT_at_T2,0.001751587585481662,0.29174209229314085,0.7710887675865367,0.9654999788654113
GOBP,GOBP_REGULATION_OF_SMALL_GTPASE_MEDIATED_SIGNAL_TRANSDUCTION,GOBP|GOBP_REGULATION_OF_SMALL_GTPASE_MEDIATED_SIGNAL_TRANSDUCTION,BFR_vs_HLRT_at_T2,-0.004005519067205705,-0.8727711292002057,0.38488077864508585,0.9261899601054855
GOBP,GOBP_REGULATION_OF_SMALL_MOLECULE_METABOLIC_PROCESS,GOBP|GOBP_REGULATION_OF_SMALL_MOLECULE_METABOLIC_PROCESS,BFR_vs_HLRT_at_T2,0.0019621449066338503,0.6450866374884475,0.5203497682374638,0.9304222092916711
GOBP,GOBP_REGULATION_OF_STEROID_METABOLIC_PROCESS,GOBP|GOBP_REGULATION_OF_STEROID_METABOLIC_PROCESS,BFR_vs_HLRT_at_T2,0.0013179298551994553,0.2394951881116429,0.811212308870135,0.9766194999212333
GOBP,GOBP_REGULATION_OF_STRIATED_MUSCLE_CONTRACTION,GOBP|GOBP_REGULATION_OF_STRIATED_MUSCLE_CONTRACTION,BFR_vs_HLRT_at_T2,-0.010249449399670929,-1.5714936315462564,0.11922996263101363,0.7799992205602225
GOBP,GOBP_REGULATION_OF_SUPRAMOLECULAR_FIBER_ORGANIZATION,GOBP|GOBP_REGULATION_OF_SUPRAMOLECULAR_FIBER_ORGANIZATION,BFR_vs_HLRT_at_T2,-0.005142991827023866,-1.0402405917847157,0.3007391744139409,0.9013993576829025
GOBP,GOBP_REGULATION_OF_SYNAPSE_STRUCTURE_OR_ACTIVITY,GOBP|GOBP_REGULATION_OF_SYNAPSE_STRUCTURE_OR_ACTIVITY,BFR_vs_HLRT_at_T2,-0.0051962265826114296,-1.1407006666455761,0.2567217304002099,0.8322062760473471
GOBP,GOBP_REGULATION_OF_SYNAPTIC_PLASTICITY,GOBP|GOBP_REGULATION_OF_SYNAPTIC_PLASTICITY,BFR_vs_HLRT_at_T2,-0.0013028030679074713,-0.30482818674290557,0.7611311532231817,0.9651402172947312
GOBP,GOBP_REGULATION_OF_SYSTEMIC_ARTERIAL_BLOOD_PRESSURE,GOBP|GOBP_REGULATION_OF_SYSTEMIC_ARTERIAL_BLOOD_PRESSURE,BFR_vs_HLRT_at_T2,-3.4126630698883e-4,-0.04917718690165608,0.9608762766750285,0.9836338727015423
GOBP,GOBP_REGULATION_OF_THE_FORCE_OF_HEART_CONTRACTION,GOBP|GOBP_REGULATION_OF_THE_FORCE_OF_HEART_CONTRACTION,BFR_vs_HLRT_at_T2,-0.023391377271751,-3.045015971394485,0.002974904494508474,0.5590821941229721
GOBP,GOBP_REGULATION_OF_TRANSLATION,GOBP|GOBP_REGULATION_OF_TRANSLATION,BFR_vs_HLRT_at_T2,-0.0038141683766591584,-0.9874901279865012,0.3257880919509458,0.9220082774640296
GOBP,GOBP_REGULATION_OF_TRANSMEMBRANE_TRANSPORT,GOBP|GOBP_REGULATION_OF_TRANSMEMBRANE_TRANSPORT,BFR_vs_HLRT_at_T2,-0.0015627301337012844,-0.7096487458223185,0.47957505968755476,0.9297193617869095
GOBP,GOBP_REGULATION_OF_TRANSMEMBRANE_TRANSPORTER_ACTIVITY,GOBP|GOBP_REGULATION_OF_TRANSMEMBRANE_TRANSPORTER_ACTIVITY,BFR_vs_HLRT_at_T2,0.001536313379290527,0.374109206067881,0.7091159191512424,0.9577792272151837
GOBP,GOBP_REGULATION_OF_TUMOR_NECROSIS_FACTOR_MEDIATED_SIGNALING_PATHWAY,GOBP|GOBP_REGULATION_OF_TUMOR_NECROSIS_FACTOR_MEDIATED_SIGNALING_PATHWAY,BFR_vs_HLRT_at_T2,-7.972079288897788e-4,-0.11651932120346332,0.9074748907193346,0.9792170110674651
GOBP,GOBP_REGULATION_OF_UBIQUITIN_DEPENDENT_PROTEIN_CATABOLIC_PROCESS,GOBP|GOBP_REGULATION_OF_UBIQUITIN_DEPENDENT_PROTEIN_CATABOLIC_PROCESS,BFR_vs_HLRT_at_T2,-0.004782134490830068,-1.2965522366657587,0.19777220485379182,0.795945020058188
GOBP,GOBP_REGULATION_OF_VACUOLE_ORGANIZATION,GOBP|GOBP_REGULATION_OF_VACUOLE_ORGANIZATION,BFR_vs_HLRT_at_T2,0.0024246602624037467,0.2934815195965785,0.769762934278905,0.9654999788654113
GOBP,GOBP_REGULATION_OF_VASCULATURE_DEVELOPMENT,GOBP|GOBP_REGULATION_OF_VASCULATURE_DEVELOPMENT,BFR_vs_HLRT_at_T2,-1.4040808488411e-4,-0.025081401894867416,0.9800400666019873,0.9906710863904319
GOBP,GOBP_REGULATION_OF_VIRAL_PROCESS,GOBP|GOBP_REGULATION_OF_VIRAL_PROCESS,BFR_vs_HLRT_at_T2,0.004393056332332113,1.0751795437363632,0.28488423537188745,0.881131169621103
GOBP,GOBP_RELAXATION_OF_MUSCLE,GOBP|GOBP_RELAXATION_OF_MUSCLE,BFR_vs_HLRT_at_T2,-0.0010207620471640033,-0.174106681214991,0.8621339528088613,0.9774538225748568
GOBP,GOBP_RELEASE_OF_CYTOCHROME_C_FROM_MITOCHONDRIA,GOBP|GOBP_RELEASE_OF_CYTOCHROME_C_FROM_MITOCHONDRIA,BFR_vs_HLRT_at_T2,0.007178250228847646,1.1777526098014934,0.24169331606008293,0.8268142684310219
GOBP,GOBP_RENAL_SYSTEM_DEVELOPMENT,GOBP|GOBP_RENAL_SYSTEM_DEVELOPMENT,BFR_vs_HLRT_at_T2,0.00458638640045015,0.6992173164150309,0.48604101697192714,0.9297193617869095
GOBP,GOBP_RENAL_SYSTEM_PROCESS,GOBP|GOBP_RENAL_SYSTEM_PROCESS,BFR_vs_HLRT_at_T2,0.0026967204117236965,0.5726381550408175,0.5681762728681683,0.9577792272151837
GOBP,GOBP_REPRODUCTIVE_SYSTEM_DEVELOPMENT,GOBP|GOBP_REPRODUCTIVE_SYSTEM_DEVELOPMENT,BFR_vs_HLRT_at_T2,0.0017495339922635328,0.3912001369743929,0.6964824099367812,0.9577792272151837
GOBP,GOBP_RESPIRATORY_SYSTEM_DEVELOPMENT,GOBP|GOBP_RESPIRATORY_SYSTEM_DEVELOPMENT,BFR_vs_HLRT_at_T2,6.182297270557538e-4,0.07822742749478635,0.9378036169682971,0.9809214427913595
GOBP,GOBP_RESPONSE_TO_ACID_CHEMICAL,GOBP|GOBP_RESPONSE_TO_ACID_CHEMICAL,BFR_vs_HLRT_at_T2,7.084439450567651e-4,0.08707654316738317,0.9307849681467826,0.9809214427913595
GOBP,GOBP_RESPONSE_TO_ACTIVITY,GOBP|GOBP_RESPONSE_TO_ACTIVITY,BFR_vs_HLRT_at_T2,0.003237518494627195,0.6437566596856007,0.5212084001342966,0.9304222092916711
GOBP,GOBP_RESPONSE_TO_ALCOHOL,GOBP|GOBP_RESPONSE_TO_ALCOHOL,BFR_vs_HLRT_at_T2,0.003030472047005295,0.6612306125648111,0.5099865543359894,0.9297193617869095
GOBP,GOBP_RESPONSE_TO_ALKALOID,GOBP|GOBP_RESPONSE_TO_ALKALOID,BFR_vs_HLRT_at_T2,0.0021284586524741578,0.47577678896422804,0.6352721644760153,0.9577792272151837
GOBP,GOBP_RESPONSE_TO_AMINO_ACID_STARVATION,GOBP|GOBP_RESPONSE_TO_AMINO_ACID_STARVATION,BFR_vs_HLRT_at_T2,0.016892117428549555,2.2315132669513806,0.02788185078900512,0.5894167639595287
GOBP,GOBP_RESPONSE_TO_ANGIOTENSIN,GOBP|GOBP_RESPONSE_TO_ANGIOTENSIN,BFR_vs_HLRT_at_T2,-0.016417857531513962,-1.9894728297362736,0.04938283984974528,0.6906626874245759
GOBP,GOBP_RESPONSE_TO_AXON_INJURY,GOBP|GOBP_RESPONSE_TO_AXON_INJURY,BFR_vs_HLRT_at_T2,0.0072513388621959635,1.4661385072397914,0.14575120432890265,0.7821689479243685
GOBP,GOBP_RESPONSE_TO_BMP,GOBP|GOBP_RESPONSE_TO_BMP,BFR_vs_HLRT_at_T2,-0.0024872686415493735,-0.3936741182083406,0.6946606184938968,0.9577792272151837
GOBP,GOBP_RESPONSE_TO_CADMIUM_ION,GOBP|GOBP_RESPONSE_TO_CADMIUM_ION,BFR_vs_HLRT_at_T2,0.014040250672459703,1.9929970740913536,0.04898917849505416,0.6906626874245759
GOBP,GOBP_RESPONSE_TO_CALCIUM_ION,GOBP|GOBP_RESPONSE_TO_CALCIUM_ION,BFR_vs_HLRT_at_T2,-0.010597355016486815,-2.5606744608223253,0.011943047935637453,0.5590821941229721
GOBP,GOBP_RESPONSE_TO_CARBOHYDRATE,GOBP|GOBP_RESPONSE_TO_CARBOHYDRATE,BFR_vs_HLRT_at_T2,0.005290735397997681,1.2832792773729564,0.20236317696944728,0.795945020058188
GOBP,GOBP_RESPONSE_TO_CORTICOSTEROID,GOBP|GOBP_RESPONSE_TO_CORTICOSTEROID,BFR_vs_HLRT_at_T2,0.0074157917772385284,1.4551864089635236,0.14875279182503143,0.7821689479243685
GOBP,GOBP_RESPONSE_TO_ENDOPLASMIC_RETICULUM_STRESS,GOBP|GOBP_RESPONSE_TO_ENDOPLASMIC_RETICULUM_STRESS,BFR_vs_HLRT_at_T2,3.664841780410544e-4,0.118980714317062,0.9055295599632548,0.9784749967380725
GOBP,GOBP_RESPONSE_TO_ESTRADIOL,GOBP|GOBP_RESPONSE_TO_ESTRADIOL,BFR_vs_HLRT_at_T2,1.623626401696665e-4,0.031107621527243074,0.9752457749322134,0.9901241527192334
GOBP,GOBP_RESPONSE_TO_ETHANOL,GOBP|GOBP_RESPONSE_TO_ETHANOL,BFR_vs_HLRT_at_T2,-0.004138598814221683,-0.9472712441066041,0.34578630964651313,0.9261899601054855
GOBP,GOBP_RESPONSE_TO_FATTY_ACID,GOBP|GOBP_RESPONSE_TO_FATTY_ACID,BFR_vs_HLRT_at_T2,0.0012862833632934223,0.16583234654570275,0.8686240313647798,0.9774538225748568
GOBP,GOBP_RESPONSE_TO_FIBROBLAST_GROWTH_FACTOR,GOBP|GOBP_RESPONSE_TO_FIBROBLAST_GROWTH_FACTOR,BFR_vs_HLRT_at_T2,-0.0035791730693935965,-0.3107915235086582,0.7566066396797804,0.963404199133992
GOBP,GOBP_RESPONSE_TO_INTERLEUKIN_1,GOBP|GOBP_RESPONSE_TO_INTERLEUKIN_1,BFR_vs_HLRT_at_T2,0.004655217567401851,0.45239330545706846,0.651966507879578,0.9577792272151837
GOBP,GOBP_RESPONSE_TO_IONIZING_RADIATION,GOBP|GOBP_RESPONSE_TO_IONIZING_RADIATION,BFR_vs_HLRT_at_T2,0.011460674683704236,2.4960063081839996,0.014196957891501376,0.5590821941229721
GOBP,GOBP_RESPONSE_TO_ISCHEMIA,GOBP|GOBP_RESPONSE_TO_ISCHEMIA,BFR_vs_HLRT_at_T2,-9.408591948157768e-4,-0.1719058928074409,0.8638592659270963,0.9774538225748568
GOBP,GOBP_RESPONSE_TO_KETONE,GOBP|GOBP_RESPONSE_TO_KETONE,BFR_vs_HLRT_at_T2,0.008774775498775506,1.2775847258054673,0.20435685015750635,0.795945020058188
GOBP,GOBP_RESPONSE_TO_LEUKEMIA_INHIBITORY_FACTOR,GOBP|GOBP_RESPONSE_TO_LEUKEMIA_INHIBITORY_FACTOR,BFR_vs_HLRT_at_T2,0.008977389147943965,1.7062629732242918,0.09106609426562597,0.7558282553829123
GOBP,GOBP_RESPONSE_TO_MECHANICAL_STIMULUS,GOBP|GOBP_RESPONSE_TO_MECHANICAL_STIMULUS,BFR_vs_HLRT_at_T2,-0.005380714911369988,-0.8036288145084791,0.4235194159081489,0.9290103408103872
GOBP,GOBP_RESPONSE_TO_METAL_ION,GOBP|GOBP_RESPONSE_TO_METAL_ION,BFR_vs_HLRT_at_T2,0.004189606908303722,1.2926478716606444,0.19911457949599787,0.795945020058188
GOBP,GOBP_RESPONSE_TO_MOLECULE_OF_BACTERIAL_ORIGIN,GOBP|GOBP_RESPONSE_TO_MOLECULE_OF_BACTERIAL_ORIGIN,BFR_vs_HLRT_at_T2,-6.665687586956959e-5,-0.01501281206506971,0.9880519002545212,0.9944429216015751
GOBP,GOBP_RESPONSE_TO_NERVE_GROWTH_FACTOR,GOBP|GOBP_RESPONSE_TO_NERVE_GROWTH_FACTOR,BFR_vs_HLRT_at_T2,-0.00819338331600343,-0.9478368390921073,0.3454996811814176,0.9261899601054855
GOBP,GOBP_RESPONSE_TO_NUTRIENT,GOBP|GOBP_RESPONSE_TO_NUTRIENT,BFR_vs_HLRT_at_T2,0.006205377274496188,1.2687984738886886,0.20746132800813616,0.795945020058188
GOBP,GOBP_RESPONSE_TO_OSMOTIC_STRESS,GOBP|GOBP_RESPONSE_TO_OSMOTIC_STRESS,BFR_vs_HLRT_at_T2,-0.0036973520623194978,-0.6965137520797688,0.48772460793822525,0.9297193617869095
GOBP,GOBP_RESPONSE_TO_OXIDATIVE_STRESS,GOBP|GOBP_RESPONSE_TO_OXIDATIVE_STRESS,BFR_vs_HLRT_at_T2,0.0037279762965514718,1.5414508678048426,0.1263688140329922,0.7799992205602225
GOBP,GOBP_RESPONSE_TO_OXYGEN_LEVELS,GOBP|GOBP_RESPONSE_TO_OXYGEN_LEVELS,BFR_vs_HLRT_at_T2,0.0033864503645926747,1.284595083758218,0.2019045637196849,0.795945020058188
GOBP,GOBP_RESPONSE_TO_PEPTIDE_HORMONE,GOBP|GOBP_RESPONSE_TO_PEPTIDE_HORMONE,BFR_vs_HLRT_at_T2,-5.823380549108553e-4,-0.2382491513484467,0.8121758566183007,0.9766194999212333
GOBP,GOBP_RESPONSE_TO_PURINE_CONTAINING_COMPOUND,GOBP|GOBP_RESPONSE_TO_PURINE_CONTAINING_COMPOUND,BFR_vs_HLRT_at_T2,0.002746327966262188,0.6052336910459053,0.5463961550929982,0.9488754657641799
GOBP,GOBP_RESPONSE_TO_RADIATION,GOBP|GOBP_RESPONSE_TO_RADIATION,BFR_vs_HLRT_at_T2,0.003217746779644856,1.1249192072411667,0.263318765019686,0.8465371867161806
GOBP,GOBP_RESPONSE_TO_REACTIVE_OXYGEN_SPECIES,GOBP|GOBP_RESPONSE_TO_REACTIVE_OXYGEN_SPECIES,BFR_vs_HLRT_at_T2,0.00314477669154295,1.0719080562161658,0.28634398702444674,0.881131169621103
GOBP,GOBP_RESPONSE_TO_STEROID_HORMONE,GOBP|GOBP_RESPONSE_TO_STEROID_HORMONE,BFR_vs_HLRT_at_T2,0.004296495370552572,1.274432926085143,0.20546651765134932,0.795945020058188
GOBP,GOBP_RESPONSE_TO_TEMPERATURE_STIMULUS,GOBP|GOBP_RESPONSE_TO_TEMPERATURE_STIMULUS,BFR_vs_HLRT_at_T2,3.2128569965581e-4,0.0810097008259104,0.9355963103543666,0.9809214427913595
GOBP,GOBP_RESPONSE_TO_TOPOLOGICALLY_INCORRECT_PROTEIN,GOBP|GOBP_RESPONSE_TO_TOPOLOGICALLY_INCORRECT_PROTEIN,BFR_vs_HLRT_at_T2,0.002164961242106564,0.6192558519254412,0.5371574984853549,0.941235436535149
GOBP,GOBP_RESPONSE_TO_TOXIC_SUBSTANCE,GOBP|GOBP_RESPONSE_TO_TOXIC_SUBSTANCE,BFR_vs_HLRT_at_T2,0.008410777702702987,2.373621584868392,0.019526905374700247,0.5590821941229721
GOBP,GOBP_RESPONSE_TO_TUMOR_NECROSIS_FACTOR,GOBP|GOBP_RESPONSE_TO_TUMOR_NECROSIS_FACTOR,BFR_vs_HLRT_at_T2,-1.5930462162147552e-4,-0.03321590292762711,0.9735686905873173,0.9901241527192334
GOBP,GOBP_RESPONSE_TO_TYPE_II_INTERFERON,GOBP|GOBP_RESPONSE_TO_TYPE_II_INTERFERON,BFR_vs_HLRT_at_T2,-5.631478635048648e-4,-0.14403450480450394,0.8857633783164376,0.9774538225748568
GOBP,GOBP_RESPONSE_TO_TYPE_I_INTERFERON,GOBP|GOBP_RESPONSE_TO_TYPE_I_INTERFERON,BFR_vs_HLRT_at_T2,-9.289719049740408e-4,-0.20986856929231246,0.8341976635751578,0.9774538225748568
GOBP,GOBP_RESPONSE_TO_UV,GOBP|GOBP_RESPONSE_TO_UV,BFR_vs_HLRT_at_T2,0.00348743600594658,0.6598740513590536,0.5108531267931816,0.9297193617869095
GOBP,GOBP_RESPONSE_TO_VIRUS,GOBP|GOBP_RESPONSE_TO_VIRUS,BFR_vs_HLRT_at_T2,5.782786240935561e-4,0.19238539250130385,0.8478308721961201,0.9774538225748568
GOBP,GOBP_RESPONSE_TO_VITAMIN,GOBP|GOBP_RESPONSE_TO_VITAMIN,BFR_vs_HLRT_at_T2,0.0024106501503108058,0.40266584455718296,0.6880544188800845,0.9577792272151837
GOBP,GOBP_RESPONSE_TO_XENOBIOTIC_STIMULUS,GOBP|GOBP_RESPONSE_TO_XENOBIOTIC_STIMULUS,BFR_vs_HLRT_at_T2,0.0054399070527334226,1.2153058815352196,0.22711378760194847,0.8180302164551663
GOBP,GOBP_RETINA_DEVELOPMENT_IN_CAMERA_TYPE_EYE,GOBP|GOBP_RETINA_DEVELOPMENT_IN_CAMERA_TYPE_EYE,BFR_vs_HLRT_at_T2,-0.008137827863710104,-0.7075024728717471,0.4809015298332817,0.9297193617869095
GOBP,GOBP_RETROGRADE_VESICLE_MEDIATED_TRANSPORT_GOLGI_TO_ENDOPLASMIC_RETICULUM,GOBP|GOBP_RETROGRADE_VESICLE_MEDIATED_TRANSPORT_GOLGI_TO_ENDOPLASMIC_RETICULUM,BFR_vs_HLRT_at_T2,-0.00968767636954923,-1.0500084718144562,0.29624765791440594,0.9013993576829025
GOBP,GOBP_RHO_PROTEIN_SIGNAL_TRANSDUCTION,GOBP|GOBP_RHO_PROTEIN_SIGNAL_TRANSDUCTION,BFR_vs_HLRT_at_T2,-0.008795351255234965,-0.947927471445883,0.3454537654144807,0.9261899601054855
GOBP,GOBP_RHYTHMIC_PROCESS,GOBP|GOBP_RHYTHMIC_PROCESS,BFR_vs_HLRT_at_T2,-5.717228726166285e-4,-0.15895052337474144,0.8740287487982341,0.9774538225748568
GOBP,GOBP_RIBOSE_PHOSPHATE_METABOLIC_PROCESS,GOBP|GOBP_RIBOSE_PHOSPHATE_METABOLIC_PROCESS,BFR_vs_HLRT_at_T2,-8.024630101077235e-4,-0.2836692968400263,0.7772508777144473,0.9654999788654113
GOBP,GOBP_RIBOSOMAL_LARGE_SUBUNIT_BIOGENESIS,GOBP|GOBP_RIBOSOMAL_LARGE_SUBUNIT_BIOGENESIS,BFR_vs_HLRT_at_T2,-0.01260342338359316,-0.9896246561598087,0.3247484918749891,0.9220082774640296
GOBP,GOBP_RIBOSOMAL_SMALL_SUBUNIT_BIOGENESIS,GOBP|GOBP_RIBOSOMAL_SMALL_SUBUNIT_BIOGENESIS,BFR_vs_HLRT_at_T2,-0.01742160348981414,-1.2376395333103807,0.2187506996043941,0.8172128367818733
GOBP,GOBP_RIBOSOME_ASSEMBLY,GOBP|GOBP_RIBOSOME_ASSEMBLY,BFR_vs_HLRT_at_T2,-0.013371285690842616,-1.513093281306698,0.13341321072187096,0.7804698505412709
GOBP,GOBP_RIBOSOME_BIOGENESIS,GOBP|GOBP_RIBOSOME_BIOGENESIS,BFR_vs_HLRT_at_T2,-0.013341890234203235,-1.302500055054037,0.19574019867379475,0.795945020058188
GOBP,GOBP_RNA_EXPORT_FROM_NUCLEUS,GOBP|GOBP_RNA_EXPORT_FROM_NUCLEUS,BFR_vs_HLRT_at_T2,-0.00491781891825456,-0.5792724890859179,0.5637092673599089,0.9577792272151837
GOBP,GOBP_RNA_LOCALIZATION,GOBP|GOBP_RNA_LOCALIZATION,BFR_vs_HLRT_at_T2,-0.005225906986199139,-0.9731523994147859,0.3328280004850348,0.9261899601054855
GOBP,GOBP_RNA_MODIFICATION,GOBP|GOBP_RNA_MODIFICATION,BFR_vs_HLRT_at_T2,0.004044921109466748,0.5598224160964045,0.5768536719279984,0.9577792272151837
GOBP,GOBP_RNA_SPLICING,GOBP|GOBP_RNA_SPLICING,BFR_vs_HLRT_at_T2,-0.009039392775552352,-1.4173777418655868,0.1594838349461306,0.7903084304973861
GOBP,GOBP_RRNA_METABOLIC_PROCESS,GOBP|GOBP_RRNA_METABOLIC_PROCESS,BFR_vs_HLRT_at_T2,-0.014271764320188396,-1.4440207999900978,0.15186198910475435,0.7821689479243685
GOBP,GOBP_SENSORY_ORGAN_MORPHOGENESIS,GOBP|GOBP_SENSORY_ORGAN_MORPHOGENESIS,BFR_vs_HLRT_at_T2,-0.0028275126836389136,-0.3541232579437642,0.7239928487310723,0.9577792272151837
GOBP,GOBP_SENSORY_PERCEPTION_OF_LIGHT_STIMULUS,GOBP|GOBP_SENSORY_PERCEPTION_OF_LIGHT_STIMULUS,BFR_vs_HLRT_at_T2,-0.007594056583319936,-0.8617300996486743,0.39089977082886473,0.9261899601054855
GOBP,GOBP_SENSORY_PERCEPTION_OF_MECHANICAL_STIMULUS,GOBP|GOBP_SENSORY_PERCEPTION_OF_MECHANICAL_STIMULUS,BFR_vs_HLRT_at_T2,-0.0033644963095496166,-0.7025408907153531,0.48397570692865766,0.9297193617869095
GOBP,GOBP_SENSORY_SYSTEM_DEVELOPMENT,GOBP|GOBP_SENSORY_SYSTEM_DEVELOPMENT,BFR_vs_HLRT_at_T2,-0.002054908505114174,-0.3138254210300553,0.754307990718087,0.9620518307847076
GOBP,GOBP_SIGNAL_TRANSDUCTION_BY_P53_CLASS_MEDIATOR,GOBP|GOBP_SIGNAL_TRANSDUCTION_BY_P53_CLASS_MEDIATOR,BFR_vs_HLRT_at_T2,-0.0051020027693519585,-1.155843556673954,0.25050196093017774,0.8268311603810361
GOBP,GOBP_SIGNAL_TRANSDUCTION_IN_RESPONSE_TO_DNA_DAMAGE,GOBP|GOBP_SIGNAL_TRANSDUCTION_IN_RESPONSE_TO_DNA_DAMAGE,BFR_vs_HLRT_at_T2,-0.0011411495445255472,-0.24527641536669623,0.8067455631427216,0.9766194999212333
GOBP,GOBP_SKELETAL_MUSCLE_CELL_DIFFERENTIATION,GOBP|GOBP_SKELETAL_MUSCLE_CELL_DIFFERENTIATION,BFR_vs_HLRT_at_T2,-0.004479494902635911,-0.6615599237714371,0.5097763078784924,0.9297193617869095
GOBP,GOBP_SKELETAL_MUSCLE_ORGAN_DEVELOPMENT,GOBP|GOBP_SKELETAL_MUSCLE_ORGAN_DEVELOPMENT,BFR_vs_HLRT_at_T2,-0.006922980225692932,-0.8573215000437907,0.39331923473651675,0.9261899601054855
GOBP,GOBP_SKELETAL_SYSTEM_MORPHOGENESIS,GOBP|GOBP_SKELETAL_SYSTEM_MORPHOGENESIS,BFR_vs_HLRT_at_T2,-0.025780457809265245,-1.7797228652383439,0.07816202363063918,0.7322774711537333
GOBP,GOBP_SMALL_MOLECULE_CATABOLIC_PROCESS,GOBP|GOBP_SMALL_MOLECULE_CATABOLIC_PROCESS,BFR_vs_HLRT_at_T2,0.007173502651166674,1.9577349086234432,0.0530509003967816,0.6995525509948489
GOBP,GOBP_SMOOTH_MUSCLE_CONTRACTION,GOBP|GOBP_SMOOTH_MUSCLE_CONTRACTION,BFR_vs_HLRT_at_T2,-0.01354314216875068,-1.3749156148134198,0.172233468240513,0.7904197087067137
GOBP,GOBP_SODIUM_ION_TRANSPORT,GOBP|GOBP_SODIUM_ION_TRANSPORT,BFR_vs_HLRT_at_T2,-0.007738012192933283,-1.5902312695457181,0.1149423986138756,0.7799992205602225
GOBP,GOBP_SPINDLE_LOCALIZATION,GOBP|GOBP_SPINDLE_LOCALIZATION,BFR_vs_HLRT_at_T2,-0.003969769889281757,-0.6732769726195001,0.5023257051179539,0.9297193617869095
GOBP,GOBP_SPINDLE_ORGANIZATION,GOBP|GOBP_SPINDLE_ORGANIZATION,BFR_vs_HLRT_at_T2,-0.0039466239243267295,-0.9698449091444098,0.3344660475424931,0.9261899601054855
GOBP,GOBP_SPLICEOSOMAL_COMPLEX_ASSEMBLY,GOBP|GOBP_SPLICEOSOMAL_COMPLEX_ASSEMBLY,BFR_vs_HLRT_at_T2,-0.008563223175966278,-0.8956082602585156,0.3726149422019146,0.9261899601054855
GOBP,GOBP_SPLICEOSOMAL_SNRNP_ASSEMBLY,GOBP|GOBP_SPLICEOSOMAL_SNRNP_ASSEMBLY,BFR_vs_HLRT_at_T2,-0.005664354263307497,-0.6755295000332578,0.5009001033280964,0.9297193617869095
GOBP,GOBP_SPROUTING_ANGIOGENESIS,GOBP|GOBP_SPROUTING_ANGIOGENESIS,BFR_vs_HLRT_at_T2,0.001036090993109022,0.15493743500644566,0.8771832463003282,0.9774538225748568
GOBP,GOBP_STEM_CELL_DIFFERENTIATION,GOBP|GOBP_STEM_CELL_DIFFERENTIATION,BFR_vs_HLRT_at_T2,-0.001753224405822023,-0.43576218025526015,0.663949418829093,0.9577792272151837
GOBP,GOBP_STEROID_METABOLIC_PROCESS,GOBP|GOBP_STEROID_METABOLIC_PROCESS,BFR_vs_HLRT_at_T2,0.007690527981824957,2.1520764933908594,0.0338005066365748,0.6115533526338417
GOBP,GOBP_STEROL_HOMEOSTASIS,GOBP|GOBP_STEROL_HOMEOSTASIS,BFR_vs_HLRT_at_T2,0.003494944195689409,0.4452231223668189,0.65712175759162506,0.9577792272151837
GOBP,GOBP_STRESS_ACTIVATED_PROTEIN_KINASE_SIGNALING_CASCADE,GOBP|GOBP_STRESS_ACTIVATED_PROTEIN_KINASE_SIGNALING_CASCADE,BFR_vs_HLRT_at_T2,0.0032065858204421427,0.6671473958866857,0.5062160553169028,0.9297193617869095
GOBP,GOBP_STRESS_GRANULE_ASSEMBLY,GOBP|GOBP_STRESS_GRANULE_ASSEMBLY,BFR_vs_HLRT_at_T2,-0.010564359862840045,-1.1081621591989954,0.27045262943151877,0.8650479139123006
GOBP,GOBP_SUBSTRATE_ADHESION_DEPENDENT_CELL_SPREADING,GOBP|GOBP_SUBSTRATE_ADHESION_DEPENDENT_CELL_SPREADING,BFR_vs_HLRT_at_T2,-0.007424036259897453,-0.7051066329916761,0.4823846335796155,0.9297193617869095
GOBP,GOBP_SULFUR_AMINO_ACID_METABOLIC_PROCESS,GOBP|GOBP_SULFUR_AMINO_ACID_METABOLIC_PROCESS,BFR_vs_HLRT_at_T2,0.01664538250801593,2.067265670260749,0.04129454266327655,0.655656208000595
GOBP,GOBP_SULFUR_COMPOUND_METABOLIC_PROCESS,GOBP|GOBP_SULFUR_COMPOUND_METABOLIC_PROCESS,BFR_vs_HLRT_at_T2,0.00995152940800928,2.512150874589166,0.013601152003049632,0.5590821941229721
GOBP,GOBP_SUPEROXIDE_METABOLIC_PROCESS,GOBP|GOBP_SUPEROXIDE_METABOLIC_PROCESS,BFR_vs_HLRT_at_T2,-4.709070092787093e-4,-0.0836011507007497,0.9335408443885951,0.9809214427913595
GOBP,GOBP_SYNAPSE_ASSEMBLY,GOBP|GOBP_SYNAPSE_ASSEMBLY,BFR_vs_HLRT_at_T2,-0.010083808622805855,-2.2458736533609773,0.02691460896995688,0.5894167639595287
GOBP,GOBP_TAXIS,GOBP|GOBP_TAXIS,BFR_vs_HLRT_at_T2,0.0033939451908059637,0.803387340192777,0.423658277046013,0.9290103408103872
GOBP,GOBP_TELOMERE_ORGANIZATION,GOBP|GOBP_TELOMERE_ORGANIZATION,BFR_vs_HLRT_at_T2,0.0027384370841252448,0.6556061947262074,0.5135845230810091,0.9297193617869095
GOBP,GOBP_TEMPERATURE_HOMEOSTASIS,GOBP|GOBP_TEMPERATURE_HOMEOSTASIS,BFR_vs_HLRT_at_T2,0.0027115659431058703,0.7353455699880687,0.46385192104413053,0.9297193617869095
GOBP,GOBP_TISSUE_HOMEOSTASIS,GOBP|GOBP_TISSUE_HOMEOSTASIS,BFR_vs_HLRT_at_T2,-0.00979563777881337,-1.444671630325009,0.1516793896210311,0.7821689479243685
GOBP,GOBP_TISSUE_MIGRATION,GOBP|GOBP_TISSUE_MIGRATION,BFR_vs_HLRT_at_T2,-0.009937578766270508,-1.6600773278286707,0.1000347553471897,0.7558282553829123
GOBP,GOBP_TISSUE_REGENERATION,GOBP|GOBP_TISSUE_REGENERATION,BFR_vs_HLRT_at_T2,-0.010297747347405295,-1.4034648863470818,0.16357896459945437,0.7904197087067137
GOBP,GOBP_TISSUE_REMODELING,GOBP|GOBP_TISSUE_REMODELING,BFR_vs_HLRT_at_T2,-0.009381047424760564,-0.8862974146601551,0.37758582918707195,0.9261899601054855
GOBP,GOBP_TOR_SIGNALING,GOBP|GOBP_TOR_SIGNALING,BFR_vs_HLRT_at_T2,0.003918394744080645,0.7540954117459645,0.4525657332773322,0.9297193617869095
GOBP,GOBP_TRANSITION_METAL_ION_TRANSPORT,GOBP|GOBP_TRANSITION_METAL_ION_TRANSPORT,BFR_vs_HLRT_at_T2,-7.158215589928574e-4,-0.12653971677474493,0.8995590449403565,0.9774538225748568
GOBP,GOBP_TRANSLATIONAL_ELONGATION,GOBP|GOBP_TRANSLATIONAL_ELONGATION,BFR_vs_HLRT_at_T2,-0.002098278685547253,-0.568923443209995,0.5706849327442471,0.9577792272151837
GOBP,GOBP_TRANSLATIONAL_INITIATION,GOBP|GOBP_TRANSLATIONAL_INITIATION,BFR_vs_HLRT_at_T2,-0.00593928089243019,-1.068339701396376,0.2879420406322505,0.8819642031964208
GOBP,GOBP_TRICARBOXYLIC_ACID_CYCLE,GOBP|GOBP_TRICARBOXYLIC_ACID_CYCLE,BFR_vs_HLRT_at_T2,0.006975250416062673,1.9247731170625129,0.057102443507582014,0.722226736963791
GOBP,GOBP_TRNA_METABOLIC_PROCESS,GOBP|GOBP_TRNA_METABOLIC_PROCESS,BFR_vs_HLRT_at_T2,0.007033380211548111,1.4859384469973875,0.1404444461128251,0.7804698505412709
GOBP,GOBP_TRNA_PROCESSING,GOBP|GOBP_TRNA_PROCESSING,BFR_vs_HLRT_at_T2,0.007464888626785765,1.2715656975867202,0.20647985042040584,0.795945020058188
GOBP,GOBP_TUMOR_NECROSIS_FACTOR_SUPERFAMILY_CYTOKINE_PRODUCTION,GOBP|GOBP_TUMOR_NECROSIS_FACTOR_SUPERFAMILY_CYTOKINE_PRODUCTION,BFR_vs_HLRT_at_T2,-0.0038814081725317418,-1.170883470543912,0.24443095339220441,0.8268142684310219
GOBP,GOBP_TYPE_II_INTERFERON_PRODUCTION,GOBP|GOBP_TYPE_II_INTERFERON_PRODUCTION,BFR_vs_HLRT_at_T2,0.007103991937989496,1.3444197743373631,0.18185749082069633,0.7904197087067137
GOBP,GOBP_TYPE_I_INTERFERON_PRODUCTION,GOBP|GOBP_TYPE_I_INTERFERON_PRODUCTION,BFR_vs_HLRT_at_T2,-0.001576627375056136,-0.3040902311442084,0.761691636785302,0.9651402172947312
GOBP,GOBP_T_CELL_DIFFERENTIATION,GOBP|GOBP_T_CELL_DIFFERENTIATION,BFR_vs_HLRT_at_T2,0.0017928096479390698,0.44887872353988323,0.654491347872133,0.9577792272151837
GOBP,GOBP_T_HELPER_17_CELL_DIFFERENTIATION,GOBP|GOBP_T_HELPER_17_CELL_DIFFERENTIATION,BFR_vs_HLRT_at_T2,0.002444215275928474,0.7215107123937955,0.4722806293566614,0.9297193617869095
GOBP,GOBP_VACUOLAR_LOCALIZATION,GOBP|GOBP_VACUOLAR_LOCALIZATION,BFR_vs_HLRT_at_T2,0.0011210022183299334,0.14071258877313028,0.8883803347269361,0.9774538225748568
GOBP,GOBP_VACUOLAR_TRANSPORT,GOBP|GOBP_VACUOLAR_TRANSPORT,BFR_vs_HLRT_at_T2,0.007345073638612094,1.4311731747221224,0.15550144904920632,0.785585242599237
GOBP,GOBP_VACUOLE_ORGANIZATION,GOBP|GOBP_VACUOLE_ORGANIZATION,BFR_vs_HLRT_at_T2,7.074074754767415e-4,0.15002656292475672,0.8810461392832263,0.9774538225748568
GOBP,GOBP_VASCULAR_PROCESS_IN_CIRCULATORY_SYSTEM,GOBP|GOBP_VASCULAR_PROCESS_IN_CIRCULATORY_SYSTEM,BFR_vs_HLRT_at_T2,-0.004835658097060325,-0.9328197703446871,0.35316206533795924,0.9261899601054855
GOBP,GOBP_VESICLE_BUDDING_FROM_MEMBRANE,GOBP|GOBP_VESICLE_BUDDING_FROM_MEMBRANE,BFR_vs_HLRT_at_T2,-0.004165085130671781,-0.9153954106897482,0.3621883884495102,0.9261899601054855
GOBP,GOBP_VESICLE_LOCALIZATION,GOBP|GOBP_VESICLE_LOCALIZATION,BFR_vs_HLRT_at_T2,0.0014712304226899152,0.3457844128953364,0.7302318459808004,0.9577792272151837
GOBP,GOBP_VESICLE_MEDIATED_TRANSPORT_BETWEEN_ENDOSOMAL_COMPARTMENTS,GOBP|GOBP_VESICLE_MEDIATED_TRANSPORT_BETWEEN_ENDOSOMAL_COMPARTMENTS,BFR_vs_HLRT_at_T2,0.00371855777125487,0.6394796403299763,0.5239746483665138,0.9304222092916711
GOBP,GOBP_VESICLE_MEDIATED_TRANSPORT_IN_SYNAPSE,GOBP|GOBP_VESICLE_MEDIATED_TRANSPORT_IN_SYNAPSE,BFR_vs_HLRT_at_T2,0.0020990312336182718,0.409826503121144,0.682810698866762,0.9577792272151837
GOBP,GOBP_VESICLE_MEDIATED_TRANSPORT_TO_THE_PLASMA_MEMBRANE,GOBP|GOBP_VESICLE_MEDIATED_TRANSPORT_TO_THE_PLASMA_MEMBRANE,BFR_vs_HLRT_at_T2,0.002651011630374296,0.471704789974,0.6381661319745393,0.9577792272151837
GOBP,GOBP_VESICLE_ORGANIZATION,GOBP|GOBP_VESICLE_ORGANIZATION,BFR_vs_HLRT_at_T2,0.0032255881508838624,0.7585886303331842,0.44988468090243294,0.9297193617869095
GOBP,GOBP_VESICLE_TARGETING,GOBP|GOBP_VESICLE_TARGETING,BFR_vs_HLRT_at_T2,0.0024936263728952412,0.39140695687590293,0.6963300435285242,0.9577792272151837
GOBP,GOBP_VIRAL_GENE_EXPRESSION,GOBP|GOBP_VIRAL_GENE_EXPRESSION,BFR_vs_HLRT_at_T2,-0.01347723067897491,-2.172354950972284,0.03219423302655644,0.6109052023088027
GOBP,GOBP_VIRAL_GENOME_REPLICATION,GOBP|GOBP_VIRAL_GENOME_REPLICATION,BFR_vs_HLRT_at_T2,0.00397477894885831,0.7085620795728493,0.4802464032531165,0.9297193617869095
GOBP,GOBP_VIRAL_PROCESS,GOBP|GOBP_VIRAL_PROCESS,BFR_vs_HLRT_at_T2,-0.0022057190296530804,-0.6617351870324214,0.5096644310417558,0.9297193617869095
GOBP,GOBP_VIRAL_RELEASE_FROM_HOST_CELL,GOBP|GOBP_VIRAL_RELEASE_FROM_HOST_CELL,BFR_vs_HLRT_at_T2,-0.0031263332481656497,-0.5778117036873625,0.5646913618348094,0.9577792272151837
GOBP,GOBP_VIRION_ASSEMBLY,GOBP|GOBP_VIRION_ASSEMBLY,BFR_vs_HLRT_at_T2,-0.002291440118655858,-0.3581390285598264,0.7209949067708716,0.9577792272151837
GOBP,GOBP_WNT_SIGNALING_PATHWAY,GOBP|GOBP_WNT_SIGNALING_PATHWAY,BFR_vs_HLRT_at_T2,-3.13291358403852e-4,-0.08061353815655191,0.9359105743174154,0.9809214427913595
GOBP,GOBP_WOUND_HEALING,GOBP|GOBP_WOUND_HEALING,BFR_vs_HLRT_at_T2,-0.004386859419474601,-0.7121576663332707,0.4780270330831693,0.9297193617869095
Hallmark,HALLMARK_ADIPOGENESIS,Hallmark|HALLMARK_ADIPOGENESIS,interaction,0.00202139564133913,0.6172069631954971,0.5385024446476981,0.9599391404589401
Hallmark,HALLMARK_ALLOGRAFT_REJECTION,Hallmark|HALLMARK_ALLOGRAFT_REJECTION,interaction,-0.016439078119154904,-1.9649973005767274,0.05219177394801417,0.713287577289527
Hallmark,HALLMARK_ANDROGEN_RESPONSE,Hallmark|HALLMARK_ANDROGEN_RESPONSE,interaction,-0.006270876677700252,-0.9837052721194119,0.3276368617809515,0.9478506595972586
Hallmark,HALLMARK_APICAL_JUNCTION,Hallmark|HALLMARK_APICAL_JUNCTION,interaction,-0.02114702238043117,-1.6076234389747346,0.11107373405669026,0.7590038493873834
Hallmark,HALLMARK_APOPTOSIS,Hallmark|HALLMARK_APOPTOSIS,interaction,-0.015345784044200048,-1.698497256327877,0.09252648291426448,0.7587171598969686
Hallmark,HALLMARK_BILE_ACID_METABOLISM,Hallmark|HALLMARK_BILE_ACID_METABOLISM,interaction,0.008031254619725064,1.2865525964140998,0.2012237130505953,0.8711447386387712
Hallmark,HALLMARK_CHOLESTEROL_HOMEOSTASIS,Hallmark|HALLMARK_CHOLESTEROL_HOMEOSTASIS,interaction,0.00117253367296985,0.10145159956937783,0.9193953189504117,0.9866361939110927
Hallmark,HALLMARK_COAGULATION,Hallmark|HALLMARK_COAGULATION,interaction,-0.013121062842899434,-1.113302702829577,0.26825001938648063,0.9223836741815076
Hallmark,HALLMARK_COMPLEMENT,Hallmark|HALLMARK_COMPLEMENT,interaction,6.614638286477625e-4,0.09265564145022154,0.926362694921297,0.9866361939110927
Hallmark,HALLMARK_DNA_REPAIR,Hallmark|HALLMARK_DNA_REPAIR,interaction,0.007644799464495873,1.1092954674700368,0.26996595341897783,0.9223836741815076
Hallmark,HALLMARK_E2F_TARGETS,Hallmark|HALLMARK_E2F_TARGETS,interaction,-3.752536017606195e-4,-0.05807004673726474,0.9538088285691824,0.9866361939110927
Hallmark,HALLMARK_EPITHELIAL_MESENCHYMAL_TRANSITION,Hallmark|HALLMARK_EPITHELIAL_MESENCHYMAL_TRANSITION,interaction,-0.016612914878814392,-0.7001121444938196,0.48548448418396173,0.9478506595972586
Hallmark,HALLMARK_ESTROGEN_RESPONSE_EARLY,Hallmark|HALLMARK_ESTROGEN_RESPONSE_EARLY,interaction,-0.007465732228754712,-0.8588741037218073,0.3924661087395328,0.9478506595972586
Hallmark,HALLMARK_ESTROGEN_RESPONSE_LATE,Hallmark|HALLMARK_ESTROGEN_RESPONSE_LATE,interaction,-0.0017995684383408095,-0.282810962896018,0.7779069045345146,0.9866361939110927
Hallmark,HALLMARK_FATTY_ACID_METABOLISM,Hallmark|HALLMARK_FATTY_ACID_METABOLISM,interaction,3.686947437233079e-4,0.09332949100371378,0.925828721446007,0.9866361939110927
Hallmark,HALLMARK_G2M_CHECKPOINT,Hallmark|HALLMARK_G2M_CHECKPOINT,interaction,0.002508274402040239,0.32914853400800154,0.7427324710524446,0.9866361939110927
Hallmark,HALLMARK_GLYCOLYSIS,Hallmark|HALLMARK_GLYCOLYSIS,interaction,0.0032379903488292394,0.6310303249959027,0.5294617829793704,0.9599391404589401
Hallmark,HALLMARK_HEME_METABOLISM,Hallmark|HALLMARK_HEME_METABOLISM,interaction,0.016274745762487608,1.2548128688721667,0.21247432649726128,0.8711447386387712
Hallmark,HALLMARK_HYPOXIA,Hallmark|HALLMARK_HYPOXIA,interaction,-0.0014232664580652865,-0.21225223223594883,0.832342722079003,0.9866361939110927
Hallmark,HALLMARK_IL2_STAT5_SIGNALING,Hallmark|HALLMARK_IL2_STAT5_SIGNALING,interaction,-0.005404995414992446,-0.562587420124329,0.5749761618273427,0.9822509431217104
Hallmark,HALLMARK_INFLAMMATORY_RESPONSE,Hallmark|HALLMARK_INFLAMMATORY_RESPONSE,interaction,-0.015840097312477097,-1.4412729681441119,0.15263480500021775,0.8711447386387712
Hallmark,HALLMARK_INTERFERON_ALPHA_RESPONSE,Hallmark|HALLMARK_INTERFERON_ALPHA_RESPONSE,interaction,0.002651651891965756,0.2464761759313929,0.8058193887684204,0.9866361939110927
Hallmark,HALLMARK_INTERFERON_GAMMA_RESPONSE,Hallmark|HALLMARK_INTERFERON_GAMMA_RESPONSE,interaction,-1.0794250671603e-4,-0.011929027860378144,0.9905060286198022,0.9905060286198022
Hallmark,HALLMARK_KRAS_SIGNALING_DN,Hallmark|HALLMARK_KRAS_SIGNALING_DN,interaction,-0.003821641114888863,-0.40944246097881,0.683091540113569,0.9866361939110927
Hallmark,HALLMARK_KRAS_SIGNALING_UP,Hallmark|HALLMARK_KRAS_SIGNALING_UP,interaction,-0.008822157967286562,-0.7614338436623376,0.44819171038299443,0.9478506595972586
Hallmark,HALLMARK_MITOTIC_SPINDLE,Hallmark|HALLMARK_MITOTIC_SPINDLE,interaction,-0.007515771455357884,-0.820912522507915,0.41365071796626995,0.9478506595972586
Hallmark,HALLMARK_MTORC1_SIGNALING,Hallmark|HALLMARK_MTORC1_SIGNALING,interaction,-5.558945199909682e-4,-0.11102139652643196,0.9118221232471493,0.9866361939110927
Hallmark,HALLMARK_MYC_TARGETS_V1,Hallmark|HALLMARK_MYC_TARGETS_V1,interaction,-0.0022510986066637817,-0.4967728661291679,0.6204406565074219,0.9866361939110927
Hallmark,HALLMARK_MYOGENESIS,Hallmark|HALLMARK_MYOGENESIS,interaction,-0.0020517104824741006,-0.19833855869667535,0.8431832417746511,0.9866361939110927
Hallmark,HALLMARK_OXIDATIVE_PHOSPHORYLATION,Hallmark|HALLMARK_OXIDATIVE_PHOSPHORYLATION,interaction,9.81053133812304e-4,0.1833072999147233,0.8549284274293636,0.9866361939110927
Hallmark,HALLMARK_P53_PATHWAY,Hallmark|HALLMARK_P53_PATHWAY,interaction,-9.174979161008234e-4,-0.16310370388691536,0.8707662709161806,0.9866361939110927
Hallmark,HALLMARK_PEROXISOME,Hallmark|HALLMARK_PEROXISOME,interaction,0.004188517030715183,0.70736700653468,0.480985320664051,0.9478506595972586
Hallmark,HALLMARK_PI3K_AKT_MTOR_SIGNALING,Hallmark|HALLMARK_PI3K_AKT_MTOR_SIGNALING,interaction,0.0016807244977744829,0.28480067855611185,0.7763864061057036,0.9866361939110927
Hallmark,HALLMARK_PROTEIN_SECRETION,Hallmark|HALLMARK_PROTEIN_SECRETION,interaction,0.007191278911960794,0.897959624369347,0.37136613106398864,0.9478506595972586
Hallmark,HALLMARK_REACTIVE_OXYGEN_SPECIES_PATHWAY,Hallmark|HALLMARK_REACTIVE_OXYGEN_SPECIES_PATHWAY,interaction,-3.2671271212775244e-4,-0.047044225763758545,0.9625718964986271,0.9866361939110927
Hallmark,HALLMARK_SPERMATOGENESIS,Hallmark|HALLMARK_SPERMATOGENESIS,interaction,0.011417717452878506,1.9887969301671649,0.04945864552590752,0.713287577289527
Hallmark,HALLMARK_TNFA_SIGNALING_VIA_NFKB,Hallmark|HALLMARK_TNFA_SIGNALING_VIA_NFKB,interaction,-0.013121399203157913,-1.3453225970988243,0.18156687250542047,0.8711447386387712
Hallmark,HALLMARK_UNFOLDED_PROTEIN_RESPONSE,Hallmark|HALLMARK_UNFOLDED_PROTEIN_RESPONSE,interaction,-0.011013640725841226,-1.9909015580243428,0.049222926072250026,0.713287577289527
Hallmark,HALLMARK_UV_RESPONSE_DN,Hallmark|HALLMARK_UV_RESPONSE_DN,interaction,-0.01239065868798385,-1.0264635179727923,0.30715213986178336,0.9478506595972586
Hallmark,HALLMARK_UV_RESPONSE_UP,Hallmark|HALLMARK_UV_RESPONSE_UP,interaction,0.007642326585972636,1.7732859257865532,0.07922879874531619,0.7587171598969686
Hallmark,HALLMARK_XENOBIOTIC_METABOLISM,Hallmark|HALLMARK_XENOBIOTIC_METABOLISM,interaction,0.005594025254336443,0.8096735413856483,0.4200521796738005,0.9478506595972586
Reactome,REACTOME_ACTIVATION_OF_NMDA_RECEPTORS_AND_POSTSYNAPTIC_EVENTS,Reactome|REACTOME_ACTIVATION_OF_NMDA_RECEPTORS_AND_POSTSYNAPTIC_EVENTS,interaction,-0.0018422524044114374,-0.24156217490821688,0.8096145693753659,0.9855042619584463
Reactome,REACTOME_ADIPOGENESIS,Reactome|REACTOME_ADIPOGENESIS,interaction,-0.007727868948996783,-1.0402044074565358,0.3007558980558405,0.9855042619584463
Reactome,REACTOME_AEROBIC_RESPIRATION_AND_RESPIRATORY_ELECTRON_TRANSPORT,Reactome|REACTOME_AEROBIC_RESPIRATION_AND_RESPIRATORY_ELECTRON_TRANSPORT,interaction,0.004380799145753123,0.6360642074731782,0.5261891223936412,0.9855042619584463
Reactome,REACTOME_AGGREPHAGY,Reactome|REACTOME_AGGREPHAGY,interaction,-0.010107745835189808,-1.2880591774237318,0.20070086160038744,0.9855042619584463
Reactome,REACTOME_AMINO_ACIDS_REGULATE_MTORC1,Reactome|REACTOME_AMINO_ACIDS_REGULATE_MTORC1,interaction,-0.006132878198680844,-0.5798291216162654,0.5633352600375305,0.9855042619584463
Reactome,REACTOME_ANTIGEN_PRESENTATION_FOLDING_ASSEMBLY_AND_PEPTIDE_LOADING_OF_CLASS_I_MHC,Reactome|REACTOME_ANTIGEN_PRESENTATION_FOLDING_ASSEMBLY_AND_PEPTIDE_LOADING_OF_CLASS_I_MHC,interaction,-0.017223711384005927,-1.694121371749796,0.09335776691175207,0.9855042619584463
Reactome,REACTOME_ANTIGEN_PROCESSING_CROSS_PRESENTATION,Reactome|REACTOME_ANTIGEN_PROCESSING_CROSS_PRESENTATION,interaction,-0.0032882664854281263,-0.5856117456325695,0.5594570543834214,0.9855042619584463
Reactome,REACTOME_ANTIGEN_PROCESSING_UB_ATP_INDEPENDENT_PROTEASOMAL_DEGRADATION,Reactome|REACTOME_ANTIGEN_PROCESSING_UB_ATP_INDEPENDENT_PROTEASOMAL_DEGRADATION,interaction,-0.0017854335545867128,-0.3031689359034656,0.7623915464858814,0.9855042619584463
Reactome,REACTOME_ANTI_INFLAMMATORY_RESPONSE_FAVOURING_LEISHMANIA_PARASITE_INFECTION,Reactome|REACTOME_ANTI_INFLAMMATORY_RESPONSE_FAVOURING_LEISHMANIA_PARASITE_INFECTION,interaction,0.010212791249428699,0.8180796198981328,0.41525872366129457,0.9855042619584463
Reactome,REACTOME_APOPTOTIC_EXECUTION_PHASE,Reactome|REACTOME_APOPTOTIC_EXECUTION_PHASE,interaction,-0.015691676102970516,-1.3755933043180646,0.17202407882045817,0.9855042619584463
Reactome,REACTOME_ARACHIDONATE_METABOLISM,Reactome|REACTOME_ARACHIDONATE_METABOLISM,interaction,0.002538747316249923,0.32061365394223246,0.7491728720323998,0.9855042619584463
Reactome,REACTOME_ASPARAGINE_N_LINKED_GLYCOSYLATION,Reactome|REACTOME_ASPARAGINE_N_LINKED_GLYCOSYLATION,interaction,-0.008600161864137597,-1.666379253729953,0.09877041928765556,0.9855042619584463
Reactome,REACTOME_AUTOPHAGY,Reactome|REACTOME_AUTOPHAGY,interaction,-0.004115678729782732,-0.8998065196684111,0.3703870941115236,0.9855042619584463
Reactome,REACTOME_BACTERIAL_INFECTION_PATHWAYS,Reactome|REACTOME_BACTERIAL_INFECTION_PATHWAYS,interaction,0.004532039526107437,0.3911469027353617,0.6965216301756376,0.9855042619584463
Reactome,REACTOME_BINDING_AND_UPTAKE_OF_LIGANDS_BY_SCAVENGER_RECEPTORS,Reactome|REACTOME_BINDING_AND_UPTAKE_OF_LIGANDS_BY_SCAVENGER_RECEPTORS,interaction,-0.01244640642087158,-0.6529828215488999,0.5152672836468117,0.9855042619584463
Reactome,REACTOME_BIOLOGICAL_OXIDATIONS,Reactome|REACTOME_BIOLOGICAL_OXIDATIONS,interaction,0.001376297451989722,0.2159354347604895,0.8294783587228298,0.9855042619584463
Reactome,REACTOME_BIOSYNTHESIS_OF_THE_N_GLYCAN_PRECURSOR_DOLICHOL_LIPID_LINKED_OLIGOSACCHARIDE_LLO_AND_TRANSFER_TO_A_NASCENT_PROTEIN,Reactome|REACTOME_BIOSYNTHESIS_OF_THE_N_GLYCAN_PRECURSOR_DOLICHOL_LIPID_LINKED_OLIGOSACCHARIDE_LLO_AND_TRANSFER_TO_A_NASCENT_PROTEIN,interaction,-0.0014417092441731671,-0.12827609793219974,0.8981883576630323,0.9855042619584463
Reactome,REACTOME_BRANCHED_CHAIN_AMINO_ACID_CATABOLISM,Reactome|REACTOME_BRANCHED_CHAIN_AMINO_ACID_CATABOLISM,interaction,0.008349097710238673,0.8518625300413437,0.3963278761209794,0.9855042619584463
Reactome,REACTOME_CARDIAC_CONDUCTION,Reactome|REACTOME_CARDIAC_CONDUCTION,interaction,-0.0031070276048013323,-0.48072366865821153,0.6317640171322765,0.9855042619584463
Reactome,REACTOME_CARGO_CONCENTRATION_IN_THE_ER,Reactome|REACTOME_CARGO_CONCENTRATION_IN_THE_ER,interaction,-0.004337438253985045,-0.43404196269327777,0.6651939148559218,0.9855042619584463
Reactome,REACTOME_CARGO_TRAFFICKING_TO_THE_PERICILIARY_MEMBRANE,Reactome|REACTOME_CARGO_TRAFFICKING_TO_THE_PERICILIARY_MEMBRANE,interaction,-0.006247581511934053,-0.7134188018913266,0.47724994954330213,0.9855042619584463
Reactome,REACTOME_CELLULAR_RESPONSES_TO_MECHANICAL_STIMULI,Reactome|REACTOME_CELLULAR_RESPONSES_TO_MECHANICAL_STIMULI,interaction,-6.584881465288434e-4,-0.0906404995409717,0.9279597384402856,0.9907203004604016
Reactome,REACTOME_CELLULAR_RESPONSE_TO_CHEMICAL_STRESS,Reactome|REACTOME_CELLULAR_RESPONSE_TO_CHEMICAL_STRESS,interaction,0.005270111654009091,1.3753863266558368,0.17208800931945498,0.9855042619584463
Reactome,REACTOME_CELLULAR_RESPONSE_TO_HEAT_STRESS,Reactome|REACTOME_CELLULAR_RESPONSE_TO_HEAT_STRESS,interaction,-0.001660673802276122,-0.29806044914293756,0.7662760383653091,0.9855042619584463
Reactome,REACTOME_CELLULAR_SENESCENCE,Reactome|REACTOME_CELLULAR_SENESCENCE,interaction,9.808070483707174e-4,0.12500096737344746,0.9007739774152419,0.9855042619584463
Reactome,REACTOME_CELL_CELL_COMMUNICATION,Reactome|REACTOME_CELL_CELL_COMMUNICATION,interaction,-0.007573916959213445,-1.4805115700284668,0.14188371992783302,0.9855042619584463
Reactome,REACTOME_CELL_CYCLE_CHECKPOINTS,Reactome|REACTOME_CELL_CYCLE_CHECKPOINTS,interaction,0.0010762853066740852,0.1881409324748151,0.8511478106002209,0.9855042619584463
Reactome,REACTOME_CELL_SURFACE_INTERACTIONS_AT_THE_VASCULAR_WALL,Reactome|REACTOME_CELL_SURFACE_INTERACTIONS_AT_THE_VASCULAR_WALL,interaction,-0.00618833934941071,-0.5423970074142661,0.5887529588110573,0.9855042619584463
Reactome,REACTOME_CHROMATIN_ORGANIZATION,Reactome|REACTOME_CHROMATIN_ORGANIZATION,interaction,0.016454802190651388,2.0482056355278324,0.04316295939692082,0.9855042619584463
Reactome,REACTOME_CHROMOSOME_MAINTENANCE,Reactome|REACTOME_CHROMOSOME_MAINTENANCE,interaction,0.008425416637228123,0.7511509731106207,0.45432760428399,0.9855042619584463
Reactome,REACTOME_CILIUM_ASSEMBLY,Reactome|REACTOME_CILIUM_ASSEMBLY,interaction,-0.005289649826132503,-0.7915854982729147,0.43047788806632803,0.9855042619584463
Reactome,REACTOME_CITRIC_ACID_CYCLE_TCA_CYCLE,Reactome|REACTOME_CITRIC_ACID_CYCLE_TCA_CYCLE,interaction,0.0052981682190806345,0.7520875819550804,0.453766738103209,0.9855042619584463
Reactome,REACTOME_CLASS_I_MHC_MEDIATED_ANTIGEN_PROCESSING_PRESENTATION,Reactome|REACTOME_CLASS_I_MHC_MEDIATED_ANTIGEN_PROCESSING_PRESENTATION,interaction,-0.00175922341449386,-0.4132624786770843,0.6803000355201076,0.9855042619584463
Reactome,REACTOME_CLATHRIN_MEDIATED_ENDOCYTOSIS,Reactome|REACTOME_CLATHRIN_MEDIATED_ENDOCYTOSIS,interaction,-0.0011327842185247516,-0.1646675397090494,0.8695383948191733,0.9855042619584463
Reactome,REACTOME_COLLAGEN_FORMATION,Reactome|REACTOME_COLLAGEN_FORMATION,interaction,-0.007946551790432368,-0.21402866519463845,0.8309609360236467,0.9855042619584463
Reactome,REACTOME_COMPLEX_III_ASSEMBLY,Reactome|REACTOME_COMPLEX_III_ASSEMBLY,interaction,0.011868175300715877,1.3823256017854137,0.16995445373007004,0.9855042619584463
Reactome,REACTOME_COMPLEX_IV_ASSEMBLY,Reactome|REACTOME_COMPLEX_IV_ASSEMBLY,interaction,0.00869488270687463,0.9246574457038361,0.35737226416520296,0.9855042619584463
Reactome,REACTOME_COMPLEX_I_BIOGENESIS,Reactome|REACTOME_COMPLEX_I_BIOGENESIS,interaction,-0.0014867719469878748,-0.15806030633930937,0.874728332427075,0.9855042619584463
Reactome,REACTOME_COOPERATION_OF_PDCL_PHLP1_AND_TRIC_CCT_IN_G_PROTEIN_BETA_FOLDING,Reactome|REACTOME_COOPERATION_OF_PDCL_PHLP1_AND_TRIC_CCT_IN_G_PROTEIN_BETA_FOLDING,interaction,0.004460928315478729,0.47551783838040645,0.6354560328475434,0.9855042619584463
Reactome,REACTOME_COPII_MEDIATED_VESICLE_TRANSPORT,Reactome|REACTOME_COPII_MEDIATED_VESICLE_TRANSPORT,interaction,-0.007074005108174283,-0.917970990825346,0.36084499878838805,0.9855042619584463
Reactome,REACTOME_CRISTAE_FORMATION,Reactome|REACTOME_CRISTAE_FORMATION,interaction,0.001777462422193954,0.25734357287613097,0.7974428730142641,0.9855042619584463
Reactome,REACTOME_CYTOPROTECTION_BY_HMOX1,Reactome|REACTOME_CYTOPROTECTION_BY_HMOX1,interaction,0.008689555732201981,1.38980177958305,0.16767840857134533,0.9855042619584463
Reactome,REACTOME_DARPP_32_EVENTS,Reactome|REACTOME_DARPP_32_EVENTS,interaction,0.013512623790227135,1.4510171447405575,0.14990795172205817,0.9855042619584463
Reactome,REACTOME_DDX58_IFIH1_MEDIATED_INDUCTION_OF_INTERFERON_ALPHA_BETA,Reactome|REACTOME_DDX58_IFIH1_MEDIATED_INDUCTION_OF_INTERFERON_ALPHA_BETA,interaction,-0.011975564001702355,-1.5520898569410837,0.12380305237530617,0.9855042619584463
Reactome,REACTOME_DEADENYLATION_DEPENDENT_MRNA_DECAY,Reactome|REACTOME_DEADENYLATION_DEPENDENT_MRNA_DECAY,interaction,-0.0015540428660045947,-0.1637429956856439,0.8702642801451799,0.9855042619584463
Reactome,REACTOME_DEATH_RECEPTOR_SIGNALING,Reactome|REACTOME_DEATH_RECEPTOR_SIGNALING,interaction,-0.0038445472246863566,-0.5869662403264085,0.5585505461671441,0.9855042619584463
Reactome,REACTOME_DEGRADATION_OF_THE_EXTRACELLULAR_MATRIX,Reactome|REACTOME_DEGRADATION_OF_THE_EXTRACELLULAR_MATRIX,interaction,-0.0018256469302884784,-0.06292698333496552,0.949950381400431,0.99104122639526
Reactome,REACTOME_DENGUE_VIRUS_ATTACHMENT_AND_ENTRY,Reactome|REACTOME_DENGUE_VIRUS_ATTACHMENT_AND_ENTRY,interaction,-0.006089720420962578,-0.6718401548641196,0.5032361891767418,0.9855042619584463
Reactome,REACTOME_DENGUE_VIRUS_GENOME_TRANSLATION_AND_REPLICATION,Reactome|REACTOME_DENGUE_VIRUS_GENOME_TRANSLATION_AND_REPLICATION,interaction,-0.0070895586551639744,-1.116015680650477,0.26709262430873343,0.9855042619584463
Reactome,REACTOME_DENGUE_VIRUS_INFECTION,Reactome|REACTOME_DENGUE_VIRUS_INFECTION,interaction,-0.007692611553447068,-1.1547035411841193,0.25096645908434917,0.9855042619584463
Reactome,REACTOME_DETOXIFICATION_OF_REACTIVE_OXYGEN_SPECIES,Reactome|REACTOME_DETOXIFICATION_OF_REACTIVE_OXYGEN_SPECIES,interaction,0.004975785741784922,0.894118205607603,0.3734076767874217,0.9855042619584463
Reactome,REACTOME_DEUBIQUITINATION,Reactome|REACTOME_DEUBIQUITINATION,interaction,-0.002684761142859121,-0.5485599154968595,0.5845313570902883,0.9855042619584463
Reactome,REACTOME_DEVELOPMENTAL_CELL_LINEAGES,Reactome|REACTOME_DEVELOPMENTAL_CELL_LINEAGES,interaction,-0.010469405673692662,-0.4213232767463839,0.6744241610748712,0.9855042619584463
Reactome,REACTOME_DISEASES_OF_GLYCOSYLATION,Reactome|REACTOME_DISEASES_OF_GLYCOSYLATION,interaction,-0.015549020005814713,-1.0696816084137337,0.2873403654935939,0.9855042619584463
Reactome,REACTOME_DISEASES_OF_METABOLISM,Reactome|REACTOME_DISEASES_OF_METABOLISM,interaction,0.004454485848409538,0.6468015602680606,0.5192437097053092,0.9855042619584463
Reactome,REACTOME_DISEASES_OF_SIGNAL_TRANSDUCTION_BY_GROWTH_FACTOR_RECEPTORS_AND_SECOND_MESSENGERS,Reactome|REACTOME_DISEASES_OF_SIGNAL_TRANSDUCTION_BY_GROWTH_FACTOR_RECEPTORS_AND_SECOND_MESSENGERS,interaction,-0.004051285144285002,-1.0554514515069426,0.2937647071528824,0.9855042619584463
Reactome,REACTOME_DISORDERS_OF_TRANSMEMBRANE_TRANSPORTERS,Reactome|REACTOME_DISORDERS_OF_TRANSMEMBRANE_TRANSPORTERS,interaction,0.0015190246698252863,0.28672289019477765,0.7749183183124345,0.9855042619584463
Reactome,REACTOME_DNA_DAMAGE_BYPASS,Reactome|REACTOME_DNA_DAMAGE_BYPASS,interaction,0.00848272622843324,0.7786786696003876,0.43800954648791934,0.9855042619584463
Reactome,REACTOME_DNA_DOUBLE_STRAND_BREAK_REPAIR,Reactome|REACTOME_DNA_DOUBLE_STRAND_BREAK_REPAIR,interaction,0.013454803500863526,1.570770226372276,0.11939800989364346,0.9855042619584463
Reactome,REACTOME_DNA_REPAIR,Reactome|REACTOME_DNA_REPAIR,interaction,0.005436433701747803,1.0108157354645249,0.3145466068255362,0.9855042619584463
Reactome,REACTOME_DRUG_ADME,Reactome|REACTOME_DRUG_ADME,interaction,0.01280727334340101,1.2767428914242316,0.204652804307805,0.9855042619584463
Reactome,REACTOME_ECM_PROTEOGLYCANS,Reactome|REACTOME_ECM_PROTEOGLYCANS,interaction,-0.01054130014571912,-0.24511779930317074,0.8068680299725178,0.9855042619584463
Reactome,REACTOME_ENDOSOMAL_SORTING_COMPLEX_REQUIRED_FOR_TRANSPORT_ESCRT,Reactome|REACTOME_ENDOSOMAL_SORTING_COMPLEX_REQUIRED_FOR_TRANSPORT_ESCRT,interaction,0.010096609557200768,0.8436403245587704,0.4008859720837017,0.9855042619584463
Reactome,REACTOME_EPH_EPHRIN_SIGNALING,Reactome|REACTOME_EPH_EPHRIN_SIGNALING,interaction,-0.008338243680762893,-0.641069354539344,0.5229455772927385,0.9855042619584463
Reactome,REACTOME_EPIGENETIC_REGULATION_OF_GENE_EXPRESSION,Reactome|REACTOME_EPIGENETIC_REGULATION_OF_GENE_EXPRESSION,interaction,-0.011961681193281731,-1.388342117438045,0.16812095246204325,0.9855042619584463
Reactome,REACTOME_EUKARYOTIC_TRANSLATION_INITIATION,Reactome|REACTOME_EUKARYOTIC_TRANSLATION_INITIATION,interaction,-0.015438146230890598,-0.7818864184767679,0.43613054418241215,0.9855042619584463
Reactome,REACTOME_EXTRACELLULAR_MATRIX_ORGANIZATION,Reactome|REACTOME_EXTRACELLULAR_MATRIX_ORGANIZATION,interaction,-0.006866949839172503,-0.32440175188384396,0.7463121591584765,0.9855042619584463
Reactome,REACTOME_EXTRA_NUCLEAR_ESTROGEN_SIGNALING,Reactome|REACTOME_EXTRA_NUCLEAR_ESTROGEN_SIGNALING,interaction,-0.0015608434436346352,-0.12922929771400563,0.8974360391489747,0.9855042619584463
Reactome,REACTOME_FACTORS_INVOLVED_IN_MEGAKARYOCYTE_DEVELOPMENT_AND_PLATELET_PRODUCTION,Reactome|REACTOME_FACTORS_INVOLVED_IN_MEGAKARYOCYTE_DEVELOPMENT_AND_PLATELET_PRODUCTION,interaction,-5.788244181576807e-4,-0.09949928984099791,0.9209412421567598,0.9904938360724345
Reactome,REACTOME_FATTY_ACID_METABOLISM,Reactome|REACTOME_FATTY_ACID_METABOLISM,interaction,0.005825779976134204,1.009905278435187,0.3149804771290409,0.9855042619584463
Reactome,REACTOME_FCGAMMA_RECEPTOR_FCGR_DEPENDENT_PHAGOCYTOSIS,Reactome|REACTOME_FCGAMMA_RECEPTOR_FCGR_DEPENDENT_PHAGOCYTOSIS,interaction,-0.008150117444275864,-0.9108502697347378,0.36456682299909093,0.9855042619584463
Reactome,REACTOME_FC_EPSILON_RECEPTOR_FCERI_SIGNALING,Reactome|REACTOME_FC_EPSILON_RECEPTOR_FCERI_SIGNALING,interaction,0.005756826246158475,0.881028381371397,0.38041716273611703,0.9855042619584463
Reactome,REACTOME_FOXO_MEDIATED_TRANSCRIPTION,Reactome|REACTOME_FOXO_MEDIATED_TRANSCRIPTION,interaction,-0.005449730318979301,-0.7713091113813637,0.4423442682451182,0.9855042619584463
Reactome,REACTOME_G2_M_DNA_DAMAGE_CHECKPOINT,Reactome|REACTOME_G2_M_DNA_DAMAGE_CHECKPOINT,interaction,0.002211676896105935,0.260068108726754,0.795346484744001,0.9855042619584463
Reactome,REACTOME_GAMMA_CARBOXYLATION_HYPUSINYLATION_HYDROXYLATION_AND_ARYLSULFATASE_ACTIVATION,Reactome|REACTOME_GAMMA_CARBOXYLATION_HYPUSINYLATION_HYDROXYLATION_AND_ARYLSULFATASE_ACTIVATION,interaction,0.003075019882934432,0.3366492184352182,0.7370875064736555,0.9855042619584463
Reactome,REACTOME_GLUCONEOGENESIS,Reactome|REACTOME_GLUCONEOGENESIS,interaction,0.01076627516902684,1.4639036615411998,0.14635984466534718,0.9855042619584463
Reactome,REACTOME_GLUCOSE_METABOLISM,Reactome|REACTOME_GLUCOSE_METABOLISM,interaction,0.00929578234062911,1.5944074751988806,0.114003775472636,0.9855042619584463
Reactome,REACTOME_GLUTATHIONE_CONJUGATION,Reactome|REACTOME_GLUTATHIONE_CONJUGATION,interaction,0.005012325391748451,0.6275583391381263,0.5317251199879618,0.9855042619584463
Reactome,REACTOME_GLYCOGEN_METABOLISM,Reactome|REACTOME_GLYCOGEN_METABOLISM,interaction,-0.0035327846093815563,-0.3609689175748456,0.7188848833298602,0.9855042619584463
Reactome,REACTOME_GLYCOSAMINOGLYCAN_METABOLISM,Reactome|REACTOME_GLYCOSAMINOGLYCAN_METABOLISM,interaction,-0.023341152360114845,-1.0372814249253646,0.30210891736322465,0.9855042619584463
Reactome,REACTOME_G_ALPHA_I_SIGNALLING_EVENTS,Reactome|REACTOME_G_ALPHA_I_SIGNALLING_EVENTS,interaction,0.008503128190193748,1.1405362142722153,0.2567898695468442,0.9855042619584463
Reactome,REACTOME_G_ALPHA_Q_SIGNALLING_EVENTS,Reactome|REACTOME_G_ALPHA_Q_SIGNALLING_EVENTS,interaction,0.010261511779420883,0.7092232009384082,0.47983789983810365,0.9855042619584463
Reactome,REACTOME_G_PROTEIN_MEDIATED_EVENTS,Reactome|REACTOME_G_PROTEIN_MEDIATED_EVENTS,interaction,0.009099874899297394,0.9553957065655029,0.34168381158203476,0.9855042619584463
Reactome,REACTOME_HCMV_INFECTION,Reactome|REACTOME_HCMV_INFECTION,interaction,-0.0032219809851641926,-0.46850251860772374,0.6404459250880707,0.9855042619584463
Reactome,REACTOME_HIV_INFECTION,Reactome|REACTOME_HIV_INFECTION,interaction,0.006027210078926176,1.2923798452786814,0.19920697799278464,0.9855042619584463
Reactome,REACTOME_HIV_LIFE_CYCLE,Reactome|REACTOME_HIV_LIFE_CYCLE,interaction,0.00794296109619174,1.2770753830786619,0.20453587621028305,0.9855042619584463
Reactome,REACTOME_HSF1_ACTIVATION,Reactome|REACTOME_HSF1_ACTIVATION,interaction,0.0047072066984906735,0.7863594992193377,0.4335182386304298,0.9855042619584463
Reactome,REACTOME_HSF1_DEPENDENT_TRANSACTIVATION,Reactome|REACTOME_HSF1_DEPENDENT_TRANSACTIVATION,interaction,-0.002053097392643144,-0.2824431351022949,0.7781880854792926,0.9855042619584463
Reactome,REACTOME_HSP90_CHAPERONE_CYCLE_FOR_STEROID_HORMONE_RECEPTORS_SHR_IN_THE_PRESENCE_OF_LIGAND,Reactome|REACTOME_HSP90_CHAPERONE_CYCLE_FOR_STEROID_HORMONE_RECEPTORS_SHR_IN_THE_PRESENCE_OF_LIGAND,interaction,-0.007020696534327409,-1.3770788658093283,0.1715657533078908,0.9855042619584463
Reactome,REACTOME_INFECTION_WITH_MYCOBACTERIUM_TUBERCULOSIS,Reactome|REACTOME_INFECTION_WITH_MYCOBACTERIUM_TUBERCULOSIS,interaction,-7.578454745503505e-4,-0.08442916022272644,0.9328841843991617,0.99104122639526
Reactome,REACTOME_INTEGRATION_OF_ENERGY_METABOLISM,Reactome|REACTOME_INTEGRATION_OF_ENERGY_METABOLISM,interaction,0.008606106650418693,0.8633807135542387,0.3899962706424306,0.9855042619584463
Reactome,REACTOME_INTEGRIN_CELL_SURFACE_INTERACTIONS,Reactome|REACTOME_INTEGRIN_CELL_SURFACE_INTERACTIONS,interaction,-0.005409994987552208,-0.14828783496401257,0.8824145169384066,0.9855042619584463
Reactome,REACTOME_INTERCONVERSION_OF_NUCLEOTIDE_DI_AND_TRIPHOSPHATES,Reactome|REACTOME_INTERCONVERSION_OF_NUCLEOTIDE_DI_AND_TRIPHOSPHATES,interaction,0.009415120906223706,1.1008819869311153,0.27359350721853154,0.9855042619584463
Reactome,REACTOME_INTERFERON_GAMMA_SIGNALING,Reactome|REACTOME_INTERFERON_GAMMA_SIGNALING,interaction,-0.02202475411442517,-1.9060393720343722,0.059519444409392386,0.9855042619584463
Reactome,REACTOME_INTERFERON_SIGNALING,Reactome|REACTOME_INTERFERON_SIGNALING,interaction,-0.005559102947917893,-1.0511605042927028,0.29572094384182973,0.9855042619584463
Reactome,REACTOME_INTERLEUKIN_12_FAMILY_SIGNALING,Reactome|REACTOME_INTERLEUKIN_12_FAMILY_SIGNALING,interaction,-0.003292296050652649,-0.5223480032773338,0.6025844455059177,0.9855042619584463
Reactome,REACTOME_INTERLEUKIN_4_AND_INTERLEUKIN_13_SIGNALING,Reactome|REACTOME_INTERLEUKIN_4_AND_INTERLEUKIN_13_SIGNALING,interaction,-0.009466967433751548,-0.6107041642594647,0.5427823836101728,0.9855042619584463
Reactome,REACTOME_INTRACELLULAR_SIGNALING_BY_SECOND_MESSENGERS,Reactome|REACTOME_INTRACELLULAR_SIGNALING_BY_SECOND_MESSENGERS,interaction,-0.0020735775175683147,-0.41022150013115016,0.6825218930665621,0.9855042619584463
Reactome,REACTOME_INTRA_GOLGI_AND_RETROGRADE_GOLGI_TO_ER_TRAFFIC,Reactome|REACTOME_INTRA_GOLGI_AND_RETROGRADE_GOLGI_TO_ER_TRAFFIC,interaction,-0.007917631189254162,-1.1816555571191987,0.24014762267024384,0.9855042619584463
Reactome,REACTOME_INTRINSIC_PATHWAY_FOR_APOPTOSIS,Reactome|REACTOME_INTRINSIC_PATHWAY_FOR_APOPTOSIS,interaction,-0.006226378224880508,-1.0322689229666837,0.30443871146477175,0.9855042619584463
Reactome,REACTOME_ION_CHANNEL_TRANSPORT,Reactome|REACTOME_ION_CHANNEL_TRANSPORT,interaction,-0.0011817274601713945,-0.22430618656005408,0.8229771770551908,0.9855042619584463
Reactome,REACTOME_ION_TRANSPORT_BY_P_TYPE_ATPASES,Reactome|REACTOME_ION_TRANSPORT_BY_P_TYPE_ATPASES,interaction,-0.0035775452254349083,-0.4736106918854015,0.6368109081898715,0.9855042619584463
Reactome,REACTOME_IRON_UPTAKE_AND_TRANSPORT,Reactome|REACTOME_IRON_UPTAKE_AND_TRANSPORT,interaction,3.4068559934191667e-4,0.03783438496284998,0.9698952303037993,0.99104122639526
Reactome,REACTOME_ISG15_ANTIVIRAL_MECHANISM,Reactome|REACTOME_ISG15_ANTIVIRAL_MECHANISM,interaction,-0.003997153377405829,-0.5439636042251184,0.5876784837170386,0.9855042619584463
Reactome,REACTOME_L1CAM_INTERACTIONS,Reactome|REACTOME_L1CAM_INTERACTIONS,interaction,-0.00229315706982966,-0.2529519036732196,0.8008251513263887,0.9855042619584463
Reactome,REACTOME_LATE_ENDOSOMAL_MICROAUTOPHAGY,Reactome|REACTOME_LATE_ENDOSOMAL_MICROAUTOPHAGY,interaction,0.012465644834064649,1.5907734769553321,0.11482018731236196,0.9855042619584463
Reactome,REACTOME_LATE_SARS_COV_2_INFECTION_EVENTS,Reactome|REACTOME_LATE_SARS_COV_2_INFECTION_EVENTS,interaction,0.0030630147401207175,0.2709253271736097,0.7870074516220333,0.9855042619584463
Reactome,REACTOME_LEISHMANIA_INFECTION,Reactome|REACTOME_LEISHMANIA_INFECTION,interaction,-0.0012661633494468472,-0.12909945481415422,0.8975385129284459,0.9855042619584463
Reactome,REACTOME_LYSOSOME_VESICLE_BIOGENESIS,Reactome|REACTOME_LYSOSOME_VESICLE_BIOGENESIS,interaction,-0.013054345682335627,-0.854554331911532,0.394842565159517,0.9855042619584463
Reactome,REACTOME_MAPK_FAMILY_SIGNALING_CASCADES,Reactome|REACTOME_MAPK_FAMILY_SIGNALING_CASCADES,interaction,-5.355798261791611e-4,-0.12499631486465196,0.9007776512018377,0.9855042619584463
Reactome,REACTOME_MATERNAL_TO_ZYGOTIC_TRANSITION_MZT,Reactome|REACTOME_MATERNAL_TO_ZYGOTIC_TRANSITION_MZT,interaction,-3.901683070334991e-4,-0.04155527863661875,0.9669361639819385,0.99104122639526
Reactome,REACTOME_METABOLISM_OF_AMINO_ACIDS_AND_DERIVATIVES,Reactome|REACTOME_METABOLISM_OF_AMINO_ACIDS_AND_DERIVATIVES,interaction,-0.006236022001380959,-0.8148027601815615,0.417123396117565,0.9855042619584463
Reactome,REACTOME_METABOLISM_OF_CARBOHYDRATES_AND_CARBOHYDRATE_DERIVATIVES,Reactome|REACTOME_METABOLISM_OF_CARBOHYDRATES_AND_CARBOHYDRATE_DERIVATIVES,interaction,0.003625886814085988,0.6051688845869188,0.5464390383847352,0.9855042619584463
Reactome,REACTOME_METABOLISM_OF_NUCLEOTIDES,Reactome|REACTOME_METABOLISM_OF_NUCLEOTIDES,interaction,0.012422288696539524,1.325393274583847,0.18806386195399408,0.9855042619584463
Reactome,REACTOME_METABOLISM_OF_STEROIDS,Reactome|REACTOME_METABOLISM_OF_STEROIDS,interaction,0.011150864887661475,1.708861331762195,0.09058167852268743,0.9855042619584463
Reactome,REACTOME_METABOLISM_OF_VITAMINS_AND_COFACTORS,Reactome|REACTOME_METABOLISM_OF_VITAMINS_AND_COFACTORS,interaction,0.005505594419651226,0.8637204852132643,0.38981044914898644,0.9855042619584463
Reactome,REACTOME_MHC_CLASS_II_ANTIGEN_PRESENTATION,Reactome|REACTOME_MHC_CLASS_II_ANTIGEN_PRESENTATION,interaction,-1.1965913459045102e-4,-0.01543090594238508,0.9877191822863435,0.9922088149330996
Reactome,REACTOME_MITF_M_DEPENDENT_GENE_EXPRESSION,Reactome|REACTOME_MITF_M_DEPENDENT_GENE_EXPRESSION,interaction,0.0038295340586972076,0.4176346590308138,0.6771104850633103,0.9855042619584463
Reactome,REACTOME_MITF_M_REGULATED_MELANOCYTE_DEVELOPMENT,Reactome|REACTOME_MITF_M_REGULATED_MELANOCYTE_DEVELOPMENT,interaction,0.0012956212374669873,0.21034512318103668,0.8338267390698997,0.9855042619584463
Reactome,REACTOME_MITOCHONDRIAL_FATTY_ACID_BETA_OXIDATION,Reactome|REACTOME_MITOCHONDRIAL_FATTY_ACID_BETA_OXIDATION,interaction,0.004059629553877897,0.509701937344518,0.6113844549781569,0.9855042619584463
Reactome,REACTOME_MITOCHONDRIAL_PROTEIN_DEGRADATION,Reactome|REACTOME_MITOCHONDRIAL_PROTEIN_DEGRADATION,interaction,0.002656099614391061,0.40510591007412133,0.6862658429183943,0.9855042619584463
Reactome,REACTOME_MITOCHONDRIAL_TRANSLATION,Reactome|REACTOME_MITOCHONDRIAL_TRANSLATION,interaction,-5.696210537093488e-4,-0.03994226386326187,0.9682188707758712,0.99104122639526
Reactome,REACTOME_MITOCHONDRIAL_TRNA_AMINOACYLATION,Reactome|REACTOME_MITOCHONDRIAL_TRNA_AMINOACYLATION,interaction,0.008921964016146693,0.5177891859038833,0.6057501132981079,0.9855042619584463
Reactome,REACTOME_MITOPHAGY,Reactome|REACTOME_MITOPHAGY,interaction,-0.00778894201676969,-1.119039793433218,0.2658066084138939,0.9855042619584463
Reactome,REACTOME_MITOTIC_G2_G2_M_PHASES,Reactome|REACTOME_MITOTIC_G2_G2_M_PHASES,interaction,0.0022040437500162047,0.4300000590523401,0.6681217232784828,0.9855042619584463
Reactome,REACTOME_MITOTIC_PROMETAPHASE,Reactome|REACTOME_MITOTIC_PROMETAPHASE,interaction,-0.0052032564500839595,-0.8194279568874258,0.4144929166349324,0.9855042619584463
Reactome,REACTOME_MITOTIC_PROPHASE,Reactome|REACTOME_MITOTIC_PROPHASE,interaction,-0.008231221698569224,-1.0353837790420333,0.3029895163776121,0.9855042619584463
Reactome,REACTOME_MRNA_SPLICING_MINOR_PATHWAY,Reactome|REACTOME_MRNA_SPLICING_MINOR_PATHWAY,interaction,3.792479664237458e-4,0.02312154903753629,0.9815994369286298,0.99104122639526
Reactome,REACTOME_MTOR_SIGNALLING,Reactome|REACTOME_MTOR_SIGNALLING,interaction,-0.010253368756207176,-1.6113282490170406,0.11026327895810248,0.9855042619584463
Reactome,REACTOME_MUSCLE_CONTRACTION,Reactome|REACTOME_MUSCLE_CONTRACTION,interaction,-0.007159204313429146,-0.5694254873154693,0.5703455740355177,0.9855042619584463
Reactome,REACTOME_M_PHASE,Reactome|REACTOME_M_PHASE,interaction,-0.002871491291169287,-0.6272320846997124,0.5319380560443605,0.9855042619584463
Reactome,REACTOME_NCAM_SIGNALING_FOR_NEURITE_OUT_GROWTH,Reactome|REACTOME_NCAM_SIGNALING_FOR_NEURITE_OUT_GROWTH,interaction,0.0029048398321480165,0.09656444537292518,0.9232657476512285,0.9904938360724345
Reactome,REACTOME_NEDDYLATION,Reactome|REACTOME_NEDDYLATION,interaction,0.006056671109655548,1.0561186836593541,0.29346131032954675,0.9855042619584463
Reactome,REACTOME_NEGATIVE_REGULATION_OF_MAPK_PATHWAY,Reactome|REACTOME_NEGATIVE_REGULATION_OF_MAPK_PATHWAY,interaction,0.004940199979159399,0.45276395418246723,0.651700472839903,0.9855042619584463
Reactome,REACTOME_NEGATIVE_REGULATION_OF_THE_PI3K_AKT_NETWORK,Reactome|REACTOME_NEGATIVE_REGULATION_OF_THE_PI3K_AKT_NETWORK,interaction,-0.009386601302814913,-0.9995112585431337,0.31996194040206766,0.9855042619584463
Reactome,REACTOME_NEURONAL_SYSTEM,Reactome|REACTOME_NEURONAL_SYSTEM,interaction,0.0017752918867938727,0.3471026294439254,0.7292443570699594,0.9855042619584463
Reactome,REACTOME_NEUTROPHIL_DEGRANULATION,Reactome|REACTOME_NEUTROPHIL_DEGRANULATION,interaction,1.575570663162884e-4,0.022526975881479797,0.9820725275138549,0.99104122639526
Reactome,REACTOME_NON_INTEGRIN_MEMBRANE_ECM_INTERACTIONS,Reactome|REACTOME_NON_INTEGRIN_MEMBRANE_ECM_INTERACTIONS,interaction,0.004179940652065997,0.141827496407145,0.8875018877821306,0.9855042619584463
Reactome,REACTOME_NUCLEAR_ENVELOPE_NE_REASSEMBLY,Reactome|REACTOME_NUCLEAR_ENVELOPE_NE_REASSEMBLY,interaction,-9.578739741974984e-4,-0.1645288388088235,0.8696472856694455,0.9855042619584463
Reactome,REACTOME_ONCOGENIC_MAPK_SIGNALING,Reactome|REACTOME_ONCOGENIC_MAPK_SIGNALING,interaction,-0.004679747271769105,-0.7217872243698815,0.47211133340462574,0.9855042619584463
Reactome,REACTOME_ORGANELLE_BIOGENESIS_AND_MAINTENANCE,Reactome|REACTOME_ORGANELLE_BIOGENESIS_AND_MAINTENANCE,interaction,-7.226622767950164e-4,-0.15918150282836693,0.8738472481986357,0.9855042619584463
Reactome,REACTOME_PEPTIDE_HORMONE_METABOLISM,Reactome|REACTOME_PEPTIDE_HORMONE_METABOLISM,interaction,5.258693598562611e-4,0.04610709383252944,0.9633169341529022,0.99104122639526
Reactome,REACTOME_PEROXISOMAL_PROTEIN_IMPORT,Reactome|REACTOME_PEROXISOMAL_PROTEIN_IMPORT,interaction,0.009045772262748442,1.0731286003752147,0.28579877636139256,0.9855042619584463
Reactome,REACTOME_PHASE_I_FUNCTIONALIZATION_OF_COMPOUNDS,Reactome|REACTOME_PHASE_I_FUNCTIONALIZATION_OF_COMPOUNDS,interaction,-0.0013951086795645495,-0.1680578902356179,0.866877495382373,0.9855042619584463
Reactome,REACTOME_PHOSPHOLIPID_METABOLISM,Reactome|REACTOME_PHOSPHOLIPID_METABOLISM,interaction,-0.0010624934199042063,-0.152322332758381,0.8792399228202609,0.9855042619584463
Reactome,REACTOME_PKR_MEDIATED_SIGNALING,Reactome|REACTOME_PKR_MEDIATED_SIGNALING,interaction,-1.9581208331667654e-4,-0.03280730560687365,0.9738937103529743,0.99104122639526
Reactome,REACTOME_PLASMA_LIPOPROTEIN_ASSEMBLY_REMODELING_AND_CLEARANCE,Reactome|REACTOME_PLASMA_LIPOPROTEIN_ASSEMBLY_REMODELING_AND_CLEARANCE,interaction,0.017149133500686364,1.7379800541104982,0.08529565527716687,0.9855042619584463
Reactome,REACTOME_PLATELET_ACTIVATION_SIGNALING_AND_AGGREGATION,Reactome|REACTOME_PLATELET_ACTIVATION_SIGNALING_AND_AGGREGATION,interaction,-0.003819361338752353,-0.407195184258786,0.6847358138300295,0.9855042619584463
Reactome,REACTOME_PLATELET_HOMEOSTASIS,Reactome|REACTOME_PLATELET_HOMEOSTASIS,interaction,-4.948261758591088e-4,-0.05872718789626347,0.9532867162130482,0.99104122639526
Reactome,REACTOME_POTENTIAL_THERAPEUTICS_FOR_SARS,Reactome|REACTOME_POTENTIAL_THERAPEUTICS_FOR_SARS,interaction,0.005068705242546406,1.0237989083296364,0.3084029970326316,0.9855042619584463
Reactome,REACTOME_PROCESSING_OF_CAPPED_INTRON_CONTAINING_PRE_MRNA,Reactome|REACTOME_PROCESSING_OF_CAPPED_INTRON_CONTAINING_PRE_MRNA,interaction,-0.01107429733102773,-1.1314633562089982,0.2605688768987306,0.9855042619584463
Reactome,REACTOME_PROGRAMMED_CELL_DEATH,Reactome|REACTOME_PROGRAMMED_CELL_DEATH,interaction,-0.004241959534013684,-1.0858132454243519,0.2801747695803994,0.9855042619584463
Reactome,REACTOME_PROTEIN_FOLDING,Reactome|REACTOME_PROTEIN_FOLDING,interaction,0.006754060215070495,0.8514282915321815,0.3965678051917445,0.9855042619584463
Reactome,REACTOME_PROTEIN_LOCALIZATION,Reactome|REACTOME_PROTEIN_LOCALIZATION,interaction,0.005961678715296598,0.8044844749837511,0.4230275813099882,0.9855042619584463
Reactome,REACTOME_PROTEIN_UBIQUITINATION,Reactome|REACTOME_PROTEIN_UBIQUITINATION,interaction,2.8359678589578996e-5,0.0041197990648821296,0.9967211008261967,0.9967211008261967
Reactome,REACTOME_PYRUVATE_METABOLISM,Reactome|REACTOME_PYRUVATE_METABOLISM,interaction,0.002928851354247808,0.4590681087351761,0.6471825480001601,0.9855042619584463
Reactome,REACTOME_RAB_GERANYLGERANYLATION,Reactome|REACTOME_RAB_GERANYLGERANYLATION,interaction,0.0012811750751120093,0.14707441332050455,0.8833696902423362,0.9855042619584463
Reactome,REACTOME_RAB_REGULATION_OF_TRAFFICKING,Reactome|REACTOME_RAB_REGULATION_OF_TRAFFICKING,interaction,-0.006507800934910536,-0.8586314459995001,0.3925993693733416,0.9855042619584463
Reactome,REACTOME_RAC1_GTPASE_CYCLE,Reactome|REACTOME_RAC1_GTPASE_CYCLE,interaction,-0.005890908888572334,-0.5661644503846892,0.572551625300314,0.9855042619584463
Reactome,REACTOME_RECYCLING_PATHWAY_OF_L1,Reactome|REACTOME_RECYCLING_PATHWAY_OF_L1,interaction,-0.0018167381515674652,-0.181172563460665,0.8565991899085585,0.9855042619584463
Reactome,REACTOME_REGULATED_NECROSIS,Reactome|REACTOME_REGULATED_NECROSIS,interaction,-0.0022295977464231453,-0.23516697509864382,0.8145605103001424,0.9855042619584463
Reactome,REACTOME_REGULATION_OF_CDH1_POSTTRANSLATIONAL_PROCESSING_AND_TRAFFICKING_TO_PLASMA_MEMBRANE,Reactome|REACTOME_REGULATION_OF_CDH1_POSTTRANSLATIONAL_PROCESSING_AND_TRAFFICKING_TO_PLASMA_MEMBRANE,interaction,-0.018570231762059602,-1.6985611190738688,0.09251439576133616,0.9855042619584463
Reactome,REACTOME_REGULATION_OF_CHOLESTEROL_BIOSYNTHESIS_BY_SREBP_SREBF,Reactome|REACTOME_REGULATION_OF_CHOLESTEROL_BIOSYNTHESIS_BY_SREBP_SREBF,interaction,0.010149038736888799,1.2189940665086973,0.22571697593196463,0.9855042619584463
Reactome,REACTOME_REGULATION_OF_INSULIN_LIKE_GROWTH_FACTOR_IGF_TRANSPORT_AND_UPTAKE_BY_INSULIN_LIKE_GROWTH_FACTOR_BINDING_PROTEINS_IGFBPS,Reactome|REACTOME_REGULATION_OF_INSULIN_LIKE_GROWTH_FACTOR_IGF_TRANSPORT_AND_UPTAKE_BY_INSULIN_LIKE_GROWTH_FACTOR_BINDING_PROTEINS_IGFBPS,interaction,-0.0020606231500612145,-0.10770040404678463,0.9144493531794821,0.9904938360724345
Reactome,REACTOME_REGULATION_OF_PLK1_ACTIVITY_AT_G2_M_TRANSITION,Reactome|REACTOME_REGULATION_OF_PLK1_ACTIVITY_AT_G2_M_TRANSITION,interaction,0.0010897636068670224,0.19370306144461782,0.8468017004747537,0.9855042619584463
Reactome,REACTOME_REGULATION_OF_TP53_ACTIVITY,Reactome|REACTOME_REGULATION_OF_TP53_ACTIVITY,interaction,0.005855091867998185,0.5831520634199775,0.5611050701547664,0.9855042619584463
Reactome,REACTOME_REGULATION_OF_T_CELL_ACTIVATION_BY_CD28_FAMILY,Reactome|REACTOME_REGULATION_OF_T_CELL_ACTIVATION_BY_CD28_FAMILY,interaction,-0.0020427127630416875,-0.4376749254861717,0.6625667420575128,0.9855042619584463
Reactome,REACTOME_RESPIRATORY_SYNCYTIAL_VIRUS_INFECTION_PATHWAY,Reactome|REACTOME_RESPIRATORY_SYNCYTIAL_VIRUS_INFECTION_PATHWAY,interaction,-0.01061961911872844,-1.6522769257548513,0.10161783391290985,0.9855042619584463
Reactome,REACTOME_RHOA_GTPASE_CYCLE,Reactome|REACTOME_RHOA_GTPASE_CYCLE,interaction,-0.004508148197164385,-0.5448135380849466,0.5870959287422244,0.9855042619584463
Reactome,REACTOME_RHOBTB_GTPASE_CYCLE,Reactome|REACTOME_RHOBTB_GTPASE_CYCLE,interaction,-0.0010339493875183847,-0.1314281743628971,0.8957009209153213,0.9855042619584463
Reactome,REACTOME_RHOB_GTPASE_CYCLE,Reactome|REACTOME_RHOB_GTPASE_CYCLE,interaction,-0.004177827514286692,-0.26439597234210277,0.7920195064689387,0.9855042619584463
Reactome,REACTOME_RHOD_GTPASE_CYCLE,Reactome|REACTOME_RHOD_GTPASE_CYCLE,interaction,-0.0014329838095961285,-0.11861842173085718,0.9058158574807821,0.9861345049421322
Reactome,REACTOME_RHOG_GTPASE_CYCLE,Reactome|REACTOME_RHOG_GTPASE_CYCLE,interaction,-4.7687909410244755e-4,-0.06514598030677489,0.9481879568082595,0.99104122639526
Reactome,REACTOME_RHOH_GTPASE_CYCLE,Reactome|REACTOME_RHOH_GTPASE_CYCLE,interaction,-0.0019780556058890952,-0.2919152916229545,0.7709567203875605,0.9855042619584463
Reactome,REACTOME_RHOQ_GTPASE_CYCLE,Reactome|REACTOME_RHOQ_GTPASE_CYCLE,interaction,-0.005127510225907312,-0.6256714165219476,0.5329572615430881,0.9855042619584463
Reactome,REACTOME_RHOU_GTPASE_CYCLE,Reactome|REACTOME_RHOU_GTPASE_CYCLE,interaction,-0.014456755301286749,-1.2323124917985775,0.22072478818553526,0.9855042619584463
Reactome,REACTOME_RHO_GTPASES_ACTIVATE_PAKS,Reactome|REACTOME_RHO_GTPASES_ACTIVATE_PAKS,interaction,-0.020273940739342466,-1.286858587679786,0.20111743876567623,0.9855042619584463
Reactome,REACTOME_RHO_GTPASES_ACTIVATE_PKNS,Reactome|REACTOME_RHO_GTPASES_ACTIVATE_PKNS,interaction,-0.010812199987756788,-1.2151235796203208,0.22718299198431022,0.9855042619584463
Reactome,REACTOME_RHO_GTPASE_CYCLE,Reactome|REACTOME_RHO_GTPASE_CYCLE,interaction,-0.005333419669865801,-0.8530744064834157,0.3956587507798125,0.9855042619584463
Reactome,REACTOME_RHO_GTPASE_EFFECTORS,Reactome|REACTOME_RHO_GTPASE_EFFECTORS,interaction,-0.010108552540094212,-1.3288742407133372,0.1869166792950796,0.9855042619584463
Reactome,REACTOME_SARS_COV_1_INFECTION,Reactome|REACTOME_SARS_COV_1_INFECTION,interaction,-0.008249555708576217,-0.8025091333051675,0.42416352270722835,0.9855042619584463
Reactome,REACTOME_SARS_COV_2_ACTIVATES_MODULATES_INNATE_AND_ADAPTIVE_IMMUNE_RESPONSES,Reactome|REACTOME_SARS_COV_2_ACTIVATES_MODULATES_INNATE_AND_ADAPTIVE_IMMUNE_RESPONSES,interaction,-0.012985527480221151,-2.043985186874924,0.043586351302672965,0.9855042619584463
Reactome,REACTOME_SARS_COV_2_MODULATES_HOST_TRANSLATION_MACHINERY,Reactome|REACTOME_SARS_COV_2_MODULATES_HOST_TRANSLATION_MACHINERY,interaction,-0.0098898369336308245,-0.46907900667203123,0.6400352507935777,0.9855042619584463
Reactome,REACTOME_SARS_COV_INFECTIONS,Reactome|REACTOME_SARS_COV_INFECTIONS,interaction,-0.00444741700645182,-0.7447812432850037,0.45815247245792823,0.9855042619584463
Reactome,REACTOME_SEALING_OF_THE_NUCLEAR_ENVELOPE_NE_BY_ESCRT_III,Reactome|REACTOME_SEALING_OF_THE_NUCLEAR_ENVELOPE_NE_BY_ESCRT_III,interaction,-0.006080632842167505,-0.6485082017440519,0.5181442166515542,0.9855042619584463
Reactome,REACTOME_SEMAPHORIN_INTERACTIONS,Reactome|REACTOME_SEMAPHORIN_INTERACTIONS,interaction,-0.010638242441951329,-1.0013976703195537,0.3190539904511278,0.9855042619584463
Reactome,REACTOME_SENSORY_PROCESSING_OF_SOUND,Reactome|REACTOME_SENSORY_PROCESSING_OF_SOUND,interaction,-0.010263763814469584,-0.9881923171643816,0.3254458557290645,0.9855042619584463
Reactome,REACTOME_SIGNALING_BY_ALK_IN_CANCER,Reactome|REACTOME_SIGNALING_BY_ALK_IN_CANCER,interaction,-0.004204600991937105,-0.5459063559546191,0.586347297252618,0.9855042619584463
Reactome,REACTOME_SIGNALING_BY_FGFR,Reactome|REACTOME_SIGNALING_BY_FGFR,interaction,0.002270872034533942,0.25418772839302034,0.7998729849526502,0.9855042619584463
Reactome,REACTOME_SIGNALING_BY_INSULIN_RECEPTOR,Reactome|REACTOME_SIGNALING_BY_INSULIN_RECEPTOR,interaction,-0.0064343479274321935,-0.5746233161063964,0.5668378309023723,0.9855042619584463
Reactome,REACTOME_SIGNALING_BY_INTERLEUKINS,Reactome|REACTOME_SIGNALING_BY_INTERLEUKINS,interaction,-8.802407842200544e-4,-0.22746954927174823,0.8205235190831475,0.9855042619584463
Reactome,REACTOME_SIGNALING_BY_MET,Reactome|REACTOME_SIGNALING_BY_MET,interaction,-0.006886469534451746,-0.3614101310784939,0.7185561009054131,0.9855042619584463
Reactome,REACTOME_SIGNALING_BY_NOTCH,Reactome|REACTOME_SIGNALING_BY_NOTCH,interaction,0.0015806130514312566,0.30552546228244765,0.7606016833921629,0.9855042619584463
Reactome,REACTOME_SIGNALING_BY_NTRKS,Reactome|REACTOME_SIGNALING_BY_NTRKS,interaction,0.00947990152780119,1.292284788814665,0.1992397550712974,0.9855042619584463
Reactome,REACTOME_SIGNALING_BY_NUCLEAR_RECEPTORS,Reactome|REACTOME_SIGNALING_BY_NUCLEAR_RECEPTORS,interaction,-0.0034617861825263774,-0.5467712855666015,0.5857550986238017,0.9855042619584463
Reactome,REACTOME_SIGNALING_BY_PDGF,Reactome|REACTOME_SIGNALING_BY_PDGF,interaction,0.0023232859414206303,0.0787102925864099,0.9374205023905986,0.99104122639526
Reactome,REACTOME_SIGNALING_BY_RETINOIC_ACID,Reactome|REACTOME_SIGNALING_BY_RETINOIC_ACID,interaction,-0.006455418333678964,-0.8319981592025576,0.4073943737705632,0.9855042619584463
Reactome,REACTOME_SIGNALING_BY_ROBO_RECEPTORS,Reactome|REACTOME_SIGNALING_BY_ROBO_RECEPTORS,interaction,-0.010138761105032701,-0.8408218956189533,0.40245573508954735,0.9855042619584463
Reactome,REACTOME_SIGNALING_BY_TGFB_FAMILY_MEMBERS,Reactome|REACTOME_SIGNALING_BY_TGFB_FAMILY_MEMBERS,interaction,-0.0022076036837500868,-0.32341674999339914,0.7470556777965991,0.9855042619584463
Reactome,REACTOME_SIGNALING_BY_VEGF,Reactome|REACTOME_SIGNALING_BY_VEGF,interaction,-0.003610313438026584,-0.5711584171667857,0.5691749438715634,0.9855042619584463
Reactome,REACTOME_SIGNALING_BY_WNT,Reactome|REACTOME_SIGNALING_BY_WNT,interaction,0.00129760930730477,0.2506674495819901,0.8025860456907741,0.9855042619584463
Reactome,REACTOME_SIGNALLING_TO_ERKS,Reactome|REACTOME_SIGNALLING_TO_ERKS,interaction,0.0038868469237799685,0.4332500212682464,0.6657671622021395,0.9855042619584463
Reactome,REACTOME_SLC_MEDIATED_TRANSMEMBRANE_TRANSPORT,Reactome|REACTOME_SLC_MEDIATED_TRANSMEMBRANE_TRANSPORT,interaction,0.02304384318482157,2.017200047825015,0.04635726657923598,0.9855042619584463
Reactome,REACTOME_SMOOTH_MUSCLE_CONTRACTION,Reactome|REACTOME_SMOOTH_MUSCLE_CONTRACTION,interaction,-0.013870102423253206,-1.2359398056172648,0.2193791793116835,0.9855042619584463
Reactome,REACTOME_STRIATED_MUSCLE_CONTRACTION,Reactome|REACTOME_STRIATED_MUSCLE_CONTRACTION,interaction,-0.0035932197754940387,-0.130890899423401,0.8961248344020339,0.9855042619584463
Reactome,REACTOME_SULFUR_AMINO_ACID_METABOLISM,Reactome|REACTOME_SULFUR_AMINO_ACID_METABOLISM,interaction,0.0059832691597298815,0.536952446291189,0.5924943382817258,0.9855042619584463
Reactome,REACTOME_SUMOYLATION,Reactome|REACTOME_SUMOYLATION,interaction,0.002478351985570601,0.30032073134875503,0.7645565781518526,0.9855042619584463
Reactome,REACTOME_TBC_RABGAPS,Reactome|REACTOME_TBC_RABGAPS,interaction,-0.012538771847165758,-1.0961266391766744,0.2756587172933084,0.9855042619584463
Reactome,REACTOME_TOLL_LIKE_RECEPTOR_CASCADES,Reactome|REACTOME_TOLL_LIKE_RECEPTOR_CASCADES,interaction,0.004226125604705866,0.5503599314851979,0.5833010455130558,0.9855042619584463
Reactome,REACTOME_TRANSCRIPTIONAL_ACTIVITY_OF_SMAD2_SMAD3_SMAD4_HETEROTRIMER,Reactome|REACTOME_TRANSCRIPTIONAL_ACTIVITY_OF_SMAD2_SMAD3_SMAD4_HETEROTRIMER,interaction,-0.001982065991731209,-0.20522207730969116,0.8378161992625652,0.9855042619584463
Reactome,REACTOME_TRANSCRIPTIONAL_REGULATION_BY_TP53,Reactome|REACTOME_TRANSCRIPTIONAL_REGULATION_BY_TP53,interaction,0.0037522973722040887,0.9258651867807091,0.35674728635131536,0.9855042619584463
Reactome,REACTOME_TRANSCRIPTION_COUPLED_NUCLEOTIDE_EXCISION_REPAIR_TC_NER,Reactome|REACTOME_TRANSCRIPTION_COUPLED_NUCLEOTIDE_EXCISION_REPAIR_TC_NER,interaction,0.011559189738539588,1.2163029225291493,0.22673556665728808,0.9855042619584463
Reactome,REACTOME_TRANSLATION,Reactome|REACTOME_TRANSLATION,interaction,-0.0069573940695298875,-0.7028573391719765,0.4837793141871056,0.9855042619584463
Reactome,REACTOME_TRANSLOCATION_OF_SLC2A4_GLUT4_TO_THE_PLASMA_MEMBRANE,Reactome|REACTOME_TRANSLOCATION_OF_SLC2A4_GLUT4_TO_THE_PLASMA_MEMBRANE,interaction,-0.0039982191257099675,-0.5860442968920976,0.5591674866725319,0.9855042619584463
Reactome,REACTOME_TRANSPORT_OF_MATURE_TRANSCRIPT_TO_CYTOPLASM,Reactome|REACTOME_TRANSPORT_OF_MATURE_TRANSCRIPT_TO_CYTOPLASM,interaction,-0.013109488827304255,-0.8852477527544088,0.3781488147743395,0.9855042619584463
Reactome,REACTOME_TRANS_GOLGI_NETWORK_VESICLE_BUDDING,Reactome|REACTOME_TRANS_GOLGI_NETWORK_VESICLE_BUDDING,interaction,-0.01525154546205354,-1.2282115600605032,0.22225331670235882,0.9855042619584463
Reactome,REACTOME_TRIGLYCERIDE_METABOLISM,Reactome|REACTOME_TRIGLYCERIDE_METABOLISM,interaction,0.0018113617973460894,0.21565627395908843,0.8296953772351054,0.9855042619584463
Reactome,REACTOME_TRNA_AMINOACYLATION,Reactome|REACTOME_TRNA_AMINOACYLATION,interaction,-0.0028368507121149314,-0.3035767360256195,0.7620817156085516,0.9855042619584463
Reactome,REACTOME_TRNA_PROCESSING,Reactome|REACTOME_TRNA_PROCESSING,interaction,0.009692792923799237,1.1581797322834744,0.24955199299578817,0.9855042619584463
Reactome,REACTOME_UNFOLDED_PROTEIN_RESPONSE_UPR,Reactome|REACTOME_UNFOLDED_PROTEIN_RESPONSE_UPR,interaction,-0.0066222048295681984,-0.8420312971532401,0.4017816844406932,0.9855042619584463
Reactome,REACTOME_VISUAL_PHOTOTRANSDUCTION,Reactome|REACTOME_VISUAL_PHOTOTRANSDUCTION,interaction,0.007709209767030843,0.6253216993369441,0.533185784288319,0.9855042619584463
GOBP,GOBP_ACETYL_COA_METABOLIC_PROCESS,GOBP|GOBP_ACETYL_COA_METABOLIC_PROCESS,interaction,-0.0052100050528901265,-0.7371507421036592,0.46275844853575354,0.9797364781042668
GOBP,GOBP_ACTIN_FILAMENT_BASED_MOVEMENT,GOBP|GOBP_ACTIN_FILAMENT_BASED_MOVEMENT,interaction,-0.007072715664517226,-0.7677506266173141,0.44444623142601436,0.9797364781042668
GOBP,GOBP_ACTIN_FILAMENT_BUNDLE_ORGANIZATION,GOBP|GOBP_ACTIN_FILAMENT_BUNDLE_ORGANIZATION,interaction,-0.012367090634483678,-1.306420695492698,0.19440927507028577,0.9797364781042668
GOBP,GOBP_ACTIN_FILAMENT_ORGANIZATION,GOBP|GOBP_ACTIN_FILAMENT_ORGANIZATION,interaction,-0.010500888478689234,-1.0513605783453803,0.2956295340485219,0.9797364781042668
GOBP,GOBP_ACTIN_FILAMENT_POLYMERIZATION,GOBP|GOBP_ACTIN_FILAMENT_POLYMERIZATION,interaction,-0.0036650940021711233,-0.3178557044247598,0.7512578414488651,0.9797364781042668
GOBP,GOBP_ACTIN_NUCLEATION,GOBP|GOBP_ACTIN_NUCLEATION,interaction,-0.006053234704875697,-0.45202279144571617,0.6522324911697446,0.9797364781042668
GOBP,GOBP_ACTION_POTENTIAL,GOBP|GOBP_ACTION_POTENTIAL,interaction,-0.010407570075611772,-1.6976987609456264,0.09267772095846195,0.9797364781042668
GOBP,GOBP_ACTOMYOSIN_STRUCTURE_ORGANIZATION,GOBP|GOBP_ACTOMYOSIN_STRUCTURE_ORGANIZATION,interaction,-0.00496864877283687,-0.3538570936657475,0.7241917041222556,0.9797364781042668
GOBP,GOBP_ACYL_COA_METABOLIC_PROCESS,GOBP|GOBP_ACYL_COA_METABOLIC_PROCESS,interaction,0.0022777796617458046,0.30978563436197337,0.7573692409930259,0.9797364781042668
GOBP,GOBP_ADAPTIVE_IMMUNE_RESPONSE_BASED_ON_SOMATIC_RECOMBINATION_OF_IMMUNE_RECEPTORS_BUILT_FROM_IMMUNOGLOBULIN_SUPERFAMILY_DOMAINS,GOBP|GOBP_ADAPTIVE_IMMUNE_RESPONSE_BASED_ON_SOMATIC_RECOMBINATION_OF_IMMUNE_RECEPTORS_BUILT_FROM_IMMUNOGLOBULIN_SUPERFAMILY_DOMAINS,interaction,-0.001914586085570269,-0.2790064488529591,0.7808166332816203,0.9797364781042668
GOBP,GOBP_ADENYLATE_CYCLASE_MODULATING_G_PROTEIN_COUPLED_RECEPTOR_SIGNALING_PATHWAY,GOBP|GOBP_ADENYLATE_CYCLASE_MODULATING_G_PROTEIN_COUPLED_RECEPTOR_SIGNALING_PATHWAY,interaction,-0.002263076742171022,-0.19141249682346062,0.8485909262474636,0.9797364781042668
GOBP,GOBP_ALCOHOL_BIOSYNTHETIC_PROCESS,GOBP|GOBP_ALCOHOL_BIOSYNTHETIC_PROCESS,interaction,0.011827753754406284,1.9963140924671494,0.048621110005309505,0.9797364781042668
GOBP,GOBP_ALCOHOL_METABOLIC_PROCESS,GOBP|GOBP_ALCOHOL_METABOLIC_PROCESS,interaction,0.0077465547377395805,1.5447528943159594,0.12556801792625286,0.9797364781042668
GOBP,GOBP_ALDEHYDE_METABOLIC_PROCESS,GOBP|GOBP_ALDEHYDE_METABOLIC_PROCESS,interaction,0.0051157897556339815,0.7270536559048607,0.4688934194070963,0.9797364781042668
GOBP,GOBP_ALTERNATIVE_MRNA_SPLICING_VIA_SPLICEOSOME,GOBP|GOBP_ALTERNATIVE_MRNA_SPLICING_VIA_SPLICEOSOME,interaction,-0.00937473562286252,-0.5440125495741404,0.587644928616838,0.9797364781042668
GOBP,GOBP_AMEBOIDAL_TYPE_CELL_MIGRATION,GOBP|GOBP_AMEBOIDAL_TYPE_CELL_MIGRATION,interaction,-0.008362501812622002,-1.180483447188673,0.24061107135976786,0.9797364781042668
GOBP,GOBP_AMIDE_BIOSYNTHETIC_PROCESS,GOBP|GOBP_AMIDE_BIOSYNTHETIC_PROCESS,interaction,0.0067685134729937035,0.965301327862699,0.3367248589715357,0.9797364781042668
GOBP,GOBP_AMINE_METABOLIC_PROCESS,GOBP|GOBP_AMINE_METABOLIC_PROCESS,interaction,0.011196349561218372,1.1302151417790032,0.2610918211930612,0.9797364781042668
GOBP,GOBP_AMINO_ACID_BIOSYNTHETIC_PROCESS,GOBP|GOBP_AMINO_ACID_BIOSYNTHETIC_PROCESS,interaction,0.0018111022320013714,0.21285815237579983,0.8318713519722668,0.9797364781042668
GOBP,GOBP_AMINO_ACID_METABOLIC_PROCESS,GOBP|GOBP_AMINO_ACID_METABOLIC_PROCESS,interaction,0.0041076859878947936,0.6646625269844503,0.5077977351136918,0.9797364781042668
GOBP,GOBP_AMYLOID_BETA_METABOLIC_PROCESS,GOBP|GOBP_AMYLOID_BETA_METABOLIC_PROCESS,interaction,-0.0019536805640182203,-0.2488706521090025,0.8039717621389141,0.9797364781042668
GOBP,GOBP_AMYLOID_FIBRIL_FORMATION,GOBP|GOBP_AMYLOID_FIBRIL_FORMATION,interaction,0.010124872318075434,1.538044392558378,0.1271991653610226,0.9797364781042668
GOBP,GOBP_ANTIGEN_PROCESSING_AND_PRESENTATION,GOBP|GOBP_ANTIGEN_PROCESSING_AND_PRESENTATION,interaction,-0.0034114419186673933,-0.3648975813250394,0.7159591964122214,0.9797364781042668
GOBP,GOBP_ANTIVIRAL_INNATE_IMMUNE_RESPONSE,GOBP|GOBP_ANTIVIRAL_INNATE_IMMUNE_RESPONSE,interaction,-0.004213205876453796,-0.38647089592883654,0.6999698732602001,0.9797364781042668
GOBP,GOBP_APICAL_JUNCTION_ASSEMBLY,GOBP|GOBP_APICAL_JUNCTION_ASSEMBLY,interaction,-0.005931474378237128,-0.7360687899577767,0.4634136594787235,0.9797364781042668
GOBP,GOBP_APOPTOTIC_MITOCHONDRIAL_CHANGES,GOBP|GOBP_APOPTOTIC_MITOCHONDRIAL_CHANGES,interaction,3.7161121491482985e-4,0.06482946950199175,0.9484393280240679,0.9945630896351857
GOBP,GOBP_APPENDAGE_DEVELOPMENT,GOBP|GOBP_APPENDAGE_DEVELOPMENT,interaction,-0.023099492582768597,-1.7378994353660555,0.08530993309570895,0.9797364781042668
GOBP,GOBP_ARTERY_DEVELOPMENT,GOBP|GOBP_ARTERY_DEVELOPMENT,interaction,-0.010175829331019473,-0.7456475361410527,0.45763120975730687,0.9797364781042668
GOBP,GOBP_AUTOPHAGOSOME_MATURATION,GOBP|GOBP_AUTOPHAGOSOME_MATURATION,interaction,0.0034563986626680726,0.376836923517327,0.7070940433682051,0.9797364781042668
GOBP,GOBP_AUTOPHAGY_OF_MITOCHONDRION,GOBP|GOBP_AUTOPHAGY_OF_MITOCHONDRION,interaction,0.005802051552149599,0.952896224834026,0.342942560209907,0.9797364781042668
GOBP,GOBP_AXO_DENDRITIC_TRANSPORT,GOBP|GOBP_AXO_DENDRITIC_TRANSPORT,interaction,-0.003075743409974241,-0.4530383049005358,0.6515035851703521,0.9797364781042668
GOBP,GOBP_BASEMENT_MEMBRANE_ORGANIZATION,GOBP|GOBP_BASEMENT_MEMBRANE_ORGANIZATION,interaction,0.0023342554819354294,0.06016942502335177,0.9521409003948946,0.9956527157355215
GOBP,GOBP_BIOLOGICAL_PROCESS_INVOLVED_IN_SYMBIOTIC_INTERACTION,GOBP|GOBP_BIOLOGICAL_PROCESS_INVOLVED_IN_SYMBIOTIC_INTERACTION,interaction,-0.004318588593299144,-0.7598608706688019,0.4491272128472089,0.9797364781042668
GOBP,GOBP_BIOMINERAL_TISSUE_DEVELOPMENT,GOBP|GOBP_BIOMINERAL_TISSUE_DEVELOPMENT,interaction,-0.008948744851829116,-0.3781917475453287,0.7060905801994799,0.9797364781042668
GOBP,GOBP_BLASTOCYST_DEVELOPMENT,GOBP|GOBP_BLASTOCYST_DEVELOPMENT,interaction,-0.0010193165408766275,-0.15067203493096604,0.8805382447889648,0.9858240118010856
GOBP,GOBP_BLOOD_VESSEL_ENDOTHELIAL_CELL_MIGRATION,GOBP|GOBP_BLOOD_VESSEL_ENDOTHELIAL_CELL_MIGRATION,interaction,-0.010348738762947965,-1.1807991451342177,0.24048618247003187,0.9797364781042668
GOBP,GOBP_BONE_DEVELOPMENT,GOBP|GOBP_BONE_DEVELOPMENT,interaction,-0.012661100410689421,-0.8936616570897764,0.3736507803684297,0.9797364781042668
GOBP,GOBP_BRANCHED_CHAIN_AMINO_ACID_METABOLIC_PROCESS,GOBP|GOBP_BRANCHED_CHAIN_AMINO_ACID_METABOLIC_PROCESS,interaction,0.009243795160086304,0.891293172050251,0.3749135498254498,0.9797364781042668
GOBP,GOBP_B_CELL_ACTIVATION,GOBP|GOBP_B_CELL_ACTIVATION,interaction,0.0014892026753396612,0.2346924691954669,0.8149277870827731,0.9797364781042668
GOBP,GOBP_CALCIUM_ION_IMPORT,GOBP|GOBP_CALCIUM_ION_IMPORT,interaction,-0.0035921550982339068,-0.36404287136060576,0.7165953428685177,0.9797364781042668
GOBP,GOBP_CALCIUM_ION_TRANSPORT,GOBP|GOBP_CALCIUM_ION_TRANSPORT,interaction,-3.998455211152996e-4,-0.10624777332082218,0.9155988262774839,0.9858240118010856
GOBP,GOBP_CALCIUM_MEDIATED_SIGNALING,GOBP|GOBP_CALCIUM_MEDIATED_SIGNALING,interaction,-7.365931042405127e-5,-0.00901059721019197,0.9928286501593182,0.9994673428431168
GOBP,GOBP_CANONICAL_NF_KAPPAB_SIGNAL_TRANSDUCTION,GOBP|GOBP_CANONICAL_NF_KAPPAB_SIGNAL_TRANSDUCTION,interaction,-0.009582552639675473,-2.090542684575622,0.03910742807463799,0.9797364781042668
GOBP,GOBP_CARBOHYDRATE_BIOSYNTHETIC_PROCESS,GOBP|GOBP_CARBOHYDRATE_BIOSYNTHETIC_PROCESS,interaction,0.004408160794157484,0.8713051307968803,0.3856766368014215,0.9797364781042668
GOBP,GOBP_CARBOHYDRATE_CATABOLIC_PROCESS,GOBP|GOBP_CARBOHYDRATE_CATABOLIC_PROCESS,interaction,0.006304385386215083,1.3518151133543916,0.17948722953346638,0.9797364781042668
GOBP,GOBP_CARBOHYDRATE_HOMEOSTASIS,GOBP|GOBP_CARBOHYDRATE_HOMEOSTASIS,interaction,-0.004290743811648207,-1.0425229627027537,0.2996855811088769,0.9797364781042668
GOBP,GOBP_CARBOHYDRATE_TRANSPORT,GOBP|GOBP_CARBOHYDRATE_TRANSPORT,interaction,-7.464066910916473e-4,-0.09519828042966076,0.9243480290539994,0.9860765120089682
GOBP,GOBP_CARBOXYLIC_ACID_TRANSMEMBRANE_TRANSPORT,GOBP|GOBP_CARBOXYLIC_ACID_TRANSMEMBRANE_TRANSPORT,interaction,-0.002153786704364391,-0.23698684181636923,0.8131522823993367,0.9797364781042668
GOBP,GOBP_CARDIAC_CHAMBER_DEVELOPMENT,GOBP|GOBP_CARDIAC_CHAMBER_DEVELOPMENT,interaction,-0.007780208679997035,-0.9514724862262046,0.3436609035414667,0.9797364781042668
GOBP,GOBP_CARDIAC_CONDUCTION,GOBP|GOBP_CARDIAC_CONDUCTION,interaction,-0.0060529237198722885,-1.0388517338941037,0.3013815268246747,0.9797364781042668
GOBP,GOBP_CARDIAC_MUSCLE_CELL_ACTION_POTENTIAL_INVOLVED_IN_CONTRACTION,GOBP|GOBP_CARDIAC_MUSCLE_CELL_ACTION_POTENTIAL_INVOLVED_IN_CONTRACTION,interaction,-0.01804664341044593,-2.287905006322508,0.024250592510674168,0.9797364781042668
GOBP,GOBP_CARDIAC_MUSCLE_TISSUE_DEVELOPMENT,GOBP|GOBP_CARDIAC_MUSCLE_TISSUE_DEVELOPMENT,interaction,-0.0103649122961329,-1.081550304038189,0.2820562590459769,0.9797364781042668
GOBP,GOBP_CARDIAC_SEPTUM_DEVELOPMENT,GOBP|GOBP_CARDIAC_SEPTUM_DEVELOPMENT,interaction,-0.003134807780137583,-0.203416802180427,0.8392230326259833,0.9797364781042668
GOBP,GOBP_CELLULAR_COMPONENT_ASSEMBLY_INVOLVED_IN_MORPHOGENESIS,GOBP|GOBP_CELLULAR_COMPONENT_ASSEMBLY_INVOLVED_IN_MORPHOGENESIS,interaction,-0.005001053411531453,-0.26093400969974867,0.7946805322550762,0.9797364781042668
GOBP,GOBP_CELLULAR_COMPONENT_DISASSEMBLY,GOBP|GOBP_CELLULAR_COMPONENT_DISASSEMBLY,interaction,0.001274727429348546,0.2614084152021857,0.7943157378887024,0.9797364781042668
GOBP,GOBP_CELLULAR_OXIDANT_DETOXIFICATION,GOBP|GOBP_CELLULAR_OXIDANT_DETOXIFICATION,interaction,0.0023866348853046615,0.40518371785789903,0.6862088388279205,0.9797364781042668
GOBP,GOBP_CELLULAR_PROCESS_INVOLVED_IN_REPRODUCTION_IN_MULTICELLULAR_ORGANISM,GOBP|GOBP_CELLULAR_PROCESS_INVOLVED_IN_REPRODUCTION_IN_MULTICELLULAR_ORGANISM,interaction,0.004594021560872699,1.0184423005591683,0.31092790316664964,0.9797364781042668
GOBP,GOBP_CELLULAR_RESPONSE_TO_ABIOTIC_STIMULUS,GOBP|GOBP_CELLULAR_RESPONSE_TO_ABIOTIC_STIMULUS,interaction,-9.819268441300238e-5,-0.019621560965708083,0.984384399967924,0.9994673428431168
GOBP,GOBP_CELLULAR_RESPONSE_TO_ALCOHOL,GOBP|GOBP_CELLULAR_RESPONSE_TO_ALCOHOL,interaction,0.004113592764059579,0.3755144965442217,0.708074009817403,0.9797364781042668
GOBP,GOBP_CELLULAR_RESPONSE_TO_CHEMICAL_STRESS,GOBP|GOBP_CELLULAR_RESPONSE_TO_CHEMICAL_STRESS,interaction,0.0022187221445950644,0.5777208906178286,0.5647524435632575,0.9797364781042668
GOBP,GOBP_CELLULAR_RESPONSE_TO_CORTICOSTEROID_STIMULUS,GOBP|GOBP_CELLULAR_RESPONSE_TO_CORTICOSTEROID_STIMULUS,interaction,0.00419287657245504,0.6168674015863443,0.5387255076090804,0.9797364781042668
GOBP,GOBP_CELLULAR_RESPONSE_TO_EXTERNAL_STIMULUS,GOBP|GOBP_CELLULAR_RESPONSE_TO_EXTERNAL_STIMULUS,interaction,0.0072843063520467224,0.5393513458652421,0.5908445045008279,0.9797364781042668
GOBP,GOBP_CELLULAR_RESPONSE_TO_GLUCOSE_STARVATION,GOBP|GOBP_CELLULAR_RESPONSE_TO_GLUCOSE_STARVATION,interaction,0.016243071567659362,1.5539819209213375,0.12335110340413974,0.9797364781042668
GOBP,GOBP_CELLULAR_RESPONSE_TO_HEAT,GOBP|GOBP_CELLULAR_RESPONSE_TO_HEAT,interaction,-0.003114389672152218,-0.39688103725331164,0.6923017690183708,0.9797364781042668
GOBP,GOBP_CELLULAR_RESPONSE_TO_HYDROGEN_PEROXIDE,GOBP|GOBP_CELLULAR_RESPONSE_TO_HYDROGEN_PEROXIDE,interaction,0.003713717572980668,0.49970987410995465,0.6183782198381151,0.9797364781042668
GOBP,GOBP_CELLULAR_RESPONSE_TO_METAL_ION,GOBP|GOBP_CELLULAR_RESPONSE_TO_METAL_ION,interaction,-2.8165340645457115e-4,-0.04622640836066371,0.9632220750206448,0.9975592250170054
GOBP,GOBP_CELLULAR_RESPONSE_TO_NUTRIENT_LEVELS,GOBP|GOBP_CELLULAR_RESPONSE_TO_NUTRIENT_LEVELS,interaction,2.664813668652351e-4,0.05026933978577944,0.9600081273321557,0.9975592250170054
GOBP,GOBP_CELLULAR_RESPONSE_TO_OXYGEN_LEVELS,GOBP|GOBP_CELLULAR_RESPONSE_TO_OXYGEN_LEVELS,interaction,3.8551027517412517e-4,0.11062967967102408,0.9121319592819991,0.9858240118010856
GOBP,GOBP_CELLULAR_RESPONSE_TO_RADIATION,GOBP|GOBP_CELLULAR_RESPONSE_TO_RADIATION,interaction,-6.448919719295766e-4,-0.10999226684577562,0.9126361622675133,0.9858240118010856
GOBP,GOBP_CELLULAR_RESPONSE_TO_UV,GOBP|GOBP_CELLULAR_RESPONSE_TO_UV,interaction,7.6551730281961e-5,0.0076939080884472115,0.9938765534024189,0.9994673428431168
GOBP,GOBP_CELLULAR_RESPONSE_TO_VASCULAR_ENDOTHELIAL_GROWTH_FACTOR_STIMULUS,GOBP|GOBP_CELLULAR_RESPONSE_TO_VASCULAR_ENDOTHELIAL_GROWTH_FACTOR_STIMULUS,interaction,-0.013792469056333372,-1.0997916235700567,0.2740660922442726,0.9797364781042668
GOBP,GOBP_CELLULAR_RESPONSE_TO_XENOBIOTIC_STIMULUS,GOBP|GOBP_CELLULAR_RESPONSE_TO_XENOBIOTIC_STIMULUS,interaction,-0.003996637756516638,-0.6884498420179933,0.4927651679525481,0.9797364781042668
GOBP,GOBP_CELLULAR_SENESCENCE,GOBP|GOBP_CELLULAR_SENESCENCE,interaction,0.0031349006156433934,0.48739756572612675,0.6270444493182004,0.9797364781042668
GOBP,GOBP_CELL_ACTIVATION_INVOLVED_IN_IMMUNE_RESPONSE,GOBP|GOBP_CELL_ACTIVATION_INVOLVED_IN_IMMUNE_RESPONSE,interaction,-0.0023006691553032477,-0.30907292228129596,0.7579097192615835,0.9797364781042668
GOBP,GOBP_CELL_CELL_JUNCTION_ORGANIZATION,GOBP|GOBP_CELL_CELL_JUNCTION_ORGANIZATION,interaction,-0.005417700010682758,-0.6351640369657032,0.5267735758476383,0.9797364781042668
GOBP,GOBP_CELL_COMMUNICATION_BY_ELECTRICAL_COUPLING,GOBP|GOBP_CELL_COMMUNICATION_BY_ELECTRICAL_COUPLING,interaction,-0.010019540532075183,-1.0981352757893408,0.2747850688547267,0.9797364781042668
GOBP,GOBP_CELL_CYCLE_G2_M_PHASE_TRANSITION,GOBP|GOBP_CELL_CYCLE_G2_M_PHASE_TRANSITION,interaction,0.013791541898156023,1.3075406563688827,0.19403032716067578,0.9797364781042668
GOBP,GOBP_CELL_FATE_COMMITMENT,GOBP|GOBP_CELL_FATE_COMMITMENT,interaction,-0.0038509790481816505,-0.6784238611226922,0.499071491334495,0.9797364781042668
GOBP,GOBP_CELL_KILLING,GOBP|GOBP_CELL_KILLING,interaction,-0.003251493194560126,-0.3647981875951459,0.7160331632440153,0.9797364781042668
GOBP,GOBP_CELL_MATURATION,GOBP|GOBP_CELL_MATURATION,interaction,-0.005445680722009849,-0.5694766278910279,0.5703110108396616,0.9797364781042668
GOBP,GOBP_CELL_RECOGNITION,GOBP|GOBP_CELL_RECOGNITION,interaction,-0.010861374945661195,-1.3015466642814746,0.196064864602115,0.9797364781042668
GOBP,GOBP_CELL_REDOX_HOMEOSTASIS,GOBP|GOBP_CELL_REDOX_HOMEOSTASIS,interaction,0.00537778742483358,0.7157877588656021,0.47579215021047017,0.9797364781042668
GOBP,GOBP_CELL_SUBSTRATE_ADHESION,GOBP|GOBP_CELL_SUBSTRATE_ADHESION,interaction,-0.008166960814560364,-0.6341173672396275,0.5274535695759403,0.9797364781042668
GOBP,GOBP_CELL_SUBSTRATE_JUNCTION_ORGANIZATION,GOBP|GOBP_CELL_SUBSTRATE_JUNCTION_ORGANIZATION,interaction,-0.01284946712299776,-1.033452696199834,0.3038874084198696,0.9797364781042668
GOBP,GOBP_CELL_SURFACE_RECEPTOR_PROTEIN_SERINE_THREONINE_KINASE_SIGNALING_PATHWAY,GOBP|GOBP_CELL_SURFACE_RECEPTOR_PROTEIN_SERINE_THREONINE_KINASE_SIGNALING_PATHWAY,interaction,-0.009995872542218839,-1.2075136414453118,0.23008545951750475,0.9797364781042668
GOBP,GOBP_CENTRAL_NERVOUS_SYSTEM_NEURON_DIFFERENTIATION,GOBP|GOBP_CENTRAL_NERVOUS_SYSTEM_NEURON_DIFFERENTIATION,interaction,8.154981299413055e-6,9.255447525578038e-4,0.99926336791923,0.9994673428431168
GOBP,GOBP_CHROMOSOME_LOCALIZATION,GOBP|GOBP_CHROMOSOME_LOCALIZATION,interaction,5.797539137482217e-4,0.08927607989323913,0.9290412381781151,0.9860765120089682
GOBP,GOBP_CHROMOSOME_SEGREGATION,GOBP|GOBP_CHROMOSOME_SEGREGATION,interaction,3.2270551025784244e-4,0.07435817208089272,0.9408740798772589,0.9918699649654573
GOBP,GOBP_CILIUM_MOVEMENT,GOBP|GOBP_CILIUM_MOVEMENT,interaction,8.867533642096803e-4,0.1639969376972734,0.8700648921021314,0.9824535356392718
GOBP,GOBP_CILIUM_ORGANIZATION,GOBP|GOBP_CILIUM_ORGANIZATION,interaction,-0.0045519698537471,-0.7401757665520907,0.4609293332002806,0.9797364781042668
GOBP,GOBP_COGNITION,GOBP|GOBP_COGNITION,interaction,-0.0040089320759438,-0.5771076668808368,0.565164988066043,0.9797364781042668
GOBP,GOBP_COLLAGEN_FIBRIL_ORGANIZATION,GOBP|GOBP_COLLAGEN_FIBRIL_ORGANIZATION,interaction,-0.013421256104629988,-0.338850878100085,0.7354332661551866,0.9797364781042668
GOBP,GOBP_COLLAGEN_METABOLIC_PROCESS,GOBP|GOBP_COLLAGEN_METABOLIC_PROCESS,interaction,-0.006495700485769279,-0.33233553481762407,0.7403322191103847,0.9797364781042668
GOBP,GOBP_CONNECTIVE_TISSUE_DEVELOPMENT,GOBP|GOBP_CONNECTIVE_TISSUE_DEVELOPMENT,interaction,-0.01846356661529535,-1.5373276787321188,0.1273744167243002,0.9797364781042668
GOBP,GOBP_CORTICAL_CYTOSKELETON_ORGANIZATION,GOBP|GOBP_CORTICAL_CYTOSKELETON_ORGANIZATION,interaction,-0.006957079623436599,-0.5955795479729267,0.5528030215389939,0.9797364781042668
GOBP,GOBP_CYTOCHROME_COMPLEX_ASSEMBLY,GOBP|GOBP_CYTOCHROME_COMPLEX_ASSEMBLY,interaction,0.011800131637137765,0.7794837257177236,0.4375375252402782,0.9797364781042668
GOBP,GOBP_CYTOKINESIS,GOBP|GOBP_CYTOKINESIS,interaction,-0.008127718876142135,-1.272580710004868,0.2061207054811277,0.9797364781042668
GOBP,GOBP_CYTOKINETIC_PROCESS,GOBP|GOBP_CYTOKINETIC_PROCESS,interaction,-0.006055672429590639,-0.7498267306272602,0.4551212722092355,0.9797364781042668
GOBP,GOBP_CYTOPLASMIC_MICROTUBULE_ORGANIZATION,GOBP|GOBP_CYTOPLASMIC_MICROTUBULE_ORGANIZATION,interaction,-0.014302643140616689,-1.9468566820595634,0.0543601931506048,0.9797364781042668
GOBP,GOBP_CYTOPLASMIC_TRANSLATION,GOBP|GOBP_CYTOPLASMIC_TRANSLATION,interaction,-0.013674769231512368,-0.844633703723385,0.4003335867317559,0.9797364781042668
GOBP,GOBP_CYTOPLASMIC_TRANSLATIONAL_INITIATION,GOBP|GOBP_CYTOPLASMIC_TRANSLATIONAL_INITIATION,interaction,-0.0029221172002073525,-0.36508739033312976,0.7158179518514542,0.9797364781042668
GOBP,GOBP_CYTOSKELETON_DEPENDENT_INTRACELLULAR_TRANSPORT,GOBP|GOBP_CYTOSKELETON_DEPENDENT_INTRACELLULAR_TRANSPORT,interaction,-0.006898104423330324,-1.2690418464161592,0.20737487120652803,0.9797364781042668
GOBP,GOBP_CYTOSOLIC_TRANSPORT,GOBP|GOBP_CYTOSOLIC_TRANSPORT,interaction,-0.003870384485288078,-0.41583834878249865,0.6784202046822161,0.9797364781042668
GOBP,GOBP_DEFENSE_RESPONSE_TO_BACTERIUM,GOBP|GOBP_DEFENSE_RESPONSE_TO_BACTERIUM,interaction,4.4799430960908854e-4,0.04770127459042983,0.9620495499671028,0.9975592250170054
GOBP,GOBP_DENDRITE_DEVELOPMENT,GOBP|GOBP_DENDRITE_DEVELOPMENT,interaction,-0.00781105873682493,-1.2421439006474757,0.21709154687994028,0.9797364781042668
GOBP,GOBP_DENDRITIC_SPINE_DEVELOPMENT,GOBP|GOBP_DENDRITIC_SPINE_DEVELOPMENT,interaction,-0.022083225171563886,-2.707325256771188,0.007979394545740611,0.9797364781042668
GOBP,GOBP_DEOXYRIBONUCLEOTIDE_METABOLIC_PROCESS,GOBP|GOBP_DEOXYRIBONUCLEOTIDE_METABOLIC_PROCESS,interaction,0.011053453285175027,0.8892307217480023,0.37601533345356764,0.9797364781042668
GOBP,GOBP_DEPHOSPHORYLATION,GOBP|GOBP_DEPHOSPHORYLATION,interaction,0.005798929317721709,0.633388032073213,0.5279276679254129,0.9797364781042668
GOBP,GOBP_DETECTION_OF_ABIOTIC_STIMULUS,GOBP|GOBP_DETECTION_OF_ABIOTIC_STIMULUS,interaction,0.002430903922013436,0.23414882248192362,0.8153486309433988,0.9797364781042668
GOBP,GOBP_DEVELOPMENTAL_CELL_GROWTH,GOBP|GOBP_DEVELOPMENTAL_CELL_GROWTH,interaction,-0.006352334505971356,-1.110846225608866,0.26930100059824585,0.9797364781042668
GOBP,GOBP_DEVELOPMENTAL_MATURATION,GOBP|GOBP_DEVELOPMENTAL_MATURATION,interaction,-0.009673392217912344,-1.5909462575447297,0.11478126509362324,0.9797364781042668
GOBP,GOBP_DICARBOXYLIC_ACID_METABOLIC_PROCESS,GOBP|GOBP_DICARBOXYLIC_ACID_METABOLIC_PROCESS,interaction,0.010135883185658723,1.810839627856108,0.07317122342878477,0.9797364781042668
GOBP,GOBP_DIGESTIVE_SYSTEM_DEVELOPMENT,GOBP|GOBP_DIGESTIVE_SYSTEM_DEVELOPMENT,interaction,-0.011440344466585761,-0.7762859641056897,0.4394141933492868,0.9797364781042668
GOBP,GOBP_DNA_BIOSYNTHETIC_PROCESS,GOBP|GOBP_DNA_BIOSYNTHETIC_PROCESS,interaction,0.002314132240549993,0.42992577357949896,0.6681755811512178,0.9797364781042668
GOBP,GOBP_DNA_DAMAGE_RESPONSE_SIGNAL_TRANSDUCTION_BY_P53_CLASS_MEDIATOR,GOBP|GOBP_DNA_DAMAGE_RESPONSE_SIGNAL_TRANSDUCTION_BY_P53_CLASS_MEDIATOR,interaction,-0.017674863294491513,-1.7846327775593345,0.07735632154213078,0.9797364781042668
GOBP,GOBP_DNA_RECOMBINATION,GOBP|GOBP_DNA_RECOMBINATION,interaction,6.221953878057622e-4,0.1027002985170987,0.9184067069189072,0.9858240118010856
GOBP,GOBP_DNA_REPLICATION,GOBP|GOBP_DNA_REPLICATION,interaction,0.006189720984494121,1.2373735532756782,0.21884895983238167,0.9797364781042668
GOBP,GOBP_DNA_TEMPLATED_DNA_REPLICATION,GOBP|GOBP_DNA_TEMPLATED_DNA_REPLICATION,interaction,0.012977424433299058,1.930829356329857,0.056339020349530027,0.9797364781042668
GOBP,GOBP_DNA_TEMPLATED_TRANSCRIPTION_ELONGATION,GOBP|GOBP_DNA_TEMPLATED_TRANSCRIPTION_ELONGATION,interaction,-0.002532723599181691,-0.3186885315866119,0.7506280412152346,0.9797364781042668
GOBP,GOBP_DNA_TEMPLATED_TRANSCRIPTION_INITIATION,GOBP|GOBP_DNA_TEMPLATED_TRANSCRIPTION_INITIATION,interaction,0.006761586242758438,1.2097105647964541,0.22924480725358257,0.9797364781042668
GOBP,GOBP_DOUBLE_STRAND_BREAK_REPAIR,GOBP|GOBP_DOUBLE_STRAND_BREAK_REPAIR,interaction,-0.005751550468811671,-1.0146027334654562,0.3127462276073792,0.9797364781042668
GOBP,GOBP_EAR_DEVELOPMENT,GOBP|GOBP_EAR_DEVELOPMENT,interaction,-1.4467286040187322e-4,-0.018585690619051697,0.9852086872688177,0.9994673428431168
GOBP,GOBP_EMBRYONIC_ORGAN_DEVELOPMENT,GOBP|GOBP_EMBRYONIC_ORGAN_DEVELOPMENT,interaction,-0.00747128637501397,-0.9301821983270349,0.35451905285921537,0.9797364781042668
GOBP,GOBP_EMBRYO_IMPLANTATION,GOBP|GOBP_EMBRYO_IMPLANTATION,interaction,0.001587537182402357,0.16553611864148254,0.8688565508885525,0.9824535356392718
GOBP,GOBP_ENDOCRINE_PROCESS,GOBP|GOBP_ENDOCRINE_PROCESS,interaction,2.4905947554608454e-4,0.024312005109373876,0.9806522335193344,0.9994673428431168
GOBP,GOBP_ENDOCRINE_SYSTEM_DEVELOPMENT,GOBP|GOBP_ENDOCRINE_SYSTEM_DEVELOPMENT,interaction,-0.007264597157087167,-0.5550293034902968,0.5801152532509246,0.9797364781042668
GOBP,GOBP_ENDOPLASMIC_RETICULUM_ORGANIZATION,GOBP|GOBP_ENDOPLASMIC_RETICULUM_ORGANIZATION,interaction,-4.7705476440380173e-4,-0.06905315309808237,0.9450853397834389,0.9945630896351857
GOBP,GOBP_ENDOSOMAL_TRANSPORT,GOBP|GOBP_ENDOSOMAL_TRANSPORT,interaction,-0.004819029993421847,-0.7150350233821192,0.47625509675595923,0.9797364781042668
GOBP,GOBP_ENDOSOME_ORGANIZATION,GOBP|GOBP_ENDOSOME_ORGANIZATION,interaction,-0.0036723102103133065,-0.448583966123494,0.6547032815846269,0.9797364781042668
GOBP,GOBP_ENDOSOME_TO_LYSOSOME_TRANSPORT,GOBP|GOBP_ENDOSOME_TO_LYSOSOME_TRANSPORT,interaction,0.003328610661538637,0.4236366190146029,0.6727415583721316,0.9797364781042668
GOBP,GOBP_ENDOTHELIAL_CELL_MIGRATION,GOBP|GOBP_ENDOTHELIAL_CELL_MIGRATION,interaction,-0.010914818307996454,-1.2453627290608285,0.21591155560036535,0.9797364781042668
GOBP,GOBP_ENDOTHELIAL_CELL_PROLIFERATION,GOBP|GOBP_ENDOTHELIAL_CELL_PROLIFERATION,interaction,-0.008896541234345611,-0.7677216322108844,0.4444633818759688,0.9797364781042668
GOBP,GOBP_ENDOTHELIUM_DEVELOPMENT,GOBP|GOBP_ENDOTHELIUM_DEVELOPMENT,interaction,-0.018690718783649665,-1.6285864397494503,0.10655022276024986,0.9797364781042668
GOBP,GOBP_ENSHEATHMENT_OF_NEURONS,GOBP|GOBP_ENSHEATHMENT_OF_NEURONS,interaction,-0.005503736434671717,-0.7186785995227892,0.4740165587440167,0.9797364781042668
GOBP,GOBP_EPIDERMIS_DEVELOPMENT,GOBP|GOBP_EPIDERMIS_DEVELOPMENT,interaction,0.0019359375164411455,0.20181031222110482,0.8404753934467019,0.9797364781042668
GOBP,GOBP_EPIGENETIC_REGULATION_OF_GENE_EXPRESSION,GOBP|GOBP_EPIGENETIC_REGULATION_OF_GENE_EXPRESSION,interaction,0.0058214598887312355,0.8149736657851094,0.4170260198720205,0.9797364781042668
GOBP,GOBP_EPITHELIAL_CELL_DEVELOPMENT,GOBP|GOBP_EPITHELIAL_CELL_DEVELOPMENT,interaction,-0.014815667939248978,-1.1893667433415533,0.23711455973459378,0.9797364781042668
GOBP,GOBP_EPITHELIAL_CELL_PROLIFERATION,GOBP|GOBP_EPITHELIAL_CELL_PROLIFERATION,interaction,-9.950594901307203e-4,-0.13143664174469508,0.8956942403366093,0.9858240118010856
GOBP,GOBP_EPITHELIAL_TUBE_MORPHOGENESIS,GOBP|GOBP_EPITHELIAL_TUBE_MORPHOGENESIS,interaction,-0.006187010896458178,-1.2930598672035818,0.1989726115634225,0.9797364781042668
GOBP,GOBP_ERAD_PATHWAY,GOBP|GOBP_ERAD_PATHWAY,interaction,0.0010570369392166072,0.18075364589329473,0.8569271347269879,0.9797364781042668
GOBP,GOBP_ERBB_SIGNALING_PATHWAY,GOBP|GOBP_ERBB_SIGNALING_PATHWAY,interaction,-0.008848476084041459,-0.9121522461682992,0.363884499100376,0.9797364781042668
GOBP,GOBP_ERK1_AND_ERK2_CASCADE,GOBP|GOBP_ERK1_AND_ERK2_CASCADE,interaction,-0.009312122721104654,-1.1238203725282907,0.26378248762893847,0.9797364781042668
GOBP,GOBP_ERYTHROCYTE_HOMEOSTASIS,GOBP|GOBP_ERYTHROCYTE_HOMEOSTASIS,interaction,0.003347879056334685,0.5311437530494101,0.5964981022648177,0.9797364781042668
GOBP,GOBP_ER_NUCLEUS_SIGNALING_PATHWAY,GOBP|GOBP_ER_NUCLEUS_SIGNALING_PATHWAY,interaction,-0.0079450854683274,-0.8360863699785245,0.40510166036459083,0.9797364781042668
GOBP,GOBP_ESTABLISHMENT_OF_ORGANELLE_LOCALIZATION,GOBP|GOBP_ESTABLISHMENT_OF_ORGANELLE_LOCALIZATION,interaction,-0.0040430860094386855,-0.8175834626983473,0.41554073659705504,0.9797364781042668
GOBP,GOBP_ESTABLISHMENT_OF_PROTEIN_LOCALIZATION_TO_ENDOPLASMIC_RETICULUM,GOBP|GOBP_ESTABLISHMENT_OF_PROTEIN_LOCALIZATION_TO_ENDOPLASMIC_RETICULUM,interaction,-0.007842484825853185,-0.9969795190679638,0.3211831865372644,0.9797364781042668
GOBP,GOBP_ESTABLISHMENT_OF_PROTEIN_LOCALIZATION_TO_MEMBRANE,GOBP|GOBP_ESTABLISHMENT_OF_PROTEIN_LOCALIZATION_TO_MEMBRANE,interaction,-0.0064265490257765364,-1.2771970933285937,0.2044930864238246,0.9797364781042668
GOBP,GOBP_ESTABLISHMENT_OF_PROTEIN_LOCALIZATION_TO_MITOCHONDRION,GOBP|GOBP_ESTABLISHMENT_OF_PROTEIN_LOCALIZATION_TO_MITOCHONDRION,interaction,-9.162436379728245e-4,-0.13456829867245723,0.8932239505418174,0.9858240118010856
GOBP,GOBP_ESTABLISHMENT_OF_PROTEIN_LOCALIZATION_TO_ORGANELLE,GOBP|GOBP_ESTABLISHMENT_OF_PROTEIN_LOCALIZATION_TO_ORGANELLE,interaction,-7.193189145723866e-5,-0.021631849694848222,0.9827847744627732,0.9994673428431168
GOBP,GOBP_ESTABLISHMENT_OF_PROTEIN_LOCALIZATION_TO_PLASMA_MEMBRANE,GOBP|GOBP_ESTABLISHMENT_OF_PROTEIN_LOCALIZATION_TO_PLASMA_MEMBRANE,interaction,-0.009360796603005914,-1.2405565202647832,0.21767519587467546,0.9797364781042668
GOBP,GOBP_ESTABLISHMENT_OR_MAINTENANCE_OF_CELL_POLARITY,GOBP|GOBP_ESTABLISHMENT_OR_MAINTENANCE_OF_CELL_POLARITY,interaction,-0.009048635806733193,-1.1100619465115793,0.2696371505319831,0.9797364781042668
GOBP,GOBP_EXECUTION_PHASE_OF_APOPTOSIS,GOBP|GOBP_EXECUTION_PHASE_OF_APOPTOSIS,interaction,0.0033201455095249743,0.4304795767540823,0.6677741088450488,0.9797364781042668
GOBP,GOBP_EXOCYTIC_PROCESS,GOBP|GOBP_EXOCYTIC_PROCESS,interaction,0.005148394700083381,0.4031078377544834,0.6877303046799735,0.9797364781042668
GOBP,GOBP_EXOCYTOSIS,GOBP|GOBP_EXOCYTOSIS,interaction,0.003248351667805023,0.4524765179737476,0.6519067777499085,0.9797364781042668
GOBP,GOBP_EXTERNAL_ENCAPSULATING_STRUCTURE_ORGANIZATION,GOBP|GOBP_EXTERNAL_ENCAPSULATING_STRUCTURE_ORGANIZATION,interaction,-0.006103888692277466,-0.26854839701962946,0.788831003232853,0.9797364781042668
GOBP,GOBP_EXTRACELLULAR_VESICLE_BIOGENESIS,GOBP|GOBP_EXTRACELLULAR_VESICLE_BIOGENESIS,interaction,0.006510518573350287,0.6147009538887757,0.5401497848889452,0.9797364781042668
GOBP,GOBP_EXTRINSIC_APOPTOTIC_SIGNALING_PATHWAY,GOBP|GOBP_EXTRINSIC_APOPTOTIC_SIGNALING_PATHWAY,interaction,0.004899641745142017,0.6714484200444452,0.5034845775028931,0.9797364781042668
GOBP,GOBP_EXTRINSIC_APOPTOTIC_SIGNALING_PATHWAY_VIA_DEATH_DOMAIN_RECEPTORS,GOBP|GOBP_EXTRINSIC_APOPTOTIC_SIGNALING_PATHWAY_VIA_DEATH_DOMAIN_RECEPTORS,interaction,0.006033095660379533,0.6564980416290354,0.5130131106674942,0.9797364781042668
GOBP,GOBP_FATTY_ACID_DERIVATIVE_METABOLIC_PROCESS,GOBP|GOBP_FATTY_ACID_DERIVATIVE_METABOLIC_PROCESS,interaction,0.004934100327714928,0.6293695511975418,0.5305437965127608,0.9797364781042668
GOBP,GOBP_FATTY_ACID_METABOLIC_PROCESS,GOBP|GOBP_FATTY_ACID_METABOLIC_PROCESS,interaction,0.0023623953333324066,0.5017936089359277,0.6169168190021217,0.9797364781042668
GOBP,GOBP_FATTY_ACID_TRANSPORT,GOBP|GOBP_FATTY_ACID_TRANSPORT,interaction,0.0013618919178410849,0.20007129119106626,0.8418315326631046,0.9797364781042668
GOBP,GOBP_FAT_CELL_DIFFERENTIATION,GOBP|GOBP_FAT_CELL_DIFFERENTIATION,interaction,0.0074297690856253845,1.4653933663798455,0.14595391787477782,0.9797364781042668
GOBP,GOBP_FEMALE_SEX_DIFFERENTIATION,GOBP|GOBP_FEMALE_SEX_DIFFERENTIATION,interaction,0.004650828200188778,0.5695791161299163,0.5702417475387678,0.9797364781042668
GOBP,GOBP_FERTILIZATION,GOBP|GOBP_FERTILIZATION,interaction,9.455866483144004e-4,0.17190833043234435,0.8638573545792885,0.9801210755159755
GOBP,GOBP_FIBROBLAST_MIGRATION,GOBP|GOBP_FIBROBLAST_MIGRATION,interaction,-0.017043281801809175,-1.4451420699012074,0.15154750698643038,0.9797364781042668
GOBP,GOBP_FIBROBLAST_PROLIFERATION,GOBP|GOBP_FIBROBLAST_PROLIFERATION,interaction,-0.015039747574906108,-1.0814552972633755,0.2820982900410912,0.9797364781042668
GOBP,GOBP_FOREBRAIN_DEVELOPMENT,GOBP|GOBP_FOREBRAIN_DEVELOPMENT,interaction,-0.002542574095993181,-0.35707354461336144,0.7217899135838048,0.9797364781042668
GOBP,GOBP_GASTRULATION,GOBP|GOBP_GASTRULATION,interaction,0.007723243227708688,0.5675201351514767,0.5716340218913027,0.9797364781042668
GOBP,GOBP_GENERATION_OF_PRECURSOR_METABOLITES_AND_ENERGY,GOBP|GOBP_GENERATION_OF_PRECURSOR_METABOLITES_AND_ENERGY,interaction,0.00449824672085386,1.0513859902522795,0.29561792523618896,0.9797364781042668
GOBP,GOBP_GLAND_DEVELOPMENT,GOBP|GOBP_GLAND_DEVELOPMENT,interaction,-0.008767864077018697,-1.5593599162546825,0.1220736235580371,0.9797364781042668
GOBP,GOBP_GLAND_MORPHOGENESIS,GOBP|GOBP_GLAND_MORPHOGENESIS,interaction,-0.009548893142280676,-1.0500069857781815,0.2962483377476845,0.9797364781042668
GOBP,GOBP_GLIAL_CELL_MIGRATION,GOBP|GOBP_GLIAL_CELL_MIGRATION,interaction,-0.015929436573610133,-0.9801627092564508,0.32937353001988,0.9797364781042668
GOBP,GOBP_GLIOGENESIS,GOBP|GOBP_GLIOGENESIS,interaction,-0.004699478617132588,-0.6728891465636511,0.5025713759335579,0.9797364781042668
GOBP,GOBP_GLUCAN_BIOSYNTHETIC_PROCESS,GOBP|GOBP_GLUCAN_BIOSYNTHETIC_PROCESS,interaction,-8.873678419293873e-4,-0.09439292262007593,0.9249861035076399,0.9860765120089682
GOBP,GOBP_GLUCOSE_6_PHOSPHATE_METABOLIC_PROCESS,GOBP|GOBP_GLUCOSE_6_PHOSPHATE_METABOLIC_PROCESS,interaction,0.0090816155573646,0.6724548878324637,0.5028465363230736,0.9797364781042668
GOBP,GOBP_GLUTAMINE_FAMILY_AMINO_ACID_METABOLIC_PROCESS,GOBP|GOBP_GLUTAMINE_FAMILY_AMINO_ACID_METABOLIC_PROCESS,interaction,0.005018920391137868,0.5774866625667905,0.5649100024530053,0.9797364781042668
GOBP,GOBP_GLUTATHIONE_METABOLIC_PROCESS,GOBP|GOBP_GLUTATHIONE_METABOLIC_PROCESS,interaction,0.007010538218584217,0.9680208503152208,0.33537167250870037,0.9797364781042668
GOBP,GOBP_GLYCEROLIPID_BIOSYNTHETIC_PROCESS,GOBP|GOBP_GLYCEROLIPID_BIOSYNTHETIC_PROCESS,interaction,0.004439137117346739,0.6431802078918358,0.5215807864970752,0.9797364781042668
GOBP,GOBP_GLYCEROLIPID_CATABOLIC_PROCESS,GOBP|GOBP_GLYCEROLIPID_CATABOLIC_PROCESS,interaction,0.002425192418293712,0.2837975980156132,0.7771528306352511,0.9797364781042668
GOBP,GOBP_GLYCOPROTEIN_METABOLIC_PROCESS,GOBP|GOBP_GLYCOPROTEIN_METABOLIC_PROCESS,interaction,-0.0044441458619164514,-0.5833045104672793,0.5610028595714514,0.9797364781042668
GOBP,GOBP_GOLGI_ORGANIZATION,GOBP|GOBP_GOLGI_ORGANIZATION,interaction,-0.0014006634056855805,-0.1806797453835947,0.8569849894977283,0.9797364781042668
GOBP,GOBP_GOLGI_VESICLE_TRANSPORT,GOBP|GOBP_GOLGI_VESICLE_TRANSPORT,interaction,-0.012349168027552794,-1.8423009240264767,0.06839713171266883,0.9797364781042668
GOBP,GOBP_GRANULOCYTE_MIGRATION,GOBP|GOBP_GRANULOCYTE_MIGRATION,interaction,-0.0069514059412454365,-0.6161462559899845,0.5391993945824218,0.9797364781042668
GOBP,GOBP_HEART_MORPHOGENESIS,GOBP|GOBP_HEART_MORPHOGENESIS,interaction,-0.007736533983274313,-1.0359175627808939,0.30274164010806587,0.9797364781042668
GOBP,GOBP_HEART_PROCESS,GOBP|GOBP_HEART_PROCESS,interaction,-0.0051955818373820295,-0.791197554053063,0.43070315142573046,0.9797364781042668
GOBP,GOBP_HEPATICOBILIARY_SYSTEM_DEVELOPMENT,GOBP|GOBP_HEPATICOBILIARY_SYSTEM_DEVELOPMENT,interaction,-0.011410482532877707,-1.3450232909043844,0.1816631802716194,0.9797364781042668
GOBP,GOBP_HINDBRAIN_DEVELOPMENT,GOBP|GOBP_HINDBRAIN_DEVELOPMENT,interaction,-0.010745151482252427,-1.5757361315353484,0.11824821244988729,0.9797364781042668
GOBP,GOBP_HOMEOSTASIS_OF_NUMBER_OF_CELLS,GOBP|GOBP_HOMEOSTASIS_OF_NUMBER_OF_CELLS,interaction,0.0018105734110589744,0.5184051545353168,0.6053219399049767,0.9797364781042668
GOBP,GOBP_HORMONE_MEDIATED_SIGNALING_PATHWAY,GOBP|GOBP_HORMONE_MEDIATED_SIGNALING_PATHWAY,interaction,0.0026345037633815904,0.42997402618875646,0.6681405972243208,0.9797364781042668
GOBP,GOBP_HORMONE_METABOLIC_PROCESS,GOBP|GOBP_HORMONE_METABOLIC_PROCESS,interaction,-0.0030455670477753244,-0.36425714873973086,0.7164358409963842,0.9797364781042668
GOBP,GOBP_HORMONE_TRANSPORT,GOBP|GOBP_HORMONE_TRANSPORT,interaction,-0.0018635050534130393,-0.299927607885449,0.7648555538652517,0.9797364781042668
GOBP,GOBP_HUMORAL_IMMUNE_RESPONSE,GOBP|GOBP_HUMORAL_IMMUNE_RESPONSE,interaction,-0.003211932679265006,-0.28050977751608247,0.7796664982580422,0.9797364781042668
GOBP,GOBP_HYDROGEN_PEROXIDE_METABOLIC_PROCESS,GOBP|GOBP_HYDROGEN_PEROXIDE_METABOLIC_PROCESS,interaction,0.005539718613775724,1.0512661474468723,0.2956726752253749,0.9797364781042668
GOBP,GOBP_ICOSANOID_METABOLIC_PROCESS,GOBP|GOBP_ICOSANOID_METABOLIC_PROCESS,interaction,-8.955852842690293e-5,-0.01415558900067323,0.9887340825646429,0.9994673428431168
GOBP,GOBP_IMMUNE_RESPONSE_REGULATING_CELL_SURFACE_RECEPTOR_SIGNALING_PATHWAY,GOBP|GOBP_IMMUNE_RESPONSE_REGULATING_CELL_SURFACE_RECEPTOR_SIGNALING_PATHWAY,interaction,-0.004736023415044395,-0.6653949452590651,0.507331259486991,0.9797364781042668
GOBP,GOBP_IMMUNE_SYSTEM_DEVELOPMENT,GOBP|GOBP_IMMUNE_SYSTEM_DEVELOPMENT,interaction,-0.0015665126194575885,-0.25010170396585485,0.8030222892355086,0.9797364781042668
GOBP,GOBP_IMPORT_ACROSS_PLASMA_MEMBRANE,GOBP|GOBP_IMPORT_ACROSS_PLASMA_MEMBRANE,interaction,-0.007529022519815687,-1.0178970701363923,0.3111856786853974,0.9797364781042668
GOBP,GOBP_INSULIN_LIKE_GROWTH_FACTOR_RECEPTOR_SIGNALING_PATHWAY,GOBP|GOBP_INSULIN_LIKE_GROWTH_FACTOR_RECEPTOR_SIGNALING_PATHWAY,interaction,-0.0013969147664041823,-0.12381659384498718,0.9017092703415237,0.9858240118010856
GOBP,GOBP_INSULIN_RECEPTOR_SIGNALING_PATHWAY,GOBP|GOBP_INSULIN_RECEPTOR_SIGNALING_PATHWAY,interaction,-0.002958154906280569,-0.503203173347468,0.6159291111572405,0.9797364781042668
GOBP,GOBP_INSULIN_SECRETION_INVOLVED_IN_CELLULAR_RESPONSE_TO_GLUCOSE_STIMULUS,GOBP|GOBP_INSULIN_SECRETION_INVOLVED_IN_CELLULAR_RESPONSE_TO_GLUCOSE_STIMULUS,interaction,0.005871057181650624,0.6697312332901649,0.5045741735682774,0.9797364781042668
GOBP,GOBP_INTEGRATED_STRESS_RESPONSE_SIGNALING,GOBP|GOBP_INTEGRATED_STRESS_RESPONSE_SIGNALING,interaction,-0.006565673274163741,-0.6183124454076834,0.5377765631944734,0.9797364781042668
GOBP,GOBP_INTEGRIN_MEDIATED_SIGNALING_PATHWAY,GOBP|GOBP_INTEGRIN_MEDIATED_SIGNALING_PATHWAY,interaction,-0.008748990092512614,-0.4422744387893686,0.6592466487768343,0.9797364781042668
GOBP,GOBP_INTERLEUKIN_2_PRODUCTION,GOBP|GOBP_INTERLEUKIN_2_PRODUCTION,interaction,0.0037184096142923173,0.5583832361643454,0.5778320721853516,0.9797364781042668
GOBP,GOBP_INTERLEUKIN_6_PRODUCTION,GOBP|GOBP_INTERLEUKIN_6_PRODUCTION,interaction,-0.00907047202584646,-1.4027283452940673,0.16379798110996507,0.9797364781042668
GOBP,GOBP_INTRACELLULAR_IRON_ION_HOMEOSTASIS,GOBP|GOBP_INTRACELLULAR_IRON_ION_HOMEOSTASIS,interaction,-0.0014952542968363347,-0.21557063571191767,0.8297619547172016,0.9797364781042668
GOBP,GOBP_INTRACELLULAR_LIPID_TRANSPORT,GOBP|GOBP_INTRACELLULAR_LIPID_TRANSPORT,interaction,0.010766038582913057,1.0932054483797047,0.2769327075219114,0.9797364781042668
GOBP,GOBP_INTRACELLULAR_RECEPTOR_SIGNALING_PATHWAY,GOBP|GOBP_INTRACELLULAR_RECEPTOR_SIGNALING_PATHWAY,interaction,-0.0014012576985538705,-0.29274444038228703,0.7703246706204704,0.9797364781042668
GOBP,GOBP_INTRA_GOLGI_VESICLE_MEDIATED_TRANSPORT,GOBP|GOBP_INTRA_GOLGI_VESICLE_MEDIATED_TRANSPORT,interaction,-0.0065749974286581775,-0.5442959451292809,0.5874506609144227,0.9797364781042668
GOBP,GOBP_INTRINSIC_APOPTOTIC_SIGNALING_PATHWAY,GOBP|GOBP_INTRINSIC_APOPTOTIC_SIGNALING_PATHWAY,interaction,-0.0023027844403090414,-0.6885788181831636,0.49268432556350017,0.9797364781042668
GOBP,GOBP_INTRINSIC_APOPTOTIC_SIGNALING_PATHWAY_BY_P53_CLASS_MEDIATOR,GOBP|GOBP_INTRINSIC_APOPTOTIC_SIGNALING_PATHWAY_BY_P53_CLASS_MEDIATOR,interaction,5.609234158704818e-4,0.08128611194653629,0.9353770477328576,0.990099786579814
GOBP,GOBP_INTRINSIC_APOPTOTIC_SIGNALING_PATHWAY_IN_RESPONSE_TO_DNA_DAMAGE,GOBP|GOBP_INTRINSIC_APOPTOTIC_SIGNALING_PATHWAY_IN_RESPONSE_TO_DNA_DAMAGE,interaction,-0.00760339285038519,-1.1726897843819597,0.24370892990574433,0.9797364781042668
GOBP,GOBP_INTRINSIC_APOPTOTIC_SIGNALING_PATHWAY_IN_RESPONSE_TO_ENDOPLASMIC_RETICULUM_STRESS,GOBP|GOBP_INTRINSIC_APOPTOTIC_SIGNALING_PATHWAY_IN_RESPONSE_TO_ENDOPLASMIC_RETICULUM_STRESS,interaction,-0.007938382363065197,-1.0028347304408947,0.31836346807549254,0.9797364781042668
GOBP,GOBP_INTRINSIC_APOPTOTIC_SIGNALING_PATHWAY_IN_RESPONSE_TO_OXIDATIVE_STRESS,GOBP|GOBP_INTRINSIC_APOPTOTIC_SIGNALING_PATHWAY_IN_RESPONSE_TO_OXIDATIVE_STRESS,interaction,0.0041953013385951365,0.7293316103518697,0.46750536096673434,0.9797364781042668
GOBP,GOBP_IN_UTERO_EMBRYONIC_DEVELOPMENT,GOBP|GOBP_IN_UTERO_EMBRYONIC_DEVELOPMENT,interaction,-0.006158537859668509,-1.337675591465757,0.18403953166989623,0.9797364781042668
GOBP,GOBP_ISOPRENOID_METABOLIC_PROCESS,GOBP|GOBP_ISOPRENOID_METABOLIC_PROCESS,interaction,0.0182764717271684,2.2897216595282313,0.02414087197887692,0.9797364781042668
GOBP,GOBP_JNK_CASCADE,GOBP|GOBP_JNK_CASCADE,interaction,0.005822049571061735,0.6855269305367265,0.4945991852797015,0.9797364781042668
GOBP,GOBP_KERATINOCYTE_DIFFERENTIATION,GOBP|GOBP_KERATINOCYTE_DIFFERENTIATION,interaction,0.01483390490966869,1.0763998588532617,0.28434103624185236,0.9797364781042668
GOBP,GOBP_KETONE_BIOSYNTHETIC_PROCESS,GOBP|GOBP_KETONE_BIOSYNTHETIC_PROCESS,interaction,0.007221415470537562,0.7947883248667916,0.4286207911220088,0.9797364781042668
GOBP,GOBP_KETONE_METABOLIC_PROCESS,GOBP|GOBP_KETONE_METABOLIC_PROCESS,interaction,-7.647987206682583e-4,-0.16044452248767385,0.8728549034677962,0.9841755288376021
GOBP,GOBP_LAMELLIPODIUM_ORGANIZATION,GOBP|GOBP_LAMELLIPODIUM_ORGANIZATION,interaction,-0.013354079080586598,-1.373063955969357,0.1728065721843318,0.9797364781042668
GOBP,GOBP_LEARNING,GOBP|GOBP_LEARNING,interaction,-0.005721066852619694,-0.6328222590644722,0.5282955958223473,0.9797364781042668
GOBP,GOBP_LEUKOCYTE_CELL_CELL_ADHESION,GOBP|GOBP_LEUKOCYTE_CELL_CELL_ADHESION,interaction,-0.00742133105379969,-0.8469578798714943,0.3990430044968285,0.9797364781042668
GOBP,GOBP_LEUKOCYTE_CHEMOTAXIS,GOBP|GOBP_LEUKOCYTE_CHEMOTAXIS,interaction,-0.004864530055726651,-0.5742322162059527,0.5671013981978528,0.9797364781042668
GOBP,GOBP_LEUKOCYTE_HOMEOSTASIS,GOBP|GOBP_LEUKOCYTE_HOMEOSTASIS,interaction,7.758637608926422e-4,0.17054634657331358,0.8649254152292636,0.9801210755159755
GOBP,GOBP_LEUKOCYTE_MEDIATED_IMMUNITY,GOBP|GOBP_LEUKOCYTE_MEDIATED_IMMUNITY,interaction,-0.002965483785277598,-0.3844372523947719,0.701471516200833,0.9797364781042668
GOBP,GOBP_LEUKOCYTE_MIGRATION,GOBP|GOBP_LEUKOCYTE_MIGRATION,interaction,-0.008342205060650448,-0.859381569599826,0.3921875130918362,0.9797364781042668
GOBP,GOBP_LEUKOCYTE_PROLIFERATION,GOBP|GOBP_LEUKOCYTE_PROLIFERATION,interaction,-6.467697321695873e-4,-0.07591320966690991,0.9396399638222542,0.9918699649654573
GOBP,GOBP_LIMBIC_SYSTEM_DEVELOPMENT,GOBP|GOBP_LIMBIC_SYSTEM_DEVELOPMENT,interaction,-0.004900309024783278,-0.9885497817659543,0.32527172417927874,0.9797364781042668
GOBP,GOBP_LIPID_CATABOLIC_PROCESS,GOBP|GOBP_LIPID_CATABOLIC_PROCESS,interaction,0.004830401618144908,0.9022891376853288,0.3690736275807739,0.9797364781042668
GOBP,GOBP_LIPID_DROPLET_ORGANIZATION,GOBP|GOBP_LIPID_DROPLET_ORGANIZATION,interaction,9.054123232678374e-4,0.11018171670762447,0.9124863008830524,0.9858240118010856
GOBP,GOBP_LIPID_HOMEOSTASIS,GOBP|GOBP_LIPID_HOMEOSTASIS,interaction,-0.010912554557237025,-1.6406430976314361,0.10401645595508055,0.9797364781042668
GOBP,GOBP_LIPID_LOCALIZATION,GOBP|GOBP_LIPID_LOCALIZATION,interaction,-9.784530043400325e-4,-0.17945958606507714,0.8579403327478843,0.9797364781042668
GOBP,GOBP_LIPOPROTEIN_METABOLIC_PROCESS,GOBP|GOBP_LIPOPROTEIN_METABOLIC_PROCESS,interaction,-3.191360065595613e-4,-0.03802447979084825,0.9697440455326509,0.9994673428431168
GOBP,GOBP_LOCOMOTORY_BEHAVIOR,GOBP|GOBP_LOCOMOTORY_BEHAVIOR,interaction,3.6532129903864285e-4,0.04496901734397694,0.9642217701963858,0.9975592250170054
GOBP,GOBP_LONG_CHAIN_FATTY_ACID_METABOLIC_PROCESS,GOBP|GOBP_LONG_CHAIN_FATTY_ACID_METABOLIC_PROCESS,interaction,0.00353447837572686,0.5459417960494053,0.5863230266491657,0.9797364781042668
GOBP,GOBP_LYMPHOCYTE_MIGRATION,GOBP|GOBP_LYMPHOCYTE_MIGRATION,interaction,-0.005865348689144116,-0.5539576954214385,0.5808456515037945,0.9797364781042668
GOBP,GOBP_LYTIC_VACUOLE_ORGANIZATION,GOBP|GOBP_LYTIC_VACUOLE_ORGANIZATION,interaction,-0.009208227157645105,-0.94069488013431,0.3491303216354896,0.9797364781042668
GOBP,GOBP_L_AMINO_ACID_METABOLIC_PROCESS,GOBP|GOBP_L_AMINO_ACID_METABOLIC_PROCESS,interaction,0.005174654604566703,0.8605148709501348,0.3915657773340855,0.9797364781042668
GOBP,GOBP_MACROAUTOPHAGY,GOBP|GOBP_MACROAUTOPHAGY,interaction,0.002875315986134482,0.6330769112703636,0.5281299765162324,0.9797364781042668
GOBP,GOBP_MAINTENANCE_OF_CELL_NUMBER,GOBP|GOBP_MAINTENANCE_OF_CELL_NUMBER,interaction,-0.0025180555138117067,-0.28633604836744636,0.7752137030374008,0.9797364781042668
GOBP,GOBP_MAINTENANCE_OF_LOCATION,GOBP|GOBP_MAINTENANCE_OF_LOCATION,interaction,0.0010810184162323433,0.21831486730321062,0.8276291348568796,0.9797364781042668
GOBP,GOBP_MAINTENANCE_OF_PROTEIN_LOCATION,GOBP|GOBP_MAINTENANCE_OF_PROTEIN_LOCATION,interaction,4.6556314809197835e-4,0.05104651442021674,0.9593903825931545,0.9975592250170054
GOBP,GOBP_MAMMARY_GLAND_DEVELOPMENT,GOBP|GOBP_MAMMARY_GLAND_DEVELOPMENT,interaction,-0.013488186819710923,-2.2522316173330865,0.026495845420473115,0.9797364781042668
GOBP,GOBP_MEIOTIC_CELL_CYCLE,GOBP|GOBP_MEIOTIC_CELL_CYCLE,interaction,0.002041547122135945,0.44944330405119853,0.6540854874140964,0.9797364781042668
GOBP,GOBP_MEIOTIC_CELL_CYCLE_PROCESS,GOBP|GOBP_MEIOTIC_CELL_CYCLE_PROCESS,interaction,-0.0028828138804580794,-0.4420075223671907,0.6594391332567391,0.9797364781042668
GOBP,GOBP_MEMBRANELESS_ORGANELLE_ASSEMBLY,GOBP|GOBP_MEMBRANELESS_ORGANELLE_ASSEMBLY,interaction,-0.00842382635496225,-0.7957974485939069,0.4280366516726831,0.9797364781042668
GOBP,GOBP_MEMBRANE_BIOGENESIS,GOBP|GOBP_MEMBRANE_BIOGENESIS,interaction,-0.005564853318291131,-0.5952285247516715,0.553036677134515,0.9797364781042668
GOBP,GOBP_MEMBRANE_DEPOLARIZATION,GOBP|GOBP_MEMBRANE_DEPOLARIZATION,interaction,-0.004037053520682871,-0.6828568154570173,0.4962778146449499,0.9797364781042668
GOBP,GOBP_MEMBRANE_DOCKING,GOBP|GOBP_MEMBRANE_DOCKING,interaction,-0.0035345232522133625,-0.4518881660891531,0.6523291466691347,0.9797364781042668
GOBP,GOBP_MEMBRANE_FISSION,GOBP|GOBP_MEMBRANE_FISSION,interaction,0.00150845998326294,0.14503820858011407,0.8849729226663574,0.9858240118010856
GOBP,GOBP_MEMBRANE_INVAGINATION,GOBP|GOBP_MEMBRANE_INVAGINATION,interaction,-0.0051343865627899166,-0.5926820313982928,0.5547331987173016,0.9797364781042668
GOBP,GOBP_MEMBRANE_LIPID_METABOLIC_PROCESS,GOBP|GOBP_MEMBRANE_LIPID_METABOLIC_PROCESS,interaction,0.002894819118385454,0.3346578327632569,0.7385848211972346,0.9797364781042668
GOBP,GOBP_MEMBRANE_REPOLARIZATION,GOBP|GOBP_MEMBRANE_REPOLARIZATION,interaction,-0.02328521940178277,-3.0905430133138654,0.002588691870506552,0.9797364781042668
GOBP,GOBP_MEMORY,GOBP|GOBP_MEMORY,interaction,0.001672690931259102,0.18012451906206153,0.8574196865446655,0.9797364781042668
GOBP,GOBP_MESENCHYME_DEVELOPMENT,GOBP|GOBP_MESENCHYME_DEVELOPMENT,interaction,-0.004574786231839642,-0.5140183420365289,0.6083743048731671,0.9797364781042668
GOBP,GOBP_MESODERM_DEVELOPMENT,GOBP|GOBP_MESODERM_DEVELOPMENT,interaction,-0.004869595538334824,-0.5248347138608809,0.6008608536938387,0.9797364781042668
GOBP,GOBP_METABOLIC_COMPOUND_SALVAGE,GOBP|GOBP_METABOLIC_COMPOUND_SALVAGE,interaction,0.008037423462076046,0.5912149158911881,0.5557117899621276,0.9797364781042668
GOBP,GOBP_METALLO_SULFUR_CLUSTER_ASSEMBLY,GOBP|GOBP_METALLO_SULFUR_CLUSTER_ASSEMBLY,interaction,3.0000871043549124e-4,0.02681464448978483,0.9786610645933533,0.9994673428431168
GOBP,GOBP_METHYLATION,GOBP|GOBP_METHYLATION,interaction,0.015376756523375147,2.080044513823986,0.04008116245641336,0.9797364781042668
GOBP,GOBP_MICROTUBULE_ORGANIZING_CENTER_ORGANIZATION,GOBP|GOBP_MICROTUBULE_ORGANIZING_CENTER_ORGANIZATION,interaction,0.004628425329518276,0.5821986850372527,0.5617444854842094,0.9797364781042668
GOBP,GOBP_MICROTUBULE_POLYMERIZATION_OR_DEPOLYMERIZATION,GOBP|GOBP_MICROTUBULE_POLYMERIZATION_OR_DEPOLYMERIZATION,interaction,-0.0014761974733681522,-0.18113749169160717,0.8566266444780923,0.9797364781042668
GOBP,GOBP_MIDBRAIN_DEVELOPMENT,GOBP|GOBP_MIDBRAIN_DEVELOPMENT,interaction,-1.1870164988775356e-4,-0.02200588864195542,0.9824871520169093,0.9994673428431168
GOBP,GOBP_MIRNA_METABOLIC_PROCESS,GOBP|GOBP_MIRNA_METABOLIC_PROCESS,interaction,-0.0021566087127193947,-0.19850256224959698,0.8430552820179855,0.9797364781042668
GOBP,GOBP_MITOCHONDRIAL_ELECTRON_TRANSPORT_CYTOCHROME_C_TO_OXYGEN,GOBP|GOBP_MITOCHONDRIAL_ELECTRON_TRANSPORT_CYTOCHROME_C_TO_OXYGEN,interaction,0.00391954396910732,0.4850740456315291,0.628685824625583,0.9797364781042668
GOBP,GOBP_MITOCHONDRIAL_ELECTRON_TRANSPORT_NADH_TO_UBIQUINONE,GOBP|GOBP_MITOCHONDRIAL_ELECTRON_TRANSPORT_NADH_TO_UBIQUINONE,interaction,0.0035100267502153337,0.38288633862569654,0.702617507729466,0.9797364781042668
GOBP,GOBP_MITOCHONDRIAL_FISSION,GOBP|GOBP_MITOCHONDRIAL_FISSION,interaction,-0.010048054050274167,-0.9265550997640474,0.35639058638067356,0.9797364781042668
GOBP,GOBP_MITOCHONDRIAL_FUSION,GOBP|GOBP_MITOCHONDRIAL_FUSION,interaction,-0.01168681330492384,-1.0036870198338108,0.31795440388286356,0.9797364781042668
GOBP,GOBP_MITOCHONDRIAL_GENE_EXPRESSION,GOBP|GOBP_MITOCHONDRIAL_GENE_EXPRESSION,interaction,9.606793610536513e-5,0.006461757189191043,0.9948571856077976,0.9994673428431168
GOBP,GOBP_MITOCHONDRIAL_MEMBRANE_ORGANIZATION,GOBP|GOBP_MITOCHONDRIAL_MEMBRANE_ORGANIZATION,interaction,-0.002790817012232494,-0.3269519335641452,0.7443882956016263,0.9797364781042668
GOBP,GOBP_MITOCHONDRIAL_RESPIRATORY_CHAIN_COMPLEX_ASSEMBLY,GOBP|GOBP_MITOCHONDRIAL_RESPIRATORY_CHAIN_COMPLEX_ASSEMBLY,interaction,0.008300985923824139,0.73783286385524,0.46234563742999046,0.9797364781042668
GOBP,GOBP_MITOCHONDRIAL_RNA_METABOLIC_PROCESS,GOBP|GOBP_MITOCHONDRIAL_RNA_METABOLIC_PROCESS,interaction,0.005616821886432123,0.45334589084288013,0.6512828755845314,0.9797364781042668
GOBP,GOBP_MITOCHONDRIAL_TRANSPORT,GOBP|GOBP_MITOCHONDRIAL_TRANSPORT,interaction,9.208390791392296e-4,0.12374694591339104,0.9017642752354047,0.9858240118010856
GOBP,GOBP_MITOCHONDRION_LOCALIZATION,GOBP|GOBP_MITOCHONDRION_LOCALIZATION,interaction,-0.009477933781933887,-0.9035932466062686,0.368384848536905,0.9797364781042668
GOBP,GOBP_MITOCHONDRION_ORGANIZATION,GOBP|GOBP_MITOCHONDRION_ORGANIZATION,interaction,0.002630074127450102,0.3349330340814304,0.7383778383652674,0.9797364781042668
GOBP,GOBP_MITOTIC_CELL_CYCLE_PHASE_TRANSITION,GOBP|GOBP_MITOTIC_CELL_CYCLE_PHASE_TRANSITION,interaction,0.0021103755568434995,0.46802383740148873,0.6407870094175585,0.9797364781042668
GOBP,GOBP_MITOTIC_SPINDLE_ASSEMBLY,GOBP|GOBP_MITOTIC_SPINDLE_ASSEMBLY,interaction,-0.0023690345125732606,-0.2532384939410213,0.8006043151944473,0.9797364781042668
GOBP,GOBP_MODIFICATION_OF_SYNAPTIC_STRUCTURE,GOBP|GOBP_MODIFICATION_OF_SYNAPTIC_STRUCTURE,interaction,-0.0038399970165149365,-0.33376258767896727,0.7392582807539745,0.9797364781042668
GOBP,GOBP_MODIFIED_AMINO_ACID_BIOSYNTHETIC_PROCESS,GOBP|GOBP_MODIFIED_AMINO_ACID_BIOSYNTHETIC_PROCESS,interaction,0.012008921447777265,1.8802890678854298,0.06298183574505882,0.9797364781042668
GOBP,GOBP_MODIFIED_AMINO_ACID_METABOLIC_PROCESS,GOBP|GOBP_MODIFIED_AMINO_ACID_METABOLIC_PROCESS,interaction,0.006732949160957125,1.3952751464701518,0.1660268863774068,0.9797364781042668
GOBP,GOBP_MODULATION_OF_PROCESS_OF_ANOTHER_ORGANISM,GOBP|GOBP_MODULATION_OF_PROCESS_OF_ANOTHER_ORGANISM,interaction,-0.011718016906563225,-1.1101500159669089,0.269599388516739,0.9797364781042668
GOBP,GOBP_MONOATOMIC_ANION_TRANSPORT,GOBP|GOBP_MONOATOMIC_ANION_TRANSPORT,interaction,-0.010904344125173937,-0.985695943613575,0.3266636283308275,0.9797364781042668
GOBP,GOBP_MONOCARBOXYLIC_ACID_CATABOLIC_PROCESS,GOBP|GOBP_MONOCARBOXYLIC_ACID_CATABOLIC_PROCESS,interaction,0.004579573970794559,0.7526797013452798,0.4534123659617749,0.9797364781042668
GOBP,GOBP_MONOSACCHARIDE_CATABOLIC_PROCESS,GOBP|GOBP_MONOSACCHARIDE_CATABOLIC_PROCESS,interaction,0.006667657916969272,1.05389059284113,0.2944752783817828,0.9797364781042668
GOBP,GOBP_MONOSACCHARIDE_METABOLIC_PROCESS,GOBP|GOBP_MONOSACCHARIDE_METABOLIC_PROCESS,interaction,0.005611039212237712,1.1647900305080645,0.2468778763613469,0.9797364781042668
GOBP,GOBP_MORPHOGENESIS_OF_A_BRANCHING_STRUCTURE,GOBP|GOBP_MORPHOGENESIS_OF_A_BRANCHING_STRUCTURE,interaction,-0.007764391430045273,-0.993613420186198,0.3228116863176187,0.9797364781042668
GOBP,GOBP_MULTICELLULAR_ORGANISMAL_LEVEL_CHEMICAL_HOMEOSTASIS,GOBP|GOBP_MULTICELLULAR_ORGANISMAL_LEVEL_CHEMICAL_HOMEOSTASIS,interaction,0.003687342382404646,0.44846558691441274,0.6547884054444648,0.9797364781042668
GOBP,GOBP_MULTICELLULAR_ORGANISMAL_RESPONSE_TO_STRESS,GOBP|GOBP_MULTICELLULAR_ORGANISMAL_RESPONSE_TO_STRESS,interaction,0.006959452917837575,0.7138302135582744,0.4769965987558328,0.9797364781042668
GOBP,GOBP_MULTICELLULAR_ORGANISM_GROWTH,GOBP|GOBP_MULTICELLULAR_ORGANISM_GROWTH,interaction,-0.003293894317999431,-0.5075159055917282,0.6129114879388735,0.9797364781042668
GOBP,GOBP_MULTI_MULTICELLULAR_ORGANISM_PROCESS,GOBP|GOBP_MULTI_MULTICELLULAR_ORGANISM_PROCESS,interaction,0.007953649882249862,0.9568256958872232,0.34096501476046914,0.9797364781042668
GOBP,GOBP_MUSCLE_ADAPTATION,GOBP|GOBP_MUSCLE_ADAPTATION,interaction,-0.006828468517692726,-0.5917450437740596,0.5553580868666774,0.9797364781042668
GOBP,GOBP_MUSCLE_CELL_APOPTOTIC_PROCESS,GOBP|GOBP_MUSCLE_CELL_APOPTOTIC_PROCESS,interaction,-0.004418691396847002,-0.5808169985247655,0.5626717942130455,0.9797364781042668
GOBP,GOBP_MUSCLE_CELL_DIFFERENTIATION,GOBP|GOBP_MUSCLE_CELL_DIFFERENTIATION,interaction,-0.010934086581342789,-0.673680013072233,0.502070464982399,0.9797364781042668
GOBP,GOBP_MUSCLE_CELL_MIGRATION,GOBP|GOBP_MUSCLE_CELL_MIGRATION,interaction,-0.005660218229730062,-0.4339336351720953,0.6652723160877807,0.9797364781042668
GOBP,GOBP_MUSCLE_CELL_PROLIFERATION,GOBP|GOBP_MUSCLE_CELL_PROLIFERATION,interaction,-0.0040993471237554605,-0.4875293948896863,0.6269513789394627,0.9797364781042668
GOBP,GOBP_MUSCLE_CONTRACTION,GOBP|GOBP_MUSCLE_CONTRACTION,interaction,-0.007044767770140237,-0.5314075794178449,0.5963159835411078,0.9797364781042668
GOBP,GOBP_MUSCLE_ORGAN_MORPHOGENESIS,GOBP|GOBP_MUSCLE_ORGAN_MORPHOGENESIS,interaction,-0.011418771571126168,-0.815435734713385,0.4167628167194395,0.9797364781042668
GOBP,GOBP_MUSCLE_TISSUE_DEVELOPMENT,GOBP|GOBP_MUSCLE_TISSUE_DEVELOPMENT,interaction,-0.00607946007856619,-0.6194999926922261,0.536997352202687,0.9797364781042668
GOBP,GOBP_MYELOID_CELL_DIFFERENTIATION,GOBP|GOBP_MYELOID_CELL_DIFFERENTIATION,interaction,-0.0018439252339983864,-0.334334195598936,0.7388282579263925,0.9797364781042668
GOBP,GOBP_MYELOID_LEUKOCYTE_ACTIVATION,GOBP|GOBP_MYELOID_LEUKOCYTE_ACTIVATION,interaction,-0.002542675772003636,-0.2632641682725446,0.79288919491141,0.9797364781042668
GOBP,GOBP_MYELOID_LEUKOCYTE_DIFFERENTIATION,GOBP|GOBP_MYELOID_LEUKOCYTE_DIFFERENTIATION,interaction,-0.004403669851631548,-0.5915864810818339,0.5554638687237936,0.9797364781042668
GOBP,GOBP_MYELOID_LEUKOCYTE_MEDIATED_IMMUNITY,GOBP|GOBP_MYELOID_LEUKOCYTE_MEDIATED_IMMUNITY,interaction,-0.0048085851706281026,-0.40635240811376827,0.685352842867869,0.9797364781042668
GOBP,GOBP_MYOBLAST_DIFFERENTIATION,GOBP|GOBP_MYOBLAST_DIFFERENTIATION,interaction,-0.013634044696249542,-1.9517475762874659,0.05376818186034046,0.9797364781042668
GOBP,GOBP_MYOTUBE_CELL_DEVELOPMENT,GOBP|GOBP_MYOTUBE_CELL_DEVELOPMENT,interaction,0.009847864851023957,0.5973168290515392,0.5516473393446263,0.9797364781042668
GOBP,GOBP_MYOTUBE_DIFFERENTIATION,GOBP|GOBP_MYOTUBE_DIFFERENTIATION,interaction,-0.015248903247507356,-0.8475475137122559,0.3987159938128425,0.9797364781042668
GOBP,GOBP_NADH_DEHYDROGENASE_COMPLEX_ASSEMBLY,GOBP|GOBP_NADH_DEHYDROGENASE_COMPLEX_ASSEMBLY,interaction,-0.004005604940574614,-0.379519102215973,0.7051079652260842,0.9797364781042668
GOBP,GOBP_NADPLUS_METABOLIC_PROCESS,GOBP|GOBP_NADPLUS_METABOLIC_PROCESS,interaction,0.014085551671836338,2.4613447604311407,0.015555719544239215,0.9797364781042668
GOBP,GOBP_NADPPLUS_METABOLIC_PROCESS,GOBP|GOBP_NADPPLUS_METABOLIC_PROCESS,interaction,0.0067086219734590335,0.7244488786564399,0.47048345812234893,0.9797364781042668
GOBP,GOBP_NEGATIVE_REGULATION_OF_ACTIN_FILAMENT_POLYMERIZATION,GOBP|GOBP_NEGATIVE_REGULATION_OF_ACTIN_FILAMENT_POLYMERIZATION,interaction,0.0050048947754110645,0.2472377751808342,0.8052316033806821,0.9797364781042668
GOBP,GOBP_NEGATIVE_REGULATION_OF_AUTOPHAGY,GOBP|GOBP_NEGATIVE_REGULATION_OF_AUTOPHAGY,interaction,0.009205083504960382,1.094462303465973,0.2763840693143473,0.9797364781042668
GOBP,GOBP_NEGATIVE_REGULATION_OF_CALCIUM_ION_TRANSPORT,GOBP|GOBP_NEGATIVE_REGULATION_OF_CALCIUM_ION_TRANSPORT,interaction,0.0034544625509980165,0.4547884489463547,0.6502481760961863,0.9797364781042668
GOBP,GOBP_NEGATIVE_REGULATION_OF_CANONICAL_NF_KAPPAB_SIGNAL_TRANSDUCTION,GOBP|GOBP_NEGATIVE_REGULATION_OF_CANONICAL_NF_KAPPAB_SIGNAL_TRANSDUCTION,interaction,0.010892698123441565,1.1845513595311337,0.23900536993124508,0.9797364781042668
GOBP,GOBP_NEGATIVE_REGULATION_OF_CARBOHYDRATE_METABOLIC_PROCESS,GOBP|GOBP_NEGATIVE_REGULATION_OF_CARBOHYDRATE_METABOLIC_PROCESS,interaction,0.0014159936044786658,0.1416419023653738,0.8876481094939707,0.9858240118010856
GOBP,GOBP_NEGATIVE_REGULATION_OF_CATABOLIC_PROCESS,GOBP|GOBP_NEGATIVE_REGULATION_OF_CATABOLIC_PROCESS,interaction,-0.0021291088466237583,-0.5130476662106209,0.6090506451066029,0.9797364781042668
GOBP,GOBP_NEGATIVE_REGULATION_OF_CELL_ACTIVATION,GOBP|GOBP_NEGATIVE_REGULATION_OF_CELL_ACTIVATION,interaction,0.002350534118882308,0.26701890089193375,0.7900050358798572,0.9797364781042668
GOBP,GOBP_NEGATIVE_REGULATION_OF_CELL_ADHESION,GOBP|GOBP_NEGATIVE_REGULATION_OF_CELL_ADHESION,interaction,-0.007733161213862166,-1.0093772050530974,0.31523230870488084,0.9797364781042668
GOBP,GOBP_NEGATIVE_REGULATION_OF_CELL_CYCLE,GOBP|GOBP_NEGATIVE_REGULATION_OF_CELL_CYCLE,interaction,0.0058759517797087185,0.9180629446128084,0.3607970956061314,0.9797364781042668
GOBP,GOBP_NEGATIVE_REGULATION_OF_CELL_DEVELOPMENT,GOBP|GOBP_NEGATIVE_REGULATION_OF_CELL_DEVELOPMENT,interaction,-0.0021650465546980135,-0.38168034643223836,0.7035091065608862,0.9797364781042668
GOBP,GOBP_NEGATIVE_REGULATION_OF_CELL_PROJECTION_ORGANIZATION,GOBP|GOBP_NEGATIVE_REGULATION_OF_CELL_PROJECTION_ORGANIZATION,interaction,-0.008666635826105315,-1.1160631493918007,0.267072404543201,0.9797364781042668
GOBP,GOBP_NEGATIVE_REGULATION_OF_CYTOKINE_PRODUCTION,GOBP|GOBP_NEGATIVE_REGULATION_OF_CYTOKINE_PRODUCTION,interaction,-0.003458839847069982,-0.5628407488213812,0.5748042917940452,0.9797364781042668
GOBP,GOBP_NEGATIVE_REGULATION_OF_DNA_METABOLIC_PROCESS,GOBP|GOBP_NEGATIVE_REGULATION_OF_DNA_METABOLIC_PROCESS,interaction,-0.006263079195451826,-0.682133512706495,0.49673306597810296,0.9797364781042668
GOBP,GOBP_NEGATIVE_REGULATION_OF_ENDOCYTOSIS,GOBP|GOBP_NEGATIVE_REGULATION_OF_ENDOCYTOSIS,interaction,-0.00435560749210423,-0.4662561471025627,0.6420472441646031,0.9797364781042668
GOBP,GOBP_NEGATIVE_REGULATION_OF_EPITHELIAL_CELL_PROLIFERATION,GOBP|GOBP_NEGATIVE_REGULATION_OF_EPITHELIAL_CELL_PROLIFERATION,interaction,0.0013456149894496006,0.12715887424290695,0.8990702512112224,0.9858240118010856
GOBP,GOBP_NEGATIVE_REGULATION_OF_ESTABLISHMENT_OF_PROTEIN_LOCALIZATION,GOBP|GOBP_NEGATIVE_REGULATION_OF_ESTABLISHMENT_OF_PROTEIN_LOCALIZATION,interaction,-0.0011135464075065216,-0.19298920238540573,0.8473592307511453,0.9797364781042668
GOBP,GOBP_NEGATIVE_REGULATION_OF_GROWTH,GOBP|GOBP_NEGATIVE_REGULATION_OF_GROWTH,interaction,-0.011569366444624432,-1.843346970157809,0.06824297225860024,0.9797364781042668
GOBP,GOBP_NEGATIVE_REGULATION_OF_IMMUNE_EFFECTOR_PROCESS,GOBP|GOBP_NEGATIVE_REGULATION_OF_IMMUNE_EFFECTOR_PROCESS,interaction,-0.010058912347784638,-0.970135224572193,0.33432205689364547,0.9797364781042668
GOBP,GOBP_NEGATIVE_REGULATION_OF_IMMUNE_RESPONSE,GOBP|GOBP_NEGATIVE_REGULATION_OF_IMMUNE_RESPONSE,interaction,-0.008141048689212782,-1.2194486930738966,0.22554522891609052,0.9797364781042668
GOBP,GOBP_NEGATIVE_REGULATION_OF_INFLAMMATORY_RESPONSE,GOBP|GOBP_NEGATIVE_REGULATION_OF_INFLAMMATORY_RESPONSE,interaction,-0.0026413442815558796,-0.5712661242004125,0.5691022239886583,0.9797364781042668
GOBP,GOBP_NEGATIVE_REGULATION_OF_INTRACELLULAR_TRANSPORT,GOBP|GOBP_NEGATIVE_REGULATION_OF_INTRACELLULAR_TRANSPORT,interaction,-3.3573322669455674e-5,-0.004816881753010526,0.9961663050093089,0.9994673428431168
GOBP,GOBP_NEGATIVE_REGULATION_OF_INTRINSIC_APOPTOTIC_SIGNALING_PATHWAY,GOBP|GOBP_NEGATIVE_REGULATION_OF_INTRINSIC_APOPTOTIC_SIGNALING_PATHWAY,interaction,-0.005207364378104165,-1.1586250195975887,0.2493712144621262,0.9797364781042668
GOBP,GOBP_NEGATIVE_REGULATION_OF_KINASE_ACTIVITY,GOBP|GOBP_NEGATIVE_REGULATION_OF_KINASE_ACTIVITY,interaction,-0.007965246606296938,-1.0255105891861724,0.3075990843384852,0.9797364781042668
GOBP,GOBP_NEGATIVE_REGULATION_OF_LIPID_METABOLIC_PROCESS,GOBP|GOBP_NEGATIVE_REGULATION_OF_LIPID_METABOLIC_PROCESS,interaction,-0.015493625745162328,-1.4524644063014156,0.14950618075028085,0.9797364781042668
GOBP,GOBP_NEGATIVE_REGULATION_OF_LOCOMOTION,GOBP|GOBP_NEGATIVE_REGULATION_OF_LOCOMOTION,interaction,-0.004187233020046602,-0.6240614761851007,0.5340096942488709,0.9797364781042668
GOBP,GOBP_NEGATIVE_REGULATION_OF_MAPK_CASCADE,GOBP|GOBP_NEGATIVE_REGULATION_OF_MAPK_CASCADE,interaction,-0.006639721539031251,-1.334547771599117,0.1850581743916984,0.9797364781042668
GOBP,GOBP_NEGATIVE_REGULATION_OF_MITOTIC_CELL_CYCLE_PHASE_TRANSITION,GOBP|GOBP_NEGATIVE_REGULATION_OF_MITOTIC_CELL_CYCLE_PHASE_TRANSITION,interaction,0.007344703106372988,0.8408428596215947,0.40244404510527454,0.9797364781042668
GOBP,GOBP_NEGATIVE_REGULATION_OF_MOLECULAR_FUNCTION,GOBP|GOBP_NEGATIVE_REGULATION_OF_MOLECULAR_FUNCTION,interaction,-0.0010528711370041688,-0.23484252022397306,0.8148116402053969,0.9797364781042668
GOBP,GOBP_NEGATIVE_REGULATION_OF_MRNA_METABOLIC_PROCESS,GOBP|GOBP_NEGATIVE_REGULATION_OF_MRNA_METABOLIC_PROCESS,interaction,0.0013029316290952987,0.11876562862531358,0.9056995274377216,0.9858240118010856
GOBP,GOBP_NEGATIVE_REGULATION_OF_NERVOUS_SYSTEM_DEVELOPMENT,GOBP|GOBP_NEGATIVE_REGULATION_OF_NERVOUS_SYSTEM_DEVELOPMENT,interaction,-0.0051348678085541,-0.5475077206944614,0.5852510996161628,0.9797364781042668
GOBP,GOBP_NEGATIVE_REGULATION_OF_ORGANELLE_ORGANIZATION,GOBP|GOBP_NEGATIVE_REGULATION_OF_ORGANELLE_ORGANIZATION,interaction,0.0010482988046822857,0.14488981537780032,0.8850897807680804,0.9858240118010856
GOBP,GOBP_NEGATIVE_REGULATION_OF_PHOSPHORUS_METABOLIC_PROCESS,GOBP|GOBP_NEGATIVE_REGULATION_OF_PHOSPHORUS_METABOLIC_PROCESS,interaction,-0.0038843517779970776,-0.6729865797058635,0.5025096502420072,0.9797364781042668
GOBP,GOBP_NEGATIVE_REGULATION_OF_PROTEASOMAL_UBIQUITIN_DEPENDENT_PROTEIN_CATABOLIC_PROCESS,GOBP|GOBP_NEGATIVE_REGULATION_OF_PROTEASOMAL_UBIQUITIN_DEPENDENT_PROTEIN_CATABOLIC_PROCESS,interaction,-0.011488091546207647,-1.2618486701766582,0.2099414217753137,0.9797364781042668
GOBP,GOBP_NEGATIVE_REGULATION_OF_PROTEIN_CATABOLIC_PROCESS,GOBP|GOBP_NEGATIVE_REGULATION_OF_PROTEIN_CATABOLIC_PROCESS,interaction,-0.0018942660860622532,-0.2732247097620559,0.7852445209118781,0.9797364781042668
GOBP,GOBP_NEGATIVE_REGULATION_OF_PROTEIN_CONTAINING_COMPLEX_ASSEMBLY,GOBP|GOBP_NEGATIVE_REGULATION_OF_PROTEIN_CONTAINING_COMPLEX_ASSEMBLY,interaction,0.004430577492287369,0.45040784367450143,0.6533923482077507,0.9797364781042668
GOBP,GOBP_NEGATIVE_REGULATION_OF_PROTEIN_LOCALIZATION,GOBP|GOBP_NEGATIVE_REGULATION_OF_PROTEIN_LOCALIZATION,interaction,-0.0038714570346361776,-0.8633361894241819,0.39002062498861234,0.9797364781042668
GOBP,GOBP_NEGATIVE_REGULATION_OF_PROTEIN_MODIFICATION_PROCESS,GOBP|GOBP_NEGATIVE_REGULATION_OF_PROTEIN_MODIFICATION_PROCESS,interaction,-0.005221333004654445,-1.0216811771517376,0.30939956694773835,0.9797364781042668
GOBP,GOBP_NEGATIVE_REGULATION_OF_PROTEIN_UBIQUITINATION,GOBP|GOBP_NEGATIVE_REGULATION_OF_PROTEIN_UBIQUITINATION,interaction,0.0022572547623352607,0.27605610268550274,0.7830752353511141,0.9797364781042668
GOBP,GOBP_NEGATIVE_REGULATION_OF_PROTEOLYSIS,GOBP|GOBP_NEGATIVE_REGULATION_OF_PROTEOLYSIS,interaction,-0.003271027967248555,-0.5148432458532145,0.6077998016768749,0.9797364781042668
GOBP,GOBP_NEGATIVE_REGULATION_OF_REACTIVE_OXYGEN_SPECIES_METABOLIC_PROCESS,GOBP|GOBP_NEGATIVE_REGULATION_OF_REACTIVE_OXYGEN_SPECIES_METABOLIC_PROCESS,interaction,-0.0014874314042483128,-0.21499339114097654,0.8302107525553802,0.9797364781042668
GOBP,GOBP_NEGATIVE_REGULATION_OF_RESPONSE_TO_BIOTIC_STIMULUS,GOBP|GOBP_NEGATIVE_REGULATION_OF_RESPONSE_TO_BIOTIC_STIMULUS,interaction,-0.0033146122502239334,-0.4693730604285224,0.63982581804862,0.9797364781042668
GOBP,GOBP_NEGATIVE_REGULATION_OF_RESPONSE_TO_EXTERNAL_STIMULUS,GOBP|GOBP_NEGATIVE_REGULATION_OF_RESPONSE_TO_EXTERNAL_STIMULUS,interaction,-3.533546682521482e-5,-0.009366560873710548,0.992545354176179,0.9994673428431168
GOBP,GOBP_NEGATIVE_REGULATION_OF_SECRETION,GOBP|GOBP_NEGATIVE_REGULATION_OF_SECRETION,interaction,-0.006717013918948578,-0.7388853282107984,0.4617091092177479,0.9797364781042668
GOBP,GOBP_NEGATIVE_REGULATION_OF_SMALL_MOLECULE_METABOLIC_PROCESS,GOBP|GOBP_NEGATIVE_REGULATION_OF_SMALL_MOLECULE_METABOLIC_PROCESS,interaction,0.0026465253785023235,0.3500337238783705,0.7270502809130757,0.9797364781042668
GOBP,GOBP_NEGATIVE_REGULATION_OF_SMOOTH_MUSCLE_CELL_PROLIFERATION,GOBP|GOBP_NEGATIVE_REGULATION_OF_SMOOTH_MUSCLE_CELL_PROLIFERATION,interaction,-0.006347519232281801,-0.5762960283513534,0.5657112415648777,0.9797364781042668
GOBP,GOBP_NEGATIVE_REGULATION_OF_SUPRAMOLECULAR_FIBER_ORGANIZATION,GOBP|GOBP_NEGATIVE_REGULATION_OF_SUPRAMOLECULAR_FIBER_ORGANIZATION,interaction,8.720614402663723e-4,0.07836382581332309,0.937695394398059,0.9912051859262092
GOBP,GOBP_NEGATIVE_REGULATION_OF_TOR_SIGNALING,GOBP|GOBP_NEGATIVE_REGULATION_OF_TOR_SIGNALING,interaction,-0.002044542636245421,-0.21844174702508246,0.8275305548667197,0.9797364781042668
GOBP,GOBP_NEGATIVE_REGULATION_OF_TRANSLATION,GOBP|GOBP_NEGATIVE_REGULATION_OF_TRANSLATION,interaction,-0.0033846942771203342,-0.43242595886741264,0.6663638708799273,0.9797364781042668
GOBP,GOBP_NEGATIVE_REGULATION_OF_TRANSMEMBRANE_TRANSPORT,GOBP|GOBP_NEGATIVE_REGULATION_OF_TRANSMEMBRANE_TRANSPORT,interaction,-0.004389650104776627,-0.7518834622958503,0.45388893656592144,0.9797364781042668
GOBP,GOBP_NEGATIVE_REGULATION_OF_TRANSPORT,GOBP|GOBP_NEGATIVE_REGULATION_OF_TRANSPORT,interaction,-0.005484010261668781,-1.1577889182572014,0.24971073294891616,0.9797364781042668
GOBP,GOBP_NEGATIVE_REGULATION_OF_VASCULATURE_DEVELOPMENT,GOBP|GOBP_NEGATIVE_REGULATION_OF_VASCULATURE_DEVELOPMENT,interaction,-0.00523508651235401,-0.40987495024904963,0.682775273753595,0.9797364781042668
GOBP,GOBP_NEGATIVE_REGULATION_OF_WNT_SIGNALING_PATHWAY,GOBP|GOBP_NEGATIVE_REGULATION_OF_WNT_SIGNALING_PATHWAY,interaction,-9.814736138164804e-4,-0.1118880585409213,0.9111366685635718,0.9858240118010856
GOBP,GOBP_NEPHRON_DEVELOPMENT,GOBP|GOBP_NEPHRON_DEVELOPMENT,interaction,-0.008437770075114814,-0.6131442122392899,0.5411744054995354,0.9797364781042668
GOBP,GOBP_NEURAL_CREST_CELL_DIFFERENTIATION,GOBP|GOBP_NEURAL_CREST_CELL_DIFFERENTIATION,interaction,-0.006769106585996233,-0.5924561023266298,0.5548838415596118,0.9797364781042668
GOBP,GOBP_NEURAL_PRECURSOR_CELL_PROLIFERATION,GOBP|GOBP_NEURAL_PRECURSOR_CELL_PROLIFERATION,interaction,-0.01666148166623191,-2.10446050399092,0.03784799958325052,0.9797364781042668
GOBP,GOBP_NEURAL_TUBE_DEVELOPMENT,GOBP|GOBP_NEURAL_TUBE_DEVELOPMENT,interaction,-0.009419603250657375,-1.0558903850723944,0.2935650958481361,0.9797364781042668
GOBP,GOBP_NEUROMUSCULAR_JUNCTION_DEVELOPMENT,GOBP|GOBP_NEUROMUSCULAR_JUNCTION_DEVELOPMENT,interaction,0.006582460024286113,0.38171317195984317,0.7034848329226866,0.9797364781042668
GOBP,GOBP_NEUROMUSCULAR_PROCESS,GOBP|GOBP_NEUROMUSCULAR_PROCESS,interaction,-0.0019123922213811206,-0.19876664880428954,0.8428492437896997,0.9797364781042668
GOBP,GOBP_NEURON_APOPTOTIC_PROCESS,GOBP|GOBP_NEURON_APOPTOTIC_PROCESS,interaction,0.0027506852597725734,0.326779488039008,0.7445183380733944,0.9797364781042668
GOBP,GOBP_NEURON_MIGRATION,GOBP|GOBP_NEURON_MIGRATION,interaction,-0.010448443111954281,-1.5200794186143791,0.13164975162562198,0.9797364781042668
GOBP,GOBP_NEURON_PROJECTION_GUIDANCE,GOBP|GOBP_NEURON_PROJECTION_GUIDANCE,interaction,-0.004781914298780186,-0.3311218247473594,0.7412460094362883,0.9797364781042668
GOBP,GOBP_NEURON_PROJECTION_ORGANIZATION,GOBP|GOBP_NEURON_PROJECTION_ORGANIZATION,interaction,-0.01331660628010873,-1.7372583721960444,0.085423537103071,0.9797364781042668
GOBP,GOBP_NEUROTRANSMITTER_TRANSPORT,GOBP|GOBP_NEUROTRANSMITTER_TRANSPORT,interaction,-0.0013644805023405315,-0.1958733020368107,0.8451072023984734,0.9797364781042668
GOBP,GOBP_NEUTRAL_LIPID_METABOLIC_PROCESS,GOBP|GOBP_NEUTRAL_LIPID_METABOLIC_PROCESS,interaction,-0.002686487938155735,-0.31106677806807115,0.7563980010257513,0.9797364781042668
GOBP,GOBP_NON_CANONICAL_NF_KAPPAB_SIGNAL_TRANSDUCTION,GOBP|GOBP_NON_CANONICAL_NF_KAPPAB_SIGNAL_TRANSDUCTION,interaction,-0.016121023648679622,-2.4255425519598393,0.017080011390435985,0.9797364781042668
GOBP,GOBP_NON_PROTEINOGENIC_AMINO_ACID_METABOLIC_PROCESS,GOBP|GOBP_NON_PROTEINOGENIC_AMINO_ACID_METABOLIC_PROCESS,interaction,0.0017108277030578323,0.23488268700282416,0.814780549843568,0.9797364781042668
GOBP,GOBP_NOTCH_SIGNALING_PATHWAY,GOBP|GOBP_NOTCH_SIGNALING_PATHWAY,interaction,-0.006450963788637805,-0.8434300478708768,0.4010029595739949,0.9797364781042668
GOBP,GOBP_NUCLEAR_TRANSCRIBED_MRNA_CATABOLIC_PROCESS,GOBP|GOBP_NUCLEAR_TRANSCRIBED_MRNA_CATABOLIC_PROCESS,interaction,-0.003117822930176206,-0.3870962984141575,0.6995083148525958,0.9797364781042668
GOBP,GOBP_NUCLEAR_TRANSPORT,GOBP|GOBP_NUCLEAR_TRANSPORT,interaction,-0.002337266169221558,-0.5952250408476333,0.5530389964116517,0.9797364781042668
GOBP,GOBP_NUCLEOBASE_METABOLIC_PROCESS,GOBP|GOBP_NUCLEOBASE_METABOLIC_PROCESS,interaction,0.012759666343865779,1.1154628794405097,0.26732817397086917,0.9797364781042668
GOBP,GOBP_NUCLEOSIDE_METABOLIC_PROCESS,GOBP|GOBP_NUCLEOSIDE_METABOLIC_PROCESS,interaction,0.009692452989789276,0.6396074218019543,0.5238918925428044,0.9797364781042668
GOBP,GOBP_NUCLEOSIDE_MONOPHOSPHATE_METABOLIC_PROCESS,GOBP|GOBP_NUCLEOSIDE_MONOPHOSPHATE_METABOLIC_PROCESS,interaction,0.012492341339737437,1.3529877529378387,0.17911354077082345,0.9797364781042668
GOBP,GOBP_NUCLEOSIDE_PHOSPHATE_BIOSYNTHETIC_PROCESS,GOBP|GOBP_NUCLEOSIDE_PHOSPHATE_BIOSYNTHETIC_PROCESS,interaction,0.0048125904095834005,1.005313612237061,0.3171746764880834,0.9797364781042668
GOBP,GOBP_NUCLEOSIDE_TRIPHOSPHATE_BIOSYNTHETIC_PROCESS,GOBP|GOBP_NUCLEOSIDE_TRIPHOSPHATE_BIOSYNTHETIC_PROCESS,interaction,0.004479670561138294,0.6922880028568649,0.49036249584633573,0.9797364781042668
GOBP,GOBP_NUCLEOTIDE_SUGAR_METABOLIC_PROCESS,GOBP|GOBP_NUCLEOTIDE_SUGAR_METABOLIC_PROCESS,interaction,-0.0014295349805539953,-0.12421203991125519,0.9013969734017144,0.9858240118010856
GOBP,GOBP_NUCLEUS_LOCALIZATION,GOBP|GOBP_NUCLEUS_LOCALIZATION,interaction,-0.01209132426047805,-0.8821890557854045,0.37979233579900484,0.9797364781042668
GOBP,GOBP_NUCLEUS_ORGANIZATION,GOBP|GOBP_NUCLEUS_ORGANIZATION,interaction,0.0021027940095400544,0.23144995664231022,0.8174386557750748,0.9797364781042668
GOBP,GOBP_NUTRIENT_STORAGE,GOBP|GOBP_NUTRIENT_STORAGE,interaction,-0.0019606381359486523,-0.23184021140593564,0.8171363572679364,0.9797364781042668
GOBP,GOBP_OLEFINIC_COMPOUND_METABOLIC_PROCESS,GOBP|GOBP_OLEFINIC_COMPOUND_METABOLIC_PROCESS,interaction,0.0014807043279626703,0.20480632519123007,0.8381401443800087,0.9797364781042668
GOBP,GOBP_OLIGODENDROCYTE_DIFFERENTIATION,GOBP|GOBP_OLIGODENDROCYTE_DIFFERENTIATION,interaction,0.007377140208318492,0.6775111512442268,0.499647738207859,0.9797364781042668
GOBP,GOBP_ORGANELLE_DISASSEMBLY,GOBP|GOBP_ORGANELLE_DISASSEMBLY,interaction,-0.001947911945108384,-0.2780963553202105,0.7815131452576783,0.9797364781042668
GOBP,GOBP_ORGANELLE_FUSION,GOBP|GOBP_ORGANELLE_FUSION,interaction,-0.0034205551969720242,-0.5539136922383263,0.5808756530091531,0.9797364781042668
GOBP,GOBP_ORGANIC_ACID_BIOSYNTHETIC_PROCESS,GOBP|GOBP_ORGANIC_ACID_BIOSYNTHETIC_PROCESS,interaction,6.150396133230984e-5,0.012691118610994501,0.989899534334431,0.9994673428431168
GOBP,GOBP_ORGANIC_ANION_TRANSPORT,GOBP|GOBP_ORGANIC_ANION_TRANSPORT,interaction,-1.6305879493083708e-5,-0.002597554085366243,0.9979326339778218,0.9994673428431168
GOBP,GOBP_ORGANIC_HYDROXY_COMPOUND_TRANSPORT,GOBP|GOBP_ORGANIC_HYDROXY_COMPOUND_TRANSPORT,interaction,0.0040419426194951286,0.542983681298539,0.5883504714557748,0.9797364781042668
GOBP,GOBP_ORGANOPHOSPHATE_CATABOLIC_PROCESS,GOBP|GOBP_ORGANOPHOSPHATE_CATABOLIC_PROCESS,interaction,0.009019319192684144,1.8094033734138535,0.07339561378085246,0.9797364781042668
GOBP,GOBP_ORGANOPHOSPHATE_ESTER_TRANSPORT,GOBP|GOBP_ORGANOPHOSPHATE_ESTER_TRANSPORT,interaction,-0.002225974454205434,-0.250218354900258,0.8029323351943347,0.9797364781042668
GOBP,GOBP_ORGAN_GROWTH,GOBP|GOBP_ORGAN_GROWTH,interaction,-0.019246517962179813,-2.976393878051111,0.0036588054815788773,0.9797364781042668
GOBP,GOBP_OSSIFICATION,GOBP|GOBP_OSSIFICATION,interaction,-0.007534043173904555,-0.8623442224723153,0.3905634664145874,0.9797364781042668
GOBP,GOBP_OXIDATIVE_PHOSPHORYLATION,GOBP|GOBP_OXIDATIVE_PHOSPHORYLATION,interaction,0.0056248329198773095,0.8186484024805161,0.41493557213326804,0.9797364781042668
GOBP,GOBP_PATTERN_SPECIFICATION_PROCESS,GOBP|GOBP_PATTERN_SPECIFICATION_PROCESS,interaction,0.0027024137862512176,0.25057697810887297,0.8026558035891462,0.9797364781042668
GOBP,GOBP_PEPTIDE_METABOLIC_PROCESS,GOBP|GOBP_PEPTIDE_METABOLIC_PROCESS,interaction,0.010113764640491622,1.0692446606452664,0.28753618653076307,0.9797364781042668
GOBP,GOBP_PEPTIDYL_AMINO_ACID_MODIFICATION,GOBP|GOBP_PEPTIDYL_AMINO_ACID_MODIFICATION,interaction,-4.938456132205574e-4,-0.09243286383573253,0.9265392363094592,0.9860765120089682
GOBP,GOBP_PEPTIDYL_LYSINE_MODIFICATION,GOBP|GOBP_PEPTIDYL_LYSINE_MODIFICATION,interaction,0.007474305108443352,1.062941124790103,0.29037132892125184,0.9797364781042668
GOBP,GOBP_PERIPHERAL_NERVOUS_SYSTEM_DEVELOPMENT,GOBP|GOBP_PERIPHERAL_NERVOUS_SYSTEM_DEVELOPMENT,interaction,-0.005614882093222959,-0.5743012781446872,0.5670548521282175,0.9797364781042668
GOBP,GOBP_PHAGOCYTOSIS,GOBP|GOBP_PHAGOCYTOSIS,interaction,-0.007774793236367622,-1.1796354339213324,0.24094677172470555,0.9797364781042668
GOBP,GOBP_PHENOL_CONTAINING_COMPOUND_METABOLIC_PROCESS,GOBP|GOBP_PHENOL_CONTAINING_COMPOUND_METABOLIC_PROCESS,interaction,0.009309595020928485,1.0963951268905756,0.27554182838372937,0.9797364781042668
GOBP,GOBP_PHOSPHATIDYLINOSITOL_3_KINASE_PROTEIN_KINASE_B_SIGNAL_TRANSDUCTION,GOBP|GOBP_PHOSPHATIDYLINOSITOL_3_KINASE_PROTEIN_KINASE_B_SIGNAL_TRANSDUCTION,interaction,-0.013627587759809955,-1.596430679653505,0.1135512579433288,0.9797364781042668
GOBP,GOBP_PHOSPHATIDYLINOSITOL_METABOLIC_PROCESS,GOBP|GOBP_PHOSPHATIDYLINOSITOL_METABOLIC_PROCESS,interaction,0.001992419035581783,0.21703560733567118,0.8286232176131233,0.9797364781042668
GOBP,GOBP_PHOSPHOLIPID_METABOLIC_PROCESS,GOBP|GOBP_PHOSPHOLIPID_METABOLIC_PROCESS,interaction,0.00860817961260219,1.5883594350353125,0.1153651007640284,0.9797364781042668
GOBP,GOBP_PIGMENTATION,GOBP|GOBP_PIGMENTATION,interaction,-0.004047791601989731,-0.46648738612065743,0.6418823279436352,0.9797364781042668
GOBP,GOBP_PIGMENT_METABOLIC_PROCESS,GOBP|GOBP_PIGMENT_METABOLIC_PROCESS,interaction,0.011418989479162998,0.9829991386760337,0.32798254686589245,0.9797364781042668
GOBP,GOBP_PLACENTA_DEVELOPMENT,GOBP|GOBP_PLACENTA_DEVELOPMENT,interaction,-0.0040017450945612695,-0.5134963512812487,0.6087379714737154,0.9797364781042668
GOBP,GOBP_PLASMA_MEMBRANE_ORGANIZATION,GOBP|GOBP_PLASMA_MEMBRANE_ORGANIZATION,interaction,-0.010187241381599418,-1.2845373030874776,0.20192468652760476,0.9797364781042668
GOBP,GOBP_PLASMA_MEMBRANE_REPAIR,GOBP|GOBP_PLASMA_MEMBRANE_REPAIR,interaction,-0.010172582741313912,-1.0825409374110482,0.28161825969906185,0.9797364781042668
GOBP,GOBP_PLATELET_ACTIVATION,GOBP|GOBP_PLATELET_ACTIVATION,interaction,-0.01660542394112341,-1.0975527462977457,0.27503823991202647,0.9797364781042668
GOBP,GOBP_POLYOL_METABOLIC_PROCESS,GOBP|GOBP_POLYOL_METABOLIC_PROCESS,interaction,0.01420106841361185,1.8198086721156055,0.07178281559374156,0.9797364781042668
GOBP,GOBP_POLYSACCHARIDE_CATABOLIC_PROCESS,GOBP|GOBP_POLYSACCHARIDE_CATABOLIC_PROCESS,interaction,-6.154348892266626e-4,-0.09022712256691631,0.92828738525821,0.9860765120089682
GOBP,GOBP_POLYSACCHARIDE_METABOLIC_PROCESS,GOBP|GOBP_POLYSACCHARIDE_METABOLIC_PROCESS,interaction,-6.409255092308108e-4,-0.09636923587650846,0.9234203846230615,0.9860765120089682
GOBP,GOBP_POSITIVE_REGULATION_OF_ACTIN_FILAMENT_POLYMERIZATION,GOBP|GOBP_POSITIVE_REGULATION_OF_ACTIN_FILAMENT_POLYMERIZATION,interaction,-0.005967138518505877,-0.5876502278675921,0.5580930565962525,0.9797364781042668
GOBP,GOBP_POSITIVE_REGULATION_OF_APOPTOTIC_SIGNALING_PATHWAY,GOBP|GOBP_POSITIVE_REGULATION_OF_APOPTOTIC_SIGNALING_PATHWAY,interaction,-0.004755405649489675,-0.5912620783352337,0.5556803184985317,0.9797364781042668
GOBP,GOBP_POSITIVE_REGULATION_OF_AUTOPHAGY,GOBP|GOBP_POSITIVE_REGULATION_OF_AUTOPHAGY,interaction,0.0017868130776037515,0.35792392280889224,0.7211553824893577,0.9797364781042668
GOBP,GOBP_POSITIVE_REGULATION_OF_CALCIUM_ION_TRANSPORT,GOBP|GOBP_POSITIVE_REGULATION_OF_CALCIUM_ION_TRANSPORT,interaction,-0.004926503209474464,-0.4939186721617576,0.6224478462229497,0.9797364781042668
GOBP,GOBP_POSITIVE_REGULATION_OF_CARBOHYDRATE_METABOLIC_PROCESS,GOBP|GOBP_POSITIVE_REGULATION_OF_CARBOHYDRATE_METABOLIC_PROCESS,interaction,0.0031460865513430886,0.3596006248840807,0.7199048400766186,0.9797364781042668
GOBP,GOBP_POSITIVE_REGULATION_OF_CELL_ACTIVATION,GOBP|GOBP_POSITIVE_REGULATION_OF_CELL_ACTIVATION,interaction,-0.008544781823325,-1.0005464844517347,0.31946346306454565,0.9797364781042668
GOBP,GOBP_POSITIVE_REGULATION_OF_CELL_ADHESION,GOBP|GOBP_POSITIVE_REGULATION_OF_CELL_ADHESION,interaction,-0.002748555432289565,-0.2862494693887058,0.7752798175471808,0.9797364781042668
GOBP,GOBP_POSITIVE_REGULATION_OF_CELL_CYCLE,GOBP|GOBP_POSITIVE_REGULATION_OF_CELL_CYCLE,interaction,-0.004621544910657617,-0.9236241968023267,0.3579075014339802,0.9797364781042668
GOBP,GOBP_POSITIVE_REGULATION_OF_CELL_DEVELOPMENT,GOBP|GOBP_POSITIVE_REGULATION_OF_CELL_DEVELOPMENT,interaction,-0.005295910512244484,-0.9058855922141165,0.36717609154902475,0.9797364781042668
GOBP,GOBP_POSITIVE_REGULATION_OF_CELL_MATRIX_ADHESION,GOBP|GOBP_POSITIVE_REGULATION_OF_CELL_MATRIX_ADHESION,interaction,-0.008130752245897419,-0.648691278038053,0.5180263435145313,0.9797364781042668
GOBP,GOBP_POSITIVE_REGULATION_OF_CELL_PROJECTION_ORGANIZATION,GOBP|GOBP_POSITIVE_REGULATION_OF_CELL_PROJECTION_ORGANIZATION,interaction,-0.007997909180427927,-1.2697729830339117,0.20711529839612555,0.9797364781042668
GOBP,GOBP_POSITIVE_REGULATION_OF_CELL_SUBSTRATE_ADHESION,GOBP|GOBP_POSITIVE_REGULATION_OF_CELL_SUBSTRATE_ADHESION,interaction,-0.0019374668332461376,-0.1783062561499659,0.858843545073406,0.9797364781042668
GOBP,GOBP_POSITIVE_REGULATION_OF_CYTOSKELETON_ORGANIZATION,GOBP|GOBP_POSITIVE_REGULATION_OF_CYTOSKELETON_ORGANIZATION,interaction,-0.009271115586542075,-1.3119365085656784,0.19254827365404403,0.9797364781042668
GOBP,GOBP_POSITIVE_REGULATION_OF_CYTOSOLIC_CALCIUM_ION_CONCENTRATION,GOBP|GOBP_POSITIVE_REGULATION_OF_CYTOSOLIC_CALCIUM_ION_CONCENTRATION,interaction,-0.017468030588222626,-2.0204155593251976,0.046016862355008195,0.9797364781042668
GOBP,GOBP_POSITIVE_REGULATION_OF_DNA_METABOLIC_PROCESS,GOBP|GOBP_POSITIVE_REGULATION_OF_DNA_METABOLIC_PROCESS,interaction,-7.804937404155693e-4,-0.18919145698504658,0.8503266008112619,0.9797364781042668
GOBP,GOBP_POSITIVE_REGULATION_OF_EPITHELIAL_CELL_PROLIFERATION,GOBP|GOBP_POSITIVE_REGULATION_OF_EPITHELIAL_CELL_PROLIFERATION,interaction,-2.448592865005282e-4,-0.021154736668430055,0.98316441638298,0.9994673428431168
GOBP,GOBP_POSITIVE_REGULATION_OF_ESTABLISHMENT_OF_PROTEIN_LOCALIZATION_TO_MITOCHONDRION,GOBP|GOBP_POSITIVE_REGULATION_OF_ESTABLISHMENT_OF_PROTEIN_LOCALIZATION_TO_MITOCHONDRION,interaction,0.004029079546252201,0.4551344444043246,0.6500001065670198,0.9797364781042668
GOBP,GOBP_POSITIVE_REGULATION_OF_EXOCYTOSIS,GOBP|GOBP_POSITIVE_REGULATION_OF_EXOCYTOSIS,interaction,0.00825031690537524,0.941561749843231,0.3486883384409166,0.9797364781042668
GOBP,GOBP_POSITIVE_REGULATION_OF_GROWTH,GOBP|GOBP_POSITIVE_REGULATION_OF_GROWTH,interaction,-0.008071413130400064,-1.487783660078235,0.13995767809371135,0.9797364781042668
GOBP,GOBP_POSITIVE_REGULATION_OF_HEMOPOIESIS,GOBP|GOBP_POSITIVE_REGULATION_OF_HEMOPOIESIS,interaction,-0.010861779863893192,-0.8847388223222212,0.37842196814268747,0.9797364781042668
GOBP,GOBP_POSITIVE_REGULATION_OF_HORMONE_SECRETION,GOBP|GOBP_POSITIVE_REGULATION_OF_HORMONE_SECRETION,interaction,-0.0022925975384723574,-0.37895188478812464,0.7055278043262674,0.9797364781042668
GOBP,GOBP_POSITIVE_REGULATION_OF_INFLAMMATORY_RESPONSE,GOBP|GOBP_POSITIVE_REGULATION_OF_INFLAMMATORY_RESPONSE,interaction,2.2365609959591748e-4,0.024406709946972954,0.9805768814311555,0.9994673428431168
GOBP,GOBP_POSITIVE_REGULATION_OF_KINASE_ACTIVITY,GOBP|GOBP_POSITIVE_REGULATION_OF_KINASE_ACTIVITY,interaction,0.0037485974157542012,0.5684290126344805,0.5710192404458717,0.9797364781042668
GOBP,GOBP_POSITIVE_REGULATION_OF_LEUKOCYTE_MIGRATION,GOBP|GOBP_POSITIVE_REGULATION_OF_LEUKOCYTE_MIGRATION,interaction,-0.01290856024294626,-1.0185767504950807,0.3108643595476159,0.9797364781042668
GOBP,GOBP_POSITIVE_REGULATION_OF_LIPID_METABOLIC_PROCESS,GOBP|GOBP_POSITIVE_REGULATION_OF_LIPID_METABOLIC_PROCESS,interaction,0.0023291949575263357,0.37804156202075345,0.7062017910015888,0.9797364781042668
GOBP,GOBP_POSITIVE_REGULATION_OF_LIPID_TRANSPORT,GOBP|GOBP_POSITIVE_REGULATION_OF_LIPID_TRANSPORT,interaction,0.0019845387791755376,0.2444923203302626,0.807351006609833,0.9797364781042668
GOBP,GOBP_POSITIVE_REGULATION_OF_MAPK_CASCADE,GOBP|GOBP_POSITIVE_REGULATION_OF_MAPK_CASCADE,interaction,-0.00745117419879382,-0.712602437866367,0.4777528946829156,0.9797364781042668
GOBP,GOBP_POSITIVE_REGULATION_OF_MICROTUBULE_POLYMERIZATION_OR_DEPOLYMERIZATION,GOBP|GOBP_POSITIVE_REGULATION_OF_MICROTUBULE_POLYMERIZATION_OR_DEPOLYMERIZATION,interaction,-0.016593827002420056,-1.2944703970693021,0.19848713127301895,0.9797364781042668
GOBP,GOBP_POSITIVE_REGULATION_OF_MITOTIC_CELL_CYCLE,GOBP|GOBP_POSITIVE_REGULATION_OF_MITOTIC_CELL_CYCLE,interaction,-0.008032373578729081,-1.2732621658826506,0.20587984240791254,0.9797364781042668
GOBP,GOBP_POSITIVE_REGULATION_OF_MOLECULAR_FUNCTION,GOBP|GOBP_POSITIVE_REGULATION_OF_MOLECULAR_FUNCTION,interaction,-0.004141185834167255,-1.141510237221999,0.2563864789360414,0.9797364781042668
GOBP,GOBP_POSITIVE_REGULATION_OF_MRNA_METABOLIC_PROCESS,GOBP|GOBP_POSITIVE_REGULATION_OF_MRNA_METABOLIC_PROCESS,interaction,-0.004836843342483271,-0.6860149792913088,0.49429269558573274,0.9797364781042668
GOBP,GOBP_POSITIVE_REGULATION_OF_MYELOID_CELL_DIFFERENTIATION,GOBP|GOBP_POSITIVE_REGULATION_OF_MYELOID_CELL_DIFFERENTIATION,interaction,0.004526277327027428,0.4316859873299142,0.6668998715526097,0.9797364781042668
GOBP,GOBP_POSITIVE_REGULATION_OF_NEURON_PROJECTION_DEVELOPMENT,GOBP|GOBP_POSITIVE_REGULATION_OF_NEURON_PROJECTION_DEVELOPMENT,interaction,-0.01996509339924842,-2.2996178388717237,0.023550810695976872,0.9797364781042668
GOBP,GOBP_POSITIVE_REGULATION_OF_NUCLEOCYTOPLASMIC_TRANSPORT,GOBP|GOBP_POSITIVE_REGULATION_OF_NUCLEOCYTOPLASMIC_TRANSPORT,interaction,-2.17927750565991e-4,-0.03139376731013849,0.975018146541629,0.9994673428431168
GOBP,GOBP_POSITIVE_REGULATION_OF_NUCLEOTIDE_METABOLIC_PROCESS,GOBP|GOBP_POSITIVE_REGULATION_OF_NUCLEOTIDE_METABOLIC_PROCESS,interaction,8.826655957588359e-4,0.15796961298080306,0.87479961006094,0.9849408055389455
GOBP,GOBP_POSITIVE_REGULATION_OF_ORGANELLE_ASSEMBLY,GOBP|GOBP_POSITIVE_REGULATION_OF_ORGANELLE_ASSEMBLY,interaction,-0.006138874720852457,-0.5950278818773865,0.553170255414791,0.9797364781042668
GOBP,GOBP_POSITIVE_REGULATION_OF_PATTERN_RECOGNITION_RECEPTOR_SIGNALING_PATHWAY,GOBP|GOBP_POSITIVE_REGULATION_OF_PATTERN_RECOGNITION_RECEPTOR_SIGNALING_PATHWAY,interaction,-0.017397690227333368,-1.8045168832878975,0.07416332715248776,0.9797364781042668
GOBP,GOBP_POSITIVE_REGULATION_OF_PHOSPHORUS_METABOLIC_PROCESS,GOBP|GOBP_POSITIVE_REGULATION_OF_PHOSPHORUS_METABOLIC_PROCESS,interaction,-3.2993395133351644e-5,-0.007552741861430488,0.9939889029504425,0.9994673428431168
GOBP,GOBP_POSITIVE_REGULATION_OF_PROTEASOMAL_UBIQUITIN_DEPENDENT_PROTEIN_CATABOLIC_PROCESS,GOBP|GOBP_POSITIVE_REGULATION_OF_PROTEASOMAL_UBIQUITIN_DEPENDENT_PROTEIN_CATABOLIC_PROCESS,interaction,8.847292885025004e-4,0.1045467525045788,0.9169450791281759,0.9858240118010856
GOBP,GOBP_POSITIVE_REGULATION_OF_PROTEIN_CATABOLIC_PROCESS,GOBP|GOBP_POSITIVE_REGULATION_OF_PROTEIN_CATABOLIC_PROCESS,interaction,-0.004514400018172222,-0.996153908198875,0.32158210742310805,0.9797364781042668
GOBP,GOBP_POSITIVE_REGULATION_OF_PROTEIN_CONTAINING_COMPLEX_ASSEMBLY,GOBP|GOBP_POSITIVE_REGULATION_OF_PROTEIN_CONTAINING_COMPLEX_ASSEMBLY,interaction,-0.010008911239863763,-1.7284306362500612,0.08700057818052197,0.9797364781042668
GOBP,GOBP_POSITIVE_REGULATION_OF_PROTEIN_CONTAINING_COMPLEX_DISASSEMBLY,GOBP|GOBP_POSITIVE_REGULATION_OF_PROTEIN_CONTAINING_COMPLEX_DISASSEMBLY,interaction,0.004017080227504188,0.5587528049450557,0.5775807519531485,0.9797364781042668
GOBP,GOBP_POSITIVE_REGULATION_OF_PROTEIN_LOCALIZATION,GOBP|GOBP_POSITIVE_REGULATION_OF_PROTEIN_LOCALIZATION,interaction,-0.00682010905396134,-1.4920011970422211,0.1388500382089645,0.9797364781042668
GOBP,GOBP_POSITIVE_REGULATION_OF_PROTEIN_LOCALIZATION_TO_CELL_PERIPHERY,GOBP|GOBP_POSITIVE_REGULATION_OF_PROTEIN_LOCALIZATION_TO_CELL_PERIPHERY,interaction,-0.015800774759305913,-1.236209431655613,0.21927939651430434,0.9797364781042668
GOBP,GOBP_POSITIVE_REGULATION_OF_PROTEIN_LOCALIZATION_TO_NUCLEUS,GOBP|GOBP_POSITIVE_REGULATION_OF_PROTEIN_LOCALIZATION_TO_NUCLEUS,interaction,-0.003791987501598121,-0.6939180151581695,0.4893440529171327,0.9797364781042668
GOBP,GOBP_POSITIVE_REGULATION_OF_PROTEIN_MODIFICATION_PROCESS,GOBP|GOBP_POSITIVE_REGULATION_OF_PROTEIN_MODIFICATION_PROCESS,interaction,-0.004469579641499785,-1.0319762233936594,0.3045751304375346,0.9797364781042668
GOBP,GOBP_POSITIVE_REGULATION_OF_PROTEIN_UBIQUITINATION,GOBP|GOBP_POSITIVE_REGULATION_OF_PROTEIN_UBIQUITINATION,interaction,-0.006203976732484892,-0.9524344323451791,0.34317544951236356,0.9797364781042668
GOBP,GOBP_POSITIVE_REGULATION_OF_PROTEOLYSIS,GOBP|GOBP_POSITIVE_REGULATION_OF_PROTEOLYSIS,interaction,-0.006820815773230494,-1.5601822934218172,0.12187920610234455,0.9797364781042668
GOBP,GOBP_POSITIVE_REGULATION_OF_REACTIVE_OXYGEN_SPECIES_METABOLIC_PROCESS,GOBP|GOBP_POSITIVE_REGULATION_OF_REACTIVE_OXYGEN_SPECIES_METABOLIC_PROCESS,interaction,0.00425922455265304,0.6748167625004079,0.5013509521852226,0.9797364781042668
GOBP,GOBP_POSITIVE_REGULATION_OF_RESPONSE_TO_BIOTIC_STIMULUS,GOBP|GOBP_POSITIVE_REGULATION_OF_RESPONSE_TO_BIOTIC_STIMULUS,interaction,-0.0029571875283800897,-0.7365812408626321,0.4631032629527875,0.9797364781042668
GOBP,GOBP_POSITIVE_REGULATION_OF_SECRETION,GOBP|GOBP_POSITIVE_REGULATION_OF_SECRETION,interaction,-4.633275895837008e-4,-0.10006804826308298,0.9204908430895876,0.9860765120089682
GOBP,GOBP_POSITIVE_REGULATION_OF_SMALL_GTPASE_MEDIATED_SIGNAL_TRANSDUCTION,GOBP|GOBP_POSITIVE_REGULATION_OF_SMALL_GTPASE_MEDIATED_SIGNAL_TRANSDUCTION,interaction,0.002839894427808992,0.30153517010636194,0.7636332061937403,0.9797364781042668
GOBP,GOBP_POSITIVE_REGULATION_OF_SYNAPTIC_TRANSMISSION,GOBP|GOBP_POSITIVE_REGULATION_OF_SYNAPTIC_TRANSMISSION,interaction,0.004550009568071566,0.506398760858106,0.6136925190873638,0.9797364781042668
GOBP,GOBP_POSITIVE_REGULATION_OF_TOR_SIGNALING,GOBP|GOBP_POSITIVE_REGULATION_OF_TOR_SIGNALING,interaction,-0.004714089238257377,-0.5500358495488488,0.5835224651672437,0.9797364781042668
GOBP,GOBP_POSITIVE_REGULATION_OF_TRANSLATION,GOBP|GOBP_POSITIVE_REGULATION_OF_TRANSLATION,interaction,-0.0013203797944448016,-0.21456351547124028,0.830545010117798,0.9797364781042668
GOBP,GOBP_POSITIVE_REGULATION_OF_TRANSLATIONAL_INITIATION,GOBP|GOBP_POSITIVE_REGULATION_OF_TRANSLATIONAL_INITIATION,interaction,-0.0021745656810075453,-0.19420255733510686,0.8464116360061456,0.9797364781042668
GOBP,GOBP_POSITIVE_REGULATION_OF_TRANSMEMBRANE_RECEPTOR_PROTEIN_SERINE_THREONINE_KINASE_SIGNALING_PATHWAY,GOBP|GOBP_POSITIVE_REGULATION_OF_TRANSMEMBRANE_RECEPTOR_PROTEIN_SERINE_THREONINE_KINASE_SIGNALING_PATHWAY,interaction,-0.003685783719563157,-0.487010167967655,0.62731798403281,0.9797364781042668
GOBP,GOBP_POSITIVE_REGULATION_OF_TRANSMEMBRANE_TRANSPORT,GOBP|GOBP_POSITIVE_REGULATION_OF_TRANSMEMBRANE_TRANSPORT,interaction,-0.006606126592350325,-1.0559654535097034,0.293530966656094,0.9797364781042668
GOBP,GOBP_POSITIVE_REGULATION_OF_T_CELL_PROLIFERATION,GOBP|GOBP_POSITIVE_REGULATION_OF_T_CELL_PROLIFERATION,interaction,-0.0039036969210302155,-0.2854549927477113,0.7758865827677877,0.9797364781042668
GOBP,GOBP_POSITIVE_REGULATION_OF_WNT_SIGNALING_PATHWAY,GOBP|GOBP_POSITIVE_REGULATION_OF_WNT_SIGNALING_PATHWAY,interaction,-0.008732571483089223,-1.3251382840776522,0.1881481031395364,0.9797364781042668
GOBP,GOBP_POSTSYNAPSE_ORGANIZATION,GOBP|GOBP_POSTSYNAPSE_ORGANIZATION,interaction,-0.008618828020986142,-1.1315579449950623,0.2605292785614957,0.9797364781042668
GOBP,GOBP_POST_EMBRYONIC_DEVELOPMENT,GOBP|GOBP_POST_EMBRYONIC_DEVELOPMENT,interaction,4.936764355259809e-4,0.06335248660376239,0.9496124085355666,0.9945630896351857
GOBP,GOBP_POST_GOLGI_VESICLE_MEDIATED_TRANSPORT,GOBP|GOBP_POST_GOLGI_VESICLE_MEDIATED_TRANSPORT,interaction,-0.0023241218529917868,-0.31304085071861165,0.7549022138601519,0.9797364781042668
GOBP,GOBP_POTASSIUM_ION_TRANSPORT,GOBP|GOBP_POTASSIUM_ION_TRANSPORT,interaction,-0.012283959200877576,-1.9248916667014473,0.05708741625709015,0.9797364781042668
GOBP,GOBP_PRESYNAPTIC_ENDOCYTOSIS,GOBP|GOBP_PRESYNAPTIC_ENDOCYTOSIS,interaction,0.001822285890840658,0.18278609046119146,0.8553362940783436,0.9797364781042668
GOBP,GOBP_PRIMARY_ALCOHOL_METABOLIC_PROCESS,GOBP|GOBP_PRIMARY_ALCOHOL_METABOLIC_PROCESS,interaction,0.0030718934130695152,0.40881506283215163,0.6835504378309885,0.9797364781042668
GOBP,GOBP_PRODUCTION_OF_MOLECULAR_MEDIATOR_INVOLVED_IN_INFLAMMATORY_RESPONSE,GOBP|GOBP_PRODUCTION_OF_MOLECULAR_MEDIATOR_INVOLVED_IN_INFLAMMATORY_RESPONSE,interaction,0.005308198233709788,0.7343330477243759,0.46446588935188915,0.9797364781042668
GOBP,GOBP_PRODUCTION_OF_MOLECULAR_MEDIATOR_OF_IMMUNE_RESPONSE,GOBP|GOBP_PRODUCTION_OF_MOLECULAR_MEDIATOR_OF_IMMUNE_RESPONSE,interaction,-0.006782884958950908,-0.9890415690549244,0.3250322606523025,0.9797364781042668
GOBP,GOBP_PROTEIN_AUTOPHOSPHORYLATION,GOBP|GOBP_PROTEIN_AUTOPHOSPHORYLATION,interaction,-0.012533781488828256,-1.2974335557204957,0.19747012711635353,0.9797364781042668
GOBP,GOBP_PROTEIN_COMPLEX_OLIGOMERIZATION,GOBP|GOBP_PROTEIN_COMPLEX_OLIGOMERIZATION,interaction,-0.002392064637027805,-0.5309862764455141,0.5966068202466281,0.9797364781042668
GOBP,GOBP_PROTEIN_CONTAINING_COMPLEX_LOCALIZATION,GOBP|GOBP_PROTEIN_CONTAINING_COMPLEX_LOCALIZATION,interaction,-0.0039994011548761775,-0.4438235188730858,0.6581299955502377,0.9797364781042668
GOBP,GOBP_PROTEIN_DNA_COMPLEX_ORGANIZATION,GOBP|GOBP_PROTEIN_DNA_COMPLEX_ORGANIZATION,interaction,0.0075365734220726455,0.5171933776287343,0.6061644036852989,0.9797364781042668
GOBP,GOBP_PROTEIN_EXIT_FROM_ENDOPLASMIC_RETICULUM,GOBP|GOBP_PROTEIN_EXIT_FROM_ENDOPLASMIC_RETICULUM,interaction,-0.018928760378079414,-1.7245064913564239,0.08770923055744023,0.9797364781042668
GOBP,GOBP_PROTEIN_EXPORT_FROM_NUCLEUS,GOBP|GOBP_PROTEIN_EXPORT_FROM_NUCLEUS,interaction,0.007614336004549804,1.1976037531450163,0.23390513339809282,0.9797364781042668
GOBP,GOBP_PROTEIN_FOLDING,GOBP|GOBP_PROTEIN_FOLDING,interaction,0.005680043830133763,1.2787165359889279,0.20395945074291832,0.9797364781042668
GOBP,GOBP_PROTEIN_IMPORT_INTO_MITOCHONDRIAL_MATRIX,GOBP|GOBP_PROTEIN_IMPORT_INTO_MITOCHONDRIAL_MATRIX,interaction,0.012812473782619765,0.9921671136133436,0.3235130772421475,0.9797364781042668
GOBP,GOBP_PROTEIN_INSERTION_INTO_ER_MEMBRANE,GOBP|GOBP_PROTEIN_INSERTION_INTO_ER_MEMBRANE,interaction,-0.005789307056713405,-0.4896339945565185,0.6254663647010754,0.9797364781042668
GOBP,GOBP_PROTEIN_INSERTION_INTO_MEMBRANE,GOBP|GOBP_PROTEIN_INSERTION_INTO_MEMBRANE,interaction,-0.010141382653240797,-1.0266664617807444,0.30705701118011236,0.9797364781042668
GOBP,GOBP_PROTEIN_K48_LINKED_UBIQUITINATION,GOBP|GOBP_PROTEIN_K48_LINKED_UBIQUITINATION,interaction,0.0018480800674978443,0.22743149078213556,0.8205530285569755,0.9797364781042668
GOBP,GOBP_PROTEIN_K63_LINKED_UBIQUITINATION,GOBP|GOBP_PROTEIN_K63_LINKED_UBIQUITINATION,interaction,-0.01366170063321287,-1.6469143488890086,0.1027178593374698,0.9797364781042668
GOBP,GOBP_PROTEIN_LOCALIZATION_TO_CELL_JUNCTION,GOBP|GOBP_PROTEIN_LOCALIZATION_TO_CELL_JUNCTION,interaction,-0.004583828742573792,-0.6094892860361785,0.5435838817655785,0.9797364781042668
GOBP,GOBP_PROTEIN_LOCALIZATION_TO_CELL_SURFACE,GOBP|GOBP_PROTEIN_LOCALIZATION_TO_CELL_SURFACE,interaction,-0.030204140827419713,-2.7431330368734557,0.007214150786701762,0.9797364781042668
GOBP,GOBP_PROTEIN_LOCALIZATION_TO_ENDOPLASMIC_RETICULUM,GOBP|GOBP_PROTEIN_LOCALIZATION_TO_ENDOPLASMIC_RETICULUM,interaction,-0.021289484645516055,-2.0814733796873743,0.039947415794501576,0.9797364781042668
GOBP,GOBP_PROTEIN_LOCALIZATION_TO_EXTRACELLULAR_REGION,GOBP|GOBP_PROTEIN_LOCALIZATION_TO_EXTRACELLULAR_REGION,interaction,-0.0030172109483806164,-0.5843379268747797,0.5603102301434693,0.9797364781042668
GOBP,GOBP_PROTEIN_LOCALIZATION_TO_MEMBRANE,GOBP|GOBP_PROTEIN_LOCALIZATION_TO_MEMBRANE,interaction,-0.00790552934859724,-1.401190608844356,0.16425596257815675,0.9797364781042668
GOBP,GOBP_PROTEIN_LOCALIZATION_TO_NUCLEUS,GOBP|GOBP_PROTEIN_LOCALIZATION_TO_NUCLEUS,interaction,-0.002359596938235245,-0.645272229383649,0.5202300092242095,0.9797364781042668
GOBP,GOBP_PROTEIN_LOCALIZATION_TO_VACUOLE,GOBP|GOBP_PROTEIN_LOCALIZATION_TO_VACUOLE,interaction,-5.817902557762877e-4,-0.058025304513215,0.9538443779335888,0.9960952027279626
GOBP,GOBP_PROTEIN_METHYLATION,GOBP|GOBP_PROTEIN_METHYLATION,interaction,0.013213255219202427,1.3174661066849267,0.1906959946189515,0.9797364781042668
GOBP,GOBP_PROTEIN_MODIFICATION_BY_SMALL_PROTEIN_REMOVAL,GOBP|GOBP_PROTEIN_MODIFICATION_BY_SMALL_PROTEIN_REMOVAL,interaction,0.0011815251530254145,0.188963288959624,0.8505049489896083,0.9797364781042668
GOBP,GOBP_PROTEIN_MONOUBIQUITINATION,GOBP|GOBP_PROTEIN_MONOUBIQUITINATION,interaction,-0.009494880305288231,-1.0945599379889106,0.27634148172575373,0.9797364781042668
GOBP,GOBP_PROTEIN_NEDDYLATION,GOBP|GOBP_PROTEIN_NEDDYLATION,interaction,0.00690912959300688,0.6804385520287507,0.49780076955372143,0.9797364781042668
GOBP,GOBP_PROTEIN_N_LINKED_GLYCOSYLATION,GOBP|GOBP_PROTEIN_N_LINKED_GLYCOSYLATION,interaction,-0.0054389917692300865,-0.5742668636291147,0.567078046443713,0.9797364781042668
GOBP,GOBP_PROTEIN_POLYUBIQUITINATION,GOBP|GOBP_PROTEIN_POLYUBIQUITINATION,interaction,-7.664664242235802e-4,-0.11697729974058141,0.9071128901830592,0.9858240118010856
GOBP,GOBP_PROTEIN_PROCESSING,GOBP|GOBP_PROTEIN_PROCESSING,interaction,-0.0020216494707704646,-0.39217516070186226,0.695764208591581,0.9797364781042668
GOBP,GOBP_PROTEIN_REFOLDING,GOBP|GOBP_PROTEIN_REFOLDING,interaction,-0.002417829896575463,-0.5244872212774344,0.6011015722479855,0.9797364781042668
GOBP,GOBP_PROTEIN_RNA_COMPLEX_ORGANIZATION,GOBP|GOBP_PROTEIN_RNA_COMPLEX_ORGANIZATION,interaction,-0.008998655792661,-1.1999257606237428,0.2330060705522378,0.9797364781042668
GOBP,GOBP_PROTEIN_TARGETING,GOBP|GOBP_PROTEIN_TARGETING,interaction,0.0014165658623220348,0.2892573881840516,0.7729838458370759,0.9797364781042668
GOBP,GOBP_PROTEIN_TARGETING_TO_MEMBRANE,GOBP|GOBP_PROTEIN_TARGETING_TO_MEMBRANE,interaction,0.0023573980317788,0.2899557386566172,0.7724510761117597,0.9797364781042668
GOBP,GOBP_PROTEIN_TETRAMERIZATION,GOBP|GOBP_PROTEIN_TETRAMERIZATION,interaction,0.001264563018723741,0.25563646268495877,0.7987571624968361,0.9797364781042668
GOBP,GOBP_PROTEIN_TRANSMEMBRANE_TRANSPORT,GOBP|GOBP_PROTEIN_TRANSMEMBRANE_TRANSPORT,interaction,0.0014688095538340357,0.16991068926905664,0.8654239802438739,0.9801210755159755
GOBP,GOBP_PURINE_NUCLEOSIDE_MONOPHOSPHATE_BIOSYNTHETIC_PROCESS,GOBP|GOBP_PURINE_NUCLEOSIDE_MONOPHOSPHATE_BIOSYNTHETIC_PROCESS,interaction,0.013418793954515423,1.227844227990158,0.22239060587498627,0.9797364781042668
GOBP,GOBP_PYRIDINE_CONTAINING_COMPOUND_METABOLIC_PROCESS,GOBP|GOBP_PYRIDINE_CONTAINING_COMPOUND_METABOLIC_PROCESS,interaction,0.01086202832390179,2.137996737651056,0.03495628529852422,0.9797364781042668
GOBP,GOBP_PYRIMIDINE_CONTAINING_COMPOUND_METABOLIC_PROCESS,GOBP|GOBP_PYRIMIDINE_CONTAINING_COMPOUND_METABOLIC_PROCESS,interaction,0.004793388132873153,0.5304905861524251,0.5969490924198002,0.9797364781042668
GOBP,GOBP_RAC_PROTEIN_SIGNAL_TRANSDUCTION,GOBP|GOBP_RAC_PROTEIN_SIGNAL_TRANSDUCTION,interaction,-0.0018934787008165893,-0.2563620458677329,0.7981984712697618,0.9797364781042668
GOBP,GOBP_RAS_PROTEIN_SIGNAL_TRANSDUCTION,GOBP|GOBP_RAS_PROTEIN_SIGNAL_TRANSDUCTION,interaction,0.0044035243665806745,0.593726102612704,0.5540373065769504,0.9797364781042668
GOBP,GOBP_REACTIVE_NITROGEN_SPECIES_METABOLIC_PROCESS,GOBP|GOBP_REACTIVE_NITROGEN_SPECIES_METABOLIC_PROCESS,interaction,-7.283561881173406e-4,-0.10516180329281745,0.9164582763275418,0.9858240118010856
GOBP,GOBP_REACTIVE_OXYGEN_SPECIES_BIOSYNTHETIC_PROCESS,GOBP|GOBP_REACTIVE_OXYGEN_SPECIES_BIOSYNTHETIC_PROCESS,interaction,0.004430684857804568,0.7792547777642417,0.4376717319724295,0.9797364781042668
GOBP,GOBP_REACTIVE_OXYGEN_SPECIES_METABOLIC_PROCESS,GOBP|GOBP_REACTIVE_OXYGEN_SPECIES_METABOLIC_PROCESS,interaction,0.0035824841843629662,0.8428870946815087,0.40130512795595974,0.9797364781042668
GOBP,GOBP_RECEPTOR_LOCALIZATION_TO_SYNAPSE,GOBP|GOBP_RECEPTOR_LOCALIZATION_TO_SYNAPSE,interaction,-0.007303952194947774,-0.756551430510373,0.451099120972309,0.9797364781042668
GOBP,GOBP_RECEPTOR_MEDIATED_ENDOCYTOSIS,GOBP|GOBP_RECEPTOR_MEDIATED_ENDOCYTOSIS,interaction,-0.008543605355168267,-0.8989875667372517,0.3708210191146837,0.9797364781042668
GOBP,GOBP_RECEPTOR_METABOLIC_PROCESS,GOBP|GOBP_RECEPTOR_METABOLIC_PROCESS,interaction,0.009200545406958666,1.0613134219588716,0.2911065127074261,0.9797364781042668
GOBP,GOBP_REGENERATION,GOBP|GOBP_REGENERATION,interaction,-0.007022020987045685,-1.167460624412014,0.24580331882884904,0.9797364781042668
GOBP,GOBP_REGULATED_EXOCYTOSIS,GOBP|GOBP_REGULATED_EXOCYTOSIS,interaction,0.002068125775229801,0.23949057377157718,0.8112158765586014,0.9797364781042668
GOBP,GOBP_REGULATION_OF_ACTIN_FILAMENT_BASED_MOVEMENT,GOBP|GOBP_REGULATION_OF_ACTIN_FILAMENT_BASED_MOVEMENT,interaction,-0.0015407250143150697,-0.2177202580926636,0.8280911568927545,0.9797364781042668
GOBP,GOBP_REGULATION_OF_ACTOMYOSIN_STRUCTURE_ORGANIZATION,GOBP|GOBP_REGULATION_OF_ACTOMYOSIN_STRUCTURE_ORGANIZATION,interaction,-0.006832102492018759,-0.9043352313512808,0.3679933240765504,0.9797364781042668
GOBP,GOBP_REGULATION_OF_ALPHA_BETA_T_CELL_ACTIVATION,GOBP|GOBP_REGULATION_OF_ALPHA_BETA_T_CELL_ACTIVATION,interaction,-0.00977260678281014,-0.6426358872353247,0.5219325437319898,0.9797364781042668
GOBP,GOBP_REGULATION_OF_AMIDE_METABOLIC_PROCESS,GOBP|GOBP_REGULATION_OF_AMIDE_METABOLIC_PROCESS,interaction,-0.00479843978324529,-0.5963034209725955,0.5523213369180229,0.9797364781042668
GOBP,GOBP_REGULATION_OF_APOPTOTIC_SIGNALING_PATHWAY,GOBP|GOBP_REGULATION_OF_APOPTOTIC_SIGNALING_PATHWAY,interaction,-0.00221206928378799,-0.5628432801500812,0.5748025745467743,0.9797364781042668
GOBP,GOBP_REGULATION_OF_ATP_DEPENDENT_ACTIVITY,GOBP|GOBP_REGULATION_OF_ATP_DEPENDENT_ACTIVITY,interaction,0.00371368210455561,0.41883972588239254,0.6762324056117259,0.9797364781042668
GOBP,GOBP_REGULATION_OF_AUTOPHAGY,GOBP|GOBP_REGULATION_OF_AUTOPHAGY,interaction,0.002491675055203077,0.6385623547501567,0.5245689147535408,0.9797364781042668
GOBP,GOBP_REGULATION_OF_AXONOGENESIS,GOBP|GOBP_REGULATION_OF_AXONOGENESIS,interaction,-0.010703326664435409,-1.2677859076527336,0.20782132176362247,0.9797364781042668
GOBP,GOBP_REGULATION_OF_BINDING,GOBP|GOBP_REGULATION_OF_BINDING,interaction,-0.0037901725872225914,-0.5198141758847244,0.6043430160137195,0.9797364781042668
GOBP,GOBP_REGULATION_OF_BLOOD_PRESSURE,GOBP|GOBP_REGULATION_OF_BLOOD_PRESSURE,interaction,-0.010796200038223902,-1.427442766203902,0.15657068707603225,0.9797364781042668
GOBP,GOBP_REGULATION_OF_BODY_FLUID_LEVELS,GOBP|GOBP_REGULATION_OF_BODY_FLUID_LEVELS,interaction,-0.0060391975095551165,-0.7498830499483324,0.45508750181132585,0.9797364781042668
GOBP,GOBP_REGULATION_OF_CALCIUM_MEDIATED_SIGNALING,GOBP|GOBP_REGULATION_OF_CALCIUM_MEDIATED_SIGNALING,interaction,7.143723208216657e-6,6.692594789391843e-4,0.9994673428431168,0.9994673428431168
GOBP,GOBP_REGULATION_OF_CARBOHYDRATE_METABOLIC_PROCESS,GOBP|GOBP_REGULATION_OF_CARBOHYDRATE_METABOLIC_PROCESS,interaction,1.785833110519719e-4,0.029729847065520957,0.9763418200394844,0.9994673428431168
GOBP,GOBP_REGULATION_OF_CELLULAR_COMPONENT_SIZE,GOBP|GOBP_REGULATION_OF_CELLULAR_COMPONENT_SIZE,interaction,-0.004649494427440816,-0.5326929842328517,0.5954290396179309,0.9797364781042668
GOBP,GOBP_REGULATION_OF_CELLULAR_RESPIRATION,GOBP|GOBP_REGULATION_OF_CELLULAR_RESPIRATION,interaction,0.021787972953814155,2.0611868926146073,0.041882735445753716,0.9797364781042668
GOBP,GOBP_REGULATION_OF_CELLULAR_RESPONSE_TO_INSULIN_STIMULUS,GOBP|GOBP_REGULATION_OF_CELLULAR_RESPONSE_TO_INSULIN_STIMULUS,interaction,-0.0011324173710627328,-0.16983969777896413,0.8654796643695054,0.9801210755159755
GOBP,GOBP_REGULATION_OF_CELLULAR_RESPONSE_TO_TRANSFORMING_GROWTH_FACTOR_BETA_STIMULUS,GOBP|GOBP_REGULATION_OF_CELLULAR_RESPONSE_TO_TRANSFORMING_GROWTH_FACTOR_BETA_STIMULUS,interaction,-0.006980230971821114,-0.7882574447966014,0.43241260824740246,0.9797364781042668
GOBP,GOBP_REGULATION_OF_CELL_CYCLE_CHECKPOINT,GOBP|GOBP_REGULATION_OF_CELL_CYCLE_CHECKPOINT,interaction,-0.003234404619014263,-0.31897042977105505,0.750414902460359,0.9797364781042668
GOBP,GOBP_REGULATION_OF_CELL_CYCLE_G1_S_PHASE_TRANSITION,GOBP|GOBP_REGULATION_OF_CELL_CYCLE_G1_S_PHASE_TRANSITION,interaction,-0.0044675082703487246,-0.7597930852188204,0.4491675525013974,0.9797364781042668
GOBP,GOBP_REGULATION_OF_CELL_DIVISION,GOBP|GOBP_REGULATION_OF_CELL_DIVISION,interaction,0.0040916307116660305,0.5270294481440139,0.5993415176764139,0.9797364781042668
GOBP,GOBP_REGULATION_OF_CELL_GROWTH,GOBP|GOBP_REGULATION_OF_CELL_GROWTH,interaction,-0.005827617999437443,-1.4160268647964656,0.15987797049085356,0.9797364781042668
GOBP,GOBP_REGULATION_OF_CELL_JUNCTION_ASSEMBLY,GOBP|GOBP_REGULATION_OF_CELL_JUNCTION_ASSEMBLY,interaction,-0.013528349538968754,-1.9258593365633414,0.05696488007772303,0.9797364781042668
GOBP,GOBP_REGULATION_OF_CELL_MORPHOGENESIS,GOBP|GOBP_REGULATION_OF_CELL_MORPHOGENESIS,interaction,-0.012972208055117108,-1.4216117207958328,0.15825335073309507,0.9797364781042668
GOBP,GOBP_REGULATION_OF_CELL_PROJECTION_ASSEMBLY,GOBP|GOBP_REGULATION_OF_CELL_PROJECTION_ASSEMBLY,interaction,-0.006103196022099772,-0.9739208279378798,0.3324481872717633,0.9797364781042668
GOBP,GOBP_REGULATION_OF_CELL_SIZE,GOBP|GOBP_REGULATION_OF_CELL_SIZE,interaction,-0.01021097960782364,-1.7572015644206609,0.08194702871903597,0.9797364781042668
GOBP,GOBP_REGULATION_OF_CHEMOTAXIS,GOBP|GOBP_REGULATION_OF_CHEMOTAXIS,interaction,-0.0037031958121860054,-0.500182869983842,0.6180463554701991,0.9797364781042668
GOBP,GOBP_REGULATION_OF_CHROMOSOME_ORGANIZATION,GOBP|GOBP_REGULATION_OF_CHROMOSOME_ORGANIZATION,interaction,0.00543895780170503,0.8522499078598981,0.396113914001212,0.9797364781042668
GOBP,GOBP_REGULATION_OF_CHROMOSOME_SEGREGATION,GOBP|GOBP_REGULATION_OF_CHROMOSOME_SEGREGATION,interaction,4.1017248382656246e-4,0.045303749719541944,0.9639556338626755,0.9975592250170054
GOBP,GOBP_REGULATION_OF_CILIUM_ASSEMBLY,GOBP|GOBP_REGULATION_OF_CILIUM_ASSEMBLY,interaction,0.0018198176668143204,0.19991164962334207,0.8419560497412802,0.9797364781042668
GOBP,GOBP_REGULATION_OF_CYTOPLASMIC_PATTERN_RECOGNITION_RECEPTOR_SIGNALING_PATHWAY,GOBP|GOBP_REGULATION_OF_CYTOPLASMIC_PATTERN_RECOGNITION_RECEPTOR_SIGNALING_PATHWAY,interaction,-0.003238455867072068,-0.4223003613961021,0.6737132791978209,0.9797364781042668
GOBP,GOBP_REGULATION_OF_CYTOPLASMIC_TRANSLATION,GOBP|GOBP_REGULATION_OF_CYTOPLASMIC_TRANSLATION,interaction,-0.009897465345920703,-1.2584319764180556,0.21116865480268995,0.9797364781042668
GOBP,GOBP_REGULATION_OF_DENDRITE_DEVELOPMENT,GOBP|GOBP_REGULATION_OF_DENDRITE_DEVELOPMENT,interaction,-0.0031490854883373803,-0.3026247481208517,0.7628050596730989,0.9797364781042668
GOBP,GOBP_REGULATION_OF_DEVELOPMENTAL_GROWTH,GOBP|GOBP_REGULATION_OF_DEVELOPMENTAL_GROWTH,interaction,-0.010268179419253391,-1.793874472735723,0.07585841808889485,0.9797364781042668
GOBP,GOBP_REGULATION_OF_DNA_BINDING_TRANSCRIPTION_FACTOR_ACTIVITY,GOBP|GOBP_REGULATION_OF_DNA_BINDING_TRANSCRIPTION_FACTOR_ACTIVITY,interaction,-0.00883296964946742,-1.173498310437721,0.24338623741289267,0.9797364781042668
GOBP,GOBP_REGULATION_OF_DNA_RECOMBINATION,GOBP|GOBP_REGULATION_OF_DNA_RECOMBINATION,interaction,-0.010340531399713141,-1.2222470122455913,0.22449017642485383,0.9797364781042668
GOBP,GOBP_REGULATION_OF_DNA_REPAIR,GOBP|GOBP_REGULATION_OF_DNA_REPAIR,interaction,-0.0034727865987520395,-0.6047903998234752,0.5466895205653641,0.9797364781042668
GOBP,GOBP_REGULATION_OF_DNA_REPLICATION,GOBP|GOBP_REGULATION_OF_DNA_REPLICATION,interaction,0.0019861448543211646,0.28589085656963026,0.7755536835045882,0.9797364781042668
GOBP,GOBP_REGULATION_OF_EMBRYONIC_DEVELOPMENT,GOBP|GOBP_REGULATION_OF_EMBRYONIC_DEVELOPMENT,interaction,0.009667266214720777,0.7576920997047766,0.45041889962406434,0.9797364781042668
GOBP,GOBP_REGULATION_OF_ENDOCYTOSIS,GOBP|GOBP_REGULATION_OF_ENDOCYTOSIS,interaction,-0.006917180444254295,-1.0956536914301034,0.27586470351365744,0.9797364781042668
GOBP,GOBP_REGULATION_OF_ENDOPLASMIC_RETICULUM_UNFOLDED_PROTEIN_RESPONSE,GOBP|GOBP_REGULATION_OF_ENDOPLASMIC_RETICULUM_UNFOLDED_PROTEIN_RESPONSE,interaction,-0.016600065729165628,-1.7205864367172417,0.08842185612552807,0.9797364781042668
GOBP,GOBP_REGULATION_OF_EPITHELIAL_CELL_DIFFERENTIATION,GOBP|GOBP_REGULATION_OF_EPITHELIAL_CELL_DIFFERENTIATION,interaction,0.008272419668328437,0.5289495661959007,0.5980137393307008,0.9797364781042668
GOBP,GOBP_REGULATION_OF_EPITHELIAL_TO_MESENCHYMAL_TRANSITION,GOBP|GOBP_REGULATION_OF_EPITHELIAL_TO_MESENCHYMAL_TRANSITION,interaction,-0.00411933378510787,-0.28180536155040314,0.7786756926374573,0.9797364781042668
GOBP,GOBP_REGULATION_OF_ERBB_SIGNALING_PATHWAY,GOBP|GOBP_REGULATION_OF_ERBB_SIGNALING_PATHWAY,interaction,-0.004266832757060274,-0.485557863801657,0.6283438930163812,0.9797364781042668
GOBP,GOBP_REGULATION_OF_EXTRACELLULAR_MATRIX_ORGANIZATION,GOBP|GOBP_REGULATION_OF_EXTRACELLULAR_MATRIX_ORGANIZATION,interaction,0.00898934301610363,0.26714403724121616,0.7899089637046667,0.9797364781042668
GOBP,GOBP_REGULATION_OF_FAT_CELL_DIFFERENTIATION,GOBP|GOBP_REGULATION_OF_FAT_CELL_DIFFERENTIATION,interaction,0.009480342159106328,1.096130421074532,0.2756570705664506,0.9797364781042668
GOBP,GOBP_REGULATION_OF_GENERATION_OF_PRECURSOR_METABOLITES_AND_ENERGY,GOBP|GOBP_REGULATION_OF_GENERATION_OF_PRECURSOR_METABOLITES_AND_ENERGY,interaction,0.00512316619619449,0.9118121529325477,0.36406265274166016,0.9797364781042668
GOBP,GOBP_REGULATION_OF_G_PROTEIN_COUPLED_RECEPTOR_SIGNALING_PATHWAY,GOBP|GOBP_REGULATION_OF_G_PROTEIN_COUPLED_RECEPTOR_SIGNALING_PATHWAY,interaction,-0.004101548574259867,-0.49811715325525624,0.6194962888569842,0.9797364781042668
GOBP,GOBP_REGULATION_OF_HEART_RATE,GOBP|GOBP_REGULATION_OF_HEART_RATE,interaction,-0.006935685555001986,-0.9528080379809314,0.34298702632167877,0.9797364781042668
GOBP,GOBP_REGULATION_OF_HEMOPOIESIS,GOBP|GOBP_REGULATION_OF_HEMOPOIESIS,interaction,0.0017660843453274067,0.2576343177747028,0.7972190889804336,0.9797364781042668
GOBP,GOBP_REGULATION_OF_HYDROLASE_ACTIVITY,GOBP|GOBP_REGULATION_OF_HYDROLASE_ACTIVITY,interaction,-0.005734717316412126,-0.7162640616554139,0.47549934442968667,0.9797364781042668
GOBP,GOBP_REGULATION_OF_IMMUNE_EFFECTOR_PROCESS,GOBP|GOBP_REGULATION_OF_IMMUNE_EFFECTOR_PROCESS,interaction,-0.009162637836358178,-1.4724443345813274,0.14404447063842846,0.9797364781042668
GOBP,GOBP_REGULATION_OF_INFLAMMATORY_RESPONSE,GOBP|GOBP_REGULATION_OF_INFLAMMATORY_RESPONSE,interaction,-0.001582003208793606,-0.31822909078056544,0.7509754585343626,0.9797364781042668
GOBP,GOBP_REGULATION_OF_INTRACELLULAR_PROTEIN_TRANSPORT,GOBP|GOBP_REGULATION_OF_INTRACELLULAR_PROTEIN_TRANSPORT,interaction,-0.004075303657569772,-0.6387024710347227,0.5244781173005324,0.9797364781042668
GOBP,GOBP_REGULATION_OF_INTRACELLULAR_STEROID_HORMONE_RECEPTOR_SIGNALING_PATHWAY,GOBP|GOBP_REGULATION_OF_INTRACELLULAR_STEROID_HORMONE_RECEPTOR_SIGNALING_PATHWAY,interaction,0.0033870090835772387,0.4873632042166749,0.6270687092704852,0.9797364781042668
GOBP,GOBP_REGULATION_OF_INTRACELLULAR_TRANSPORT,GOBP|GOBP_REGULATION_OF_INTRACELLULAR_TRANSPORT,interaction,-0.006973916059066998,-1.4043614978561176,0.16331265230404646,0.9797364781042668
GOBP,GOBP_REGULATION_OF_KETONE_METABOLIC_PROCESS,GOBP|GOBP_REGULATION_OF_KETONE_METABOLIC_PROCESS,interaction,-0.0031191680916256015,-0.5075547186336732,0.6128843605282919,0.9797364781042668
GOBP,GOBP_REGULATION_OF_LIPID_LOCALIZATION,GOBP|GOBP_REGULATION_OF_LIPID_LOCALIZATION,interaction,-0.002651401890981578,-0.39170719059942855,0.6961088803049165,0.9797364781042668
GOBP,GOBP_REGULATION_OF_LIPID_METABOLIC_PROCESS,GOBP|GOBP_REGULATION_OF_LIPID_METABOLIC_PROCESS,interaction,-0.0010759269205033312,-0.2463886554268253,0.8058869422917656,0.9797364781042668
GOBP,GOBP_REGULATION_OF_LYMPHOCYTE_MEDIATED_IMMUNITY,GOBP|GOBP_REGULATION_OF_LYMPHOCYTE_MEDIATED_IMMUNITY,interaction,-0.012706788242954063,-1.248549772786157,0.21474784205507894,0.9797364781042668
GOBP,GOBP_REGULATION_OF_MEMBRANE_POTENTIAL,GOBP|GOBP_REGULATION_OF_MEMBRANE_POTENTIAL,interaction,-0.0038118301932220655,-0.9866457265504784,0.3261999546970241,0.9797364781042668
GOBP,GOBP_REGULATION_OF_MICROTUBULE_BASED_PROCESS,GOBP|GOBP_REGULATION_OF_MICROTUBULE_BASED_PROCESS,interaction,7.379467039319854e-4,0.12020228882966308,0.9045643169337476,0.9858240118010856
GOBP,GOBP_REGULATION_OF_MITOCHONDRIAL_MEMBRANE_POTENTIAL,GOBP|GOBP_REGULATION_OF_MITOCHONDRIAL_MEMBRANE_POTENTIAL,interaction,-0.0012796927956508775,-0.2283819817150878,0.8198161221350455,0.9797364781042668
GOBP,GOBP_REGULATION_OF_MITOCHONDRION_ORGANIZATION,GOBP|GOBP_REGULATION_OF_MITOCHONDRION_ORGANIZATION,interaction,-0.003519646331201734,-0.5378295501522776,0.5918908648145036,0.9797364781042668
GOBP,GOBP_REGULATION_OF_MONONUCLEAR_CELL_MIGRATION,GOBP|GOBP_REGULATION_OF_MONONUCLEAR_CELL_MIGRATION,interaction,-0.011512590447052634,-1.112318899348009,0.2686705868133608,0.9797364781042668
GOBP,GOBP_REGULATION_OF_MRNA_METABOLIC_PROCESS,GOBP|GOBP_REGULATION_OF_MRNA_METABOLIC_PROCESS,interaction,-0.002255290630263855,-0.2932164345205743,0.7699649444863581,0.9797364781042668
GOBP,GOBP_REGULATION_OF_MUSCLE_CELL_DIFFERENTIATION,GOBP|GOBP_REGULATION_OF_MUSCLE_CELL_DIFFERENTIATION,interaction,-0.005499435862893393,-0.3021403825370152,0.7631731734426099,0.9797364781042668
GOBP,GOBP_REGULATION_OF_MUSCLE_HYPERTROPHY,GOBP|GOBP_REGULATION_OF_MUSCLE_HYPERTROPHY,interaction,-0.013862070807011479,-1.9175391720932822,0.05802575278222722,0.9797364781042668
GOBP,GOBP_REGULATION_OF_MUSCLE_SYSTEM_PROCESS,GOBP|GOBP_REGULATION_OF_MUSCLE_SYSTEM_PROCESS,interaction,-0.0029380459407134796,-0.4561341526206233,0.6492835637038038,0.9797364781042668
GOBP,GOBP_REGULATION_OF_MYELOID_LEUKOCYTE_DIFFERENTIATION,GOBP|GOBP_REGULATION_OF_MYELOID_LEUKOCYTE_DIFFERENTIATION,interaction,-0.005528513211984165,-0.5271467800283485,0.5992603427791612,0.9797364781042668
GOBP,GOBP_REGULATION_OF_NERVOUS_SYSTEM_DEVELOPMENT,GOBP|GOBP_REGULATION_OF_NERVOUS_SYSTEM_DEVELOPMENT,interaction,-0.003867286911862111,-0.6942118944248713,0.48916055821420745,0.9797364781042668
GOBP,GOBP_REGULATION_OF_NEURON_DIFFERENTIATION,GOBP|GOBP_REGULATION_OF_NEURON_DIFFERENTIATION,interaction,-0.006562678563090979,-1.040782290220356,0.3004888878805366,0.9797364781042668
GOBP,GOBP_REGULATION_OF_NEURON_PROJECTION_DEVELOPMENT,GOBP|GOBP_REGULATION_OF_NEURON_PROJECTION_DEVELOPMENT,interaction,-0.007345371501794332,-1.2331025730860417,0.2204311845940736,0.9797364781042668
GOBP,GOBP_REGULATION_OF_NUCLEAR_DIVISION,GOBP|GOBP_REGULATION_OF_NUCLEAR_DIVISION,interaction,0.009543341314135763,1.470980389156253,0.1444393089642811,0.9797364781042668
GOBP,GOBP_REGULATION_OF_NUCLEOTIDE_METABOLIC_PROCESS,GOBP|GOBP_REGULATION_OF_NUCLEOTIDE_METABOLIC_PROCESS,interaction,0.009986643749556462,1.660412461110153,0.09996719036461711,0.9797364781042668
GOBP,GOBP_REGULATION_OF_ORGANELLE_ASSEMBLY,GOBP|GOBP_REGULATION_OF_ORGANELLE_ASSEMBLY,interaction,-0.0037080298448841573,-0.605180002718844,0.546431681249395,0.9797364781042668
GOBP,GOBP_REGULATION_OF_ORGANIC_ACID_TRANSPORT,GOBP|GOBP_REGULATION_OF_ORGANIC_ACID_TRANSPORT,interaction,-0.0016448217981528956,-0.2189976640784179,0.8270986641873256,0.9797364781042668
GOBP,GOBP_REGULATION_OF_PH,GOBP|GOBP_REGULATION_OF_PH,interaction,-0.008222584675702645,-0.8148055825297114,0.4171217879283363,0.9797364781042668
GOBP,GOBP_REGULATION_OF_PHAGOCYTOSIS,GOBP|GOBP_REGULATION_OF_PHAGOCYTOSIS,interaction,-0.0021155249530809273,-0.35991253292400194,0.7196722920546879,0.9797364781042668
GOBP,GOBP_REGULATION_OF_PHOSPHORYLATION,GOBP|GOBP_REGULATION_OF_PHOSPHORYLATION,interaction,-0.0029487095603129843,-0.5533592490946633,0.581253737122482,0.9797364781042668
GOBP,GOBP_REGULATION_OF_PLASMA_LIPOPROTEIN_PARTICLE_LEVELS,GOBP|GOBP_REGULATION_OF_PLASMA_LIPOPROTEIN_PARTICLE_LEVELS,interaction,0.005945691119626506,0.6767509289832823,0.5001279843420681,0.9797364781042668
GOBP,GOBP_REGULATION_OF_POLYSACCHARIDE_METABOLIC_PROCESS,GOBP|GOBP_REGULATION_OF_POLYSACCHARIDE_METABOLIC_PROCESS,interaction,-0.010552411886004375,-0.9768381336649791,0.33100883121986635,0.9797364781042668
GOBP,GOBP_REGULATION_OF_POSTSYNAPTIC_MEMBRANE_NEUROTRANSMITTER_RECEPTOR_LEVELS,GOBP|GOBP_REGULATION_OF_POSTSYNAPTIC_MEMBRANE_NEUROTRANSMITTER_RECEPTOR_LEVELS,interaction,-0.0017460540976368382,-0.21406607522072238,0.8309318425808045,0.9797364781042668
GOBP,GOBP_REGULATION_OF_POST_TRANSLATIONAL_PROTEIN_MODIFICATION,GOBP|GOBP_REGULATION_OF_POST_TRANSLATIONAL_PROTEIN_MODIFICATION,interaction,-0.0015633862691729061,-0.3283836573379288,0.7433089078837876,0.9797364781042668
GOBP,GOBP_REGULATION_OF_POTASSIUM_ION_TRANSMEMBRANE_TRANSPORT,GOBP|GOBP_REGULATION_OF_POTASSIUM_ION_TRANSMEMBRANE_TRANSPORT,interaction,-0.016098688718989562,-2.2338736304714635,0.02772080928700467,0.9797364781042668
GOBP,GOBP_REGULATION_OF_PROTEIN_CATABOLIC_PROCESS,GOBP|GOBP_REGULATION_OF_PROTEIN_CATABOLIC_PROCESS,interaction,-0.00202251109996035,-0.49890875624218245,0.6189404821229312,0.9797364781042668
GOBP,GOBP_REGULATION_OF_PROTEIN_CONTAINING_COMPLEX_ASSEMBLY,GOBP|GOBP_REGULATION_OF_PROTEIN_CONTAINING_COMPLEX_ASSEMBLY,interaction,-0.00631050882726511,-1.2154321038554226,0.22706588076585715,0.9797364781042668
GOBP,GOBP_REGULATION_OF_PROTEIN_CONTAINING_COMPLEX_DISASSEMBLY,GOBP|GOBP_REGULATION_OF_PROTEIN_CONTAINING_COMPLEX_DISASSEMBLY,interaction,0.0016003243387664526,0.12582903350629104,0.9001201413541612,0.9858240118010856
GOBP,GOBP_REGULATION_OF_PROTEIN_IMPORT_INTO_NUCLEUS,GOBP|GOBP_REGULATION_OF_PROTEIN_IMPORT_INTO_NUCLEUS,interaction,-0.0010403281086969196,-0.1448434214056557,0.8851263160588121,0.9858240118010856
GOBP,GOBP_REGULATION_OF_PROTEIN_LOCALIZATION_TO_MEMBRANE,GOBP|GOBP_REGULATION_OF_PROTEIN_LOCALIZATION_TO_MEMBRANE,interaction,-0.0045651161080513935,-0.710105035883683,0.4792933182149539,0.9797364781042668
GOBP,GOBP_REGULATION_OF_PROTEIN_MATURATION,GOBP|GOBP_REGULATION_OF_PROTEIN_MATURATION,interaction,-0.011058152073784688,-0.9908395414431196,0.3241577742489895,0.9797364781042668
GOBP,GOBP_REGULATION_OF_PROTEIN_SERINE_THREONINE_KINASE_ACTIVITY,GOBP|GOBP_REGULATION_OF_PROTEIN_SERINE_THREONINE_KINASE_ACTIVITY,interaction,0.0035849640748812778,0.4007594706082543,0.6894530313098665,0.9797364781042668
GOBP,GOBP_REGULATION_OF_PROTEIN_STABILITY,GOBP|GOBP_REGULATION_OF_PROTEIN_STABILITY,interaction,0.002483427544729286,0.583077933645271,0.5611547749640111,0.9797364781042668
GOBP,GOBP_REGULATION_OF_PROTEIN_TARGETING,GOBP|GOBP_REGULATION_OF_PROTEIN_TARGETING,interaction,0.00845669785601895,1.0819366400823571,0.2818853883995551,0.9797364781042668
GOBP,GOBP_REGULATION_OF_PROTEIN_TRANSPORT,GOBP|GOBP_REGULATION_OF_PROTEIN_TRANSPORT,interaction,-0.006275841733390339,-1.3913591362593403,0.16720722525807163,0.9797364781042668
GOBP,GOBP_REGULATION_OF_RECEPTOR_MEDIATED_ENDOCYTOSIS,GOBP|GOBP_REGULATION_OF_RECEPTOR_MEDIATED_ENDOCYTOSIS,interaction,-0.006266718514638146,-0.6832567337234191,0.4960262005669921,0.9797364781042668
GOBP,GOBP_REGULATION_OF_REGULATED_SECRETORY_PATHWAY,GOBP|GOBP_REGULATION_OF_REGULATED_SECRETORY_PATHWAY,interaction,-0.008067552942759001,-0.7761354739438139,0.4395026268382226,0.9797364781042668
GOBP,GOBP_REGULATION_OF_RELEASE_OF_SEQUESTERED_CALCIUM_ION_INTO_CYTOSOL,GOBP|GOBP_REGULATION_OF_RELEASE_OF_SEQUESTERED_CALCIUM_ION_INTO_CYTOSOL,interaction,0.001551104600643144,0.21784592799302474,0.8279935040852037,0.9797364781042668
GOBP,GOBP_REGULATION_OF_REPRODUCTIVE_PROCESS,GOBP|GOBP_REGULATION_OF_REPRODUCTIVE_PROCESS,interaction,-0.0023254764572150505,-0.259760380415962,0.79558319082503,0.9797364781042668
GOBP,GOBP_REGULATION_OF_RESPONSE_TO_CYTOKINE_STIMULUS,GOBP|GOBP_REGULATION_OF_RESPONSE_TO_CYTOKINE_STIMULUS,interaction,-0.005434568756369409,-0.9123236271484731,0.36379474426410197,0.9797364781042668
GOBP,GOBP_REGULATION_OF_RESPONSE_TO_ENDOPLASMIC_RETICULUM_STRESS,GOBP|GOBP_REGULATION_OF_RESPONSE_TO_ENDOPLASMIC_RETICULUM_STRESS,interaction,-0.00900622812868547,-1.4562962421700587,0.1484464607625195,0.9797364781042668
GOBP,GOBP_REGULATION_OF_RESPONSE_TO_WOUNDING,GOBP|GOBP_REGULATION_OF_RESPONSE_TO_WOUNDING,interaction,-0.007622802280905061,-0.9894757518652922,0.32482094299268893,0.9797364781042668
GOBP,GOBP_REGULATION_OF_RNA_SPLICING,GOBP|GOBP_REGULATION_OF_RNA_SPLICING,interaction,-0.004936048534093573,-0.4473700675659534,0.655576385092971,0.9797364781042668
GOBP,GOBP_REGULATION_OF_SIGNALING_RECEPTOR_ACTIVITY,GOBP|GOBP_REGULATION_OF_SIGNALING_RECEPTOR_ACTIVITY,interaction,-0.004023583855403495,-0.47631303260715624,0.6348914762126981,0.9797364781042668
GOBP,GOBP_REGULATION_OF_SMALL_GTPASE_MEDIATED_SIGNAL_TRANSDUCTION,GOBP|GOBP_REGULATION_OF_SMALL_GTPASE_MEDIATED_SIGNAL_TRANSDUCTION,interaction,-0.0035131863980417677,-0.5440701930481648,0.5876054115613245,0.9797364781042668
GOBP,GOBP_REGULATION_OF_SMALL_MOLECULE_METABOLIC_PROCESS,GOBP|GOBP_REGULATION_OF_SMALL_MOLECULE_METABOLIC_PROCESS,interaction,0.00368181910147361,0.8603231077345208,0.39167093705561573,0.9797364781042668
GOBP,GOBP_REGULATION_OF_STEROID_METABOLIC_PROCESS,GOBP|GOBP_REGULATION_OF_STEROID_METABOLIC_PROCESS,interaction,0.0013268208500288106,0.1713676954063504,0.8642812876413217,0.9801210755159755
GOBP,GOBP_REGULATION_OF_STRIATED_MUSCLE_CONTRACTION,GOBP|GOBP_REGULATION_OF_STRIATED_MUSCLE_CONTRACTION,interaction,-0.002638345216678495,-0.28751193870160674,0.7743159191056015,0.9797364781042668
GOBP,GOBP_REGULATION_OF_SUPRAMOLECULAR_FIBER_ORGANIZATION,GOBP|GOBP_REGULATION_OF_SUPRAMOLECULAR_FIBER_ORGANIZATION,interaction,-0.003813310805814707,-0.5481915531936186,0.5847832838095661,0.9797364781042668
GOBP,GOBP_REGULATION_OF_SYNAPSE_STRUCTURE_OR_ACTIVITY,GOBP|GOBP_REGULATION_OF_SYNAPSE_STRUCTURE_OR_ACTIVITY,interaction,-0.010545579007407574,-1.645380013784424,0.1030343604722306,0.9797364781042668
GOBP,GOBP_REGULATION_OF_SYNAPTIC_PLASTICITY,GOBP|GOBP_REGULATION_OF_SYNAPTIC_PLASTICITY,interaction,0.005744367242536835,0.9552800761512705,0.34174197721787636,0.9797364781042668
GOBP,GOBP_REGULATION_OF_SYSTEMIC_ARTERIAL_BLOOD_PRESSURE,GOBP|GOBP_REGULATION_OF_SYSTEMIC_ARTERIAL_BLOOD_PRESSURE,interaction,-0.0070589400220396475,-0.7229727593466835,0.47138586806030514,0.9797364781042668
GOBP,GOBP_REGULATION_OF_THE_FORCE_OF_HEART_CONTRACTION,GOBP|GOBP_REGULATION_OF_THE_FORCE_OF_HEART_CONTRACTION,interaction,-0.01512752685124602,-1.399632075388013,0.16472113643561281,0.9797364781042668
GOBP,GOBP_REGULATION_OF_TRANSLATION,GOBP|GOBP_REGULATION_OF_TRANSLATION,interaction,-0.002768942432204928,-0.5095173780962087,0.6115133110592266,0.9797364781042668
GOBP,GOBP_REGULATION_OF_TRANSMEMBRANE_TRANSPORT,GOBP|GOBP_REGULATION_OF_TRANSMEMBRANE_TRANSPORT,interaction,-0.0029068769492463786,-0.9382061466775465,0.35040123587078076,0.9797364781042668
GOBP,GOBP_REGULATION_OF_TRANSMEMBRANE_TRANSPORTER_ACTIVITY,GOBP|GOBP_REGULATION_OF_TRANSMEMBRANE_TRANSPORTER_ACTIVITY,interaction,0.0014764972330601756,0.25554264934765347,0.798829405397802,0.9797364781042668
GOBP,GOBP_REGULATION_OF_TUMOR_NECROSIS_FACTOR_MEDIATED_SIGNALING_PATHWAY,GOBP|GOBP_REGULATION_OF_TUMOR_NECROSIS_FACTOR_MEDIATED_SIGNALING_PATHWAY,interaction,-7.761244488128927e-5,-0.008062502712844179,0.9935832016744577,0.9994673428431168
GOBP,GOBP_REGULATION_OF_UBIQUITIN_DEPENDENT_PROTEIN_CATABOLIC_PROCESS,GOBP|GOBP_REGULATION_OF_UBIQUITIN_DEPENDENT_PROTEIN_CATABOLIC_PROCESS,interaction,-0.00917390979215739,-1.767807088850414,0.08014623267637282,0.9797364781042668
GOBP,GOBP_REGULATION_OF_VACUOLE_ORGANIZATION,GOBP|GOBP_REGULATION_OF_VACUOLE_ORGANIZATION,interaction,-0.0017860360909097012,-0.1536498949407481,0.8781957423638683,0.9858240118010856
GOBP,GOBP_REGULATION_OF_VASCULATURE_DEVELOPMENT,GOBP|GOBP_REGULATION_OF_VASCULATURE_DEVELOPMENT,interaction,-0.004940858524061051,-0.6272985488231181,0.531894673435646,0.9797364781042668
GOBP,GOBP_REGULATION_OF_VIRAL_PROCESS,GOBP|GOBP_REGULATION_OF_VIRAL_PROCESS,interaction,5.885133035268969e-4,0.10237235127017914,0.9186663349046106,0.9858240118010856
GOBP,GOBP_RELAXATION_OF_MUSCLE,GOBP|GOBP_RELAXATION_OF_MUSCLE,interaction,0.0010496825921303965,0.1272509668477361,0.8989975520396865,0.9858240118010856
GOBP,GOBP_RELEASE_OF_CYTOCHROME_C_FROM_MITOCHONDRIA,GOBP|GOBP_RELEASE_OF_CYTOCHROME_C_FROM_MITOCHONDRIA,interaction,-0.0016722105435900692,-0.1950017963543165,0.8457875767536146,0.9797364781042668
GOBP,GOBP_RENAL_SYSTEM_DEVELOPMENT,GOBP|GOBP_RENAL_SYSTEM_DEVELOPMENT,interaction,-0.004955832132528301,-0.5369950647678056,0.5924650088855961,0.9797364781042668
GOBP,GOBP_RENAL_SYSTEM_PROCESS,GOBP|GOBP_RENAL_SYSTEM_PROCESS,interaction,0.006998564748001257,1.056247069907122,0.2934029563689079,0.9797364781042668
GOBP,GOBP_REPRODUCTIVE_SYSTEM_DEVELOPMENT,GOBP|GOBP_REPRODUCTIVE_SYSTEM_DEVELOPMENT,interaction,0.0016263781691926854,0.2584701067927435,0.7965758831108184,0.9797364781042668
GOBP,GOBP_RESPIRATORY_SYSTEM_DEVELOPMENT,GOBP|GOBP_RESPIRATORY_SYSTEM_DEVELOPMENT,interaction,-0.012855954216437974,-1.1561805385192983,0.2503647747636321,0.9797364781042668
GOBP,GOBP_RESPONSE_TO_ACID_CHEMICAL,GOBP|GOBP_RESPONSE_TO_ACID_CHEMICAL,interaction,-9.652731119608876e-4,-0.08432533374856234,0.9329665223341368,0.9888936708119325
GOBP,GOBP_RESPONSE_TO_ACTIVITY,GOBP|GOBP_RESPONSE_TO_ACTIVITY,interaction,0.003143433521499206,0.4442484588520195,0.6578238130059169,0.9797364781042668
GOBP,GOBP_RESPONSE_TO_ALCOHOL,GOBP|GOBP_RESPONSE_TO_ALCOHOL,interaction,0.006489279181715241,1.0063552134850355,0.3166760409599862,0.9797364781042668
GOBP,GOBP_RESPONSE_TO_ALKALOID,GOBP|GOBP_RESPONSE_TO_ALKALOID,interaction,0.007964600694852941,1.2653603250064756,0.20868554959907604,0.9797364781042668
GOBP,GOBP_RESPONSE_TO_AMINO_ACID_STARVATION,GOBP|GOBP_RESPONSE_TO_AMINO_ACID_STARVATION,interaction,0.007930913460088701,0.7446475504755175,0.45823294773000367,0.9797364781042668
GOBP,GOBP_RESPONSE_TO_ANGIOTENSIN,GOBP|GOBP_RESPONSE_TO_ANGIOTENSIN,interaction,-0.011000189128861155,-0.9474010346855539,0.3457205216457113,0.9797364781042668
GOBP,GOBP_RESPONSE_TO_AXON_INJURY,GOBP|GOBP_RESPONSE_TO_AXON_INJURY,interaction,0.0029232229865008563,0.42007894802654316,0.6753299046071586,0.9797364781042668
GOBP,GOBP_RESPONSE_TO_BMP,GOBP|GOBP_RESPONSE_TO_BMP,interaction,-0.006071711826390016,-0.6830264041850913,0.4961711071261561,0.9797364781042668
GOBP,GOBP_RESPONSE_TO_CADMIUM_ION,GOBP|GOBP_RESPONSE_TO_CADMIUM_ION,interaction,0.02266470698757575,2.286620438985921,0.02432844121292864,0.9797364781042668
GOBP,GOBP_RESPONSE_TO_CALCIUM_ION,GOBP|GOBP_RESPONSE_TO_CALCIUM_ION,interaction,-0.008267111464824964,-1.4197858791376414,0.15878308126542073,0.9797364781042668
GOBP,GOBP_RESPONSE_TO_CARBOHYDRATE,GOBP|GOBP_RESPONSE_TO_CARBOHYDRATE,interaction,0.006517126694141909,1.123501032786187,0.2639173603461175,0.9797364781042668
GOBP,GOBP_RESPONSE_TO_CORTICOSTEROID,GOBP|GOBP_RESPONSE_TO_CORTICOSTEROID,interaction,0.004891970105330656,0.6822712484958203,0.4966463567855298,0.9797364781042668
GOBP,GOBP_RESPONSE_TO_ENDOPLASMIC_RETICULUM_STRESS,GOBP|GOBP_RESPONSE_TO_ENDOPLASMIC_RETICULUM_STRESS,interaction,-0.004608746687321148,-1.0634482315385514,0.2901425435773953,0.9797364781042668
GOBP,GOBP_RESPONSE_TO_ESTRADIOL,GOBP|GOBP_RESPONSE_TO_ESTRADIOL,interaction,-0.007205100440477424,-0.9811443650268656,0.3288916882832871,0.9797364781042668
GOBP,GOBP_RESPONSE_TO_ETHANOL,GOBP|GOBP_RESPONSE_TO_ETHANOL,interaction,0.0032811686991632283,0.5337793366777954,0.5946799207963214,0.9797364781042668
GOBP,GOBP_RESPONSE_TO_FATTY_ACID,GOBP|GOBP_RESPONSE_TO_FATTY_ACID,interaction,-0.005181926225730937,-0.4748276406460007,0.6359462205374161,0.9797364781042668
GOBP,GOBP_RESPONSE_TO_FIBROBLAST_GROWTH_FACTOR,GOBP|GOBP_RESPONSE_TO_FIBROBLAST_GROWTH_FACTOR,interaction,-0.002319216021603534,-0.14313302235208175,0.8864734291045532,0.9858240118010856
GOBP,GOBP_RESPONSE_TO_INTERLEUKIN_1,GOBP|GOBP_RESPONSE_TO_INTERLEUKIN_1,interaction,0.011178850491473748,0.7721212537802858,0.44186535380346137,0.9797364781042668
GOBP,GOBP_RESPONSE_TO_IONIZING_RADIATION,GOBP|GOBP_RESPONSE_TO_IONIZING_RADIATION,interaction,0.009040086906631106,1.3993304092063583,0.16481129062585112,0.9797364781042668
GOBP,GOBP_RESPONSE_TO_ISCHEMIA,GOBP|GOBP_RESPONSE_TO_ISCHEMIA,interaction,-0.010026033290961814,-1.3019893922996226,0.19591404904360352,0.9797364781042668
GOBP,GOBP_RESPONSE_TO_KETONE,GOBP|GOBP_RESPONSE_TO_KETONE,interaction,0.008362348241508166,0.8653546251597289,0.3889174999672482,0.9797364781042668
GOBP,GOBP_RESPONSE_TO_LEUKEMIA_INHIBITORY_FACTOR,GOBP|GOBP_RESPONSE_TO_LEUKEMIA_INHIBITORY_FACTOR,interaction,0.010613538723966545,1.4337330511612068,0.15477097888760322,0.9797364781042668
GOBP,GOBP_RESPONSE_TO_MECHANICAL_STIMULUS,GOBP|GOBP_RESPONSE_TO_MECHANICAL_STIMULUS,interaction,0.0010314725742618935,0.10949275310183627,0.9130313099984136,0.9858240118010856
GOBP,GOBP_RESPONSE_TO_METAL_ION,GOBP|GOBP_RESPONSE_TO_METAL_ION,interaction,0.0046323498819293984,1.0158287161483166,0.312164861386518,0.9797364781042668
GOBP,GOBP_RESPONSE_TO_MOLECULE_OF_BACTERIAL_ORIGIN,GOBP|GOBP_RESPONSE_TO_MOLECULE_OF_BACTERIAL_ORIGIN,interaction,0.0012235255951313362,0.19585845522748563,0.8451187921496277,0.9797364781042668
GOBP,GOBP_RESPONSE_TO_NERVE_GROWTH_FACTOR,GOBP|GOBP_RESPONSE_TO_NERVE_GROWTH_FACTOR,interaction,-0.013181269571243104,-1.083776490049182,0.2810726283526247,0.9797364781042668
GOBP,GOBP_RESPONSE_TO_NUTRIENT,GOBP|GOBP_RESPONSE_TO_NUTRIENT,interaction,0.0025619524301974256,0.37231256323716616,0.7104487892867501,0.9797364781042668
GOBP,GOBP_RESPONSE_TO_OSMOTIC_STRESS,GOBP|GOBP_RESPONSE_TO_OSMOTIC_STRESS,interaction,-8.848171027437263e-4,-0.11846895864176511,0.9059339725772488,0.9858240118010856
GOBP,GOBP_RESPONSE_TO_OXIDATIVE_STRESS,GOBP|GOBP_RESPONSE_TO_OXIDATIVE_STRESS,interaction,0.00610687208960406,1.7946821395330301,0.07572865984466647,0.9797364781042668
GOBP,GOBP_RESPONSE_TO_OXYGEN_LEVELS,GOBP|GOBP_RESPONSE_TO_OXYGEN_LEVELS,interaction,0.003333067804111828,0.8986236879385634,0.3710139242814554,0.9797364781042668
GOBP,GOBP_RESPONSE_TO_PEPTIDE_HORMONE,GOBP|GOBP_RESPONSE_TO_PEPTIDE_HORMONE,interaction,0.0012114619463051424,0.35227201259065416,0.7253763332366838,0.9797364781042668
GOBP,GOBP_RESPONSE_TO_PURINE_CONTAINING_COMPOUND,GOBP|GOBP_RESPONSE_TO_PURINE_CONTAINING_COMPOUND,interaction,0.003699210067785938,0.5794178407988222,0.5636115922808114,0.9797364781042668
GOBP,GOBP_RESPONSE_TO_RADIATION,GOBP|GOBP_RESPONSE_TO_RADIATION,interaction,0.004426198662702906,1.099797031941542,0.27406374675285844,0.9797364781042668
GOBP,GOBP_RESPONSE_TO_REACTIVE_OXYGEN_SPECIES,GOBP|GOBP_RESPONSE_TO_REACTIVE_OXYGEN_SPECIES,interaction,0.0054800970866623055,1.327602765990771,0.18733509515161226,0.9797364781042668
GOBP,GOBP_RESPONSE_TO_STEROID_HORMONE,GOBP|GOBP_RESPONSE_TO_STEROID_HORMONE,interaction,0.0025493741226847166,0.5374627639805247,0.592143189727514,0.9797364781042668
GOBP,GOBP_RESPONSE_TO_TEMPERATURE_STIMULUS,GOBP|GOBP_RESPONSE_TO_TEMPERATURE_STIMULUS,interaction,0.005981076907660171,1.0718578485180406,0.28636642980049176,0.9797364781042668
GOBP,GOBP_RESPONSE_TO_TOPOLOGICALLY_INCORRECT_PROTEIN,GOBP|GOBP_RESPONSE_TO_TOPOLOGICALLY_INCORRECT_PROTEIN,interaction,3.247580453939053e-4,0.0660225182380761,0.9474918423953831,0.9945630896351857
GOBP,GOBP_RESPONSE_TO_TOXIC_SUBSTANCE,GOBP|GOBP_RESPONSE_TO_TOXIC_SUBSTANCE,interaction,0.006135161153210222,1.2305902666588362,0.22136577375283295,0.9797364781042668
GOBP,GOBP_RESPONSE_TO_TUMOR_NECROSIS_FACTOR,GOBP|GOBP_RESPONSE_TO_TUMOR_NECROSIS_FACTOR,interaction,-0.0037774166664653885,-0.5597895053322256,0.5768760368529697,0.9797364781042668
GOBP,GOBP_RESPONSE_TO_TYPE_II_INTERFERON,GOBP|GOBP_RESPONSE_TO_TYPE_II_INTERFERON,interaction,0.001916977791427299,0.3484763886802163,0.7282157455165412,0.9797364781042668
GOBP,GOBP_RESPONSE_TO_TYPE_I_INTERFERON,GOBP|GOBP_RESPONSE_TO_TYPE_I_INTERFERON,interaction,-0.003706570096120909,-0.5951538023788129,0.5530864217850269,0.9797364781042668
GOBP,GOBP_RESPONSE_TO_UV,GOBP|GOBP_RESPONSE_TO_UV,interaction,0.0031008051407234657,0.41700518196349323,0.6775693347125751,0.9797364781042668
GOBP,GOBP_RESPONSE_TO_VIRUS,GOBP|GOBP_RESPONSE_TO_VIRUS,interaction,-0.005842259154755124,-1.3814270168630112,0.17022959367799892,0.9797364781042668
GOBP,GOBP_RESPONSE_TO_VITAMIN,GOBP|GOBP_RESPONSE_TO_VITAMIN,interaction,7.669296052015551e-4,0.09104965014405034,0.9276354536956801,0.9860765120089682
GOBP,GOBP_RESPONSE_TO_XENOBIOTIC_STIMULUS,GOBP|GOBP_RESPONSE_TO_XENOBIOTIC_STIMULUS,interaction,0.004995247732668656,0.7931646032650002,0.4295616828435972,0.9797364781042668
GOBP,GOBP_RETINA_DEVELOPMENT_IN_CAMERA_TYPE_EYE,GOBP|GOBP_RETINA_DEVELOPMENT_IN_CAMERA_TYPE_EYE,interaction,-0.007640727304654163,-0.47213515169593584,0.637860008485533,0.9797364781042668
GOBP,GOBP_RETROGRADE_VESICLE_MEDIATED_TRANSPORT_GOLGI_TO_ENDOPLASMIC_RETICULUM,GOBP|GOBP_RETROGRADE_VESICLE_MEDIATED_TRANSPORT_GOLGI_TO_ENDOPLASMIC_RETICULUM,interaction,-0.023496069390913255,-1.8100083148953185,0.07330103240948646,0.9797364781042668
GOBP,GOBP_RHO_PROTEIN_SIGNAL_TRANSDUCTION,GOBP|GOBP_RHO_PROTEIN_SIGNAL_TRANSDUCTION,interaction,-0.004905505919181832,-0.3757663602841662,0.7078873317397931,0.9797364781042668
GOBP,GOBP_RHYTHMIC_PROCESS,GOBP|GOBP_RHYTHMIC_PROCESS,interaction,0.0023970839564992907,0.4736655650895123,0.6367719079010468,0.9797364781042668
GOBP,GOBP_RIBOSE_PHOSPHATE_METABOLIC_PROCESS,GOBP|GOBP_RIBOSE_PHOSPHATE_METABOLIC_PROCESS,interaction,0.005058099030966101,1.2708281038279337,0.20674112468395017,0.9797364781042668
GOBP,GOBP_RIBOSOMAL_LARGE_SUBUNIT_BIOGENESIS,GOBP|GOBP_RIBOSOMAL_LARGE_SUBUNIT_BIOGENESIS,interaction,-0.02039477231371664,-1.1381854133716645,0.2577652930627945,0.9797364781042668
GOBP,GOBP_RIBOSOMAL_SMALL_SUBUNIT_BIOGENESIS,GOBP|GOBP_RIBOSOMAL_SMALL_SUBUNIT_BIOGENESIS,interaction,-0.009713038499585103,-0.4904258249556372,0.6249080446098357,0.9797364781042668
GOBP,GOBP_RIBOSOME_ASSEMBLY,GOBP|GOBP_RIBOSOME_ASSEMBLY,interaction,-0.013441943148986363,-1.08110222699,0.2822545261063045,0.9797364781042668
GOBP,GOBP_RIBOSOME_BIOGENESIS,GOBP|GOBP_RIBOSOME_BIOGENESIS,interaction,-0.009660574954429763,-0.6703097467116029,0.5042069520599505,0.9797364781042668
GOBP,GOBP_RNA_EXPORT_FROM_NUCLEUS,GOBP|GOBP_RNA_EXPORT_FROM_NUCLEUS,interaction,-0.0014716274773400317,-0.12320275831337862,0.9021940672927868,0.9858240118010856
GOBP,GOBP_RNA_LOCALIZATION,GOBP|GOBP_RNA_LOCALIZATION,interaction,-0.008477311508141273,-1.121991319975762,0.264555639177763,0.9797364781042668
GOBP,GOBP_RNA_MODIFICATION,GOBP|GOBP_RNA_MODIFICATION,interaction,0.007251477532128403,0.713310976618326,0.4773163616203918,0.9797364781042668
GOBP,GOBP_RNA_SPLICING,GOBP|GOBP_RNA_SPLICING,interaction,-0.006637341694381932,-0.7396950283166223,0.4612197425826067,0.9797364781042668
GOBP,GOBP_RRNA_METABOLIC_PROCESS,GOBP|GOBP_RRNA_METABOLIC_PROCESS,interaction,-0.009050180415482362,-0.6508264483315764,0.5166526605290178,0.9797364781042668
GOBP,GOBP_SENSORY_ORGAN_MORPHOGENESIS,GOBP|GOBP_SENSORY_ORGAN_MORPHOGENESIS,interaction,-0.008016323146546742,-0.7135711417157816,0.4771561286754362,0.9797364781042668
GOBP,GOBP_SENSORY_PERCEPTION_OF_LIGHT_STIMULUS,GOBP|GOBP_SENSORY_PERCEPTION_OF_LIGHT_STIMULUS,interaction,-0.008253910310877317,-0.665685891082967,0.5071460201336864,0.9797364781042668
GOBP,GOBP_SENSORY_PERCEPTION_OF_MECHANICAL_STIMULUS,GOBP|GOBP_SENSORY_PERCEPTION_OF_MECHANICAL_STIMULUS,interaction,-0.002129206576388515,-0.3159959543936723,0.752664827627238,0.9797364781042668
GOBP,GOBP_SENSORY_SYSTEM_DEVELOPMENT,GOBP|GOBP_SENSORY_SYSTEM_DEVELOPMENT,interaction,-0.0022249842418304716,-0.241509791428053,0.8096550508433173,0.9797364781042668
GOBP,GOBP_SIGNAL_TRANSDUCTION_BY_P53_CLASS_MEDIATOR,GOBP|GOBP_SIGNAL_TRANSDUCTION_BY_P53_CLASS_MEDIATOR,interaction,-0.010132947761029382,-1.6315723730729252,0.10591813300431767,0.9797364781042668
GOBP,GOBP_SIGNAL_TRANSDUCTION_IN_RESPONSE_TO_DNA_DAMAGE,GOBP|GOBP_SIGNAL_TRANSDUCTION_IN_RESPONSE_TO_DNA_DAMAGE,interaction,-0.010675832285823413,-1.6308992937106008,0.10606035244057874,0.9797364781042668
GOBP,GOBP_SKELETAL_MUSCLE_CELL_DIFFERENTIATION,GOBP|GOBP_SKELETAL_MUSCLE_CELL_DIFFERENTIATION,interaction,0.004003014802907795,0.42018399967294856,0.6752534193263704,0.9797364781042668
GOBP,GOBP_SKELETAL_MUSCLE_ORGAN_DEVELOPMENT,GOBP|GOBP_SKELETAL_MUSCLE_ORGAN_DEVELOPMENT,interaction,0.0013959010261588856,0.12286195551838087,0.9024632435898121,0.9858240118010856
GOBP,GOBP_SKELETAL_SYSTEM_MORPHOGENESIS,GOBP|GOBP_SKELETAL_SYSTEM_MORPHOGENESIS,interaction,-0.023898300993025284,-1.1725758744016113,0.24375441725954017,0.9797364781042668
GOBP,GOBP_SMALL_MOLECULE_CATABOLIC_PROCESS,GOBP|GOBP_SMALL_MOLECULE_CATABOLIC_PROCESS,interaction,0.005958220841096595,1.1557167053900907,0.2505536162099729,0.9797364781042668
GOBP,GOBP_SMOOTH_MUSCLE_CONTRACTION,GOBP|GOBP_SMOOTH_MUSCLE_CONTRACTION,interaction,-0.013813799999703249,-0.9967401292232217,0.321298821778244,0.9797364781042668
GOBP,GOBP_SODIUM_ION_TRANSPORT,GOBP|GOBP_SODIUM_ION_TRANSPORT,interaction,-0.008444236994075802,-1.2333986415173301,0.22032123531824882,0.9797364781042668
GOBP,GOBP_SPINDLE_LOCALIZATION,GOBP|GOBP_SPINDLE_LOCALIZATION,interaction,-0.006232359808086382,-0.7512649349984026,0.4542593396994744,0.9797364781042668
GOBP,GOBP_SPINDLE_ORGANIZATION,GOBP|GOBP_SPINDLE_ORGANIZATION,interaction,-0.007277147974910705,-1.271012802676865,0.20667567685276172,0.9797364781042668
GOBP,GOBP_SPLICEOSOMAL_COMPLEX_ASSEMBLY,GOBP|GOBP_SPLICEOSOMAL_COMPLEX_ASSEMBLY,interaction,-0.006565262220249349,-0.4880283791826724,0.6265991544452643,0.9797364781042668
GOBP,GOBP_SPLICEOSOMAL_SNRNP_ASSEMBLY,GOBP|GOBP_SPLICEOSOMAL_SNRNP_ASSEMBLY,interaction,-0.006248892913194928,-0.529674623925483,0.597512708510398,0.9797364781042668
GOBP,GOBP_SPROUTING_ANGIOGENESIS,GOBP|GOBP_SPROUTING_ANGIOGENESIS,interaction,-0.0055259589636098005,-0.5873247357399606,0.5583107410803683,0.9797364781042668
GOBP,GOBP_STEM_CELL_DIFFERENTIATION,GOBP|GOBP_STEM_CELL_DIFFERENTIATION,interaction,-0.001067614821037531,-0.18859874333211063,0.8507899132117664,0.9797364781042668
GOBP,GOBP_STEROID_METABOLIC_PROCESS,GOBP|GOBP_STEROID_METABOLIC_PROCESS,interaction,0.005722436730010577,1.138137465110433,0.2577852154613647,0.9797364781042668
GOBP,GOBP_STEROL_HOMEOSTASIS,GOBP|GOBP_STEROL_HOMEOSTASIS,interaction,-0.012723790120457795,-1.152036223996523,0.25205563779505036,0.9797364781042668
GOBP,GOBP_STRESS_ACTIVATED_PROTEIN_KINASE_SIGNALING_CASCADE,GOBP|GOBP_STRESS_ACTIVATED_PROTEIN_KINASE_SIGNALING_CASCADE,interaction,4.266508143208614e-4,0.06309045785386852,0.9498205341888727,0.9945630896351857
GOBP,GOBP_STRESS_GRANULE_ASSEMBLY,GOBP|GOBP_STRESS_GRANULE_ASSEMBLY,interaction,-0.010066623465363661,-0.7505093840915702,0.4547120335894773,0.9797364781042668
GOBP,GOBP_SUBSTRATE_ADHESION_DEPENDENT_CELL_SPREADING,GOBP|GOBP_SUBSTRATE_ADHESION_DEPENDENT_CELL_SPREADING,interaction,-0.00881115850867642,-0.5947848566027699,0.5533320713336709,0.9797364781042668
GOBP,GOBP_SULFUR_AMINO_ACID_METABOLIC_PROCESS,GOBP|GOBP_SULFUR_AMINO_ACID_METABOLIC_PROCESS,interaction,0.01309809511295338,1.1561730068189564,0.25036784035607845,0.9797364781042668
GOBP,GOBP_SULFUR_COMPOUND_METABOLIC_PROCESS,GOBP|GOBP_SULFUR_COMPOUND_METABOLIC_PROCESS,interaction,0.0047315998114397795,0.848938181423508,0.3979453790236054,0.9797364781042668
GOBP,GOBP_SUPEROXIDE_METABOLIC_PROCESS,GOBP|GOBP_SUPEROXIDE_METABOLIC_PROCESS,interaction,9.118560817769072e-4,0.11505766928601154,0.9086303561544051,0.9858240118010856
GOBP,GOBP_SYNAPSE_ASSEMBLY,GOBP|GOBP_SYNAPSE_ASSEMBLY,interaction,-0.01030256970885323,-1.6308666816394617,0.10606724716546063,0.9797364781042668
GOBP,GOBP_TAXIS,GOBP|GOBP_TAXIS,interaction,8.965633168828424e-4,0.1508388795517168,0.880406969950337,0.9858240118010856
GOBP,GOBP_TELOMERE_ORGANIZATION,GOBP|GOBP_TELOMERE_ORGANIZATION,interaction,0.006569567382618019,1.1178646568375443,0.26630582488000976,0.9797364781042668
GOBP,GOBP_TEMPERATURE_HOMEOSTASIS,GOBP|GOBP_TEMPERATURE_HOMEOSTASIS,interaction,7.142881778865462e-5,0.013767558955966803,0.9890428815525807,0.9994673428431168
GOBP,GOBP_TISSUE_HOMEOSTASIS,GOBP|GOBP_TISSUE_HOMEOSTASIS,interaction,-0.006504874135751931,-0.681847884723609,0.4969129042551127,0.9797364781042668
GOBP,GOBP_TISSUE_MIGRATION,GOBP|GOBP_TISSUE_MIGRATION,interaction,-0.012856788060549306,-1.5264844762037748,0.13004913235233007,0.9797364781042668
GOBP,GOBP_TISSUE_REGENERATION,GOBP|GOBP_TISSUE_REGENERATION,interaction,-0.015344951002218388,-1.4864044538654715,0.1403213887273924,0.9797364781042668
GOBP,GOBP_TISSUE_REMODELING,GOBP|GOBP_TISSUE_REMODELING,interaction,-0.004910563856659375,-0.3297400403955885,0.7422867922759262,0.9797364781042668
GOBP,GOBP_TOR_SIGNALING,GOBP|GOBP_TOR_SIGNALING,interaction,9.949272187453155e-4,0.1360885535956316,0.8920251320897102,0.9858240118010856
GOBP,GOBP_TRANSITION_METAL_ION_TRANSPORT,GOBP|GOBP_TRANSITION_METAL_ION_TRANSPORT,interaction,-4.330681217625254e-4,-0.05441147175018124,0.9567160042669127,0.9975592250170054
GOBP,GOBP_TRANSLATIONAL_ELONGATION,GOBP|GOBP_TRANSLATIONAL_ELONGATION,interaction,-0.002936143398307292,-0.5658223471009745,0.5727832921017162,0.9797364781042668
GOBP,GOBP_TRANSLATIONAL_INITIATION,GOBP|GOBP_TRANSLATIONAL_INITIATION,interaction,-0.004751076970942611,-0.6074069289626484,0.5449590755972427,0.9797364781042668
GOBP,GOBP_TRICARBOXYLIC_ACID_CYCLE,GOBP|GOBP_TRICARBOXYLIC_ACID_CYCLE,interaction,0.005598392716135825,1.0979821343730805,0.27485160944216297,0.9797364781042668
GOBP,GOBP_TRNA_METABOLIC_PROCESS,GOBP|GOBP_TRNA_METABOLIC_PROCESS,interaction,0.0023027159032790318,0.3457715507910206,0.7302414833488191,0.9797364781042668
GOBP,GOBP_TRNA_PROCESSING,GOBP|GOBP_TRNA_PROCESSING,interaction,0.005694870536823826,0.6894638489608105,0.4921297820969761,0.9797364781042668
GOBP,GOBP_TUMOR_NECROSIS_FACTOR_SUPERFAMILY_CYTOKINE_PRODUCTION,GOBP|GOBP_TUMOR_NECROSIS_FACTOR_SUPERFAMILY_CYTOKINE_PRODUCTION,interaction,-0.005473703620849146,-1.173593810540967,0.24334814230531232,0.9797364781042668
GOBP,GOBP_TYPE_II_INTERFERON_PRODUCTION,GOBP|GOBP_TYPE_II_INTERFERON_PRODUCTION,interaction,0.0052906321837327686,0.7116266013527475,0.47835447343392923,0.9797364781042668
GOBP,GOBP_TYPE_I_INTERFERON_PRODUCTION,GOBP|GOBP_TYPE_I_INTERFERON_PRODUCTION,interaction,-0.007302694371235541,-1.0010798129051752,0.31920685855038583,0.9797364781042668
GOBP,GOBP_T_CELL_DIFFERENTIATION,GOBP|GOBP_T_CELL_DIFFERENTIATION,interaction,7.904961868401839e-5,0.014067171826065171,0.9888044458692,0.9994673428431168
GOBP,GOBP_T_HELPER_17_CELL_DIFFERENTIATION,GOBP|GOBP_T_HELPER_17_CELL_DIFFERENTIATION,interaction,0.0015056142350499124,0.3158851534156885,0.7527486800329031,0.9797364781042668
GOBP,GOBP_VACUOLAR_LOCALIZATION,GOBP|GOBP_VACUOLAR_LOCALIZATION,interaction,-0.007792064294076292,-0.6951702551435855,0.48856243068513994,0.9797364781042668
GOBP,GOBP_VACUOLAR_TRANSPORT,GOBP|GOBP_VACUOLAR_TRANSPORT,interaction,0.004628113061322145,0.6409323109731329,0.5230342483159357,0.9797364781042668
GOBP,GOBP_VACUOLE_ORGANIZATION,GOBP|GOBP_VACUOLE_ORGANIZATION,interaction,-0.0023734169804708674,-0.35775419335315867,0.7212820148485558,0.9797364781042668
GOBP,GOBP_VASCULAR_PROCESS_IN_CIRCULATORY_SYSTEM,GOBP|GOBP_VASCULAR_PROCESS_IN_CIRCULATORY_SYSTEM,interaction,-0.004002535002360877,-0.5487688694573415,0.584388474137765,0.9797364781042668
GOBP,GOBP_VESICLE_BUDDING_FROM_MEMBRANE,GOBP|GOBP_VESICLE_BUDDING_FROM_MEMBRANE,interaction,-0.009058365457056398,-1.414968785710871,0.160187200292528,0.9797364781042668
GOBP,GOBP_VESICLE_LOCALIZATION,GOBP|GOBP_VESICLE_LOCALIZATION,interaction,-0.001127993902902274,-0.18842721998528247,0.8509239993425654,0.9797364781042668
GOBP,GOBP_VESICLE_MEDIATED_TRANSPORT_BETWEEN_ENDOSOMAL_COMPARTMENTS,GOBP|GOBP_VESICLE_MEDIATED_TRANSPORT_BETWEEN_ENDOSOMAL_COMPARTMENTS,interaction,-0.009848600685765277,-1.2037571814343195,0.231528019281714,0.9797364781042668
GOBP,GOBP_VESICLE_MEDIATED_TRANSPORT_IN_SYNAPSE,GOBP|GOBP_VESICLE_MEDIATED_TRANSPORT_IN_SYNAPSE,interaction,-0.0028909795553384576,-0.4011791304999251,0.6891450548948244,0.9797364781042668
GOBP,GOBP_VESICLE_MEDIATED_TRANSPORT_TO_THE_PLASMA_MEMBRANE,GOBP|GOBP_VESICLE_MEDIATED_TRANSPORT_TO_THE_PLASMA_MEMBRANE,interaction,-0.008538656346864154,-1.0798423629929803,0.2828125101106954,0.9797364781042668
GOBP,GOBP_VESICLE_ORGANIZATION,GOBP|GOBP_VESICLE_ORGANIZATION,interaction,-0.0021789207236555565,-0.36420928768634814,0.7164714662888039,0.9797364781042668
GOBP,GOBP_VESICLE_TARGETING,GOBP|GOBP_VESICLE_TARGETING,interaction,-0.009198873247032904,-1.026228249822981,0.3072624451750467,0.9797364781042668
GOBP,GOBP_VIRAL_GENE_EXPRESSION,GOBP|GOBP_VIRAL_GENE_EXPRESSION,interaction,-0.005155137439928549,-0.5905851837526728,0.5561320943594447,0.9797364781042668
GOBP,GOBP_VIRAL_GENOME_REPLICATION,GOBP|GOBP_VIRAL_GENOME_REPLICATION,interaction,-0.008147503741692319,-1.032289872692515,0.3044289489709062,0.9797364781042668
GOBP,GOBP_VIRAL_PROCESS,GOBP|GOBP_VIRAL_PROCESS,interaction,-0.00484994778085255,-1.03414937500758,0.30356326828237135,0.9797364781042668
GOBP,GOBP_VIRAL_RELEASE_FROM_HOST_CELL,GOBP|GOBP_VIRAL_RELEASE_FROM_HOST_CELL,interaction,2.6927661333236985e-4,0.035372183918366634,0.9718535465407618,0.9994673428431168
GOBP,GOBP_VIRION_ASSEMBLY,GOBP|GOBP_VIRION_ASSEMBLY,interaction,0.0035913110381897775,0.39894068775443203,0.6907883873025904,0.9797364781042668
GOBP,GOBP_WNT_SIGNALING_PATHWAY,GOBP|GOBP_WNT_SIGNALING_PATHWAY,interaction,-0.0022626470431377256,-0.4137981573219931,0.679908938787847,0.9797364781042668
GOBP,GOBP_WOUND_HEALING,GOBP|GOBP_WOUND_HEALING,interaction,-0.009741448375792938,-1.1239788592566715,0.26371556889160275,0.9797364781042668
