set_id,database,pathway,label,genes,nes_x,nes_y,padj_x,padj_y,significance,discordant,survivor
GOBP|GOBP_CALCIUM_ION_IMPORT,GOBP,GOBP_CALCIUM_ION_IMPORT,"Calcium Ion
Import",15,-2.072,-1.726,0.003301,0.06731,BFR_Post-Pre,FALSE,FALSE
GOBP|GOBP_TUMOR_NECROSIS_FACTOR_SUPERFAMILY_CYTOKINE_PRODUCTION,GOBP,GOBP_TUMOR_NECROSIS_FACTOR_SUPERFAMILY_CYTOKINE_PRODUCTION,"Tumor Necrosis
Factor
Superfamily
Cytokine
Production",33,-2.137,-1.627,0.001325,0.05938,BFR_Post-Pre,FALSE,FALSE
GOBP|GOBP_RESPIRATORY_CHAIN_COMPLEX_IV_ASSEMBLY,GOBP,GOBP_RESPIRATORY_CHAIN_COMPLEX_IV_ASSEMBLY,"Resp. Chain
Complex Iv
Assembly",20,2.05,1.71,0.002911,0.08266,BFR_Post-Pre,FALSE,FALSE
GOBP|GOBP_MUSCLE_CELL_DEVELOPMENT,GOBP,GOBP_MUSCLE_CELL_DEVELOPMENT,"Muscle Cell
Development",90,-2.387,-1.371,3.951e-7,0.2081,BFR_Post-Pre,FALSE,TRUE
GOBP|GOBP_GRANULOCYTE_CHEMOTAXIS,GOBP,GOBP_GRANULOCYTE_CHEMOTAXIS,"Granulocyte
Chemotaxis",18,1.959,1.764,0.005273,0.07376,BFR_Post-Pre,FALSE,TRUE
GOBP|GOBP_CELLULAR_COMPONENT_ASSEMBLY_INVOLVED_IN_MORPHOGENESIS,GOBP,GOBP_CELLULAR_COMPONENT_ASSEMBLY_INVOLVED_IN_MORPHOGENESIS,"Assembly in
Morphogenesis",58,-2.36,-1.356,4.926e-6,0.242,BFR_Post-Pre,FALSE,TRUE
Hallmark|HALLMARK_FATTY_ACID_METABOLISM,Hallmark,HALLMARK_FATTY_ACID_METABOLISM,FA Metabolism,100,2.146,1.53,6.578e-6,0.05333,BFR_Post-Pre,FALSE,TRUE
KEGG_Legacy|KEGG_CALCIUM_SIGNALING_PATHWAY,KEGG_Legacy,KEGG_CALCIUM_SIGNALING_PATHWAY,"Calcium
Signaling",42,-1.941,-1.691,0.007029,0.05085,BFR_Post-Pre,FALSE,FALSE
GOBP|GOBP_REGULATION_OF_ACTIN_FILAMENT_BASED_MOVEMENT,GOBP,GOBP_REGULATION_OF_ACTIN_FILAMENT_BASED_MOVEMENT,"Reg. Actin
Filament Based
Movement",15,-1.834,-1.763,0.02937,0.05636,BFR_Post-Pre,FALSE,FALSE
GOBP|GOBP_MUSCLE_ORGAN_MORPHOGENESIS,GOBP,GOBP_MUSCLE_ORGAN_MORPHOGENESIS,"Muscle Organ
Morphogenesis",22,-1.955,-1.641,0.008003,0.08697,BFR_Post-Pre,FALSE,FALSE
GOBP|GOBP_LIPID_OXIDATION,GOBP,GOBP_LIPID_OXIDATION,Lipid Oxidation,48,2.074,1.493,3.885e-4,0.1564,BFR_Post-Pre,FALSE,FALSE
GOBP|GOBP_SARCOMERE_ORGANIZATION,GOBP,GOBP_SARCOMERE_ORGANIZATION,Sarcomere Org.,35,-2.376,-1.19,2.39e-5,0.4907,BFR_Post-Pre,FALSE,FALSE
GOBP|GOBP_REGULATION_OF_BLOOD_CIRCULATION,GOBP,GOBP_REGULATION_OF_BLOOD_CIRCULATION,"Reg. Blood
Circulation",69,-2.078,-1.474,2.274e-4,0.09802,BFR_Post-Pre,FALSE,FALSE
GOBP|GOBP_CARDIAC_MUSCLE_TISSUE_MORPHOGENESIS,GOBP,GOBP_CARDIAC_MUSCLE_TISSUE_MORPHOGENESIS,"Cardiac
Muscle Tissue
Morphogenesis",18,-1.923,-1.628,0.01091,0.09735,BFR_Post-Pre,FALSE,FALSE
GOBP|GOBP_INTERLEUKIN_2_PRODUCTION,GOBP,GOBP_INTERLEUKIN_2_PRODUCTION,"Interleukin 2
Production",23,-1.891,-1.652,0.01656,0.0762,BFR_Post-Pre,FALSE,FALSE
GOBP|GOBP_METALLO_SULFUR_CLUSTER_ASSEMBLY,GOBP,GOBP_METALLO_SULFUR_CLUSTER_ASSEMBLY,"Metallo
Sulfur Cluster
Assembly",21,1.859,1.68,0.02678,0.08001,BFR_Post-Pre,FALSE,TRUE
Reactome|REACTOME_CARDIAC_CONDUCTION,Reactome,REACTOME_CARDIAC_CONDUCTION,"Cardiac
Conduction",34,-2.13,-1.409,6.557e-4,0.2262,BFR_Post-Pre,FALSE,TRUE
GOBP|GOBP_REGULATION_OF_HEART_RATE,GOBP,GOBP_REGULATION_OF_HEART_RATE,Reg. Heart Rate,26,-1.922,-1.6,0.01018,0.1093,BFR_Post-Pre,FALSE,FALSE
GOBP|GOBP_HEART_PROCESS,GOBP,GOBP_HEART_PROCESS,Heart Process,82,-2.025,-1.493,4.167e-4,0.07336,BFR_Post-Pre,FALSE,FALSE
GOBP|GOBP_REGULATION_OF_CARDIAC_MUSCLE_CONTRACTION_BY_CALCIUM_ION_SIGNALING,GOBP,GOBP_REGULATION_OF_CARDIAC_MUSCLE_CONTRACTION_BY_CALCIUM_ION_SIGNALING,"Reg. Cardiac
Muscle
Contraction
By Calcium Ion
Signaling",22,-1.832,-1.681,0.02188,0.06623,BFR_Post-Pre,FALSE,FALSE
KEGG_Legacy|KEGG_STARCH_AND_SUCROSE_METABOLISM,KEGG_Legacy,KEGG_STARCH_AND_SUCROSE_METABOLISM,"Starch &
Sucrose
Metabolism",15,1.819,1.693,0.01789,0.1129,BFR_Post-Pre,FALSE,FALSE
GOBP|GOBP_T_HELPER_1_TYPE_IMMUNE_RESPONSE,GOBP,GOBP_T_HELPER_1_TYPE_IMMUNE_RESPONSE,"T Helper 1 Type
Immune Response",18,-1.797,-1.704,0.03314,0.06024,BFR_Post-Pre,FALSE,FALSE
Reactome|REACTOME_CYTOPROTECTION_BY_HMOX1,Reactome,REACTOME_CYTOPROTECTION_BY_HMOX1,"HMOX1
Cytoprotection",23,1.841,1.649,0.01176,0.09251,BFR_Post-Pre,FALSE,FALSE
Reactome|REACTOME_MITOCHONDRIAL_FATTY_ACID_BETA_OXIDATION,Reactome,REACTOME_MITOCHONDRIAL_FATTY_ACID_BETA_OXIDATION,"Mito. FA Beta
Oxidation",23,2.188,1.293,3.752e-4,0.3943,BFR_Post-Pre,FALSE,TRUE
GOBP|GOBP_MYOFIBRIL_ASSEMBLY,GOBP,GOBP_MYOFIBRIL_ASSEMBLY,"Myofibril
Assembly",50,-2.328,-1.13,2.74e-5,0.5453,BFR_Post-Pre,FALSE,FALSE
GOBP|GOBP_LIPID_MODIFICATION,GOBP,GOBP_LIPID_MODIFICATION,Lipid Mod.,57,1.949,1.491,0.00125,0.1281,BFR_Post-Pre,FALSE,FALSE
Reactome|REACTOME_FATTY_ACID_METABOLISM,Reactome,REACTOME_FATTY_ACID_METABOLISM,FA Metabolism,66,2.294,1.144,1.002e-5,0.5247,BFR_Post-Pre,FALSE,TRUE
GOBP|GOBP_POSITIVE_REGULATION_OF_INTERLEUKIN_2_PRODUCTION,GOBP,GOBP_POSITIVE_REGULATION_OF_INTERLEUKIN_2_PRODUCTION,"Positive Reg.
Interleukin 2
Production",19,-1.845,-1.585,0.02343,0.1178,BFR_Post-Pre,FALSE,FALSE
GOBP|GOBP_STRIATED_MUSCLE_ADAPTATION,GOBP,GOBP_STRIATED_MUSCLE_ADAPTATION,"Striated Muscle
Adaptation",22,-1.864,-1.553,0.01796,0.1335,BFR_Post-Pre,FALSE,FALSE
GOBP|GOBP_CARBOXYLIC_ACID_TRANSMEMBRANE_TRANSPORT,GOBP,GOBP_CARBOXYLIC_ACID_TRANSMEMBRANE_TRANSPORT,"Carboxylic Acid
Transmembrane
Transport",27,1.782,1.62,0.02124,0.1006,BFR_Post-Pre,FALSE,TRUE
Reactome|REACTOME_TCF_DEPENDENT_SIGNALING_IN_RESPONSE_TO_WNT,Reactome,REACTOME_TCF_DEPENDENT_SIGNALING_IN_RESPONSE_TO_WNT,"Tcf Dependent
Signaling In
Resp. to WNT",54,-1.847,-1.554,0.009235,0.08314,BFR_Post-Pre,FALSE,FALSE
Reactome|REACTOME_PARASITE_INFECTION,Reactome,REACTOME_PARASITE_INFECTION,"Parasite
Infection",23,1.658,1.735,0.04633,0.05433,BFR_Post-Pre,FALSE,TRUE
GOBP|GOBP_FATTY_ACID_TRANSPORT,GOBP,GOBP_FATTY_ACID_TRANSPORT,FA Transport,26,1.803,1.589,0.01968,0.1213,BFR_Post-Pre,FALSE,FALSE
GOBP|GOBP_REGULATION_OF_HEART_CONTRACTION,GOBP,GOBP_REGULATION_OF_HEART_CONTRACTION,"Reg. Heart
Contraction",62,-2.009,-1.373,4.936e-4,0.2243,BFR_Post-Pre,FALSE,FALSE
Reactome|REACTOME_MUSCLE_CONTRACTION,Reactome,REACTOME_MUSCLE_CONTRACTION,"Muscle
Contraction",86,-2.038,-1.344,2.298e-4,0.1803,BFR_Post-Pre,FALSE,TRUE
GOBP|GOBP_PROTEIN_IMPORT_INTO_MITOCHONDRIAL_MATRIX,GOBP,GOBP_PROTEIN_IMPORT_INTO_MITOCHONDRIAL_MATRIX,"Protein Import
Into Mito.
Matrix",15,1.74,1.635,0.03397,0.1577,BFR_Post-Pre,FALSE,FALSE
GOBP|GOBP_HEART_MORPHOGENESIS,GOBP,GOBP_HEART_MORPHOGENESIS,"Heart
Morphogenesis",49,-1.884,-1.487,0.007729,0.121,BFR_Post-Pre,FALSE,FALSE
GOBP|GOBP_NADPLUS_METABOLIC_PROCESS,GOBP,GOBP_NADPLUS_METABOLIC_PROCESS,"Nadplus
Metabolism",22,1.924,1.445,0.006141,0.2425,BFR_Post-Pre,FALSE,TRUE
Hallmark|HALLMARK_MYOGENESIS,Hallmark,HALLMARK_MYOGENESIS,Myogenesis,117,-1.96,-1.406,3.693e-4,0.1141,BFR_Post-Pre,FALSE,TRUE
Reactome|REACTOME_ION_HOMEOSTASIS,Reactome,REACTOME_ION_HOMEOSTASIS,Ion Homeostasis,28,-1.998,-1.345,0.002655,0.2878,BFR_Post-Pre,FALSE,FALSE
GOBP|GOBP_POSITIVE_REGULATION_OF_ADAPTIVE_IMMUNE_RESPONSE,GOBP,GOBP_POSITIVE_REGULATION_OF_ADAPTIVE_IMMUNE_RESPONSE,"Positive Reg.
Adaptive Immune
Response",17,1.736,1.605,0.0399,0.1305,BFR_Post-Pre,FALSE,TRUE
GOBP|GOBP_MICROTUBULE_POLYMERIZATION_OR_DEPOLYMERIZATION,GOBP,GOBP_MICROTUBULE_POLYMERIZATION_OR_DEPOLYMERIZATION,"MT
Polymerization
Or
Depolymerization",35,-1.691,-1.649,0.04605,0.06798,BFR_Post-Pre,FALSE,FALSE
GOBP|GOBP_MONOCARBOXYLIC_ACID_TRANSPORT,GOBP,GOBP_MONOCARBOXYLIC_ACID_TRANSPORT,"Monocarboxylic
Acid Transport",31,1.837,1.488,0.01636,0.1637,BFR_Post-Pre,FALSE,TRUE
GOBP|GOBP_PROTEIN_NEDDYLATION,GOBP,GOBP_PROTEIN_NEDDYLATION,"Protein
Neddylation",18,-1.776,-1.548,0.03733,0.1589,BFR_Post-Pre,FALSE,FALSE
GOBP|GOBP_REGULATION_OF_POST_TRANSLATIONAL_PROTEIN_MODIFICATION,GOBP,GOBP_REGULATION_OF_POST_TRANSLATIONAL_PROTEIN_MODIFICATION,"Reg. Post
Translational
Protein Mod.",76,-1.898,-1.421,0.002591,0.1213,BFR_Post-Pre,FALSE,TRUE
GOBP|GOBP_NUCLEUS_ORGANIZATION,GOBP,GOBP_NUCLEUS_ORGANIZATION,Nucleus Org.,50,-1.752,-1.545,0.03147,0.09405,BFR_Post-Pre,FALSE,TRUE
GOBP|GOBP_REGULATION_OF_MONOATOMIC_ION_TRANSPORT,GOBP,GOBP_REGULATION_OF_MONOATOMIC_ION_TRANSPORT,"Reg. Monoatomic
Ion Transport",107,-1.944,-1.345,5.714e-4,0.1511,BFR_Post-Pre,FALSE,FALSE
Reactome|REACTOME_DISEASES_OF_SIGNAL_TRANSDUCTION_BY_GROWTH_FACTOR_RECEPTORS_AND_SECOND_MESSENGERS,Reactome,REACTOME_DISEASES_OF_SIGNAL_TRANSDUCTION_BY_GROWTH_FACTOR_RECEPTORS_AND_SECOND_MESSENGERS,"Diseases
Of Signal
Transduction By
Growth Factor
Receptors
& Second
Messengers",130,-1.829,-1.454,5.246e-4,0.06064,BFR_Post-Pre,FALSE,FALSE
GOBP|GOBP_ACTIN_FILAMENT_BASED_MOVEMENT,GOBP,GOBP_ACTIN_FILAMENT_BASED_MOVEMENT,"Actin Filament
Based Movement",52,-2.024,-1.257,0.001316,0.3642,BFR_Post-Pre,FALSE,FALSE
GOBP|GOBP_ACTIN_MEDIATED_CELL_CONTRACTION,GOBP,GOBP_ACTIN_MEDIATED_CELL_CONTRACTION,"Actin
Mediated Cell
Contraction",45,-1.944,-1.337,0.003325,0.2718,BFR_Post-Pre,FALSE,FALSE
GOBP|GOBP_NEGATIVE_REGULATION_OF_HEMOPOIESIS,GOBP,GOBP_NEGATIVE_REGULATION_OF_HEMOPOIESIS,"Negative Reg.
Hemopoiesis",28,-1.697,-1.582,0.04227,0.1093,BFR_Post-Pre,FALSE,FALSE
GOBP|GOBP_POSITIVE_REGULATION_OF_PATTERN_RECOGNITION_RECEPTOR_SIGNALING_PATHWAY,GOBP,GOBP_POSITIVE_REGULATION_OF_PATTERN_RECOGNITION_RECEPTOR_SIGNALING_PATHWAY,"Positive
Reg. Pattern
Recognition
Receptor
Signaling",15,-1.784,-1.489,0.04088,0.2453,BFR_Post-Pre,FALSE,FALSE
Reactome|REACTOME_CELL_CELL_COMMUNICATION,Reactome,REACTOME_CELL_CELL_COMMUNICATION,"Cell
Communication",101,-1.833,-1.436,0.001316,0.0836,BFR_Post-Pre,FALSE,FALSE
KEGG_Legacy|KEGG_OOCYTE_MEIOSIS,KEGG_Legacy,KEGG_OOCYTE_MEIOSIS,Oocyte Meiosis,36,-1.881,-1.385,0.01309,0.2168,BFR_Post-Pre,FALSE,TRUE
GOBP|GOBP_REGULATION_OF_PROTEASOMAL_UBIQUITIN_DEPENDENT_PROTEIN_CATABOLIC_PROCESS,GOBP,GOBP_REGULATION_OF_PROTEASOMAL_UBIQUITIN_DEPENDENT_PROTEIN_CATABOLIC_PROCESS,"Reg. Proteas.
Ub-Dep. Protein
Catabolism",49,-1.85,-1.408,0.01059,0.183,BFR_Post-Pre,FALSE,FALSE
GOBP|GOBP_ORGANIC_ACID_CATABOLIC_PROCESS,GOBP,GOBP_ORGANIC_ACID_CATABOLIC_PROCESS,"Organic Acid
Catabolism",108,1.928,1.323,3.726e-4,0.2143,BFR_Post-Pre,FALSE,FALSE
Reactome|REACTOME_MITOTIC_METAPHASE_AND_ANAPHASE,Reactome,REACTOME_MITOTIC_METAPHASE_AND_ANAPHASE,"Mitotic
Metaphase &
Anaphase",90,-1.761,-1.488,0.005286,0.09405,BFR_Post-Pre,FALSE,FALSE
Reactome|REACTOME_MITOTIC_G2_G2_M_PHASES,Reactome,REACTOME_MITOTIC_G2_G2_M_PHASES,"Mitotic G2/M
Phases",70,-1.655,-1.592,0.036,0.0531,BFR_Post-Pre,FALSE,FALSE
GOBP|GOBP_LIPID_CATABOLIC_PROCESS,GOBP,GOBP_LIPID_CATABOLIC_PROCESS,"Lipid
Catabolism",86,1.875,1.363,0.001549,0.148,BFR_Post-Pre,FALSE,FALSE
GOBP|GOBP_AMINO_ACID_METABOLIC_PROCESS,GOBP,GOBP_AMINO_ACID_METABOLIC_PROCESS,AA Metabolism,123,1.945,1.284,2.546e-4,0.2484,BFR_Post-Pre,FALSE,TRUE
GO_Slim|AMINO_ACID_METABOLIC_PROCESS,GO_Slim,amino acid metabolic process,AA Metabolism,123,1.945,1.284,2.546e-4,0.2484,BFR_Post-Pre,FALSE,FALSE
GOBP|GOBP_REGULATION_OF_MUSCLE_ADAPTATION,GOBP,GOBP_REGULATION_OF_MUSCLE_ADAPTATION,"Reg. Muscle
Adaptation",32,-1.805,-1.408,0.02937,0.258,BFR_Post-Pre,FALSE,FALSE
GOBP|GOBP_MUSCLE_ADAPTATION,GOBP,GOBP_MUSCLE_ADAPTATION,"Muscle
Adaptation",42,-1.797,-1.41,0.02342,0.2262,BFR_Post-Pre,FALSE,FALSE
Reactome|REACTOME_SEPARATION_OF_SISTER_CHROMATIDS,Reactome,REACTOME_SEPARATION_OF_SISTER_CHROMATIDS,"Chromatid
Separation",67,-1.737,-1.467,0.009727,0.1093,BFR_Post-Pre,FALSE,FALSE
Reactome|REACTOME_RIBOSOME_QUALITY_CONTROL_RQC_COMPLEX_EXTRACTS_AND_DEGRADES_NASCENT_PEPTIDE,Reactome,REACTOME_RIBOSOME_QUALITY_CONTROL_RQC_COMPLEX_EXTRACTS_AND_DEGRADES_NASCENT_PEPTIDE,"Ribosome
Quality Control
Rqc Complex
Extracts
& Degrades
Nascent Peptide",83,-1.787,-1.413,0.004483,0.1289,BFR_Post-Pre,FALSE,FALSE
GOBP|GOBP_POSITIVE_REGULATION_OF_SMALL_GTPASE_MEDIATED_SIGNAL_TRANSDUCTION,GOBP,GOBP_POSITIVE_REGULATION_OF_SMALL_GTPASE_MEDIATED_SIGNAL_TRANSDUCTION,"Positive Reg.
Small GTPase
Mediated Signal
Transduction",21,-1.863,-1.333,0.02207,0.3534,BFR_Post-Pre,FALSE,TRUE
GOBP|GOBP_REGULATION_OF_UBIQUITIN_DEPENDENT_PROTEIN_CATABOLIC_PROCESS,GOBP,GOBP_REGULATION_OF_UBIQUITIN_DEPENDENT_PROTEIN_CATABOLIC_PROCESS,"Reg. Ub-Dep.
Protein
Catabolism",61,-1.786,-1.409,0.01085,0.1519,BFR_Post-Pre,FALSE,FALSE
GOBP|GOBP_CARDIAC_CONDUCTION,GOBP,GOBP_CARDIAC_CONDUCTION,"Cardiac
Conduction",30,-1.847,-1.327,0.01134,0.3534,BFR_Post-Pre,FALSE,FALSE
GOBP|GOBP_NEGATIVE_REGULATION_OF_CELL_GROWTH,GOBP,GOBP_NEGATIVE_REGULATION_OF_CELL_GROWTH,"Negative Reg.
Cell Growth",25,-1.792,-1.376,0.02363,0.2612,BFR_Post-Pre,FALSE,TRUE
Hallmark|HALLMARK_G2M_CHECKPOINT,Hallmark,HALLMARK_G2M_CHECKPOINT,G2M Checkpoint,40,-1.733,-1.414,0.0335,0.1982,BFR_Post-Pre,FALSE,TRUE
Reactome|REACTOME_SIGNALING_BY_ROBO_RECEPTORS,Reactome,REACTOME_SIGNALING_BY_ROBO_RECEPTORS,"Signaling By
Robo Receptors",135,-1.756,-1.384,0.001971,0.1065,BFR_Post-Pre,FALSE,FALSE
GO_Slim|MICROTUBULE_BASED_MOVEMENT,GO_Slim,microtubule-based movement,"MT-Based
Movement",87,-1.738,-1.397,0.005726,0.1525,BFR_Post-Pre,FALSE,FALSE
Reactome|REACTOME_REGULATION_OF_EXPRESSION_OF_SLITS_AND_ROBOS,Reactome,REACTOME_REGULATION_OF_EXPRESSION_OF_SLITS_AND_ROBOS,"Reg. Expression
Of Slits &
Robos",114,-1.885,-1.25,4.588e-4,0.2603,BFR_Post-Pre,FALSE,TRUE
GOBP|GOBP_TRNA_METABOLIC_PROCESS,GOBP,GOBP_TRNA_METABOLIC_PROCESS,"tRNA
Metabolism",65,1.649,1.483,0.0364,0.1003,BFR_Post-Pre,FALSE,FALSE
GO_Slim|TRNA_METABOLIC_PROCESS,GO_Slim,tRNA metabolic process,"tRNA
Metabolism",65,1.649,1.483,0.0364,0.1003,BFR_Post-Pre,FALSE,FALSE
GOBP|GOBP_NEGATIVE_REGULATION_OF_LYMPHOCYTE_ACTIVATION,GOBP,GOBP_NEGATIVE_REGULATION_OF_LYMPHOCYTE_ACTIVATION,"Negative Reg.
Lymphocyte
Activation",28,-1.68,-1.447,0.04843,0.2143,BFR_Post-Pre,FALSE,FALSE
Reactome|REACTOME_ION_CHANNEL_TRANSPORT,Reactome,REACTOME_ION_CHANNEL_TRANSPORT,"Ion Channel
Transport",37,-1.725,-1.402,0.04316,0.2105,BFR_Post-Pre,FALSE,FALSE
GOBP|GOBP_LEUKOCYTE_CHEMOTAXIS,GOBP,GOBP_LEUKOCYTE_CHEMOTAXIS,"Leukocyte
Chemotaxis",32,1.75,1.376,0.04615,0.2619,BFR_Post-Pre,FALSE,FALSE
GOBP|GOBP_GOLGI_ORGANIZATION,GOBP,GOBP_GOLGI_ORGANIZATION,Golgi Org.,40,-1.724,-1.4,0.03597,0.2128,BFR_Post-Pre,FALSE,TRUE
GOBP|GOBP_POSITIVE_REGULATION_OF_PROTEIN_TRANSPORT,GOBP,GOBP_POSITIVE_REGULATION_OF_PROTEIN_TRANSPORT,"Positive
Reg. Protein
Transport",68,-1.774,-1.349,0.005756,0.2263,BFR_Post-Pre,FALSE,TRUE
GOBP|GOBP_REGULATION_OF_LYMPHOCYTE_DIFFERENTIATION,GOBP,GOBP_REGULATION_OF_LYMPHOCYTE_DIFFERENTIATION,"Reg. Lymphocyte
Differentiation",34,-1.693,-1.418,0.04605,0.2426,BFR_Post-Pre,FALSE,FALSE
GOBP|GOBP_DICARBOXYLIC_ACID_METABOLIC_PROCESS,GOBP,GOBP_DICARBOXYLIC_ACID_METABOLIC_PROCESS,"Dicarboxylic
Acid Metabolism",48,1.894,1.216,0.002635,0.4581,BFR_Post-Pre,FALSE,FALSE
GOBP|GOBP_SENSORY_PERCEPTION_OF_MECHANICAL_STIMULUS,GOBP,GOBP_SENSORY_PERCEPTION_OF_MECHANICAL_STIMULUS,"Sensory
Perception
Of Mechanical
Stimulus",27,-1.753,-1.352,0.0321,0.29,BFR_Post-Pre,FALSE,FALSE
GO_Slim|MITOTIC_CELL_CYCLE,GO_Slim,mitotic cell cycle,"Mitotic Cell
Cycle",194,-1.772,-1.325,4.206e-4,0.1283,BFR_Post-Pre,FALSE,TRUE
GOBP|GOBP_REGULATION_OF_MUSCLE_CELL_DIFFERENTIATION,GOBP,GOBP_REGULATION_OF_MUSCLE_CELL_DIFFERENTIATION,"Reg.
Muscle Cell
Differentiation",32,-1.717,-1.367,0.0487,0.3159,BFR_Post-Pre,FALSE,FALSE
Reactome|REACTOME_RIBOSOME_ASSOCIATED_QUALITY_CONTROL,Reactome,REACTOME_RIBOSOME_ASSOCIATED_QUALITY_CONTROL,"Ribosome
Associated
Quality Control",115,-1.846,-1.237,0.001096,0.269,BFR_Post-Pre,FALSE,FALSE
GO_Slim|NERVOUS_SYSTEM_PROCESS,GO_Slim,nervous system process,"Nervous System
Process",169,-1.751,-1.31,8.33e-4,0.1359,BFR_Post-Pre,FALSE,TRUE
GOBP|GOBP_MUSCLE_CELL_DIFFERENTIATION,GOBP,GOBP_MUSCLE_CELL_DIFFERENTIATION,"Muscle Cell
Differentiation",168,-2.039,-1.019,4.926e-6,0.7048,BFR_Post-Pre,FALSE,FALSE
KEGG_Legacy|KEGG_PEROXISOME,KEGG_Legacy,KEGG_PEROXISOME,Peroxisome,30,1.753,1.304,0.02463,0.3716,BFR_Post-Pre,FALSE,FALSE
GOBP|GOBP_POSITIVE_REGULATION_OF_CYTOSOLIC_CALCIUM_ION_CONCENTRATION,GOBP,GOBP_POSITIVE_REGULATION_OF_CYTOSOLIC_CALCIUM_ION_CONCENTRATION,"Positive Reg.
Cytosolic
Calcium Ion
Concentration",16,-1.907,-1.144,0.03357,0.5929,BFR_Post-Pre,FALSE,FALSE
GOBP|GOBP_CARDIAC_MUSCLE_TISSUE_DEVELOPMENT,GOBP,GOBP_CARDIAC_MUSCLE_TISSUE_DEVELOPMENT,"Cardiac
Muscle Tissue
Development",57,-1.928,-1.094,0.001929,0.597,BFR_Post-Pre,FALSE,FALSE
GOBP|GOBP_PROTEIN_LOCALIZATION_TO_NUCLEUS,GOBP,GOBP_PROTEIN_LOCALIZATION_TO_NUCLEUS,"Protein
Localization To
Nucleus",94,-1.571,-1.401,0.02734,0.1205,BFR_Post-Pre,FALSE,FALSE
GOBP|GOBP_KETONE_BIOSYNTHETIC_PROCESS,GOBP,GOBP_KETONE_BIOSYNTHETIC_PROCESS,"Ketone
Biosynthesis",16,1.842,1.124,0.02105,0.6121,BFR_Post-Pre,FALSE,TRUE
GOBP|GOBP_REGULATION_OF_MICROTUBULE_CYTOSKELETON_ORGANIZATION,GOBP,GOBP_REGULATION_OF_MICROTUBULE_CYTOSKELETON_ORGANIZATION,"Reg. MT
Cytoskel. Org.",53,-1.647,-1.314,0.04316,0.2763,BFR_Post-Pre,FALSE,FALSE
GOBP|GOBP_SIGNAL_TRANSDUCTION_IN_RESPONSE_TO_DNA_DAMAGE,GOBP,GOBP_SIGNAL_TRANSDUCTION_IN_RESPONSE_TO_DNA_DAMAGE,"Signal
Transduction
In Resp. to DNA
Damage",37,-1.997,-0.955,0.003449,0.7955,BFR_Post-Pre,FALSE,FALSE
Hallmark|HALLMARK_KRAS_SIGNALING_DN,Hallmark,HALLMARK_KRAS_SIGNALING_DN,"KRAS Signaling
Dn",17,-1.762,-1.19,0.04605,0.5141,BFR_Post-Pre,FALSE,FALSE
Hallmark|HALLMARK_ADIPOGENESIS,Hallmark,HALLMARK_ADIPOGENESIS,Adipogenesis,118,1.616,1.323,0.01556,0.1754,BFR_Post-Pre,FALSE,FALSE
Reactome|REACTOME_PEROXISOMAL_PROTEIN_IMPORT,Reactome,REACTOME_PEROXISOMAL_PROTEIN_IMPORT,"Peroxisomal
Protein Import",23,1.761,1.175,0.02343,0.532,BFR_Post-Pre,FALSE,FALSE
KEGG_Legacy|KEGG_PROPANOATE_METABOLISM,KEGG_Legacy,KEGG_PROPANOATE_METABOLISM,"Propanoate
Metabolism",26,1.695,1.232,0.04605,0.4499,BFR_Post-Pre,FALSE,FALSE
GO_Slim|CIRCULATORY_SYSTEM_PROCESS,GO_Slim,circulatory system process,"Circulatory
System Process",138,-1.666,-1.261,0.005142,0.242,BFR_Post-Pre,FALSE,FALSE
GOBP|GOBP_POSITIVE_REGULATION_OF_CELL_CYCLE,GOBP,GOBP_POSITIVE_REGULATION_OF_CELL_CYCLE,"Positive Reg.
Cell Cycle",58,-1.745,-1.179,0.01243,0.4594,BFR_Post-Pre,FALSE,TRUE
GOBP|GOBP_ACTION_POTENTIAL,GOBP,GOBP_ACTION_POTENTIAL,"Action
Potential",33,-1.718,-1.205,0.0457,0.4728,BFR_Post-Pre,FALSE,FALSE
KEGG_Legacy|KEGG_SPLICEOSOME,KEGG_Legacy,KEGG_SPLICEOSOME,Spliceosome,44,-1.816,-1.106,0.01672,0.5921,BFR_Post-Pre,FALSE,TRUE
GOBP|GOBP_INORGANIC_ION_IMPORT_ACROSS_PLASMA_MEMBRANE,GOBP,GOBP_INORGANIC_ION_IMPORT_ACROSS_PLASMA_MEMBRANE,"Inorganic Ion
Import Across
Plasma Membrane",17,-1.784,-1.132,0.04007,0.5826,BFR_Post-Pre,FALSE,FALSE
GOBP|GOBP_PROTEIN_COMPLEX_OLIGOMERIZATION,GOBP,GOBP_PROTEIN_COMPLEX_OLIGOMERIZATION,"Protein Complex
Oligomerization",72,1.67,1.234,0.02932,0.3693,BFR_Post-Pre,FALSE,TRUE
GOBP|GOBP_SULFUR_COMPOUND_METABOLIC_PROCESS,GOBP,GOBP_SULFUR_COMPOUND_METABOLIC_PROCESS,"Sulfur Compound
Metabolism",114,1.736,1.161,0.00237,0.4473,BFR_Post-Pre,FALSE,FALSE
GO_Slim|SULFUR_COMPOUND_METABOLIC_PROCESS,GO_Slim,sulfur compound metabolic process,"Sulfur Compound
Metabolism",114,1.736,1.161,0.00237,0.4473,BFR_Post-Pre,FALSE,FALSE
GOBP|GOBP_ACTOMYOSIN_STRUCTURE_ORGANIZATION,GOBP,GOBP_ACTOMYOSIN_STRUCTURE_ORGANIZATION,"Actomyosin
Structure Org.",94,-1.763,-1.125,0.003561,0.4919,BFR_Post-Pre,FALSE,FALSE
Reactome|REACTOME_LATE_SARS_COV_2_INFECTION_EVENTS,Reactome,REACTOME_LATE_SARS_COV_2_INFECTION_EVENTS,"Late Sars Cov
2 Infection
Events",18,-1.85,-1.035,0.02104,0.7131,BFR_Post-Pre,FALSE,FALSE
GOBP|GOBP_POSITIVE_REGULATION_OF_ESTABLISHMENT_OF_PROTEIN_LOCALIZATION,GOBP,GOBP_POSITIVE_REGULATION_OF_ESTABLISHMENT_OF_PROTEIN_LOCALIZATION,"Positive Reg.
Establishment
Of Protein
Localization",93,-1.585,-1.296,0.02342,0.2484,BFR_Post-Pre,FALSE,FALSE
GOBP|GOBP_SULFUR_COMPOUND_BIOSYNTHETIC_PROCESS,GOBP,GOBP_SULFUR_COMPOUND_BIOSYNTHETIC_PROCESS,"Sulfur Compound
Biosynthesis",57,1.753,1.127,0.01099,0.5582,BFR_Post-Pre,FALSE,FALSE
Reactome|REACTOME_DISEASES_OF_METABOLISM,Reactome,REACTOME_DISEASES_OF_METABOLISM,"Diseases Of
Metabolism",72,1.687,1.184,0.02469,0.4481,BFR_Post-Pre,FALSE,FALSE
Reactome|REACTOME_TRANSLATION_OF_SARS_COV_2_STRUCTURAL_PROTEINS,Reactome,REACTOME_TRANSLATION_OF_SARS_COV_2_STRUCTURAL_PROTEINS,"Translation
Of Sars Cov
2 Structural
Proteins",17,-1.908,-0.959,0.01293,0.7952,BFR_Post-Pre,FALSE,FALSE
Reactome|REACTOME_DEATH_RECEPTOR_SIGNALING,Reactome,REACTOME_DEATH_RECEPTOR_SIGNALING,"Death Receptor
Signaling",27,-1.687,-1.177,0.04997,0.5041,BFR_Post-Pre,FALSE,FALSE
GOBP|GOBP_DNA_INTEGRITY_CHECKPOINT_SIGNALING,GOBP,GOBP_DNA_INTEGRITY_CHECKPOINT_SIGNALING,"DNA Integrity
Checkpoint
Signaling",20,-1.801,-1.055,0.03256,0.6802,BFR_Post-Pre,FALSE,FALSE
Reactome|REACTOME_ION_TRANSPORT_BY_P_TYPE_ATPASES,Reactome,REACTOME_ION_TRANSPORT_BY_P_TYPE_ATPASES,"Ion Transport
By P Type
Atpases",17,-1.798,-1.044,0.03605,0.6997,BFR_Post-Pre,FALSE,FALSE
GOBP|GOBP_RESPONSE_TO_ETHANOL,GOBP,GOBP_RESPONSE_TO_ETHANOL,"Resp. to
Ethanol",25,1.687,1.149,0.04702,0.5738,BFR_Post-Pre,FALSE,FALSE
GOBP|GOBP_REGULATION_OF_INTRACELLULAR_TRANSPORT,GOBP,GOBP_REGULATION_OF_INTRACELLULAR_TRANSPORT,"Reg. Intracell.
Transport",93,-1.523,-1.293,0.03763,0.2484,BFR_Post-Pre,FALSE,FALSE
GOBP|GOBP_SMALL_MOLECULE_CATABOLIC_PROCESS,GOBP,GOBP_SMALL_MOLECULE_CATABOLIC_PROCESS,"Small Molecule
Catabolism",157,1.725,-1.078,0.001605,0.5617,BFR_Post-Pre,TRUE,FALSE
GOBP|GOBP_POSITIVE_REGULATION_OF_CELL_CYCLE_PROCESS,GOBP,GOBP_POSITIVE_REGULATION_OF_CELL_CYCLE_PROCESS,"Positive Reg.
Cell Cycle
Process",45,-1.696,-1.106,0.03016,0.595,BFR_Post-Pre,FALSE,FALSE
GO_Slim|PROTEIN_MATURATION,GO_Slim,protein maturation,"Protein
Maturation",207,1.465,1.337,0.02782,0.1178,BFR_Post-Pre,FALSE,TRUE
GOBP|GOBP_CARDIAC_CELL_DEVELOPMENT,GOBP,GOBP_CARDIAC_CELL_DEVELOPMENT,"Cardiac Cell
Development",29,-1.787,1.01,0.02478,0.7411,BFR_Post-Pre,TRUE,FALSE
GOBP|GOBP_RESPONSE_TO_ENDOPLASMIC_RETICULUM_STRESS,GOBP,GOBP_RESPONSE_TO_ENDOPLASMIC_RETICULUM_STRESS,"Resp. to
Endoplasmic
Reticulum
Stress",99,-1.568,-1.228,0.02745,0.3537,BFR_Post-Pre,FALSE,FALSE
GOBP|GOBP_STRIATED_MUSCLE_CELL_DIFFERENTIATION,GOBP,GOBP_STRIATED_MUSCLE_CELL_DIFFERENTIATION,"Striated Muscle
Diff.",142,-1.964,-0.831,8.919e-5,0.9901,BFR_Post-Pre,FALSE,TRUE
GOBP|GOBP_REGULATION_OF_PROTEIN_LOCALIZATION_TO_PLASMA_MEMBRANE,GOBP,GOBP_REGULATION_OF_PROTEIN_LOCALIZATION_TO_PLASMA_MEMBRANE,"Reg. PM Protein
Localization",41,-1.735,1.012,0.04294,0.7226,BFR_Post-Pre,TRUE,FALSE
Reactome|REACTOME_REGULATION_OF_CDH1_POSTTRANSLATIONAL_PROCESSING_AND_TRAFFICKING_TO_PLASMA_MEMBRANE,Reactome,REACTOME_REGULATION_OF_CDH1_POSTTRANSLATIONAL_PROCESSING_AND_TRAFFICKING_TO_PLASMA_MEMBRANE,"Reg. Cdh1
Posttranslational
Processing &
Trafficking To
Plasma Membrane",18,-2.054,0.674,0.002907,0.9901,BFR_Post-Pre,TRUE,TRUE
GOBP|GOBP_POSITIVE_REGULATION_OF_PROTEIN_LOCALIZATION,GOBP,GOBP_POSITIVE_REGULATION_OF_PROTEIN_LOCALIZATION,"Positive
Reg. Protein
Localization",125,-1.651,-1.074,0.01149,0.597,BFR_Post-Pre,FALSE,TRUE
GOBP|GOBP_REGULATION_OF_PROTEIN_TRANSPORT,GOBP,GOBP_REGULATION_OF_PROTEIN_TRANSPORT,"Reg. Protein
Transport",104,-1.576,-1.135,0.033890000000000003,0.4769,BFR_Post-Pre,FALSE,FALSE
GOBP|GOBP_ORGANIC_ACID_BIOSYNTHETIC_PROCESS,GOBP,GOBP_ORGANIC_ACID_BIOSYNTHETIC_PROCESS,"Organic Acid
Biosynthesis",95,1.555,1.125,0.04447,0.5159,BFR_Post-Pre,FALSE,FALSE
GOBP|GOBP_REGULATION_OF_SUPRAMOLECULAR_FIBER_ORGANIZATION,GOBP,GOBP_REGULATION_OF_SUPRAMOLECULAR_FIBER_ORGANIZATION,"Reg.
Supramolecular
Fiber Org.",123,-1.55,-1.102,0.0337,0.5453,BFR_Post-Pre,FALSE,TRUE
GOBP|GOBP_REGULATION_OF_PROTEIN_LOCALIZATION_TO_MEMBRANE,GOBP,GOBP_REGULATION_OF_PROTEIN_LOCALIZATION_TO_MEMBRANE,"Reg. Protein
Localization To
Membrane",56,-1.706,-0.941,0.02301,0.8349,BFR_Post-Pre,FALSE,FALSE
GOBP|GOBP_REGULATION_OF_PROTEIN_LOCALIZATION_TO_CELL_PERIPHERY,GOBP,GOBP_REGULATION_OF_PROTEIN_LOCALIZATION_TO_CELL_PERIPHERY,"Reg. Protein
Localization To
Cell Periphery",54,-1.747,-0.851,0.02377,0.9277,BFR_Post-Pre,FALSE,FALSE
GOBP|GOBP_POSITIVE_REGULATION_OF_PROTEIN_LOCALIZATION_TO_MEMBRANE,GOBP,GOBP_POSITIVE_REGULATION_OF_PROTEIN_LOCALIZATION_TO_MEMBRANE,"Positive
Reg. Protein
Localization To
Membrane",28,-1.733,0.854,0.03326,0.9032,BFR_Post-Pre,TRUE,FALSE
GOBP|GOBP_MEMBRANELESS_ORGANELLE_ASSEMBLY,GOBP,GOBP_MEMBRANELESS_ORGANELLE_ASSEMBLY,"Membraneless
Org. Assembly",145,-1.624,-0.897,0.005756,0.9264,BFR_Post-Pre,FALSE,FALSE
GO_Slim|LIPID_METABOLIC_PROCESS,GO_Slim,lipid metabolic process,"Lipid
Metabolism",316,1.35,1.029,0.03291,0.6659,BFR_Post-Pre,FALSE,FALSE
GOBP|GOBP_PROTEIN_RNA_COMPLEX_ORGANIZATION,GOBP,GOBP_PROTEIN_RNA_COMPLEX_ORGANIZATION,"Protein RNA
Complex Org.",88,-1.557,-0.675,0.04553,1,BFR_Post-Pre,FALSE,TRUE
Reactome|REACTOME_MRNA_SPLICING,Reactome,REACTOME_MRNA_SPLICING,mRNA Splicing,63,-1.689,-0.536,0.04495,1,BFR_Post-Pre,FALSE,FALSE
Reactome|REACTOME_AEROBIC_RESPIRATION_AND_RESPIRATORY_ELECTRON_TRANSPORT,Reactome,REACTOME_AEROBIC_RESPIRATION_AND_RESPIRATORY_ELECTRON_TRANSPORT,"Aerobic Resp. +
ETC",187,2.981,2.858,2.916e-23,2.6660000000000002e-21,Both,FALSE,TRUE
Hallmark|HALLMARK_OXIDATIVE_PHOSPHORYLATION,Hallmark,HALLMARK_OXIDATIVE_PHOSPHORYLATION,OXPHOS,174,2.971,2.846,5.436e-22,1.62e-19,Both,FALSE,TRUE
Reactome|REACTOME_RESPIRATORY_ELECTRON_TRANSPORT,Reactome,REACTOME_RESPIRATORY_ELECTRON_TRANSPORT,Resp. ETC,124,2.886,2.888,2.045e-16,3.408e-18,Both,FALSE,FALSE
Reactome|REACTOME_MITOCHONDRIAL_PROTEIN_DEGRADATION,Reactome,REACTOME_MITOCHONDRIAL_PROTEIN_DEGRADATION,"Mito. Protein
Degradation",85,2.961,2.785,4.456e-15,3.594e-13,Both,FALSE,TRUE
GOBP|GOBP_MITOCHONDRIAL_GENE_EXPRESSION,GOBP,GOBP_MITOCHONDRIAL_GENE_EXPRESSION,"Mito. Gene
Expression",96,2.775,2.846,6.397e-12,9.91e-16,Both,FALSE,TRUE
GO_Slim|MITOCHONDRIAL_GENE_EXPRESSION,GO_Slim,mitochondrial gene expression,"Mito. Gene
Expression",96,2.775,2.846,6.397e-12,9.91e-16,Both,FALSE,FALSE
GOBP|GOBP_MITOCHONDRIAL_TRANSLATION,GOBP,GOBP_MITOCHONDRIAL_TRANSLATION,"Mito.
Translation",88,2.738,2.773,1.127e-11,1.283e-13,Both,FALSE,FALSE
Reactome|REACTOME_MITOCHONDRIAL_PROTEIN_IMPORT,Reactome,REACTOME_MITOCHONDRIAL_PROTEIN_IMPORT,"Mito. Protein
Import",52,2.84,2.515,2.829e-10,1.285e-7,Both,FALSE,TRUE
GOBP|GOBP_OXIDATIVE_PHOSPHORYLATION,GOBP,GOBP_OXIDATIVE_PHOSPHORYLATION,OXPHOS,110,2.579,2.702,2.829e-10,1.283e-13,Both,FALSE,TRUE
GOBP|GOBP_PROTON_MOTIVE_FORCE_DRIVEN_ATP_SYNTHESIS,GOBP,GOBP_PROTON_MOTIVE_FORCE_DRIVEN_ATP_SYNTHESIS,"Proton Motive
Force Driven
ATP Synthesis",60,2.514,2.75,3.334e-7,4.318e-11,Both,FALSE,FALSE
GOBP|GOBP_CELLULAR_RESPIRATION,GOBP,GOBP_CELLULAR_RESPIRATION,"Cellular
Respiration",201,2.574,2.667,2.5e-14,1.859e-17,Both,FALSE,TRUE
Reactome|REACTOME_MITOCHONDRIAL_TRANSLATION_ELONGATION,Reactome,REACTOME_MITOCHONDRIAL_TRANSLATION_ELONGATION,"Mito.
Translation
Elongation",66,2.589,2.634,2.4e-8,2.425e-10,Both,FALSE,FALSE
GOBP|GOBP_PROTON_TRANSMEMBRANE_TRANSPORT,GOBP,GOBP_PROTON_TRANSMEMBRANE_TRANSPORT,"Proton
Transport",92,2.504,2.712,2.323e-8,1.041e-12,Both,FALSE,TRUE
Reactome|REACTOME_MITOCHONDRIAL_TRANSLATION,Reactome,REACTOME_MITOCHONDRIAL_TRANSLATION,"Mito.
Translation",83,2.556,2.629,1.976e-8,6.704e-11,Both,FALSE,TRUE
GOBP|GOBP_ELECTRON_TRANSPORT_CHAIN,GOBP,GOBP_ELECTRON_TRANSPORT_CHAIN,ETC,90,2.489,2.658,2.891e-8,2.017e-11,Both,FALSE,FALSE
KEGG_Legacy|KEGG_HUNTINGTONS_DISEASE,KEGG_Legacy,KEGG_HUNTINGTONS_DISEASE,"Huntingtons
Disease",102,2.361,2.786,3.951e-7,3.617e-14,Both,FALSE,TRUE
KEGG_Legacy|KEGG_OXIDATIVE_PHOSPHORYLATION,KEGG_Legacy,KEGG_OXIDATIVE_PHOSPHORYLATION,OXPHOS,94,2.454,2.65,6.082e-8,2.309e-11,Both,FALSE,TRUE
GOBP|GOBP_ATP_SYNTHESIS_COUPLED_ELECTRON_TRANSPORT,GOBP,GOBP_ATP_SYNTHESIS_COUPLED_ELECTRON_TRANSPORT,"ATP
Synth.-Coupled
ETC",81,2.414,2.66,2.203e-7,4.318e-11,Both,FALSE,FALSE
KEGG_Legacy|KEGG_PARKINSONS_DISEASE,KEGG_Legacy,KEGG_PARKINSONS_DISEASE,"Parkinsons
Disease",94,2.362,2.686,4.097e-7,7.572e-12,Both,FALSE,FALSE
Reactome|REACTOME_COMPLEX_I_BIOGENESIS,Reactome,REACTOME_COMPLEX_I_BIOGENESIS,"Complex I
Biogenesis",57,2.343,2.694,7.762e-6,1.754e-10,Both,FALSE,FALSE
GOBP|GOBP_GENERATION_OF_PRECURSOR_METABOLITES_AND_ENERGY,GOBP,GOBP_GENERATION_OF_PRECURSOR_METABOLITES_AND_ENERGY,"Gen. of
Precursor
Metabolites",264,2.435,2.539,1.175e-14,5.461e-18,Both,FALSE,TRUE
GO_Slim|GENERATION_OF_PRECURSOR_METABOLITES_AND_ENERGY,GO_Slim,generation of precursor metabolites and energy,"Gen. of
Precursor
Metabolites",264,2.435,2.539,1.175e-14,5.461e-18,Both,FALSE,FALSE
GOBP|GOBP_MITOCHONDRIAL_RESPIRATORY_CHAIN_COMPLEX_ASSEMBLY,GOBP,GOBP_MITOCHONDRIAL_RESPIRATORY_CHAIN_COMPLEX_ASSEMBLY,"Mito. Resp.
Chain Complex
Assembly",66,2.565,2.4,3.784e-8,4.239e-7,Both,FALSE,TRUE
Reactome|REACTOME_CITRIC_ACID_CYCLE_TCA_CYCLE,Reactome,REACTOME_CITRIC_ACID_CYCLE_TCA_CYCLE,TCA Cycle,29,2.493,2.387,1.058e-6,7.907e-6,Both,FALSE,TRUE
Reactome|REACTOME_SIGNALING_BY_THE_B_CELL_RECEPTOR_BCR,Reactome,REACTOME_SIGNALING_BY_THE_B_CELL_RECEPTOR_BCR,"Signaling By
The B Cell
Receptor Bcr",48,-2.356,-2.429,2.6e-5,7.629e-7,Both,FALSE,TRUE
GOBP|GOBP_TRICARBOXYLIC_ACID_CYCLE,GOBP,GOBP_TRICARBOXYLIC_ACID_CYCLE,"Tricarboxylic
Acid Cycle",28,2.508,2.22,1.829e-6,1.777e-4,Both,FALSE,TRUE
KEGG_Legacy|KEGG_ARRHYTHMOGENIC_RIGHT_VENTRICULAR_CARDIOMYOPATHY_ARVC,KEGG_Legacy,KEGG_ARRHYTHMOGENIC_RIGHT_VENTRICULAR_CARDIOMYOPATHY_ARVC,ARVC,29,-2.472,-2.217,6.578e-6,1.112e-4,Both,FALSE,TRUE
Reactome|REACTOME_CLEC7A_DECTIN_1_SIGNALING,Reactome,REACTOME_CLEC7A_DECTIN_1_SIGNALING,"Clec7a Dectin 1
Signaling",46,-2.194,-2.405,1.908e-4,1.786e-6,Both,FALSE,FALSE
Reactome|REACTOME_G1_S_DNA_DAMAGE_CHECKPOINTS,Reactome,REACTOME_G1_S_DNA_DAMAGE_CHECKPOINTS,"G1 S DNA Damage
Checkpoints",38,-2.216,-2.366,4.664e-4,1.093e-5,Both,FALSE,FALSE
Reactome|REACTOME_PROTEIN_LOCALIZATION,Reactome,REACTOME_PROTEIN_LOCALIZATION,"Protein
Localization",92,2.475,2.106,4.542e-8,2.278e-5,Both,FALSE,TRUE
Reactome|REACTOME_INTERLEUKIN_1_SIGNALING,Reactome,REACTOME_INTERLEUKIN_1_SIGNALING,"Interleukin 1
Signaling",48,-2.15,-2.409,5.246e-4,1.215e-6,Both,FALSE,TRUE
Reactome|REACTOME_DOWNSTREAM_SIGNALING_EVENTS_OF_B_CELL_RECEPTOR_BCR,Reactome,REACTOME_DOWNSTREAM_SIGNALING_EVENTS_OF_B_CELL_RECEPTOR_BCR,"Downstream
Signaling
Events Of B
Cell Receptor
Bcr",43,-2.227,-2.331,2.836e-4,5.466e-6,Both,FALSE,FALSE
KEGG_Legacy|KEGG_CITRATE_CYCLE_TCA_CYCLE,KEGG_Legacy,KEGG_CITRATE_CYCLE_TCA_CYCLE,"Citrate Cycle
TCA Cycle",26,2.347,2.2,2.74e-5,2.888e-4,Both,FALSE,FALSE
Reactome|REACTOME_ANTIGEN_PROCESSING_UBIQUITINATION_PROTEASOME_DEGRADATION,Reactome,REACTOME_ANTIGEN_PROCESSING_UBIQUITINATION_PROTEASOME_DEGRADATION,"Antigen
Processing
Ubiquitination
Proteasome
Degradation",94,-2.088,-2.454,7.806e-5,5.473e-9,Both,FALSE,TRUE
Reactome|REACTOME_SCF_SKP2_MEDIATED_DEGRADATION_OF_P27_P21,Reactome,REACTOME_SCF_SKP2_MEDIATED_DEGRADATION_OF_P27_P21,"Scf Skp2
Mediated
Degradation Of
P27 P21",35,-2.195,-2.346,3.328e-4,1.6e-5,Both,FALSE,FALSE
Reactome|REACTOME_NEDDYLATION,Reactome,REACTOME_NEDDYLATION,Neddylation,82,-2.214,-2.324,2.2e-5,6.618e-7,Both,FALSE,TRUE
GOBP|GOBP_SKELETAL_MUSCLE_CONTRACTION,GOBP,GOBP_SKELETAL_MUSCLE_CONTRACTION,"Skeletal Muscle
Contraction",32,-2.318,-2.204,1.091e-4,1.829e-4,Both,FALSE,TRUE
GOBP|GOBP_SARCOPLASMIC_RETICULUM_CALCIUM_ION_TRANSPORT,GOBP,GOBP_SARCOPLASMIC_RETICULUM_CALCIUM_ION_TRANSPORT,"Sarcoplasmic
Reticulum
Calcium Ion
Transport",29,-2.324,-2.179,1.13e-4,1.98e-4,Both,FALSE,TRUE
Reactome|REACTOME_ACTIVATION_OF_NF_KAPPAB_IN_B_CELLS,Reactome,REACTOME_ACTIVATION_OF_NF_KAPPAB_IN_B_CELLS,"Activation Of
Nf Kappab In B
Cells",37,-2.15,-2.351,5.742e-4,1.57e-5,Both,FALSE,FALSE
KEGG_Legacy|KEGG_DILATED_CARDIOMYOPATHY,KEGG_Legacy,KEGG_DILATED_CARDIOMYOPATHY,"Dilated
Cardiomyopathy",36,-2.318,-2.179,8.923e-5,1.829e-4,Both,FALSE,TRUE
Reactome|REACTOME_SYNTHESIS_OF_DNA,Reactome,REACTOME_SYNTHESIS_OF_DNA,"Synthesis Of
DNA",41,-2.287,-2.21,1.411e-4,1.08e-4,Both,FALSE,TRUE
Reactome|REACTOME_UBIQUITIN_MEDIATED_DEGRADATION_OF_PHOSPHORYLATED_CDC25A,Reactome,REACTOME_UBIQUITIN_MEDIATED_DEGRADATION_OF_PHOSPHORYLATED_CDC25A,"Ubiquitin
Mediated
Degradation Of
Phosphorylated
Cdc25a",37,-2.169,-2.327,4.735e-4,2.643e-5,Both,FALSE,FALSE
Reactome|REACTOME_AUF1_HNRNP_D0_BINDS_AND_DESTABILIZES_MRNA,Reactome,REACTOME_AUF1_HNRNP_D0_BINDS_AND_DESTABILIZES_MRNA,"Auf1 Hnrnp
D0 Binds &
Destabilizes
mRNA",37,-2.192,-2.303,3.752e-4,3.731e-5,Both,FALSE,FALSE
GOBP|GOBP_MITOCHONDRION_ORGANIZATION,GOBP,GOBP_MITOCHONDRION_ORGANIZATION,Mito. Org.,200,2.232,2.243,7.225e-9,1.622e-9,Both,FALSE,TRUE
GO_Slim|MITOCHONDRION_ORGANIZATION,GO_Slim,mitochondrion organization,Mito. Org.,200,2.232,2.243,7.225e-9,1.622e-9,Both,FALSE,FALSE
Reactome|REACTOME_DEGRADATION_OF_CRY_AND_PER_PROTEINS,Reactome,REACTOME_DEGRADATION_OF_CRY_AND_PER_PROTEINS,"Degradation
Of Cry & Per
Proteins",36,-2.197,-2.274,3.968e-4,4.973e-5,Both,FALSE,FALSE
Reactome|REACTOME_SWITCHING_OF_ORIGINS_TO_A_POST_REPLICATIVE_STATE,Reactome,REACTOME_SWITCHING_OF_ORIGINS_TO_A_POST_REPLICATIVE_STATE,"Switching
Of Origins
To A Post
Replicative
State",36,-2.197,-2.274,3.968e-4,4.973e-5,Both,FALSE,FALSE
Reactome|REACTOME_DECTIN_1_MEDIATED_NONCANONICAL_NF_KB_SIGNALING,Reactome,REACTOME_DECTIN_1_MEDIATED_NONCANONICAL_NF_KB_SIGNALING,"Dectin 1
Mediated
Noncanonical Nf
Kb Signaling",37,-2.158,-2.312,5.246e-4,2.892e-5,Both,FALSE,FALSE
GOBP|GOBP_REGULATION_OF_MUSCLE_CONTRACTION,GOBP,GOBP_REGULATION_OF_MUSCLE_CONTRACTION,"Reg. Muscle
Contraction",65,-2.344,-2.111,3.569e-6,1.005e-4,Both,FALSE,TRUE
Reactome|REACTOME_SCF_BETA_TRCP_MEDIATED_DEGRADATION_OF_EMI1,Reactome,REACTOME_SCF_BETA_TRCP_MEDIATED_DEGRADATION_OF_EMI1,"Scf Beta
Trcp Mediated
Degradation Of
Emi1",34,-2.14,-2.315,5.742e-4,2.458e-5,Both,FALSE,FALSE
Reactome|REACTOME_TNFR2_NON_CANONICAL_NF_KB_PATHWAY,Reactome,REACTOME_TNFR2_NON_CANONICAL_NF_KB_PATHWAY,"Tnfr2 Non
Canonical Nf Kb
Pathway",36,-2.128,-2.324,9.13e-4,2.518e-5,Both,FALSE,FALSE
Reactome|REACTOME_INTERLEUKIN_1_FAMILY_SIGNALING,Reactome,REACTOME_INTERLEUKIN_1_FAMILY_SIGNALING,"Interleukin
1 Family
Signaling",53,-2.069,-2.378,4.108e-4,1.268e-6,Both,FALSE,FALSE
GOBP|GOBP_MUSCLE_ORGAN_DEVELOPMENT,GOBP,GOBP_MUSCLE_ORGAN_DEVELOPMENT,"Muscle Organ
Development",116,-2.527,-1.917,6.476e-10,1.829e-4,Both,FALSE,TRUE
Reactome|REACTOME_ABC_TRANSPORTER_DISORDERS,Reactome,REACTOME_ABC_TRANSPORTER_DISORDERS,"Abc Transporter
Disorders",38,-2.229,-2.207,3.752e-4,1.23e-4,Both,FALSE,FALSE
Reactome|REACTOME_FCERI_MEDIATED_NF_KB_ACTIVATION,Reactome,REACTOME_FCERI_MEDIATED_NF_KB_ACTIVATION,"Fceri
Mediated Nf Kb
Activation",41,-2.125,-2.31,0.001043,3.057e-5,Both,FALSE,FALSE
Reactome|REACTOME_GSK3B_MEDIATED_PROTEASOMAL_DEGRADATION_OF_PD_L1_CD274,Reactome,REACTOME_GSK3B_MEDIATED_PROTEASOMAL_DEGRADATION_OF_PD_L1_CD274,"Gsk3b Mediated
Proteas.
Degradation Of
PD-L1 CD274",37,-2.177,-2.257,4.429e-4,7.229e-5,Both,FALSE,FALSE
KEGG_Legacy|KEGG_HYPERTROPHIC_CARDIOMYOPATHY_HCM,KEGG_Legacy,KEGG_HYPERTROPHIC_CARDIOMYOPATHY_HCM,"Hypertrophic
Cardiomyopathy
Hcm",38,-2.294,-2.134,1.546e-4,3.165e-4,Both,FALSE,FALSE
Reactome|REACTOME_FBXL7_DOWN_REGULATES_AURKA_DURING_MITOTIC_ENTRY_AND_IN_EARLY_MITOSIS,Reactome,REACTOME_FBXL7_DOWN_REGULATES_AURKA_DURING_MITOTIC_ENTRY_AND_IN_EARLY_MITOSIS,"Fbxl7 Down
Regulates Aurka
During Mitotic
Entry & In
Early Mitosis",35,-2.129,-2.286,7.095e-4,4.313e-5,Both,FALSE,FALSE
Reactome|REACTOME_ORC1_REMOVAL_FROM_CHROMATIN,Reactome,REACTOME_ORC1_REMOVAL_FROM_CHROMATIN,"Orc1 Removal
From Chromatin",35,-2.129,-2.286,7.095e-4,4.313e-5,Both,FALSE,FALSE
GOBP|GOBP_MULTICELLULAR_ORGANISMAL_MOVEMENT,GOBP,GOBP_MULTICELLULAR_ORGANISMAL_MOVEMENT,"Multicellular
Organismal
Movement",35,-2.32,-2.093,7.49e-5,7.116e-4,Both,FALSE,FALSE
Reactome|REACTOME_P53_DEPENDENT_G1_DNA_DAMAGE_RESPONSE,Reactome,REACTOME_P53_DEPENDENT_G1_DNA_DAMAGE_RESPONSE,"p53 Dependent
G1 DNA Damage
Response",33,-2.128,-2.28,0.001407,4.066e-5,Both,FALSE,FALSE
Reactome|REACTOME_APC_C_MEDIATED_DEGRADATION_OF_CELL_CYCLE_PROTEINS,Reactome,REACTOME_APC_C_MEDIATED_DEGRADATION_OF_CELL_CYCLE_PROTEINS,"Apc C Mediated
Degradation
Of Cell Cycle
Proteins",36,-2.131,-2.276,8.901e-4,4.968e-5,Both,FALSE,FALSE
Reactome|REACTOME_FC_EPSILON_RECEPTOR_FCERI_SIGNALING,Reactome,REACTOME_FC_EPSILON_RECEPTOR_FCERI_SIGNALING,"Fc Epsilon
Receptor Fceri
Signaling",55,-2.134,-2.27,6.236e-4,1.344e-5,Both,FALSE,FALSE
Reactome|REACTOME_COMPLEX_IV_ASSEMBLY,Reactome,REACTOME_COMPLEX_IV_ASSEMBLY,"Complex Iv
Assembly",31,2.224,2.153,3.919e-4,3.898e-4,Both,FALSE,FALSE
GOBP|GOBP_REGULATION_OF_MUSCLE_SYSTEM_PROCESS,GOBP,GOBP_REGULATION_OF_MUSCLE_SYSTEM_PROCESS,"Reg. Muscle
System Process",88,-2.36,-2.017,7.204e-7,1.569e-4,Both,FALSE,TRUE
Reactome|REACTOME_REGULATION_OF_ORNITHINE_DECARBOXYLASE_ODC,Reactome,REACTOME_REGULATION_OF_ORNITHINE_DECARBOXYLASE_ODC,"Reg. Ornithine
Decarboxylase
Odc",31,-2.121,-2.252,7.479e-4,8.076e-5,Both,FALSE,FALSE
Reactome|REACTOME_DOWNSTREAM_TCR_SIGNALING,Reactome,REACTOME_DOWNSTREAM_TCR_SIGNALING,"Downstream Tcr
Signaling",45,-2.119,-2.251,4.429e-4,2.888e-5,Both,FALSE,FALSE
KEGG_Legacy|KEGG_AMINOACYL_TRNA_BIOSYNTHESIS,KEGG_Legacy,KEGG_AMINOACYL_TRNA_BIOSYNTHESIS,"Aminoacyl tRNA
Biosynthesis",31,2.227,2.143,3.753e-4,4.449e-4,Both,FALSE,TRUE
Reactome|REACTOME_APC_C_CDH1_MEDIATED_DEGRADATION_OF_CDC20_AND_OTHER_APC_C_CDH1_TARGETED_PROTEINS_IN_LATE_MITOSIS_EARLY_G1,Reactome,REACTOME_APC_C_CDH1_MEDIATED_DEGRADATION_OF_CDC20_AND_OTHER_APC_C_CDH1_TARGETED_PROTEINS_IN_LATE_MITOSIS_EARLY_G1,"Apc C Cdh1
Mediated
Degradation
Of Cdc20 &
Other Apc C
Cdh1 Targeted
Proteins In
Late Mitosis
Early G1",33,-2.138,-2.226,0.001316,8.076e-5,Both,FALSE,FALSE
Reactome|REACTOME_CDK_MEDIATED_PHOSPHORYLATION_AND_REMOVAL_OF_CDC6,Reactome,REACTOME_CDK_MEDIATED_PHOSPHORYLATION_AND_REMOVAL_OF_CDC6,"Cdk Mediated
Phosph. &
Removal Of Cdc6",33,-2.138,-2.226,0.001316,8.076e-5,Both,FALSE,FALSE
Reactome|REACTOME_VIF_MEDIATED_DEGRADATION_OF_APOBEC3G,Reactome,REACTOME_VIF_MEDIATED_DEGRADATION_OF_APOBEC3G,"Vif Mediated
Degradation Of
Apobec3g",36,-2.092,-2.269,0.001402,5.555e-5,Both,FALSE,FALSE
Reactome|REACTOME_FORMATION_OF_PARAXIAL_MESODERM,Reactome,REACTOME_FORMATION_OF_PARAXIAL_MESODERM,"Formation
Of Paraxial
Mesoderm",32,-2.139,-2.203,9.671e-4,1.829e-4,Both,FALSE,FALSE
Reactome|REACTOME_SOMITOGENESIS,Reactome,REACTOME_SOMITOGENESIS,Somitogenesis,32,-2.139,-2.203,9.671e-4,1.829e-4,Both,FALSE,FALSE
Reactome|REACTOME_DEGRADATION_OF_GLI1_BY_THE_PROTEASOME,Reactome,REACTOME_DEGRADATION_OF_GLI1_BY_THE_PROTEASOME,"Degradation
Of Gli1 By The
Proteasome",38,-2.057,-2.282,0.003325,4.313e-5,Both,FALSE,FALSE
Reactome|REACTOME_DEGRADATION_OF_BETA_CATENIN_BY_THE_DESTRUCTION_COMPLEX,Reactome,REACTOME_DEGRADATION_OF_BETA_CATENIN_BY_THE_DESTRUCTION_COMPLEX,"Degradation Of
Beta Catenin By
The Destruction
Complex",44,-2.217,-2.118,3.009e-4,1.851e-4,Both,FALSE,FALSE
GOBP|GOBP_CILIUM_MOVEMENT,GOBP,GOBP_CILIUM_MOVEMENT,Cilium Movement,26,-2.272,-2.055,2.901e-4,0.002271,Both,FALSE,FALSE
Reactome|REACTOME_SIGNALING_BY_NOTCH4,Reactome,REACTOME_SIGNALING_BY_NOTCH4,"Signaling By
Notch4",38,-2.069,-2.257,0.002971,5.584e-5,Both,FALSE,FALSE
GOBP|GOBP_PROTEASOMAL_UBIQUITIN_INDEPENDENT_PROTEIN_CATABOLIC_PROCESS,GOBP,GOBP_PROTEASOMAL_UBIQUITIN_INDEPENDENT_PROTEIN_CATABOLIC_PROCESS,"Proteas.
Ubiquitin
Independent
Protein
Catabolism",15,-2.234,-2.087,4.206e-4,0.001625,Both,FALSE,TRUE
Reactome|REACTOME_NEGATIVE_REGULATION_OF_NOTCH4_SIGNALING,Reactome,REACTOME_NEGATIVE_REGULATION_OF_NOTCH4_SIGNALING,"Negative
Reg. Notch4
Signaling",37,-2.071,-2.247,0.001755,8.076e-5,Both,FALSE,FALSE
Reactome|REACTOME_NUCLEAR_EVENTS_MEDIATED_BY_NFE2L2,Reactome,REACTOME_NUCLEAR_EVENTS_MEDIATED_BY_NFE2L2,"Nuclear Events
Mediated By
Nfe2l2",56,-2.104,-2.213,5.261e-4,3.057e-5,Both,FALSE,TRUE
Reactome|REACTOME_ASYMMETRIC_LOCALIZATION_OF_PCP_PROTEINS,Reactome,REACTOME_ASYMMETRIC_LOCALIZATION_OF_PCP_PROTEINS,"Asymmetric
Localization Of
Pcp Proteins",32,-2.063,-2.251,0.001821,9.932e-5,Both,FALSE,FALSE
Reactome|REACTOME_STABILIZATION_OF_P53,Reactome,REACTOME_STABILIZATION_OF_P53,"Stabilization
Of p53",32,-2.063,-2.251,0.001821,9.932e-5,Both,FALSE,FALSE
Reactome|REACTOME_HH_MUTANTS_ABROGATE_LIGAND_SECRETION,Reactome,REACTOME_HH_MUTANTS_ABROGATE_LIGAND_SECRETION,"Hh Mutants
Abrogate Ligand
Secretion",33,-2.087,-2.222,0.002097,8.52e-5,Both,FALSE,FALSE
Reactome|REACTOME_UBIQUITIN_DEPENDENT_DEGRADATION_OF_CYCLIN_D,Reactome,REACTOME_UBIQUITIN_DEPENDENT_DEGRADATION_OF_CYCLIN_D,"Ub-Dep.
Degradation Of
Cyclin D",33,-2.09,-2.217,0.002091,9.365e-5,Both,FALSE,FALSE
GOBP|GOBP_NADH_DEHYDROGENASE_COMPLEX_ASSEMBLY,GOBP,GOBP_NADH_DEHYDROGENASE_COMPLEX_ASSEMBLY,"NADH
Dehydrogenase
Complex
Assembly",31,2.014,2.287,0.003422,5.555e-5,Both,FALSE,FALSE
Reactome|REACTOME_DNA_REPLICATION_PRE_INITIATION,Reactome,REACTOME_DNA_REPLICATION_PRE_INITIATION,"DNA Replication
Pre Initiation",40,-2.116,-2.179,6.698e-4,1.968e-4,Both,FALSE,FALSE
Reactome|REACTOME_HEDGEHOG_LIGAND_BIOGENESIS,Reactome,REACTOME_HEDGEHOG_LIGAND_BIOGENESIS,"Hedgehog Ligand
Biogenesis",34,-2.105,-2.171,9.671e-4,1.772e-4,Both,FALSE,FALSE
Reactome|REACTOME_DEGRADATION_OF_AXIN,Reactome,REACTOME_DEGRADATION_OF_AXIN,"Degradation Of
Axin",33,-2.076,-2.199,0.00239,1.243e-4,Both,FALSE,FALSE
Reactome|REACTOME_AMPK_INDUCED_ERAD_AND_LYSOSOME_MEDIATED_DEGRADATION_OF_PD_L1_CD274,Reactome,REACTOME_AMPK_INDUCED_ERAD_AND_LYSOSOME_MEDIATED_DEGRADATION_OF_PD_L1_CD274,"Ampk Induced
Erad & Lysosome
Mediated
Degradation Of
PD-L1 CD274",40,-2.08,-2.194,0.001096,1.58e-4,Both,FALSE,FALSE
GOBP|GOBP_MITOCHONDRIAL_RNA_METABOLIC_PROCESS,GOBP,GOBP_MITOCHONDRIAL_RNA_METABOLIC_PROCESS,"Mito. RNA
Metabolism",22,1.97,2.296,0.003915,1.095e-4,Both,FALSE,FALSE
Reactome|REACTOME_ACTIVATION_OF_APC_C_AND_APC_C_CDC20_MEDIATED_DEGRADATION_OF_MITOTIC_PROTEINS,Reactome,REACTOME_ACTIVATION_OF_APC_C_AND_APC_C_CDC20_MEDIATED_DEGRADATION_OF_MITOTIC_PROTEINS,"Activation Of
Apc C & Apc C
Cdc20 Mediated
Degradation
Of Mitotic
Proteins",34,-2.06,-2.205,0.001615,1.089e-4,Both,FALSE,FALSE
KEGG_Legacy|KEGG_ALZHEIMERS_DISEASE,KEGG_Legacy,KEGG_ALZHEIMERS_DISEASE,"Alzheimers
Disease",99,1.941,2.314,2.262e-4,4.741e-7,Both,FALSE,TRUE
Reactome|REACTOME_REGULATION_OF_RUNX2_EXPRESSION_AND_ACTIVITY,Reactome,REACTOME_REGULATION_OF_RUNX2_EXPRESSION_AND_ACTIVITY,"Reg. Runx2
Expression &
Activity",39,-2.035,-2.217,0.001795,8.675e-5,Both,FALSE,FALSE
Reactome|REACTOME_REGULATION_OF_MRNA_STABILITY_BY_PROTEINS_THAT_BIND_AU_RICH_ELEMENTS,Reactome,REACTOME_REGULATION_OF_MRNA_STABILITY_BY_PROTEINS_THAT_BIND_AU_RICH_ELEMENTS,"Reg. mRNA
Stability By
Proteins That
Bind Au Rich
Elements",48,-2.095,-2.152,0.001074,1.23e-4,Both,FALSE,FALSE
Reactome|REACTOME_REGULATION_OF_RUNX3_EXPRESSION_AND_ACTIVITY,Reactome,REACTOME_REGULATION_OF_RUNX3_EXPRESSION_AND_ACTIVITY,"Reg. Runx3
Expression &
Activity",33,-2.04,-2.207,0.00319,1.078e-4,Both,FALSE,FALSE
Reactome|REACTOME_GASTRULATION,Reactome,REACTOME_GASTRULATION,Gastrulation,36,-2.141,-2.102,7.535e-4,6.803e-4,Both,FALSE,FALSE
Reactome|REACTOME_MITOTIC_G1_PHASE_AND_G1_S_TRANSITION,Reactome,REACTOME_MITOTIC_G1_PHASE_AND_G1_S_TRANSITION,"Mitotic G1
Phase & G1 S
Transition",46,-2.119,-2.109,4.206e-4,3.015e-4,Both,FALSE,FALSE
Reactome|REACTOME_C_TYPE_LECTIN_RECEPTORS_CLRS,Reactome,REACTOME_C_TYPE_LECTIN_RECEPTORS_CLRS,"C Type Lectin
Receptors Clrs",53,-1.978,-2.246,0.001408,2.686e-5,Both,FALSE,FALSE
Reactome|REACTOME_ANTIGEN_PROCESSING_UB_ATP_INDEPENDENT_PROTEASOMAL_DEGRADATION,Reactome,REACTOME_ANTIGEN_PROCESSING_UB_ATP_INDEPENDENT_PROTEASOMAL_DEGRADATION,"Antigen
Processing Ub
ATP Independent
Proteas.
Degradation",17,-2.208,-2.005,5.749e-4,0.003958,Both,FALSE,FALSE
Reactome|REACTOME_ABC_FAMILY_PROTEINS_MEDIATED_TRANSPORT,Reactome,REACTOME_ABC_FAMILY_PROTEINS_MEDIATED_TRANSPORT,"Abc Family
Proteins
Mediated
Transport",48,-1.995,-2.214,0.002675,4.935e-5,Both,FALSE,FALSE
GOBP|GOBP_ATP_BIOSYNTHETIC_PROCESS,GOBP,GOBP_ATP_BIOSYNTHETIC_PROCESS,"ATP
Biosynthesis",74,1.981,2.221,7.493e-4,4.677e-6,Both,FALSE,FALSE
Reactome|REACTOME_REGULATION_OF_PD_L1_CD274_POST_TRANSLATIONAL_MODIFICATION,Reactome,REACTOME_REGULATION_OF_PD_L1_CD274_POST_TRANSLATIONAL_MODIFICATION,"PD-L1
Regulation",58,-2.259,-1.942,3.093e-5,0.001743,Both,FALSE,TRUE
KEGG_Legacy|KEGG_PROTEASOME,KEGG_Legacy,KEGG_PROTEASOME,Proteasome,35,-2.036,-2.163,0.002097,2.655e-4,Both,FALSE,FALSE
Reactome|REACTOME_DEGRADATION_OF_DVL,Reactome,REACTOME_DEGRADATION_OF_DVL,"Degradation Of
Dvl",34,-2.027,-2.169,0.002396,1.777e-4,Both,FALSE,FALSE
GOBP|GOBP_INNER_MITOCHONDRIAL_MEMBRANE_ORGANIZATION,GOBP,GOBP_INNER_MITOCHONDRIAL_MEMBRANE_ORGANIZATION,"Inner Mito.
Membrane Org.",34,1.994,2.199,0.002217,1.793e-4,Both,FALSE,TRUE
Reactome|REACTOME_CELLULAR_RESPONSE_TO_HYPOXIA,Reactome,REACTOME_CELLULAR_RESPONSE_TO_HYPOXIA,"Cellular Resp.
to Hypoxia",40,-2.066,-2.126,0.001316,4.265e-4,Both,FALSE,FALSE
Reactome|REACTOME_SIGNALING_BY_NOTCH,Reactome,REACTOME_SIGNALING_BY_NOTCH,"Signaling By
Notch",49,-2.099,-2.09,9.983e-4,1.973e-4,Both,FALSE,FALSE
Reactome|REACTOME_CYCLIN_A_CDK2_ASSOCIATED_EVENTS_AT_S_PHASE_ENTRY,Reactome,REACTOME_CYCLIN_A_CDK2_ASSOCIATED_EVENTS_AT_S_PHASE_ENTRY,"Cyclin A Cdk2
Associated
Events At S
Phase Entry",38,-2.022,-2.156,0.004636,2.196e-4,Both,FALSE,FALSE
Reactome|REACTOME_S_PHASE,Reactome,REACTOME_S_PHASE,S Phase,46,-2.151,-2.014,2.9e-4,0.001107,Both,FALSE,FALSE
GOBP|GOBP_PROTEIN_POLYUBIQUITINATION,GOBP,GOBP_PROTEIN_POLYUBIQUITINATION,"Protein
Polyubiquitination",56,-2.074,-2.09,7.479e-4,1.968e-4,Both,FALSE,TRUE
GOBP|GOBP_CILIUM_OR_FLAGELLUM_DEPENDENT_CELL_MOTILITY,GOBP,GOBP_CILIUM_OR_FLAGELLUM_DEPENDENT_CELL_MOTILITY,"Cilium Or
Flagellum
Dependent Cell
Motility",24,-2.24,-1.913,1.771e-4,0.007743,Both,FALSE,TRUE
GOBP|GOBP_MITOCHONDRIAL_ELECTRON_TRANSPORT_NADH_TO_UBIQUINONE,GOBP,GOBP_MITOCHONDRIAL_ELECTRON_TRANSPORT_NADH_TO_UBIQUINONE,"Mito. ETC NADH
To UQ",45,1.861,2.287,0.005595,3.485e-5,Both,FALSE,FALSE
GOBP|GOBP_CYTOCHROME_COMPLEX_ASSEMBLY,GOBP,GOBP_CYTOCHROME_COMPLEX_ASSEMBLY,"Cytochrome
Complex
Assembly",27,2.251,1.896,1.771e-4,0.01318,Both,FALSE,FALSE
Reactome|REACTOME_G2_M_CHECKPOINTS,Reactome,REACTOME_G2_M_CHECKPOINTS,"G2 M
Checkpoints",47,-2.034,-2.112,9.316e-4,1.944e-4,Both,FALSE,FALSE
GOBP|GOBP_T_CELL_HOMEOSTASIS,GOBP,GOBP_T_CELL_HOMEOSTASIS,"T Cell
Homeostasis",22,-2.052,-2.09,0.002943,0.001491,Both,FALSE,TRUE
GOBP|GOBP_ACYL_COA_METABOLIC_PROCESS,GOBP,GOBP_ACYL_COA_METABOLIC_PROCESS,"Acyl Coa
Metabolism",54,2.287,1.848,1.587e-5,0.006991,Both,FALSE,TRUE
Reactome|REACTOME_CRISTAE_FORMATION,Reactome,REACTOME_CRISTAE_FORMATION,"Cristae
Formation",26,2.063,2.071,0.001344,0.001757,Both,FALSE,TRUE
GOBP|GOBP_AMINO_ACID_ACTIVATION,GOBP,GOBP_AMINO_ACID_ACTIVATION,AA Activation,38,2.009,2.114,0.00405,4.959e-4,Both,FALSE,FALSE
Reactome|REACTOME_REGULATION_OF_RAS_BY_GAPS,Reactome,REACTOME_REGULATION_OF_RAS_BY_GAPS,"Reg. Ras By
Gaps",36,-2.013,-2.107,0.003176,6.669e-4,Both,FALSE,FALSE
GOBP|GOBP_RELEASE_OF_SEQUESTERED_CALCIUM_ION_INTO_CYTOSOL_BY_ENDOPLASMIC_RETICULUM,GOBP,GOBP_RELEASE_OF_SEQUESTERED_CALCIUM_ION_INTO_CYTOSOL_BY_ENDOPLASMIC_RETICULUM,"Release Of
Sequestered
Calcium Ion
Into Cytosol
By Endoplasmic
Reticulum",25,-2.041,-2.077,0.00213,9.794e-4,Both,FALSE,FALSE
Reactome|REACTOME_TRANSCRIPTIONAL_REGULATION_BY_RUNX3,Reactome,REACTOME_TRANSCRIPTIONAL_REGULATION_BY_RUNX3,"Transcriptional
Regulation By
Runx3",37,-2.031,-2.084,0.002591,7.178e-4,Both,FALSE,FALSE
Reactome|REACTOME_PROTEASOME_ASSEMBLY,Reactome,REACTOME_PROTEASOME_ASSEMBLY,"Proteasome
Assembly",41,-1.984,-2.124,0.005502,3.309e-4,Both,FALSE,FALSE
Reactome|REACTOME_TRNA_AMINOACYLATION,Reactome,REACTOME_TRNA_AMINOACYLATION,"tRNA
Aminoacylation",35,1.914,2.193,0.006818,2.682e-4,Both,FALSE,TRUE
Reactome|REACTOME_FORMATION_OF_THE_DYSTROPHIN_GLYCOPROTEIN_COMPLEX_DGC,Reactome,REACTOME_FORMATION_OF_THE_DYSTROPHIN_GLYCOPROTEIN_COMPLEX_DGC,"Formation Of
The Dystrophin
Glycoprotein
Complex DGC",18,-1.992,-2.11,0.005231,6.468e-4,Both,FALSE,TRUE
GOBP|GOBP_REGULATION_OF_PROTEOLYSIS_INVOLVED_IN_PROTEIN_CATABOLIC_PROCESS,GOBP,GOBP_REGULATION_OF_PROTEOLYSIS_INVOLVED_IN_PROTEIN_CATABOLIC_PROCESS,"Reg.
Proteolysis
Involved
In Protein
Catabolism",111,-2.073,-2.008,8.919e-5,5.831e-5,Both,FALSE,TRUE
Reactome|REACTOME_BETA_CATENIN_INDEPENDENT_WNT_SIGNALING,Reactome,REACTOME_BETA_CATENIN_INDEPENDENT_WNT_SIGNALING,"Beta Catenin
Independent WNT
Signaling",55,-1.937,-2.141,0.004907,9.932e-5,Both,FALSE,FALSE
GOBP|GOBP_PURINE_CONTAINING_COMPOUND_BIOSYNTHETIC_PROCESS,GOBP,GOBP_PURINE_CONTAINING_COMPOUND_BIOSYNTHETIC_PROCESS,"Purine
Containing
Compound
Biosynthesis",151,2.094,1.983,3.158e-6,2.888e-5,Both,FALSE,TRUE
Reactome|REACTOME_HEDGEHOG_ON_STATE,Reactome,REACTOME_HEDGEHOG_ON_STATE,"Hedgehog On
State",36,-1.978,-2.096,0.00405,7.116e-4,Both,FALSE,FALSE
GOBP|GOBP_CD8_POSITIVE_ALPHA_BETA_T_CELL_ACTIVATION,GOBP,GOBP_CD8_POSITIVE_ALPHA_BETA_T_CELL_ACTIVATION,"CD8 Positive
Alpha Beta T
Cell Activation",15,-2.081,-1.986,0.002907,0.008282,Both,FALSE,FALSE
Reactome|REACTOME_REGULATION_OF_PD_L1_CD274_EXPRESSION,Reactome,REACTOME_REGULATION_OF_PD_L1_CD274_EXPRESSION,"Reg. PD-L1
CD274
Expression",68,-2.222,-1.843,2.521e-5,0.004113,Both,FALSE,FALSE
Reactome|REACTOME_RUNX1_REGULATES_TRANSCRIPTION_OF_GENES_INVOLVED_IN_DIFFERENTIATION_OF_HSCS,Reactome,REACTOME_RUNX1_REGULATES_TRANSCRIPTION_OF_GENES_INVOLVED_IN_DIFFERENTIATION_OF_HSCS,"Runx1 Regulates
Transcription
Of Genes
Involved In
Differentiation
Of Hscs",35,-1.978,-2.081,0.003895,8.257e-4,Both,FALSE,FALSE
Reactome|REACTOME_REGULATION_OF_CDH1_FUNCTION,Reactome,REACTOME_REGULATION_OF_CDH1_FUNCTION,"Reg. Cdh1
Function",42,-2.036,-2.021,0.002649,0.001555,Both,FALSE,FALSE
Reactome|REACTOME_TCR_SIGNALING,Reactome,REACTOME_TCR_SIGNALING,Tcr Signaling,49,-1.96,-2.095,0.004146,1.851e-4,Both,FALSE,FALSE
Reactome|REACTOME_DNA_REPLICATION,Reactome,REACTOME_DNA_REPLICATION,DNA Replication,46,-2.049,-2.005,9.24e-4,0.001365,Both,FALSE,FALSE
Reactome|REACTOME_UCH_PROTEINASES,Reactome,REACTOME_UCH_PROTEINASES,UCH Proteinases,39,-1.987,-2.067,0.002813,6.803e-4,Both,FALSE,FALSE
GOBP|GOBP_CELL_CYCLE_G1_S_PHASE_TRANSITION,GOBP,GOBP_CELL_CYCLE_G1_S_PHASE_TRANSITION,"Cell Cycle
G1 S Phase
Transition",54,-2.158,-1.883,2.88e-4,0.003376,Both,FALSE,TRUE
GOBP|GOBP_CALCIUM_ION_TRANSMEMBRANE_TRANSPORT,GOBP,GOBP_CALCIUM_ION_TRANSMEMBRANE_TRANSPORT,"Calcium Ion
Transmembrane
Transport",77,-2.099,-1.932,1.13e-4,7.671e-4,Both,FALSE,TRUE
GOBP|GOBP_NUCLEOSIDE_TRIPHOSPHATE_BIOSYNTHETIC_PROCESS,GOBP,GOBP_NUCLEOSIDE_TRIPHOSPHATE_BIOSYNTHETIC_PROCESS,"NTP
Biosynthesis",83,1.908,2.115,0.001673,6.872e-5,Both,FALSE,FALSE
GOBP|GOBP_MONOCARBOXYLIC_ACID_CATABOLIC_PROCESS,GOBP,GOBP_MONOCARBOXYLIC_ACID_CATABOLIC_PROCESS,"Monocarboxylic
Acid Catabolism",58,2.256,1.765,4.745e-5,0.01779,Both,FALSE,TRUE
Reactome|REACTOME_SPOP_MEDIATED_PROTEASOMAL_DEGRADATION_OF_PD_L1_CD274,Reactome,REACTOME_SPOP_MEDIATED_PROTEASOMAL_DEGRADATION_OF_PD_L1_CD274,"Spop Mediated
Proteas.
Degradation Of
PD-L1 CD274",37,-2.003,-2.009,0.003325,0.002051,Both,FALSE,FALSE
GOBP|GOBP_FATTY_ACID_CATABOLIC_PROCESS,GOBP,GOBP_FATTY_ACID_CATABOLIC_PROCESS,FA Catabolism,46,2.2,1.806,1.019e-4,0.02059,Both,FALSE,FALSE
Reactome|REACTOME_METABOLISM_OF_POLYAMINES,Reactome,REACTOME_METABOLISM_OF_POLYAMINES,"Metabolism Of
Polyamines",34,-1.985,-2.019,0.003561,0.001365,Both,FALSE,FALSE
GOBP|GOBP_SKELETAL_MUSCLE_ORGAN_DEVELOPMENT,GOBP,GOBP_SKELETAL_MUSCLE_ORGAN_DEVELOPMENT,"Skeletal
Muscle Organ
Development",62,-2.198,-1.795,3.093e-5,0.009648,Both,FALSE,FALSE
GOBP|GOBP_REGULATION_OF_RELEASE_OF_SEQUESTERED_CALCIUM_ION_INTO_CYTOSOL_BY_SARCOPLASMIC_RETICULUM,GOBP,GOBP_REGULATION_OF_RELEASE_OF_SEQUESTERED_CALCIUM_ION_INTO_CYTOSOL_BY_SARCOPLASMIC_RETICULUM,"Reg. Release
Of Sequestered
Calcium Ion
Into Cytosol
By Sarcoplasmic
Reticulum",23,-2.002,-1.989,0.004929,0.004182,Both,FALSE,FALSE
Reactome|REACTOME_COMPLEX_III_ASSEMBLY,Reactome,REACTOME_COMPLEX_III_ASSEMBLY,"Complex Iii
Assembly",21,2.131,1.855,0.001714,0.0248,Both,FALSE,FALSE
GOBP|GOBP_LYMPHOCYTE_HOMEOSTASIS,GOBP,GOBP_LYMPHOCYTE_HOMEOSTASIS,"Lymphocyte
Homeostasis",26,-1.991,-1.991,0.004961,0.005103,Both,FALSE,FALSE
Reactome|REACTOME_CO_INHIBITION_BY_PD_1,Reactome,REACTOME_CO_INHIBITION_BY_PD_1,"Co Inhibition
By Pd 1",72,-2.201,-1.778,8.919e-5,0.007545,Both,FALSE,FALSE
GOBP|GOBP_NUCLEOSIDE_PHOSPHATE_BIOSYNTHETIC_PROCESS,GOBP,GOBP_NUCLEOSIDE_PHOSPHATE_BIOSYNTHETIC_PROCESS,"Nucleoside
Phosphate
Biosynthesis",174,2.029,1.918,3.213e-6,5.103e-5,Both,FALSE,FALSE
Reactome|REACTOME_KEAP1_NFE2L2_PATHWAY,Reactome,REACTOME_KEAP1_NFE2L2_PATHWAY,"Keap1 Nfe2l2
Pathway",66,-1.916,-2.031,0.002129,3.571e-4,Both,FALSE,FALSE
GOBP|GOBP_FATTY_ACID_BETA_OXIDATION,GOBP,GOBP_FATTY_ACID_BETA_OXIDATION,"FA Beta
Oxidation",37,2.162,1.774,4.762e-4,0.03188,Both,FALSE,FALSE
GOBP|GOBP_REGULATION_OF_CELL_CYCLE_G1_S_PHASE_TRANSITION,GOBP,GOBP_REGULATION_OF_CELL_CYCLE_G1_S_PHASE_TRANSITION,"Reg. Cell Cycle
G1 S Phase
Transition",38,-2.156,-1.777,0.001001,0.02099,Both,FALSE,FALSE
Reactome|REACTOME_MAPK6_MAPK4_SIGNALING,Reactome,REACTOME_MAPK6_MAPK4_SIGNALING,"MAPK6 MAPK4
Signaling",43,-1.868,-2.058,0.01328,4.08e-4,Both,FALSE,FALSE
Reactome|REACTOME_UB_SPECIFIC_PROCESSING_PROTEASES,Reactome,REACTOME_UB_SPECIFIC_PROCESSING_PROTEASES,"Ub Specific
Processing
Proteases",61,-1.959,-1.964,0.001795,8.103e-4,Both,FALSE,FALSE
GOBP|GOBP_MITOCHONDRIAL_ELECTRON_TRANSPORT_CYTOCHROME_C_TO_OXYGEN,GOBP,GOBP_MITOCHONDRIAL_ELECTRON_TRANSPORT_CYTOCHROME_C_TO_OXYGEN,"Mito. ETC
Cytochrome C To
Oxygen",17,1.977,1.945,0.004416,0.009413,Both,FALSE,FALSE
GOBP|GOBP_MITOCHONDRIAL_MEMBRANE_ORGANIZATION,GOBP,GOBP_MITOCHONDRIAL_MEMBRANE_ORGANIZATION,"Mito. Membrane
Org.",64,1.864,2.05,0.006374,3.758e-4,Both,FALSE,FALSE
GOBP|GOBP_MYOTUBE_CELL_DEVELOPMENT,GOBP,GOBP_MYOTUBE_CELL_DEVELOPMENT,"Myotube Cell
Development",19,-2.063,-1.85,0.00213,0.01744,Both,FALSE,FALSE
GOBP|GOBP_AMIDE_BIOSYNTHETIC_PROCESS,GOBP,GOBP_AMIDE_BIOSYNTHETIC_PROCESS,"Amide
Biosynthesis",59,2.172,1.737,2.005e-4,0.02554,Both,FALSE,TRUE
GOBP|GOBP_CALCIUM_ION_TRANSPORT,GOBP,GOBP_CALCIUM_ION_TRANSPORT,"Calcium Ion
Transport",99,-2.181,-1.725,1.329e-5,0.006631,Both,FALSE,TRUE
Reactome|REACTOME_CELL_CYCLE_CHECKPOINTS,Reactome,REACTOME_CELL_CYCLE_CHECKPOINTS,"Cell Cycle
Checkpoints",80,-2.098,-1.806,2e-4,0.002967,Both,FALSE,TRUE
GOBP|GOBP_PROTEIN_LOCALIZATION_TO_MITOCHONDRION,GOBP,GOBP_PROTEIN_LOCALIZATION_TO_MITOCHONDRION,"Protein
Localization To
Mito.",45,1.856,2.033,0.005992,0.001056,Both,FALSE,TRUE
Reactome|REACTOME_NON_INTEGRIN_MEMBRANE_ECM_INTERACTIONS,Reactome,REACTOME_NON_INTEGRIN_MEMBRANE_ECM_INTERACTIONS,"Non-Integrin
ECM",29,-1.798,-2.089,0.02318,8.98e-4,Both,FALSE,FALSE
Reactome|REACTOME_DEUBIQUITINATION,Reactome,REACTOME_DEUBIQUITINATION,Deubiquitination,83,-2.079,-1.795,1.771e-4,0.003318,Both,FALSE,TRUE
Reactome|REACTOME_CROSS_PRESENTATION_OF_SOLUBLE_EXOGENOUS_ANTIGENS_ENDOSOMES,Reactome,REACTOME_CROSS_PRESENTATION_OF_SOLUBLE_EXOGENOUS_ANTIGENS_ENDOSOMES,"Cross
Presentation
Of Soluble
Exogenous
Antigens
Endosomes",36,-1.871,-1.996,0.01459,0.002283,Both,FALSE,FALSE
Reactome|REACTOME_STRIATED_MUSCLE_CONTRACTION,Reactome,REACTOME_STRIATED_MUSCLE_CONTRACTION,"Striated Muscle
Contraction",30,-2.12,-1.742,6.708e-4,0.03946,Both,FALSE,FALSE
Reactome|REACTOME_INTRACELLULAR_SIGNALING_BY_SECOND_MESSENGERS,Reactome,REACTOME_INTRACELLULAR_SIGNALING_BY_SECOND_MESSENGERS,"Intracell.
Signaling
By Second
Messengers",82,-2.085,-1.772,2.005e-4,0.006625,Both,FALSE,TRUE
GOBP|GOBP_POSITIVE_REGULATION_OF_TUMOR_NECROSIS_FACTOR_SUPERFAMILY_CYTOKINE_PRODUCTION,GOBP,GOBP_POSITIVE_REGULATION_OF_TUMOR_NECROSIS_FACTOR_SUPERFAMILY_CYTOKINE_PRODUCTION,"Positive
Reg. Tumor
Necrosis Factor
Superfamily
Cytokine
Production",27,-2.049,-1.795,0.001791,0.03303,Both,FALSE,FALSE
GOBP|GOBP_ESTABLISHMENT_OF_PROTEIN_LOCALIZATION_TO_MITOCHONDRIAL_MEMBRANE,GOBP,GOBP_ESTABLISHMENT_OF_PROTEIN_LOCALIZATION_TO_MITOCHONDRIAL_MEMBRANE,"Establishment
Of Protein
Localization To
Mito. Membrane",23,1.794,2.043,0.01897,0.002643,Both,FALSE,FALSE
Reactome|REACTOME_PCP_CE_PATHWAY,Reactome,REACTOME_PCP_CE_PATHWAY,PCP/CE Pathway,42,-1.786,-2.049,0.02478,0.001133,Both,FALSE,FALSE
Reactome|REACTOME_HEDGEHOG_OFF_STATE,Reactome,REACTOME_HEDGEHOG_OFF_STATE,"Hedgehog Off
State",47,-1.848,-1.979,0.007491,0.001133,Both,FALSE,FALSE
GOBP|GOBP_T_CELL_DIFFERENTIATION_IN_THYMUS,GOBP,GOBP_T_CELL_DIFFERENTIATION_IN_THYMUS,"T Cell
Differentiation
In Thymus",23,-2.019,-1.803,0.003912,0.02673,Both,FALSE,FALSE
GOBP|GOBP_NEUROMUSCULAR_PROCESS,GOBP,GOBP_NEUROMUSCULAR_PROCESS,"Neuromuscular
Process",53,-2.133,-1.684,2e-4,0.04492,Both,FALSE,FALSE
GOBP|GOBP_REGULATION_OF_MONOATOMIC_ION_TRANSMEMBRANE_TRANSPORT,GOBP,GOBP_REGULATION_OF_MONOATOMIC_ION_TRANSMEMBRANE_TRANSPORT,"Reg.
Monoatomic Ion
Transmembrane
Transport",83,-2.096,-1.713,1.544e-4,0.009467,Both,FALSE,FALSE
Reactome|REACTOME_REGULATION_OF_HOMOTYPIC_CELL_CELL_ADHESION,Reactome,REACTOME_REGULATION_OF_HOMOTYPIC_CELL_CELL_ADHESION,"Reg. Homotypic
Cell Adhesion",69,-2.088,-1.718,2.005e-4,0.01089,Both,FALSE,FALSE
GOBP|GOBP_REGULATION_OF_STRIATED_MUSCLE_CONTRACTION,GOBP,GOBP_REGULATION_OF_STRIATED_MUSCLE_CONTRACTION,"Reg. Striated
Muscle
Contraction",41,-2.084,-1.717,0.001779,0.03188,Both,FALSE,FALSE
GOBP|GOBP_REGULATION_OF_CALCIUM_ION_TRANSMEMBRANE_TRANSPORT,GOBP,GOBP_REGULATION_OF_CALCIUM_ION_TRANSMEMBRANE_TRANSPORT,"Reg.
Calcium Ion
Transmembrane
Transport",52,-2.018,-1.771,0.001389,0.01779,Both,FALSE,FALSE
GOBP|GOBP_ACYL_COA_BIOSYNTHETIC_PROCESS,GOBP,GOBP_ACYL_COA_BIOSYNTHETIC_PROCESS,"Acyl Coa
Biosynthesis",36,2.041,1.747,0.001983,0.03392,Both,FALSE,FALSE
Reactome|REACTOME_PTEN_REGULATION,Reactome,REACTOME_PTEN_REGULATION,Pten Regulation,54,-1.996,-1.785,0.001615,0.01101,Both,FALSE,FALSE
GOBP|GOBP_STRIATED_MUSCLE_CONTRACTION,GOBP,GOBP_STRIATED_MUSCLE_CONTRACTION,"Striated Muscle
Contraction",125,-2.161,-1.612,6.597e-6,0.01952,Both,FALSE,FALSE
Reactome|REACTOME_REGULATION_OF_T_CELL_ACTIVATION_BY_CD28_FAMILY,Reactome,REACTOME_REGULATION_OF_T_CELL_ACTIVATION_BY_CD28_FAMILY,"Reg. T Cell
Activation By
CD28 Family",89,-2.114,-1.659,1.13e-4,0.01387,Both,FALSE,FALSE
Reactome|REACTOME_ADHERENS_JUNCTIONS_INTERACTIONS,Reactome,REACTOME_ADHERENS_JUNCTIONS_INTERACTIONS,"Adherens
Junctions
Interactions",71,-2.07,-1.7,2.988e-4,0.02005,Both,FALSE,FALSE
Reactome|REACTOME_REGULATION_OF_PTEN_STABILITY_AND_ACTIVITY,Reactome,REACTOME_REGULATION_OF_PTEN_STABILITY_AND_ACTIVITY,"Reg. Pten
Stability &
Activity",39,-1.875,-1.887,0.007699,0.005438,Both,FALSE,FALSE
GOBP|GOBP_PROTEIN_MODIFICATION_BY_SMALL_PROTEIN_REMOVAL,GOBP,GOBP_PROTEIN_MODIFICATION_BY_SMALL_PROTEIN_REMOVAL,"Protein Mod. By
Small Protein
Removal",41,-2.012,-1.731,0.003902,0.02788,Both,FALSE,TRUE
GOBP|GOBP_LEUKOCYTE_HOMEOSTASIS,GOBP,GOBP_LEUKOCYTE_HOMEOSTASIS,"Leukocyte
Homeostasis",29,-1.924,-1.818,0.008175,0.01925,Both,FALSE,FALSE
Reactome|REACTOME_REGULATION_OF_APOPTOSIS,Reactome,REACTOME_REGULATION_OF_APOPTOSIS,Reg. Apoptosis,36,-1.846,-1.892,0.01811,0.006672,Both,FALSE,FALSE
GOBP|GOBP_REGULATION_OF_CARDIAC_MUSCLE_CONTRACTION,GOBP,GOBP_REGULATION_OF_CARDIAC_MUSCLE_CONTRACTION,"Reg. Cardiac
Muscle
Contraction",30,-1.979,-1.758,0.003616,0.03392,Both,FALSE,FALSE
GOBP|GOBP_MUSCLE_CONTRACTION,GOBP,GOBP_MUSCLE_CONTRACTION,"Muscle
Contraction",184,-2.169,-1.563,8.245e-8,0.0143,Both,FALSE,TRUE
Reactome|REACTOME_CIRCADIAN_CLOCK,Reactome,REACTOME_CIRCADIAN_CLOCK,Circadian Clock,44,-1.979,-1.751,0.003346,0.02059,Both,FALSE,FALSE
GOBP|GOBP_REGULATION_OF_CALCIUM_ION_TRANSPORT,GOBP,GOBP_REGULATION_OF_CALCIUM_ION_TRANSPORT,"Reg. Calcium
Ion Transport",69,-2.108,-1.62,1.691e-4,0.02784,Both,FALSE,FALSE
Reactome|REACTOME_MATURATION_OF_TCA_ENZYMES_AND_REGULATION_OF_TCA_CYCLE,Reactome,REACTOME_MATURATION_OF_TCA_ENZYMES_AND_REGULATION_OF_TCA_CYCLE,"Maturation Of
TCA Enzymes &
Reg. TCA Cycle",16,1.906,1.819,0.01128,0.02617,Both,FALSE,FALSE
GOBP|GOBP_CALCIUM_MEDIATED_SIGNALING,GOBP,GOBP_CALCIUM_MEDIATED_SIGNALING,"Calcium
Mediated
Signaling",51,-2.034,-1.673,9.671e-4,0.04492,Both,FALSE,FALSE
GOBP|GOBP_ACTIN_NUCLEATION,GOBP,GOBP_ACTIN_NUCLEATION,"Actin
Nucleation",22,1.823,1.881,0.01716,0.01977,Both,FALSE,TRUE
Reactome|REACTOME_NUCLEOTIDE_EXCISION_REPAIR,Reactome,REACTOME_NUCLEOTIDE_EXCISION_REPAIR,"Nucleotide
Excision Repair",30,-1.701,-1.976,0.033890000000000003,0.003666,Both,FALSE,TRUE
GOBP|GOBP_MUSCLE_TISSUE_DEVELOPMENT,GOBP,GOBP_MUSCLE_TISSUE_DEVELOPMENT,"Muscle Tissue
Development",118,-2.191,-1.485,3.245e-6,0.04492,Both,FALSE,FALSE
GOBP|GOBP_REGULATION_OF_CELL_CYCLE_PHASE_TRANSITION,GOBP,GOBP_REGULATION_OF_CELL_CYCLE_PHASE_TRANSITION,"Reg. Cell
Cycle Phase
Transition",78,-2.079,-1.591,2.262e-4,0.04492,Both,FALSE,TRUE
GOBP|GOBP_MITOTIC_CELL_CYCLE_PHASE_TRANSITION,GOBP,GOBP_MITOTIC_CELL_CYCLE_PHASE_TRANSITION,"Mitotic Cell
Cycle Phase
Transition",89,-1.943,-1.72,0.001096,0.007057,Both,FALSE,TRUE
GOBP|GOBP_REGULATION_OF_MITOTIC_CELL_CYCLE_PHASE_TRANSITION,GOBP,GOBP_REGULATION_OF_MITOTIC_CELL_CYCLE_PHASE_TRANSITION,"Reg. Mitotic
Cell Cycle
Phase
Transition",62,-2.011,-1.643,4.856e-4,0.03751,Both,FALSE,FALSE
GOBP|GOBP_REGULATION_OF_TRANSMEMBRANE_TRANSPORTER_ACTIVITY,GOBP,GOBP_REGULATION_OF_TRANSMEMBRANE_TRANSPORTER_ACTIVITY,"Reg.
Transmembrane
Transporter
Activity",33,-1.702,-1.95,0.04652,0.003376,Both,FALSE,TRUE
Reactome|REACTOME_MITOCHONDRIAL_TRNA_AMINOACYLATION,Reactome,REACTOME_MITOCHONDRIAL_TRNA_AMINOACYLATION,"Mito. tRNA
Aminoacylation",15,1.823,1.821,0.01734,0.04321,Both,FALSE,FALSE
Reactome|REACTOME_SIGNALING_BY_HEDGEHOG,Reactome,REACTOME_SIGNALING_BY_HEDGEHOG,"Signaling By
Hedgehog",52,-1.787,-1.857,0.01592,0.008642,Both,FALSE,FALSE
GO_Slim|DNA_REPAIR,GO_Slim,DNA repair,DNA Repair,100,-1.99,-1.649,2.063e-4,0.01198,Both,FALSE,TRUE
GOBP|GOBP_CARDIAC_MUSCLE_CONTRACTION,GOBP,GOBP_CARDIAC_MUSCLE_CONTRACTION,"Cardiac Muscle
Contraction",59,-2.009,-1.628,0.001267,0.04783,Both,FALSE,FALSE
GOBP|GOBP_PROTEIN_K48_LINKED_UBIQUITINATION,GOBP,GOBP_PROTEIN_K48_LINKED_UBIQUITINATION,"Protein
K48 Linked
Ubiquitination",27,-1.791,-1.839,0.02343,0.02326,Both,FALSE,FALSE
GOBP|GOBP_ARP2_3_COMPLEX_MEDIATED_ACTIN_NUCLEATION,GOBP,GOBP_ARP2_3_COMPLEX_MEDIATED_ACTIN_NUCLEATION,"Arp2 3 Complex
Mediated Actin
Nucleation",16,1.754,1.848,0.03484,0.02213,Both,FALSE,FALSE
GOBP|GOBP_NEGATIVE_REGULATION_OF_LYMPHOCYTE_DIFFERENTIATION,GOBP,GOBP_NEGATIVE_REGULATION_OF_LYMPHOCYTE_DIFFERENTIATION,"Negative Reg.
Lymphocyte
Differentiation",20,-1.869,-1.72,0.01728,0.03669,Both,FALSE,FALSE
Reactome|REACTOME_DISORDERS_OF_TRANSMEMBRANE_TRANSPORTERS,Reactome,REACTOME_DISORDERS_OF_TRANSMEMBRANE_TRANSPORTERS,"Disorders Of
Transmembrane
Transporters",50,-1.766,-1.801,0.03017,0.01006,Both,FALSE,FALSE
GOBP|GOBP_FATTY_ACID_METABOLIC_PROCESS,GOBP,GOBP_FATTY_ACID_METABOLIC_PROCESS,FA Metabolism,137,2.038,1.526,2.282e-5,0.03285,Both,FALSE,TRUE
GOBP|GOBP_RESPONSE_TO_TYPE_I_INTERFERON,GOBP,GOBP_RESPONSE_TO_TYPE_I_INTERFERON,"Resp. to Type I
Interferon",44,-1.837,-1.721,0.01557,0.02421,Both,FALSE,FALSE
GOBP|GOBP_RIBOSE_PHOSPHATE_BIOSYNTHETIC_PROCESS,GOBP,GOBP_RIBOSE_PHOSPHATE_BIOSYNTHETIC_PROCESS,"Ribose
Phosphate
Biosynthesis",103,1.694,1.856,0.006347,6.332e-4,Both,FALSE,FALSE
GO_Slim|MUSCLE_SYSTEM_PROCESS,GO_Slim,muscle system process,"Muscle System
Process",218,-2.077,-1.46,1.917e-7,0.02325,Both,FALSE,FALSE
GOBP|GOBP_CALCIUM_ION_TRANSMEMBRANE_IMPORT_INTO_CYTOSOL,GOBP,GOBP_CALCIUM_ION_TRANSMEMBRANE_IMPORT_INTO_CYTOSOL,"Calcium Ion
Transmembrane
Import Into
Cytosol",51,-1.83,-1.695,0.009294,0.03952,Both,FALSE,FALSE
Reactome|REACTOME_CLASS_I_MHC_MEDIATED_ANTIGEN_PROCESSING_PRESENTATION,Reactome,REACTOME_CLASS_I_MHC_MEDIATED_ANTIGEN_PROCESSING_PRESENTATION,"Class I Mhc
Mediated
Antigen
Processing
Presentation",127,-1.629,-1.892,0.01083,2.621e-4,Both,FALSE,FALSE
GOBP|GOBP_MEIOTIC_CELL_CYCLE,GOBP,GOBP_MEIOTIC_CELL_CYCLE,"Meiotic Cell
Cycle",38,-1.798,-1.721,0.03236,0.03274,Both,FALSE,TRUE
GOBP|GOBP_HETEROCHROMATIN_ORGANIZATION,GOBP,GOBP_HETEROCHROMATIN_ORGANIZATION,"Heterochromatin
Org.",22,-1.797,-1.721,0.02984,0.04538,Both,FALSE,TRUE
GOBP|GOBP_REGULATION_OF_TRANSMEMBRANE_TRANSPORT,GOBP,GOBP_REGULATION_OF_TRANSMEMBRANE_TRANSPORT,"Reg.
Transmembrane
Transport",127,-1.959,-1.556,2.078e-4,0.02589,Both,FALSE,TRUE
Reactome|REACTOME_HIV_INFECTION,Reactome,REACTOME_HIV_INFECTION,Hiv Infection,92,-1.57,-1.936,0.03232,2.546e-4,Both,FALSE,FALSE
Reactome|REACTOME_MAPK1_MAPK3_SIGNALING,Reactome,REACTOME_MAPK1_MAPK3_SIGNALING,"MAPK1 MAPK3
Signaling",83,-1.922,-1.582,0.001029,0.04303,Both,FALSE,FALSE
Reactome|REACTOME_THE_ROLE_OF_GTSE1_IN_G2_M_PROGRESSION_AFTER_G2_CHECKPOINT,Reactome,REACTOME_THE_ROLE_OF_GTSE1_IN_G2_M_PROGRESSION_AFTER_G2_CHECKPOINT,"The Role Of
Gtse1 In G2
M Progression
After G2
Checkpoint",43,-1.698,-1.793,0.03484,0.009648,Both,FALSE,FALSE
GOBP|GOBP_CALCIUM_ION_HOMEOSTASIS,GOBP,GOBP_CALCIUM_ION_HOMEOSTASIS,"Calcium Ion
Homeostasis",79,-1.818,-1.642,0.0038,0.02859,Both,FALSE,FALSE
KEGG_Legacy|KEGG_PATHOGENIC_ESCHERICHIA_COLI_INFECTION,KEGG_Legacy,KEGG_PATHOGENIC_ESCHERICHIA_COLI_INFECTION,"Pathogenic
Escherichia
Coli Infection",28,1.72,1.732,0.03016,0.03669,Both,FALSE,FALSE
Reactome|REACTOME_TRANSCRIPTIONAL_REGULATION_BY_RUNX1,Reactome,REACTOME_TRANSCRIPTIONAL_REGULATION_BY_RUNX1,"Transcriptional
Regulation By
Runx1",46,-1.767,-1.682,0.01808,0.04441,Both,FALSE,FALSE
GOBP|GOBP_REGULATION_OF_PROTEIN_CATABOLIC_PROCESS,GOBP,GOBP_REGULATION_OF_PROTEIN_CATABOLIC_PROCESS,"Reg. Protein
Catabolism",145,-1.709,-1.739,0.001647,0.002078,Both,FALSE,FALSE
Reactome|REACTOME_CELL_JUNCTION_ORGANIZATION,Reactome,REACTOME_CELL_JUNCTION_ORGANIZATION,"Cell Junction
Org.",87,-1.878,-1.564,0.001096,0.04312,Both,FALSE,FALSE
GOBP|GOBP_ENDOPLASMIC_RETICULUM_ORGANIZATION,GOBP,GOBP_ENDOPLASMIC_RETICULUM_ORGANIZATION,"Endoplasmic
Reticulum Org.",56,-1.769,-1.67,0.01197,0.03392,Both,FALSE,TRUE
GOBP|GOBP_AUTOPHAGOSOME_MATURATION,GOBP,GOBP_AUTOPHAGOSOME_MATURATION,"Autophagosome
Maturation",24,-1.714,-1.706,0.04316,0.04363,Both,FALSE,TRUE
GOBP|GOBP_REGULATION_OF_PROTEOLYSIS,GOBP,GOBP_REGULATION_OF_PROTEOLYSIS,"Reg.
Proteolysis",141,-1.739,-1.679,0.001473,0.006261,Both,FALSE,FALSE
GOBP|GOBP_ORGANIC_ACID_TRANSPORT,GOBP,GOBP_ORGANIC_ACID_TRANSPORT,"Organic Acid
Transport",47,1.795,1.619,0.01672,0.04586,Both,FALSE,TRUE
GOBP|GOBP_NEGATIVE_REGULATION_OF_MONOATOMIC_ION_TRANSMEMBRANE_TRANSPORT,GOBP,GOBP_NEGATIVE_REGULATION_OF_MONOATOMIC_ION_TRANSMEMBRANE_TRANSPORT,"Negative Reg.
Monoatomic Ion
Transmembrane
Transport",24,-1.724,-1.684,0.04083,0.04734,Both,FALSE,FALSE
Reactome|REACTOME_TRANSCRIPTIONAL_REGULATION_BY_RUNX2,Reactome,REACTOME_TRANSCRIPTIONAL_REGULATION_BY_RUNX2,"Transcriptional
Regulation By
Runx2",48,-1.674,-1.728,0.04316,0.02449,Both,FALSE,FALSE
GOBP|GOBP_NUCLEOTIDE_BIOSYNTHETIC_PROCESS,GOBP,GOBP_NUCLEOTIDE_BIOSYNTHETIC_PROCESS,"Nucleotide
Biosynthesis",121,1.641,1.751,0.01184,0.003058,Both,FALSE,FALSE
GOBP|GOBP_REGULATION_OF_MICROTUBULE_POLYMERIZATION_OR_DEPOLYMERIZATION,GOBP,GOBP_REGULATION_OF_MICROTUBULE_POLYMERIZATION_OR_DEPOLYMERIZATION,"Reg. MT
Polymerization
Or
Depolymerization",29,-1.738,-1.651,0.0372,0.04783,Both,FALSE,TRUE
Reactome|REACTOME_SIGNALING_BY_WNT,Reactome,REACTOME_SIGNALING_BY_WNT,"Signaling By
WNT",83,-1.709,-1.643,0.01101,0.02213,Both,FALSE,FALSE
Reactome|REACTOME_MAPK_FAMILY_SIGNALING_CASCADES,Reactome,REACTOME_MAPK_FAMILY_SIGNALING_CASCADES,"MAPK Family
Signaling
Cascades",94,-1.81,-1.527,0.002136,0.04506,Both,FALSE,FALSE
Reactome|REACTOME_MITOCHONDRIAL_BIOGENESIS,Reactome,REACTOME_MITOCHONDRIAL_BIOGENESIS,"Mito.
Biogenesis",43,1.664,1.67,0.03085,0.04126,Both,FALSE,FALSE
KEGG_Legacy|KEGG_MAPK_SIGNALING_PATHWAY,KEGG_Legacy,KEGG_MAPK_SIGNALING_PATHWAY,MAPK Signaling,61,-1.717,-1.608,0.02143,0.04059,Both,FALSE,TRUE
Reactome|REACTOME_ORGANELLE_BIOGENESIS_AND_MAINTENANCE,Reactome,REACTOME_ORGANELLE_BIOGENESIS_AND_MAINTENANCE,"Organelle
Biogenesis &
Maintenance",81,1.627,1.676,0.02529,0.02267,Both,FALSE,FALSE
GOBP|GOBP_ESTABLISHMENT_OF_PROTEIN_LOCALIZATION_TO_MITOCHONDRION,GOBP,GOBP_ESTABLISHMENT_OF_PROTEIN_LOCALIZATION_TO_MITOCHONDRION,"Establishment
Of Protein
Localization To
Mito.",74,1.648,1.654,0.03291,0.02059,Both,FALSE,FALSE
Reactome|REACTOME_M_PHASE,Reactome,REACTOME_M_PHASE,M Phase,118,-1.81,-1.47,0.001462,0.04783,Both,FALSE,FALSE
GO_Slim|NUCLEOBASE_CONTAINING_SMALL_MOLECULE_METABOLIC_PROCESS,GO_Slim,nucleobase-containing small molecule metabolic process,"Nucleobase-Containing
Small Molecule
Metabolism",322,1.722,1.53,6.064e-5,0.006991,Both,FALSE,TRUE
GO_Slim|PROTEIN_CATABOLIC_PROCESS,GO_Slim,protein catabolic process,"Protein
Catabolism",312,-1.516,-1.631,0.003367,1.829e-4,Both,FALSE,FALSE
GOBP|GOBP_NEGATIVE_REGULATION_OF_CALCIUM_ION_TRANSPORT,GOBP,GOBP_NEGATIVE_REGULATION_OF_CALCIUM_ION_TRANSPORT,"Negative Reg.
Calcium Ion
Transport",17,-1.718,-1.969,0.06626,0.005252,HLRT_Post-Pre,FALSE,TRUE
GOBP|GOBP_T_HELPER_1_CELL_DIFFERENTIATION,GOBP,GOBP_T_HELPER_1_CELL_DIFFERENTIATION,"T Helper 1 Cell
Differentiation",16,-1.847,-1.752,0.05051,0.04176,HLRT_Post-Pre,FALSE,FALSE
GOBP|GOBP_NEGATIVE_REGULATION_OF_CALCIUM_ION_TRANSMEMBRANE_TRANSPORT,GOBP,GOBP_NEGATIVE_REGULATION_OF_CALCIUM_ION_TRANSMEMBRANE_TRANSPORT,"Negative Reg.
Calcium Ion
Transmembrane
Transport",15,-1.615,-1.973,0.1169,0.009648,HLRT_Post-Pre,FALSE,FALSE
Reactome|REACTOME_TRANSCRIPTION_COUPLED_NUCLEOTIDE_EXCISION_REPAIR_TC_NER,Reactome,REACTOME_TRANSCRIPTION_COUPLED_NUCLEOTIDE_EXCISION_REPAIR_TC_NER,"Transcription
Coupled
Nucleotide
Excision Repair
Tc Ner",22,-1.698,-1.839,0.05394,0.02219,HLRT_Post-Pre,FALSE,FALSE
Reactome|REACTOME_CHROMOSOME_MAINTENANCE,Reactome,REACTOME_CHROMOSOME_MAINTENANCE,"Chromosome
Maintenance",16,-1.752,-1.747,0.08587,0.04276,HLRT_Post-Pre,FALSE,FALSE
GOBP|GOBP_T_CELL_SELECTION,GOBP,GOBP_T_CELL_SELECTION,"T Cell
Selection",20,-1.735,-1.738,0.05342,0.03332,HLRT_Post-Pre,FALSE,FALSE
GOBP|GOBP_POSITIVE_REGULATION_OF_MUSCLE_CELL_DIFFERENTIATION,GOBP,GOBP_POSITIVE_REGULATION_OF_MUSCLE_CELL_DIFFERENTIATION,"Positive Reg.
Muscle Cell
Differentiation",18,-1.72,-1.736,0.05762,0.04798,HLRT_Post-Pre,FALSE,FALSE
GOBP|GOBP_POSITIVE_REGULATION_OF_NUCLEOCYTOPLASMIC_TRANSPORT,GOBP,GOBP_POSITIVE_REGULATION_OF_NUCLEOCYTOPLASMIC_TRANSPORT,"Positive Reg.
Nucleocytoplasmic
Transport",21,-1.644,-1.812,0.1184,0.02851,HLRT_Post-Pre,FALSE,FALSE
GOBP|GOBP_ACETYL_COA_METABOLIC_PROCESS,GOBP,GOBP_ACETYL_COA_METABOLIC_PROCESS,"Acetyl Coa
Metabolism",26,1.665,1.774,0.05877,0.04492,HLRT_Post-Pre,FALSE,FALSE
GOBP|GOBP_REGULATION_OF_PROTEIN_IMPORT_INTO_NUCLEUS,GOBP,GOBP_REGULATION_OF_PROTEIN_IMPORT_INTO_NUCLEUS,"Reg. Protein
Import Into
Nucleus",20,-1.563,-1.849,0.1364,0.01171,HLRT_Post-Pre,FALSE,TRUE
GOBP|GOBP_POSITIVE_REGULATION_OF_COLD_INDUCED_THERMOGENESIS,GOBP,GOBP_POSITIVE_REGULATION_OF_COLD_INDUCED_THERMOGENESIS,"Positive Reg.
Cold Induced
Thermogenesis",19,1.583,1.793,0.07868,0.03946,HLRT_Post-Pre,FALSE,TRUE
Reactome|REACTOME_EPH_EPHRIN_SIGNALING,Reactome,REACTOME_EPH_EPHRIN_SIGNALING,"Eph Ephrin
Signaling",34,1.614,1.75,0.06393,0.03937,HLRT_Post-Pre,FALSE,TRUE
Reactome|REACTOME_GLOBAL_GENOME_NUCLEOTIDE_EXCISION_REPAIR_GG_NER,Reactome,REACTOME_GLOBAL_GENOME_NUCLEOTIDE_EXCISION_REPAIR_GG_NER,"Global Genome
Nucleotide
Excision Repair
Gg Ner",25,-1.537,-1.812,0.1101,0.0198,HLRT_Post-Pre,FALSE,FALSE
GOBP|GOBP_ENDOSOME_TO_LYSOSOME_TRANSPORT,GOBP,GOBP_ENDOSOME_TO_LYSOSOME_TRANSPORT,"Endosome
To Lysosome
Transport",28,-1.619,-1.711,0.06666,0.04492,HLRT_Post-Pre,FALSE,FALSE
Reactome|REACTOME_CHROMATIN_ORGANIZATION,Reactome,REACTOME_CHROMATIN_ORGANIZATION,Chromatin Org.,17,-1.519,-1.801,0.1843,0.02859,HLRT_Post-Pre,FALSE,TRUE
Reactome|REACTOME_CYTOSOLIC_TRNA_AMINOACYLATION,Reactome,REACTOME_CYTOSOLIC_TRNA_AMINOACYLATION,"Cytosolic tRNA
Aminoacylation",23,1.44,1.872,0.2094,0.02099,HLRT_Post-Pre,FALSE,FALSE
Reactome|REACTOME_GLYCOGEN_METABOLISM,Reactome,REACTOME_GLYCOGEN_METABOLISM,"Glycogen
Metabolism",16,1.502,1.806,0.1843,0.0285,HLRT_Post-Pre,FALSE,TRUE
KEGG_Legacy|KEGG_UBIQUITIN_MEDIATED_PROTEOLYSIS,KEGG_Legacy,KEGG_UBIQUITIN_MEDIATED_PROTEOLYSIS,"Ubiquitin
Mediated
Proteolysis",41,-1.525,-1.777,0.1608,0.01792,HLRT_Post-Pre,FALSE,FALSE
Reactome|REACTOME_HOST_INTERACTIONS_OF_HIV_FACTORS,Reactome,REACTOME_HOST_INTERACTIONS_OF_HIV_FACTORS,"Host
Interactions Of
Hiv Factors",69,-1.369,-1.925,0.1875,6.869e-4,HLRT_Post-Pre,FALSE,FALSE
KEGG_Legacy|KEGG_GLYCEROPHOSPHOLIPID_METABOLISM,KEGG_Legacy,KEGG_GLYCEROPHOSPHOLIPID_METABOLISM,"Glycerophospholipid
Metabolism",16,-1.529,-1.755,0.2035,0.04126,HLRT_Post-Pre,FALSE,TRUE
Hallmark|HALLMARK_SPERMATOGENESIS,Hallmark,HALLMARK_SPERMATOGENESIS,Spermatogenesis,19,-1.482,-1.783,0.2025,0.02972,HLRT_Post-Pre,FALSE,TRUE
GOBP|GOBP_POSITIVE_REGULATION_OF_AUTOPHAGY,GOBP,GOBP_POSITIVE_REGULATION_OF_AUTOPHAGY,"Positive Reg.
Autophagy",54,-1.533,-1.725,0.1028,0.02344,HLRT_Post-Pre,FALSE,TRUE
GOBP|GOBP_PHOSPHOLIPID_METABOLIC_PROCESS,GOBP,GOBP_PHOSPHOLIPID_METABOLIC_PROCESS,"Phospholipid
Metabolism",78,-1.472,-1.777,0.09988,0.007743,HLRT_Post-Pre,FALSE,TRUE
GOBP|GOBP_VACUOLAR_TRANSPORT,GOBP,GOBP_VACUOLAR_TRANSPORT,"Vacuolar
Transport",59,-1.591,-1.638,0.05474,0.04492,HLRT_Post-Pre,FALSE,TRUE
KEGG_Legacy|KEGG_VEGF_SIGNALING_PATHWAY,KEGG_Legacy,KEGG_VEGF_SIGNALING_PATHWAY,Vegf Signaling,22,-1.506,-1.712,0.1875,0.04783,HLRT_Post-Pre,FALSE,TRUE
GOBP|GOBP_NUCLEOSIDE_TRIPHOSPHATE_METABOLIC_PROCESS,GOBP,GOBP_NUCLEOSIDE_TRIPHOSPHATE_METABOLIC_PROCESS,NTP Metabolism,156,1.415,1.798,0.06348,5.217e-4,HLRT_Post-Pre,FALSE,FALSE
GOBP|GOBP_ATP_METABOLIC_PROCESS,GOBP,GOBP_ATP_METABOLIC_PROCESS,ATP Metabolism,136,1.373,1.791,0.1028,9.521e-4,HLRT_Post-Pre,FALSE,FALSE
GOBP|GOBP_PHOSPHOLIPID_BIOSYNTHETIC_PROCESS,GOBP,GOBP_PHOSPHOLIPID_BIOSYNTHETIC_PROCESS,"Phospholipid
Biosynthesis",59,-1.423,-1.704,0.1562,0.02545,HLRT_Post-Pre,FALSE,FALSE
Hallmark|HALLMARK_APICAL_JUNCTION,Hallmark,HALLMARK_APICAL_JUNCTION,Apical Junction,54,1.247,1.837,0.3654,0.008798,HLRT_Post-Pre,FALSE,TRUE
GOBP|GOBP_ERAD_PATHWAY,GOBP,GOBP_ERAD_PATHWAY,Erad Pathway,39,-1.399,-1.636,0.1769,0.04798,HLRT_Post-Pre,FALSE,FALSE
Reactome|REACTOME_SIGNALING_BY_INTERLEUKINS,Reactome,REACTOME_SIGNALING_BY_INTERLEUKINS,"Signaling By
Interleukins",121,-1.4,-1.536,0.1087,0.03583,HLRT_Post-Pre,FALSE,FALSE
GOBP|GOBP_REGULATION_OF_CELL_MORPHOGENESIS,GOBP,GOBP_REGULATION_OF_CELL_MORPHOGENESIS,"Reg. Cell
Morphogenesis",48,-1.171,1.665,0.4341,0.04548,HLRT_Post-Pre,TRUE,FALSE
Reactome|REACTOME_CELLULAR_RESPONSE_TO_CHEMICAL_STRESS,Reactome,REACTOME_CELLULAR_RESPONSE_TO_CHEMICAL_STRESS,"Cellular Resp.
to Chemical
Stress",107,-1.273,-1.493,0.1843,0.04623,HLRT_Post-Pre,FALSE,FALSE
GOBP|GOBP_REGULATION_OF_LAMELLIPODIUM_ORGANIZATION,GOBP,GOBP_REGULATION_OF_LAMELLIPODIUM_ORGANIZATION,"Reg.
Lamellipodium
Org.",16,0.952,1.75,0.743,0.04546,HLRT_Post-Pre,FALSE,TRUE
GOBP|GOBP_REGULATION_OF_CELL_SHAPE,GOBP,GOBP_REGULATION_OF_CELL_SHAPE,Reg. Cell Shape,30,-0.954,1.741,0.753,0.04778,HLRT_Post-Pre,TRUE,TRUE
GOBP|GOBP_ALCOHOL_BIOSYNTHETIC_PROCESS,GOBP,GOBP_ALCOHOL_BIOSYNTHETIC_PROCESS,"Alcohol
Biosynthesis",39,-0.969,-1.659,0.7327,0.04234,HLRT_Post-Pre,FALSE,TRUE
GOBP|GOBP_RIBOSE_PHOSPHATE_METABOLIC_PROCESS,GOBP,GOBP_RIBOSE_PHOSPHATE_METABOLIC_PROCESS,"Ribose
Phosphate
Metabolism",183,1.166,1.447,0.3491,0.04783,HLRT_Post-Pre,FALSE,FALSE
GOBP|GOBP_RESPONSE_TO_OXIDATIVE_STRESS,GOBP,GOBP_RESPONSE_TO_OXIDATIVE_STRESS,"Resp. to
Oxidative
Stress",161,-1.078,-1.473,0.5083,0.03467,HLRT_Post-Pre,FALSE,FALSE
GO_Slim|TRANSMEMBRANE_TRANSPORT,GO_Slim,transmembrane transport,"Transmembrane
Transport",328,1.065,1.461,0.5108,0.008698,HLRT_Post-Pre,FALSE,FALSE
Reactome|REACTOME_GOLGI_ASSOCIATED_VESICLE_BIOGENESIS,Reactome,REACTOME_GOLGI_ASSOCIATED_VESICLE_BIOGENESIS,"Golgi
Associated
Vesicle
Biogenesis",27,0.714,1.803,0.9718,0.02972,HLRT_Post-Pre,FALSE,TRUE
Reactome|REACTOME_TRANSLATION,Reactome,REACTOME_TRANSLATION,Translation,292,0.973,1.448,0.7533,0.009661,HLRT_Post-Pre,FALSE,FALSE
GOBP|GOBP_POLYOL_METABOLIC_PROCESS,GOBP,GOBP_POLYOL_METABOLIC_PROCESS,"Polyol
Metabolism",24,0.651,-1.748,0.98740000000000006,0.03191,HLRT_Post-Pre,TRUE,TRUE
GOBP|GOBP_POSITIVE_REGULATION_OF_TYPE_II_INTERFERON_PRODUCTION,GOBP,GOBP_POSITIVE_REGULATION_OF_TYPE_II_INTERFERON_PRODUCTION,"Positive
Reg. Type Ii
Interferon
Production",17,-1.742,-1.679,0.05342,0.06864,NS,FALSE,FALSE
GOBP|GOBP_T_HELPER_17_TYPE_IMMUNE_RESPONSE,GOBP,GOBP_T_HELPER_17_TYPE_IMMUNE_RESPONSE,"T Helper 17
Type Immune
Response",16,-1.773,-1.648,0.07491,0.09028,NS,FALSE,FALSE
GOBP|GOBP_T_HELPER_17_CELL_DIFFERENTIATION,GOBP,GOBP_T_HELPER_17_CELL_DIFFERENTIATION,"T Helper
17 Cell
Differentiation",15,-1.732,-1.686,0.05774,0.09373,NS,FALSE,FALSE
GOBP|GOBP_PROTEIN_K63_LINKED_UBIQUITINATION,GOBP,GOBP_PROTEIN_K63_LINKED_UBIQUITINATION,"Protein
K63 Linked
Ubiquitination",15,-1.726,-1.679,0.06146,0.09636,NS,FALSE,FALSE
Reactome|REACTOME_EPHB_MEDIATED_FORWARD_SIGNALING,Reactome,REACTOME_EPHB_MEDIATED_FORWARD_SIGNALING,"Ephb Mediated
Forward
Signaling",18,1.684,1.667,0.06999,0.1289,NS,FALSE,FALSE
Reactome|REACTOME_FORMATION_OF_TC_NER_PRE_INCISION_COMPLEX,Reactome,REACTOME_FORMATION_OF_TC_NER_PRE_INCISION_COMPLEX,"Formation
Of Tc Ner
Pre Incision
Complex",18,-1.585,-1.727,0.1141,0.05189,NS,FALSE,FALSE
GOBP|GOBP_INSULIN_SECRETION_INVOLVED_IN_CELLULAR_RESPONSE_TO_GLUCOSE_STIMULUS,GOBP,GOBP_INSULIN_SECRETION_INVOLVED_IN_CELLULAR_RESPONSE_TO_GLUCOSE_STIMULUS,"Insulin
Secretion
Involved In
Cellular Resp.
to Glucose
Stimulus",15,-1.696,-1.586,0.07376,0.1684,NS,FALSE,FALSE
GOBP|GOBP_TYPE_II_INTERFERON_PRODUCTION,GOBP,GOBP_TYPE_II_INTERFERON_PRODUCTION,"Type Ii
Interferon
Production",24,-1.612,-1.646,0.08269,0.05702,NS,FALSE,FALSE
GOBP|GOBP_ANATOMICAL_STRUCTURE_MATURATION,GOBP,GOBP_ANATOMICAL_STRUCTURE_MATURATION,"Anatomical
Structure
Maturation",23,-1.642,-1.614,0.089,0.09364,NS,FALSE,FALSE
Reactome|REACTOME_DARPP_32_EVENTS,Reactome,REACTOME_DARPP_32_EVENTS,Darpp 32 Events,16,-1.828,-1.416,0.05877,0.2838,NS,FALSE,FALSE
GOBP|GOBP_ENDOSOME_ORGANIZATION,GOBP,GOBP_ENDOSOME_ORGANIZATION,Endosome Org.,50,-1.628,-1.61,0.07778,0.05521,NS,FALSE,FALSE
Reactome|REACTOME_RHO_GTPASES_ACTIVATE_WASPS_AND_WAVES,Reactome,REACTOME_RHO_GTPASES_ACTIVATE_WASPS_AND_WAVES,"Rho Gtpases
Activate Wasps
& Waves",19,1.611,1.616,0.06775,0.1373,NS,FALSE,FALSE
GOBP|GOBP_REGULATION_OF_MICROTUBULE_POLYMERIZATION,GOBP,GOBP_REGULATION_OF_MICROTUBULE_POLYMERIZATION,"Reg. MT
Polymerization",26,-1.617,-1.609,0.09215,0.1066,NS,FALSE,FALSE
GOBP|GOBP_TETRAPYRROLE_METABOLIC_PROCESS,GOBP,GOBP_TETRAPYRROLE_METABOLIC_PROCESS,"Tetrapyrrole
Metabolism",21,1.744,1.482,0.05877,0.2168,NS,FALSE,FALSE
GOBP|GOBP_ACETYL_COA_BIOSYNTHETIC_PROCESS,GOBP,GOBP_ACETYL_COA_BIOSYNTHETIC_PROCESS,"Acetyl Coa
Biosynthesis",18,1.62,1.587,0.09664,0.1863,NS,FALSE,FALSE
GOBP|GOBP_PHENOL_CONTAINING_COMPOUND_METABOLIC_PROCESS,GOBP,GOBP_PHENOL_CONTAINING_COMPOUND_METABOLIC_PROCESS,"Phenol
Containing
Compound
Metabolism",18,-1.597,-1.605,0.1088,0.1112,NS,FALSE,FALSE
Reactome|REACTOME_GLYCEROPHOSPHOLIPID_BIOSYNTHESIS,Reactome,REACTOME_GLYCEROPHOSPHOLIPID_BIOSYNTHESIS,"Glycerophospholipid
Biosynthesis",31,-1.542,-1.651,0.1432,0.06085,NS,FALSE,FALSE
GOBP|GOBP_REGULATION_OF_CARDIAC_MUSCLE_CONTRACTION_BY_REGULATION_OF_THE_RELEASE_OF_SEQUESTERED_CALCIUM_ION,GOBP,GOBP_REGULATION_OF_CARDIAC_MUSCLE_CONTRACTION_BY_REGULATION_OF_THE_RELEASE_OF_SEQUESTERED_CALCIUM_ION,"Reg. Cardiac
Muscle
Contraction
By Reg. The
Release Of
Sequestered
Calcium Ion",17,-1.527,-1.658,0.1828,0.0803,NS,FALSE,FALSE
GOBP|GOBP_GRANULOCYTE_MIGRATION,GOBP,GOBP_GRANULOCYTE_MIGRATION,"Granulocyte
Migration",24,1.62,1.559,0.08481,0.1589,NS,FALSE,FALSE
GOBP|GOBP_T_CELL_DIFFERENTIATION,GOBP,GOBP_T_CELL_DIFFERENTIATION,"T Cell
Differentiation",40,-1.607,-1.559,0.092,0.09636,NS,FALSE,FALSE
GOBP|GOBP_T_CELL_DIFFERENTIATION_INVOLVED_IN_IMMUNE_RESPONSE,GOBP,GOBP_T_CELL_DIFFERENTIATION_INVOLVED_IN_IMMUNE_RESPONSE,"T Cell
Differentiation
Involved In
Immune Response",22,-1.657,-1.495,0.07622,0.1754,NS,FALSE,FALSE
GOBP|GOBP_BASEMENT_MEMBRANE_ORGANIZATION,GOBP,GOBP_BASEMENT_MEMBRANE_ORGANIZATION,"Basement
Membrane Org.",18,-1.662,-1.487,0.08136,0.1979,NS,FALSE,FALSE
Reactome|REACTOME_DNA_REPAIR,Reactome,REACTOME_DNA_REPAIR,DNA Repair,50,-1.576,-1.573,0.1028,0.07524,NS,FALSE,FALSE
Reactome|REACTOME_TOLL_LIKE_RECEPTOR_9_TLR9_CASCADE,Reactome,REACTOME_TOLL_LIKE_RECEPTOR_9_TLR9_CASCADE,"Toll Like
Receptor 9 Tlr9
Cascade",27,-1.497,-1.651,0.1843,0.07422,NS,FALSE,FALSE
GOBP|GOBP_LYSOSOMAL_TRANSPORT,GOBP,GOBP_LYSOSOMAL_TRANSPORT,"Lysosomal
Transport",44,-1.602,-1.545,0.06956,0.0836,NS,FALSE,FALSE
KEGG_Legacy|KEGG_ARGININE_AND_PROLINE_METABOLISM,KEGG_Legacy,KEGG_ARGININE_AND_PROLINE_METABOLISM,"Arginine
& Proline
Metabolism",29,1.637,1.51,0.06005,0.121,NS,FALSE,FALSE
GOBP|GOBP_PROTEIN_TRANSMEMBRANE_TRANSPORT,GOBP,GOBP_PROTEIN_TRANSMEMBRANE_TRANSPORT,"Protein
Transmembrane
Transport",32,1.673,1.466,0.07576,0.2267,NS,FALSE,FALSE
GOBP|GOBP_PORPHYRIN_CONTAINING_COMPOUND_METABOLIC_PROCESS,GOBP,GOBP_PORPHYRIN_CONTAINING_COMPOUND_METABOLIC_PROCESS,"Porphyrin
Containing
Compound
Metabolism",19,1.625,1.507,0.0618,0.2287,NS,FALSE,FALSE
GOBP|GOBP_NEGATIVE_REGULATION_OF_GENE_EXPRESSION_EPIGENETIC,GOBP,GOBP_NEGATIVE_REGULATION_OF_GENE_EXPRESSION_EPIGENETIC,"Negative Reg.
Gene Expression
Epigenetic",24,-1.615,-1.513,0.08269,0.1359,NS,FALSE,FALSE
GOBP|GOBP_EPIGENETIC_REGULATION_OF_GENE_EXPRESSION,GOBP,GOBP_EPIGENETIC_REGULATION_OF_GENE_EXPRESSION,"Epigenetic Reg.
Gene Expression",36,-1.602,-1.525,0.08377,0.106,NS,FALSE,FALSE
Reactome|REACTOME_FCGAMMA_RECEPTOR_FCGR_DEPENDENT_PHAGOCYTOSIS,Reactome,REACTOME_FCGAMMA_RECEPTOR_FCGR_DEPENDENT_PHAGOCYTOSIS,"Fcgamma
Receptor Fcgr
Dependent
Phagocytosis",29,1.488,1.639,0.1828,0.05578,NS,FALSE,FALSE
KEGG_Legacy|KEGG_GNRH_SIGNALING_PATHWAY,KEGG_Legacy,KEGG_GNRH_SIGNALING_PATHWAY,Gnrh Signaling,25,-1.498,-1.626,0.1875,0.06667,NS,FALSE,FALSE
GOBP|GOBP_POSITIVE_REGULATION_OF_POST_TRANSLATIONAL_PROTEIN_MODIFICATION,GOBP,GOBP_POSITIVE_REGULATION_OF_POST_TRANSLATIONAL_PROTEIN_MODIFICATION,"Positive
Reg. Post
Translational
Protein Mod.",36,-1.625,-1.494,0.07486,0.1274,NS,FALSE,FALSE
GOBP|GOBP_NUCLEOSIDE_MONOPHOSPHATE_BIOSYNTHETIC_PROCESS,GOBP,GOBP_NUCLEOSIDE_MONOPHOSPHATE_BIOSYNTHETIC_PROCESS,"Nucleoside
Monophosphate
Biosynthesis",21,-1.585,-1.533,0.1732,0.148,NS,FALSE,FALSE
GOBP|GOBP_POSITIVE_REGULATION_OF_PROTEOLYSIS_INVOLVED_IN_PROTEIN_CATABOLIC_PROCESS,GOBP,GOBP_POSITIVE_REGULATION_OF_PROTEOLYSIS_INVOLVED_IN_PROTEIN_CATABOLIC_PROCESS,"Positive Reg.
Proteolysis
Involved
In Protein
Catabolism",45,-1.621,-1.494,0.05762,0.106,NS,FALSE,FALSE
Reactome|REACTOME_PLATELET_HOMEOSTASIS,Reactome,REACTOME_PLATELET_HOMEOSTASIS,"Platelet
Homeostasis",23,-1.646,-1.466,0.08567,0.2127,NS,FALSE,FALSE
GOBP|GOBP_MICROTUBULE_POLYMERIZATION,GOBP,GOBP_MICROTUBULE_POLYMERIZATION,"MT
Polymerization",31,-1.479,-1.627,0.1828,0.06627,NS,FALSE,FALSE
GOBP|GOBP_POSITIVE_REGULATION_OF_ERK1_AND_ERK2_CASCADE,GOBP,GOBP_POSITIVE_REGULATION_OF_ERK1_AND_ERK2_CASCADE,"Positive Reg.
Erk1 & Erk2
Cascade",23,1.43,1.646,0.2197,0.0938,NS,FALSE,FALSE
GOBP|GOBP_IMPORT_INTO_NUCLEUS,GOBP,GOBP_IMPORT_INTO_NUCLEUS,"Import Into
Nucleus",54,-1.525,-1.548,0.1043,0.08843,NS,FALSE,FALSE
Reactome|REACTOME_DNA_DAMAGE_RECOGNITION_IN_GG_NER,Reactome,REACTOME_DNA_DAMAGE_RECOGNITION_IN_GG_NER,"DNA Damage
Recognition In
Gg Ner",17,-1.454,-1.616,0.2193,0.1024,NS,FALSE,FALSE
GOBP|GOBP_CELL_MATURATION,GOBP,GOBP_CELL_MATURATION,Cell Maturation,16,-1.507,-1.562,0.2065,0.148,NS,FALSE,FALSE
GOBP|GOBP_EXECUTION_PHASE_OF_APOPTOSIS,GOBP,GOBP_EXECUTION_PHASE_OF_APOPTOSIS,"Execution Phase
Of Apoptosis",16,1.573,1.494,0.09342,0.2334,NS,FALSE,FALSE
GOBP|GOBP_NEGATIVE_REGULATION_OF_CELL_ADHESION,GOBP,GOBP_NEGATIVE_REGULATION_OF_CELL_ADHESION,"Negative Reg.
Cell Adhesion",55,-1.638,-1.427,0.06888,0.1827,NS,FALSE,FALSE
GO_Slim|REGULATORY_NCRNA_MEDIATED_GENE_SILENCING,GO_Slim,regulatory ncRNA-mediated gene silencing,"Regulatory
Ncrna-Mediated
Gene Silencing",33,-1.491,-1.571,0.1394,0.08497,NS,FALSE,FALSE
Reactome|REACTOME_SEMAPHORIN_INTERACTIONS,Reactome,REACTOME_SEMAPHORIN_INTERACTIONS,"Semaphorin
Interactions",24,1.351,1.708,0.303,0.07109,NS,FALSE,FALSE
GOBP|GOBP_LYMPHOCYTE_DIFFERENTIATION,GOBP,GOBP_LYMPHOCYTE_DIFFERENTIATION,"Lymphocyte
Differentiation",50,-1.595,-1.462,0.09449,0.1511,NS,FALSE,FALSE
GOBP|GOBP_REGULATION_OF_PROTEIN_SERINE_THREONINE_KINASE_ACTIVITY,GOBP,GOBP_REGULATION_OF_PROTEIN_SERINE_THREONINE_KINASE_ACTIVITY,"Reg. Protein
Serine
Threonine
Kinase Activity",19,-1.585,-1.471,0.1087,0.2216,NS,FALSE,FALSE
GOBP|GOBP_VIRAL_BUDDING,GOBP,GOBP_VIRAL_BUDDING,Viral Budding,15,-1.565,-1.491,0.1828,0.2453,NS,FALSE,FALSE
GOBP|GOBP_NEGATIVE_REGULATION_OF_CELL_CELL_ADHESION,GOBP,GOBP_NEGATIVE_REGULATION_OF_CELL_CELL_ADHESION,"Negative Reg.
Cell Adhesion",37,-1.673,-1.382,0.06626,0.2287,NS,FALSE,FALSE
GOBP|GOBP_TRANSCRIPTION_ELONGATION_BY_RNA_POLYMERASE_II,GOBP,GOBP_TRANSCRIPTION_ELONGATION_BY_RNA_POLYMERASE_II,"Transcription
Elongation By
RNA Polymerase
Ii",17,-1.583,-1.472,0.1268,0.218,NS,FALSE,FALSE
KEGG_Legacy|KEGG_VIRAL_MYOCARDITIS,KEGG_Legacy,KEGG_VIRAL_MYOCARDITIS,"Viral
Myocarditis",32,-1.675,-1.376,0.06652,0.3096,NS,FALSE,FALSE
GOBP|GOBP_NEURON_PROJECTION_EXTENSION,GOBP,GOBP_NEURON_PROJECTION_EXTENSION,"Neuron
Projection
Extension",27,-1.613,-1.436,0.07486,0.2127,NS,FALSE,FALSE
Hallmark|HALLMARK_COAGULATION,Hallmark,HALLMARK_COAGULATION,Coagulation,33,1.399,1.639,0.2309,0.06321,NS,FALSE,FALSE
Reactome|REACTOME_CARGO_TRAFFICKING_TO_THE_PERICILIARY_MEMBRANE,Reactome,REACTOME_CARGO_TRAFFICKING_TO_THE_PERICILIARY_MEMBRANE,"Cargo
Trafficking To
The Periciliary
Membrane",18,1.689,1.34,0.06763,0.3646,NS,FALSE,FALSE
GOBP|GOBP_SKELETAL_MUSCLE_CELL_DIFFERENTIATION,GOBP,GOBP_SKELETAL_MUSCLE_CELL_DIFFERENTIATION,"Skeletal
Muscle Cell
Differentiation",15,-1.569,-1.455,0.1816,0.2287,NS,FALSE,FALSE
GOBP|GOBP_PROTEIN_MONOUBIQUITINATION,GOBP,GOBP_PROTEIN_MONOUBIQUITINATION,"Protein
Monoubiquitination",15,-1.368,-1.648,0.3094,0.1276,NS,FALSE,FALSE
GOBP|GOBP_ALPHA_BETA_T_CELL_DIFFERENTIATION,GOBP,GOBP_ALPHA_BETA_T_CELL_DIFFERENTIATION,"Alpha Beta
T Cell
Differentiation",29,-1.508,-1.497,0.1769,0.1354,NS,FALSE,FALSE
GOBP|GOBP_REGULATION_OF_NUCLEOCYTOPLASMIC_TRANSPORT,GOBP,GOBP_REGULATION_OF_NUCLEOCYTOPLASMIC_TRANSPORT,"Reg.
Nucleocytoplasmic
Transport",36,-1.383,-1.621,0.2017,0.06085,NS,FALSE,FALSE
GOBP|GOBP_DEVELOPMENTAL_GROWTH_INVOLVED_IN_MORPHOGENESIS,GOBP,GOBP_DEVELOPMENTAL_GROWTH_INVOLVED_IN_MORPHOGENESIS,"Developmental
Growth
Involved In
Morphogenesis",36,-1.54,-1.46,0.1036,0.155,NS,FALSE,FALSE
GOBP|GOBP_CALCINEURIN_MEDIATED_SIGNALING,GOBP,GOBP_CALCINEURIN_MEDIATED_SIGNALING,"Calcineurin
Mediated
Signaling",15,-1.632,-1.366,0.1087,0.3124,NS,FALSE,FALSE
GOBP|GOBP_REGULATION_OF_CALCINEURIN_MEDIATED_SIGNALING,GOBP,GOBP_REGULATION_OF_CALCINEURIN_MEDIATED_SIGNALING,"Reg.
Calcineurin
Mediated
Signaling",15,-1.632,-1.366,0.1087,0.3124,NS,FALSE,FALSE
GOBP|GOBP_REGULATION_OF_PROTEIN_LOCALIZATION_TO_NUCLEUS,GOBP,GOBP_REGULATION_OF_PROTEIN_LOCALIZATION_TO_NUCLEUS,"Reg. Protein
Localization To
Nucleus",49,-1.587,-1.411,0.07876,0.1812,NS,FALSE,FALSE
Reactome|REACTOME_SYNTHESIS_OF_ACTIVE_UBIQUITIN_ROLES_OF_E1_AND_E2_ENZYMES,Reactome,REACTOME_SYNTHESIS_OF_ACTIVE_UBIQUITIN_ROLES_OF_E1_AND_E2_ENZYMES,"Synthesis
Of Active
Ubiquitin Roles
Of E1 & E2
Enzymes",17,-1.423,-1.57,0.23,0.1275,NS,FALSE,FALSE
GOBP|GOBP_EXTRACELLULAR_VESICLE_BIOGENESIS,GOBP,GOBP_EXTRACELLULAR_VESICLE_BIOGENESIS,"Extracellular
Vesicle
Biogenesis",15,-1.431,-1.559,0.2406,0.1997,NS,FALSE,FALSE
GOBP|GOBP_POSITIVE_REGULATION_OF_PROTEIN_UBIQUITINATION,GOBP,GOBP_POSITIVE_REGULATION_OF_PROTEIN_UBIQUITINATION,"Positive
Reg. Protein
Ubiquitination",30,-1.481,-1.508,0.1709,0.157,NS,FALSE,FALSE
KEGG_Legacy|KEGG_T_CELL_RECEPTOR_SIGNALING_PATHWAY,KEGG_Legacy,KEGG_T_CELL_RECEPTOR_SIGNALING_PATHWAY,"T Cell Receptor
Signaling",29,-1.477,-1.512,0.1843,0.1314,NS,FALSE,FALSE
Reactome|REACTOME_PROTEIN_UBIQUITINATION,Reactome,REACTOME_PROTEIN_UBIQUITINATION,"Protein
Ubiquitination",27,-1.387,-1.601,0.2345,0.09917,NS,FALSE,FALSE
Reactome|REACTOME_PROGRAMMED_CELL_DEATH,Reactome,REACTOME_PROGRAMMED_CELL_DEATH,"Programmed Cell
Death",101,-1.511,-1.476,0.0508,0.05875,NS,FALSE,FALSE
GOBP|GOBP_RESPONSE_TO_ACTIVITY,GOBP,GOBP_RESPONSE_TO_ACTIVITY,"Resp. to
Activity",32,-1.576,-1.41,0.1343,0.2484,NS,FALSE,FALSE
Reactome|REACTOME_COLLAGEN_BIOSYNTHESIS_AND_MODIFYING_ENZYMES,Reactome,REACTOME_COLLAGEN_BIOSYNTHESIS_AND_MODIFYING_ENZYMES,"Collagen
Biosynthesis
& Modifying
Enzymes",16,1.477,1.507,0.1938,0.2263,NS,FALSE,FALSE
GOBP|GOBP_REGULATION_OF_RELEASE_OF_SEQUESTERED_CALCIUM_ION_INTO_CYTOSOL,GOBP,GOBP_REGULATION_OF_RELEASE_OF_SEQUESTERED_CALCIUM_ION_INTO_CYTOSOL,"Reg. Release
Of Sequestered
Calcium Ion
Into Cytosol",30,-1.528,-1.455,0.09604,0.2263,NS,FALSE,FALSE
GOBP|GOBP_COLLAGEN_METABOLIC_PROCESS,GOBP,GOBP_COLLAGEN_METABOLIC_PROCESS,"Collagen
Metabolism",18,1.699,1.28,0.06413,0.427,NS,FALSE,FALSE
GOBP|GOBP_AXON_EXTENSION,GOBP,GOBP_AXON_EXTENSION,Axon Extension,21,-1.487,-1.491,0.1987,0.1863,NS,FALSE,FALSE
GOBP|GOBP_NEGATIVE_REGULATION_OF_CANONICAL_WNT_SIGNALING_PATHWAY,GOBP,GOBP_NEGATIVE_REGULATION_OF_CANONICAL_WNT_SIGNALING_PATHWAY,"Negative Reg.
Canonical WNT
Signaling",17,-1.573,-1.403,0.1299,0.2595,NS,FALSE,FALSE
GOBP|GOBP_NEGATIVE_REGULATION_OF_MONOATOMIC_ION_TRANSPORT,GOBP,GOBP_NEGATIVE_REGULATION_OF_MONOATOMIC_ION_TRANSPORT,"Negative Reg.
Monoatomic Ion
Transport",29,-1.459,-1.513,0.1875,0.1314,NS,FALSE,FALSE
GOBP|GOBP_CARDIAC_MUSCLE_CELL_CONTRACTION,GOBP,GOBP_CARDIAC_MUSCLE_CELL_CONTRACTION,"Cardiac
Muscle Cell
Contraction",27,-1.675,-1.295,0.05319,0.3716,NS,FALSE,FALSE
Reactome|REACTOME_RHOF_GTPASE_CYCLE,Reactome,REACTOME_RHOF_GTPASE_CYCLE,"Rhof GTPase
Cycle",15,1.409,1.561,0.2557,0.2267,NS,FALSE,FALSE
GOBP|GOBP_REGULATION_OF_CANONICAL_WNT_SIGNALING_PATHWAY,GOBP,GOBP_REGULATION_OF_CANONICAL_WNT_SIGNALING_PATHWAY,"Reg. Canonical
WNT Signaling",41,-1.539,-1.43,0.1439,0.1589,NS,FALSE,FALSE
GOBP|GOBP_POSITIVE_REGULATION_OF_PROTEASOMAL_PROTEIN_CATABOLIC_PROCESS,GOBP,GOBP_POSITIVE_REGULATION_OF_PROTEASOMAL_PROTEIN_CATABOLIC_PROCESS,"Positive
Reg. Proteas.
Protein
Catabolism",38,-1.422,-1.545,0.1828,0.1057,NS,FALSE,FALSE
GOBP|GOBP_DEVELOPMENTAL_CELL_GROWTH,GOBP,GOBP_DEVELOPMENTAL_CELL_GROWTH,"Developmental
Cell Growth",38,-1.688,-1.276,0.0618,0.3907,NS,FALSE,FALSE
GOBP|GOBP_POSITIVE_REGULATION_OF_PROTEASOMAL_UBIQUITIN_DEPENDENT_PROTEIN_CATABOLIC_PROCESS,GOBP,GOBP_POSITIVE_REGULATION_OF_PROTEASOMAL_UBIQUITIN_DEPENDENT_PROTEIN_CATABOLIC_PROCESS,"Positive
Reg. Proteas.
Ub-Dep. Protein
Catabolism",26,-1.502,-1.46,0.1861,0.2118,NS,FALSE,FALSE
GOBP|GOBP_NEGATIVE_REGULATION_OF_GROWTH,GOBP,GOBP_NEGATIVE_REGULATION_OF_GROWTH,"Negative Reg.
Growth",28,-1.665,-1.296,0.05091,0.3672,NS,FALSE,FALSE
GOBP|GOBP_REGULATION_OF_SYNAPTIC_PLASTICITY,GOBP,GOBP_REGULATION_OF_SYNAPTIC_PLASTICITY,"Reg. Synaptic
Plasticity",38,-1.598,-1.363,0.09469,0.2521,NS,FALSE,FALSE
GOBP|GOBP_CORTICAL_CYTOSKELETON_ORGANIZATION,GOBP,GOBP_CORTICAL_CYTOSKELETON_ORGANIZATION,"Cortical
Cytoskel. Org.",18,1.289,1.671,0.3768,0.1246,NS,FALSE,FALSE
GOBP|GOBP_CARDIAC_VENTRICLE_MORPHOGENESIS,GOBP,GOBP_CARDIAC_VENTRICLE_MORPHOGENESIS,"Cardiac
Ventricle
Morphogenesis",15,-1.493,-1.462,0.2242,0.2263,NS,FALSE,FALSE
GOBP|GOBP_REGULATION_OF_POSTSYNAPTIC_MEMBRANE_NEUROTRANSMITTER_RECEPTOR_LEVELS,GOBP,GOBP_REGULATION_OF_POSTSYNAPTIC_MEMBRANE_NEUROTRANSMITTER_RECEPTOR_LEVELS,"Reg.
Postsynaptic
Membrane
Neurotransmitter
Receptor Levels",27,-1.644,-1.307,0.06035,0.3475,NS,FALSE,FALSE
GOBP|GOBP_POSITIVE_REGULATION_OF_PROTEIN_LOCALIZATION_TO_NUCLEUS,GOBP,GOBP_POSITIVE_REGULATION_OF_PROTEIN_LOCALIZATION_TO_NUCLEUS,"Positive
Reg. Protein
Localization To
Nucleus",32,-1.48,-1.469,0.2025,0.1684,NS,FALSE,FALSE
GOBP|GOBP_REGULATION_OF_AMPA_RECEPTOR_ACTIVITY,GOBP,GOBP_REGULATION_OF_AMPA_RECEPTOR_ACTIVITY,"Reg. Ampa
Receptor
Activity",18,-1.424,-1.524,0.237,0.1744,NS,FALSE,FALSE
GOBP|GOBP_REGULATION_OF_NEUROTRANSMITTER_RECEPTOR_ACTIVITY,GOBP,GOBP_REGULATION_OF_NEUROTRANSMITTER_RECEPTOR_ACTIVITY,"Reg.
Neurotransmitter
Receptor
Activity",18,-1.424,-1.524,0.237,0.1744,NS,FALSE,FALSE
Reactome|REACTOME_HIV_LIFE_CYCLE,Reactome,REACTOME_HIV_LIFE_CYCLE,Hiv Life Cycle,41,-1.396,-1.551,0.1843,0.08766,NS,FALSE,FALSE
Reactome|REACTOME_HCMV_LATE_EVENTS,Reactome,REACTOME_HCMV_LATE_EVENTS,"Hcmv Late
Events",24,-1.317,-1.627,0.3107,0.06519,NS,FALSE,FALSE
Reactome|REACTOME_SIGNALLING_TO_ERKS,Reactome,REACTOME_SIGNALLING_TO_ERKS,"Signalling To
Erks",15,-1.461,-1.483,0.228,0.2542,NS,FALSE,FALSE
GOBP|GOBP_ORGANIC_ANION_TRANSPORT,GOBP,GOBP_ORGANIC_ANION_TRANSPORT,"Organic Anion
Transport",62,1.532,1.411,0.06356,0.2143,NS,FALSE,FALSE
Reactome|REACTOME_NCAM_SIGNALING_FOR_NEURITE_OUT_GROWTH,Reactome,REACTOME_NCAM_SIGNALING_FOR_NEURITE_OUT_GROWTH,"Ncam Signaling
For Neurite Out
Growth",17,-1.732,-1.209,0.05877,0.5021,NS,FALSE,FALSE
GOBP|GOBP_POSITIVE_REGULATION_OF_MONOATOMIC_ION_TRANSMEMBRANE_TRANSPORT,GOBP,GOBP_POSITIVE_REGULATION_OF_MONOATOMIC_ION_TRANSMEMBRANE_TRANSPORT,"Positive Reg.
Monoatomic Ion
Transmembrane
Transport",30,-1.583,-1.354,0.06784,0.3096,NS,FALSE,FALSE
KEGG_Legacy|KEGG_NATURAL_KILLER_CELL_MEDIATED_CYTOTOXICITY,KEGG_Legacy,KEGG_NATURAL_KILLER_CELL_MEDIATED_CYTOTOXICITY,"Natural Killer
Cell Mediated
Cytotoxicity",21,-1.367,-1.57,0.3009,0.121,NS,FALSE,FALSE
GOBP|GOBP_MODIFIED_AMINO_ACID_BIOSYNTHETIC_PROCESS,GOBP,GOBP_MODIFIED_AMINO_ACID_BIOSYNTHETIC_PROCESS,"Modified AA
Biosynthesis",21,-1.321,-1.615,0.3231,0.09927,NS,FALSE,FALSE
GOBP|GOBP_PEPTIDYL_AMINO_ACID_MODIFICATION,GOBP,GOBP_PEPTIDYL_AMINO_ACID_MODIFICATION,"Peptidyl AA
Mod.",63,-1.609,-1.327,0.06533,0.2644,NS,FALSE,FALSE
GOBP|GOBP_PROTEIN_LOCALIZATION_TO_SYNAPSE,GOBP,GOBP_PROTEIN_LOCALIZATION_TO_SYNAPSE,"Protein
Localization To
Synapse",16,-1.765,-1.164,0.07872,0.5582,NS,FALSE,FALSE
GOBP|GOBP_NEUROMUSCULAR_JUNCTION_DEVELOPMENT,GOBP,GOBP_NEUROMUSCULAR_JUNCTION_DEVELOPMENT,"Neuromuscular
Junction
Development",19,-1.491,-1.436,0.1875,0.2521,NS,FALSE,FALSE
GOBP|GOBP_NEGATIVE_REGULATION_OF_LEUKOCYTE_CELL_CELL_ADHESION,GOBP,GOBP_NEGATIVE_REGULATION_OF_LEUKOCYTE_CELL_CELL_ADHESION,"Negative Reg.
Leukocyte Cell
Adhesion",30,-1.587,-1.339,0.06652,0.3263,NS,FALSE,FALSE
GOBP|GOBP_PLATELET_AGGREGATION,GOBP,GOBP_PLATELET_AGGREGATION,"Platelet
Aggregation",20,1.186,1.74,0.4715,0.06584,NS,FALSE,FALSE
Reactome|REACTOME_MITOTIC_PROPHASE,Reactome,REACTOME_MITOTIC_PROPHASE,"Mitotic
Prophase",29,-1.621,-1.302,0.08233,0.3678,NS,FALSE,FALSE
GOBP|GOBP_POSITIVE_REGULATION_OF_LEUKOCYTE_CELL_CELL_ADHESION,GOBP,GOBP_POSITIVE_REGULATION_OF_LEUKOCYTE_CELL_CELL_ADHESION,"Positive Reg.
Leukocyte Cell
Adhesion",38,1.424,1.498,0.2044,0.1742,NS,FALSE,FALSE
Reactome|REACTOME_ANTIGEN_PROCESSING_CROSS_PRESENTATION,Reactome,REACTOME_ANTIGEN_PROCESSING_CROSS_PRESENTATION,"Antigen
Processing
Cross
Presentation",55,-1.363,-1.555,0.1875,0.07853,NS,FALSE,FALSE
GOBP|GOBP_AMYLOID_PRECURSOR_PROTEIN_METABOLIC_PROCESS,GOBP,GOBP_AMYLOID_PRECURSOR_PROTEIN_METABOLIC_PROCESS,"Amyloid
Precursor
Protein
Metabolism",17,-1.464,-1.447,0.2137,0.2338,NS,FALSE,FALSE
KEGG_Legacy|KEGG_EPITHELIAL_CELL_SIGNALING_IN_HELICOBACTER_PYLORI_INFECTION,KEGG_Legacy,KEGG_EPITHELIAL_CELL_SIGNALING_IN_HELICOBACTER_PYLORI_INFECTION,"Epithelial Cell
Signaling In
Helicobacter
Pylori
Infection",20,-1.401,-1.509,0.2788,0.145,NS,FALSE,FALSE
GOBP|GOBP_NEGATIVE_REGULATION_OF_CELL_ACTIVATION,GOBP,GOBP_NEGATIVE_REGULATION_OF_CELL_ACTIVATION,"Negative Reg.
Cell Activation",35,-1.495,-1.409,0.1444,0.2143,NS,FALSE,FALSE
Reactome|REACTOME_RECYCLING_PATHWAY_OF_L1,Reactome,REACTOME_RECYCLING_PATHWAY_OF_L1,"Recycling
Pathway Of L1",22,1.309,1.591,0.338,0.1449,NS,FALSE,FALSE
GOBP|GOBP_IRON_ION_TRANSPORT,GOBP,GOBP_IRON_ION_TRANSPORT,"Iron Ion
Transport",17,1.332,1.565,0.3304,0.1589,NS,FALSE,FALSE
GOBP|GOBP_NEGATIVE_REGULATION_OF_ESTABLISHMENT_OF_PROTEIN_LOCALIZATION,GOBP,GOBP_NEGATIVE_REGULATION_OF_ESTABLISHMENT_OF_PROTEIN_LOCALIZATION,"Negative Reg.
Establishment
Of Protein
Localization",32,-1.377,-1.518,0.228,0.1357,NS,FALSE,FALSE
Reactome|REACTOME_PHOSPHOLIPID_METABOLISM,Reactome,REACTOME_PHOSPHOLIPID_METABOLISM,"Phospholipid
Metabolism",44,-1.332,-1.561,0.243,0.07376,NS,FALSE,FALSE
GOBP|GOBP_DNA_TEMPLATED_TRANSCRIPTION_ELONGATION,GOBP,GOBP_DNA_TEMPLATED_TRANSCRIPTION_ELONGATION,"DNA Templated
Transcription
Elongation",19,-1.5,-1.392,0.1875,0.2991,NS,FALSE,FALSE
GOBP|GOBP_GLYCEROPHOSPHOLIPID_METABOLIC_PROCESS,GOBP,GOBP_GLYCEROPHOSPHOLIPID_METABOLIC_PROCESS,"Glycerophospholipid
Metabolism",54,-1.337,-1.55,0.2044,0.08766,NS,FALSE,FALSE
GOBP|GOBP_REGULATION_OF_PROTEIN_UBIQUITINATION,GOBP,GOBP_REGULATION_OF_PROTEIN_UBIQUITINATION,"Reg. Protein
Ubiquitination",57,-1.534,-1.352,0.07932,0.239,NS,FALSE,FALSE
GOBP|GOBP_POLYSACCHARIDE_CATABOLIC_PROCESS,GOBP,GOBP_POLYSACCHARIDE_CATABOLIC_PROCESS,"Polysaccharide
Catabolism",17,1.32,1.563,0.354,0.1589,NS,FALSE,FALSE
GOBP|GOBP_RESPONSE_TO_FATTY_ACID,GOBP,GOBP_RESPONSE_TO_FATTY_ACID,Resp. to FA,15,1.506,1.375,0.1828,0.3554,NS,FALSE,FALSE
GOBP|GOBP_SEQUESTERING_OF_CALCIUM_ION,GOBP,GOBP_SEQUESTERING_OF_CALCIUM_ION,"Sequestering Of
Calcium Ion",43,-1.462,-1.417,0.1432,0.1577,NS,FALSE,FALSE
GOBP|GOBP_REGULATION_OF_KETONE_METABOLIC_PROCESS,GOBP,GOBP_REGULATION_OF_KETONE_METABOLIC_PROCESS,"Reg. Ketone
Metabolism",32,1.249,1.629,0.3883,0.106,NS,FALSE,FALSE
GOBP|GOBP_NEURAL_TUBE_DEVELOPMENT,GOBP,GOBP_NEURAL_TUBE_DEVELOPMENT,"Neural Tube
Development",18,1.501,1.376,0.1969,0.3348,NS,FALSE,FALSE
GO_Slim|LYSOSOME_ORGANIZATION,GO_Slim,lysosome organization,Lysosome Org.,27,-1.506,-1.37,0.1786,0.2758,NS,FALSE,FALSE
GOBP|GOBP_POSITIVE_REGULATION_OF_PROTEIN_MODIFICATION_PROCESS,GOBP,GOBP_POSITIVE_REGULATION_OF_PROTEIN_MODIFICATION_PROCESS,"Positive Reg.
Protein Mod.
Process",72,-1.549,-1.326,0.08102,0.2286,NS,FALSE,FALSE
GOBP|GOBP_ADULT_LOCOMOTORY_BEHAVIOR,GOBP,GOBP_ADULT_LOCOMOTORY_BEHAVIOR,"Adult
Locomotory
Behavior",20,-1.485,-1.388,0.2136,0.3158,NS,FALSE,FALSE
GOBP|GOBP_MORPHOGENESIS_OF_EMBRYONIC_EPITHELIUM,GOBP,GOBP_MORPHOGENESIS_OF_EMBRYONIC_EPITHELIUM,"Morphogenesis
Of Embryonic
Epithelium",17,1.532,1.341,0.1828,0.3967,NS,FALSE,FALSE
GOBP|GOBP_CENTRAL_NERVOUS_SYSTEM_NEURON_DIFFERENTIATION,GOBP,GOBP_CENTRAL_NERVOUS_SYSTEM_NEURON_DIFFERENTIATION,"Central Nervous
System Neuron
Differentiation",18,1.626,1.243,0.09664,0.4594,NS,FALSE,FALSE
GOBP|GOBP_RAS_PROTEIN_SIGNAL_TRANSDUCTION,GOBP,GOBP_RAS_PROTEIN_SIGNAL_TRANSDUCTION,"Ras Protein
Signal
Transduction",25,-1.492,-1.375,0.1875,0.2612,NS,FALSE,FALSE
Reactome|REACTOME_LATE_ENDOSOMAL_MICROAUTOPHAGY,Reactome,REACTOME_LATE_ENDOSOMAL_MICROAUTOPHAGY,"Late Endosomal
Microautophagy",16,-1.365,-1.502,0.3009,0.2008,NS,FALSE,FALSE
GOBP|GOBP_BRANCHED_CHAIN_AMINO_ACID_METABOLIC_PROCESS,GOBP,GOBP_BRANCHED_CHAIN_AMINO_ACID_METABOLIC_PROCESS,"Branched Chain
AA Metabolism",21,1.6,1.264,0.1259,0.427,NS,FALSE,FALSE
GOBP|GOBP_POSITIVE_REGULATION_OF_INSULIN_SECRETION,GOBP,GOBP_POSITIVE_REGULATION_OF_INSULIN_SECRETION,"Positive
Reg. Insulin
Secretion",21,-1.551,-1.31,0.1843,0.3912,NS,FALSE,FALSE
GOBP|GOBP_LOCOMOTORY_BEHAVIOR,GOBP,GOBP_LOCOMOTORY_BEHAVIOR,"Locomotory
Behavior",35,-1.387,-1.47,0.2035,0.1882,NS,FALSE,FALSE
GOBP|GOBP_IMP_METABOLIC_PROCESS,GOBP,GOBP_IMP_METABOLIC_PROCESS,Imp Metabolism,15,-1.341,-1.505,0.3179,0.2338,NS,FALSE,FALSE
GOBP|GOBP_POSITIVE_REGULATION_OF_MRNA_METABOLIC_PROCESS,GOBP,GOBP_POSITIVE_REGULATION_OF_MRNA_METABOLIC_PROCESS,"Positive Reg.
mRNA Metabolism",40,-1.497,-1.349,0.1828,0.2769,NS,FALSE,FALSE
GOBP|GOBP_AMYLOID_FIBRIL_FORMATION,GOBP,GOBP_AMYLOID_FIBRIL_FORMATION,"Amyloid Fibril
Formation",19,-1.409,-1.433,0.2877,0.2521,NS,FALSE,FALSE
GOBP|GOBP_REGULATION_OF_SIGNALING_RECEPTOR_ACTIVITY,GOBP,GOBP_REGULATION_OF_SIGNALING_RECEPTOR_ACTIVITY,"Reg. Signaling
Receptor
Activity",24,-1.378,-1.464,0.2526,0.1738,NS,FALSE,FALSE
Reactome|REACTOME_TOLL_LIKE_RECEPTOR_TLR1_TLR2_CASCADE,Reactome,REACTOME_TOLL_LIKE_RECEPTOR_TLR1_TLR2_CASCADE,"Toll Like
Receptor Tlr1
Tlr2 Cascade",28,-1.264,-1.577,0.3417,0.1138,NS,FALSE,FALSE
Reactome|REACTOME_SIGNALING_BY_RETINOIC_ACID,Reactome,REACTOME_SIGNALING_BY_RETINOIC_ACID,"Signaling By
Retinoic Acid",16,1.389,1.449,0.2773,0.2684,NS,FALSE,FALSE
GOBP|GOBP_ENERGY_RESERVE_METABOLIC_PROCESS,GOBP,GOBP_ENERGY_RESERVE_METABOLIC_PROCESS,"Energy Reserve
Metabolism",42,1.329,1.506,0.2557,0.1668,NS,FALSE,FALSE
GOBP|GOBP_NEUTROPHIL_MIGRATION,GOBP,GOBP_NEUTROPHIL_MIGRATION,"Neutrophil
Migration",19,1.419,1.416,0.2742,0.288,NS,FALSE,FALSE
GOBP|GOBP_CELLULAR_PROCESS_INVOLVED_IN_REPRODUCTION_IN_MULTICELLULAR_ORGANISM,GOBP,GOBP_CELLULAR_PROCESS_INVOLVED_IN_REPRODUCTION_IN_MULTICELLULAR_ORGANISM,"Cellular
Process
Involved In
Reproduction In
Multicellular
Organism",39,-1.432,-1.402,0.1669,0.2143,NS,FALSE,FALSE
GOBP|GOBP_T_CELL_ACTIVATION_INVOLVED_IN_IMMUNE_RESPONSE,GOBP,GOBP_T_CELL_ACTIVATION_INVOLVED_IN_IMMUNE_RESPONSE,"T Cell
Activation
Involved In
Immune Response",25,-1.503,-1.328,0.1875,0.3354,NS,FALSE,FALSE
GOBP|GOBP_SPLICEOSOMAL_SNRNP_ASSEMBLY,GOBP,GOBP_SPLICEOSOMAL_SNRNP_ASSEMBLY,"Spliceosomal
Snrnp Assembly",24,-1.616,-1.214,0.08269,0.4703,NS,FALSE,FALSE
GOBP|GOBP_PROTEIN_LOCALIZATION_TO_VACUOLE,GOBP,GOBP_PROTEIN_LOCALIZATION_TO_VACUOLE,"Protein
Localization To
Vacuole",27,-1.487,-1.342,0.1884,0.3124,NS,FALSE,FALSE
KEGG_Legacy|KEGG_B_CELL_RECEPTOR_SIGNALING_PATHWAY,KEGG_Legacy,KEGG_B_CELL_RECEPTOR_SIGNALING_PATHWAY,"B Cell Receptor
Signaling",21,-1.317,-1.512,0.3298,0.1613,NS,FALSE,FALSE
GOBP|GOBP_PURINE_NUCLEOSIDE_MONOPHOSPHATE_BIOSYNTHETIC_PROCESS,GOBP,GOBP_PURINE_NUCLEOSIDE_MONOPHOSPHATE_BIOSYNTHETIC_PROCESS,"Purine
Nucleoside
Monophosphate
Biosynthesis",16,-1.449,-1.379,0.2367,0.3155,NS,FALSE,FALSE
GOBP|GOBP_SPERMATID_DIFFERENTIATION,GOBP,GOBP_SPERMATID_DIFFERENTIATION,"Spermatid
Differentiation",21,-1.39,-1.438,0.2923,0.2287,NS,FALSE,FALSE
GOBP|GOBP_POSITIVE_REGULATION_OF_PROTEIN_LOCALIZATION_TO_PLASMA_MEMBRANE,GOBP,GOBP_POSITIVE_REGULATION_OF_PROTEIN_LOCALIZATION_TO_PLASMA_MEMBRANE,"Positive Reg.
PM Protein
Localization",21,-1.699,1.127,0.07644,0.5826,NS,TRUE,FALSE
GOBP|GOBP_POSITIVE_REGULATION_OF_PEPTIDE_SECRETION,GOBP,GOBP_POSITIVE_REGULATION_OF_PEPTIDE_SECRETION,"Positive
Reg. Peptide
Secretion",24,-1.546,-1.279,0.1098,0.4019,NS,FALSE,FALSE
GOBP|GOBP_REGULATION_OF_ALPHA_BETA_T_CELL_ACTIVATION,GOBP,GOBP_REGULATION_OF_ALPHA_BETA_T_CELL_ACTIVATION,"Reg. Alpha
Beta T Cell
Activation",17,1.493,1.332,0.2016,0.4013,NS,FALSE,FALSE
GOBP|GOBP_POSITIVE_REGULATION_OF_MICROTUBULE_POLYMERIZATION_OR_DEPOLYMERIZATION,GOBP,GOBP_POSITIVE_REGULATION_OF_MICROTUBULE_POLYMERIZATION_OR_DEPOLYMERIZATION,"Positive
Reg. MT
Polymerization
Or
Depolymerization",15,-1.44,-1.383,0.2367,0.2957,NS,FALSE,FALSE
GOBP|GOBP_POSITIVE_REGULATION_OF_SYNAPTIC_TRANSMISSION,GOBP,GOBP_POSITIVE_REGULATION_OF_SYNAPTIC_TRANSMISSION,"Positive
Reg. Synaptic
Transmission",21,-1.538,-1.285,0.1808,0.4175,NS,FALSE,FALSE
GOBP|GOBP_PROTEIN_AUTOPHOSPHORYLATION,GOBP,GOBP_PROTEIN_AUTOPHOSPHORYLATION,"Protein
Autophosphorylation",16,-1.634,-1.187,0.1627,0.5324,NS,FALSE,FALSE
Reactome|REACTOME_SIGNALING_BY_FGFR,Reactome,REACTOME_SIGNALING_BY_FGFR,"Signaling By
Fgfr",22,-1.385,-1.434,0.2713,0.2262,NS,FALSE,FALSE
Reactome|REACTOME_REGULATION_OF_CHOLESTEROL_BIOSYNTHESIS_BY_SREBP_SREBF,Reactome,REACTOME_REGULATION_OF_CHOLESTEROL_BIOSYNTHESIS_BY_SREBP_SREBF,"Reg.
Cholesterol
Biosynthesis By
Srebp Srebf",15,-1.443,-1.37,0.2345,0.3124,NS,FALSE,FALSE
GOBP|GOBP_RIBONUCLEOSIDE_MONOPHOSPHATE_BIOSYNTHETIC_PROCESS,GOBP,GOBP_RIBONUCLEOSIDE_MONOPHOSPHATE_BIOSYNTHETIC_PROCESS,"Ribonucleoside
Monophosphate
Biosynthesis",19,-1.366,-1.443,0.3129,0.2443,NS,FALSE,FALSE
Reactome|REACTOME_LEISHMANIA_INFECTION,Reactome,REACTOME_LEISHMANIA_INFECTION,"Leishmania
Infection",48,1.383,1.426,0.2376,0.1997,NS,FALSE,FALSE
GOBP|GOBP_REGULATION_OF_TUMOR_NECROSIS_FACTOR_MEDIATED_SIGNALING_PATHWAY,GOBP,GOBP_REGULATION_OF_TUMOR_NECROSIS_FACTOR_MEDIATED_SIGNALING_PATHWAY,"Reg. Tumor
Necrosis
Factor Mediated
Signaling",15,-1.447,-1.361,0.2309,0.32,NS,FALSE,FALSE
Reactome|REACTOME_INTERLEUKIN_17_SIGNALING,Reactome,REACTOME_INTERLEUKIN_17_SIGNALING,"Interleukin 17
Signaling",21,-1.249,-1.558,0.4051,0.1257,NS,FALSE,FALSE
GOBP|GOBP_POSITIVE_REGULATION_OF_UBIQUITIN_DEPENDENT_PROTEIN_CATABOLIC_PROCESS,GOBP,GOBP_POSITIVE_REGULATION_OF_UBIQUITIN_DEPENDENT_PROTEIN_CATABOLIC_PROCESS,"Positive Reg.
Ub-Dep. Protein
Catabolism",32,-1.553,-1.254,0.1557,0.4281,NS,FALSE,FALSE
GOBP|GOBP_POSITIVE_REGULATION_OF_INTRACELLULAR_PROTEIN_TRANSPORT,GOBP,GOBP_POSITIVE_REGULATION_OF_INTRACELLULAR_PROTEIN_TRANSPORT,"Positive Reg.
Intracell.
Protein
Transport",30,-1.448,-1.354,0.1843,0.3096,NS,FALSE,FALSE
KEGG_Legacy|KEGG_LONG_TERM_POTENTIATION,KEGG_Legacy,KEGG_LONG_TERM_POTENTIATION,"Long Term
Potentiation",28,-1.351,-1.451,0.2614,0.2143,NS,FALSE,FALSE
GOBP|GOBP_NUCLEOSIDE_MONOPHOSPHATE_METABOLIC_PROCESS,GOBP,GOBP_NUCLEOSIDE_MONOPHOSPHATE_METABOLIC_PROCESS,"Nucleoside
Monophosphate
Metabolism",38,-1.344,-1.457,0.2476,0.1743,NS,FALSE,FALSE
GOBP|GOBP_ADULT_BEHAVIOR,GOBP,GOBP_ADULT_BEHAVIOR,Adult Behavior,23,-1.501,-1.297,0.1969,0.4019,NS,FALSE,FALSE
GOBP|GOBP_DEVELOPMENT_OF_PRIMARY_FEMALE_SEXUAL_CHARACTERISTICS,GOBP,GOBP_DEVELOPMENT_OF_PRIMARY_FEMALE_SEXUAL_CHARACTERISTICS,"Development
Of Primary
Female Sexual
Characteristics",15,-1.25,-1.548,0.4045,0.2128,NS,FALSE,FALSE
GOBP|GOBP_ESTABLISHMENT_OF_PROTEIN_LOCALIZATION_TO_PLASMA_MEMBRANE,GOBP,GOBP_ESTABLISHMENT_OF_PROTEIN_LOCALIZATION_TO_PLASMA_MEMBRANE,"Establishment
Of PM Protein
Localization",23,-1.555,-1.243,0.1394,0.4557,NS,FALSE,FALSE
GOBP|GOBP_FEMALE_SEX_DIFFERENTIATION,GOBP,GOBP_FEMALE_SEX_DIFFERENTIATION,"Female Sex
Differentiation",15,-1.25,-1.548,0.4045,0.2128,NS,FALSE,FALSE
GOBP|GOBP_CANONICAL_WNT_SIGNALING_PATHWAY,GOBP,GOBP_CANONICAL_WNT_SIGNALING_PATHWAY,"Canonical WNT
Signaling",44,-1.459,-1.338,0.1528,0.2619,NS,FALSE,FALSE
GOBP|GOBP_REGULATION_OF_DNA_BINDING_TRANSCRIPTION_FACTOR_ACTIVITY,GOBP,GOBP_REGULATION_OF_DNA_BINDING_TRANSCRIPTION_FACTOR_ACTIVITY,"Reg. DNA
Binding
Transcription
Factor Activity",21,-1.569,-1.227,0.182,0.4703,NS,FALSE,FALSE
GOBP|GOBP_NEGATIVE_REGULATION_OF_TRANSMEMBRANE_TRANSPORT,GOBP,GOBP_NEGATIVE_REGULATION_OF_TRANSMEMBRANE_TRANSPORT,"Negative Reg.
Transmembrane
Transport",33,-1.525,-1.271,0.1155,0.4228,NS,FALSE,FALSE
Reactome|REACTOME_DEADENYLATION_DEPENDENT_MRNA_DECAY,Reactome,REACTOME_DEADENYLATION_DEPENDENT_MRNA_DECAY,"Deadenylation
Dependent mRNA
Decay",17,-1.194,-1.599,0.4781,0.106,NS,FALSE,FALSE
GOBP|GOBP_LONG_CHAIN_FATTY_ACID_METABOLIC_PROCESS,GOBP,GOBP_LONG_CHAIN_FATTY_ACID_METABOLIC_PROCESS,"Long Chain FA
Metabolism",28,1.599,1.192,0.06652,0.4818,NS,FALSE,FALSE
GOBP|GOBP_POSITIVE_REGULATION_OF_IMMUNE_EFFECTOR_PROCESS,GOBP,GOBP_POSITIVE_REGULATION_OF_IMMUNE_EFFECTOR_PROCESS,"Positive Reg.
Immune Effector
Process",34,1.349,1.436,0.2807,0.2123,NS,FALSE,FALSE
GOBP|GOBP_CD4_POSITIVE_ALPHA_BETA_T_CELL_ACTIVATION,GOBP,GOBP_CD4_POSITIVE_ALPHA_BETA_T_CELL_ACTIVATION,"CD4 Positive
Alpha Beta T
Cell Activation",28,-1.473,-1.311,0.1843,0.346,NS,FALSE,FALSE
GOBP|GOBP_PROTEIN_METHYLATION,GOBP,GOBP_PROTEIN_METHYLATION,"Protein
Methylation",16,-1.231,-1.552,0.4041,0.1564,NS,FALSE,FALSE
KEGG_Legacy|KEGG_AMYOTROPHIC_LATERAL_SCLEROSIS_ALS,KEGG_Legacy,KEGG_AMYOTROPHIC_LATERAL_SCLEROSIS_ALS,"Amyotrophic
Lateral
Sclerosis Als",22,-1.151,-1.628,0.4978,0.09066,NS,FALSE,FALSE
GOBP|GOBP_LONG_TERM_SYNAPTIC_POTENTIATION,GOBP,GOBP_LONG_TERM_SYNAPTIC_POTENTIATION,"Long Term
Synaptic
Potentiation",16,-1.68,-1.097,0.1267,0.6458,NS,FALSE,FALSE
GOBP|GOBP_POSITIVE_REGULATION_OF_MACROAUTOPHAGY,GOBP,GOBP_POSITIVE_REGULATION_OF_MACROAUTOPHAGY,"Positive Reg.
Macroautophagy",40,-1.227,-1.55,0.3609,0.1011,NS,FALSE,FALSE
GOBP|GOBP_REGULATION_OF_PATTERN_RECOGNITION_RECEPTOR_SIGNALING_PATHWAY,GOBP,GOBP_REGULATION_OF_PATTERN_RECOGNITION_RECEPTOR_SIGNALING_PATHWAY,"Reg. Pattern
Recognition
Receptor
Signaling",42,-1.441,-1.332,0.2033,0.2909,NS,FALSE,FALSE
GOBP|GOBP_FATTY_ACID_DERIVATIVE_BIOSYNTHETIC_PROCESS,GOBP,GOBP_FATTY_ACID_DERIVATIVE_BIOSYNTHETIC_PROCESS,"FA Derivative
Biosynthesis",15,1.573,1.198,0.1048,0.5478,NS,FALSE,FALSE
GOBP|GOBP_PRODUCTION_OF_MOLECULAR_MEDIATOR_INVOLVED_IN_INFLAMMATORY_RESPONSE,GOBP,GOBP_PRODUCTION_OF_MOLECULAR_MEDIATOR_INVOLVED_IN_INFLAMMATORY_RESPONSE,"Production
Of Molecular
Mediator
Involved In
Inflammatory
Response",20,-1.248,-1.523,0.4209,0.1357,NS,FALSE,FALSE
GOBP|GOBP_POSITIVE_REGULATION_OF_KINASE_ACTIVITY,GOBP,GOBP_POSITIVE_REGULATION_OF_KINASE_ACTIVITY,"Positive Reg.
Kinase Activity",17,-1.311,-1.459,0.3341,0.2296,NS,FALSE,FALSE
GOBP|GOBP_CARDIAC_CHAMBER_MORPHOGENESIS,GOBP,GOBP_CARDIAC_CHAMBER_MORPHOGENESIS,"Cardiac Chamber
Morphogenesis",20,-1.481,-1.287,0.2136,0.4193,NS,FALSE,FALSE
GO_Slim|CHROMATIN_ORGANIZATION,GO_Slim,chromatin organization,Chromatin Org.,101,-1.439,-1.327,0.08571,0.2128,NS,FALSE,FALSE
GOBP|GOBP_POSITIVE_REGULATION_OF_MITOTIC_CELL_CYCLE,GOBP,GOBP_POSITIVE_REGULATION_OF_MITOTIC_CELL_CYCLE,"Positive Reg.
Mitotic Cell
Cycle",21,-1.628,-1.136,0.137,0.5738,NS,FALSE,FALSE
GOBP|GOBP_UBIQUITIN_DEPENDENT_PROTEIN_CATABOLIC_PROCESS_VIA_THE_MULTIVESICULAR_BODY_SORTING_PATHWAY,GOBP,GOBP_UBIQUITIN_DEPENDENT_PROTEIN_CATABOLIC_PROCESS_VIA_THE_MULTIVESICULAR_BODY_SORTING_PATHWAY,"Ub-Dep. Protein
Catabolism
Via The
Multivesicular
Body Sorting
Pathway",22,-1.361,-1.402,0.2939,0.2644,NS,FALSE,FALSE
GOBP|GOBP_REGULATION_OF_CELL_CYCLE_G2_M_PHASE_TRANSITION,GOBP,GOBP_REGULATION_OF_CELL_CYCLE_G2_M_PHASE_TRANSITION,"Reg. Cell Cycle
G2 M Phase
Transition",15,-1.382,-1.376,0.2865,0.306,NS,FALSE,FALSE
GOBP|GOBP_REGULATION_OF_INTRACELLULAR_PROTEIN_TRANSPORT,GOBP,GOBP_REGULATION_OF_INTRACELLULAR_PROTEIN_TRANSPORT,"Reg. Intracell.
Protein
Transport",45,-1.371,-1.387,0.2074,0.2215,NS,FALSE,FALSE
Reactome|REACTOME_BUDDING_AND_MATURATION_OF_HIV_VIRION,Reactome,REACTOME_BUDDING_AND_MATURATION_OF_HIV_VIRION,"Budding &
Maturation Of
Hiv Virion",16,-1.436,-1.318,0.243,0.3737,NS,FALSE,FALSE
GOBP|GOBP_INSULIN_SECRETION,GOBP,GOBP_INSULIN_SECRETION,"Insulin
Secretion",41,-1.515,-1.238,0.17,0.4365,NS,FALSE,FALSE
KEGG_Legacy|KEGG_FC_GAMMA_R_MEDIATED_PHAGOCYTOSIS,KEGG_Legacy,KEGG_FC_GAMMA_R_MEDIATED_PHAGOCYTOSIS,"Fc Gamma
R Mediated
Phagocytosis",32,1.508,1.244,0.1884,0.4481,NS,FALSE,FALSE
KEGG_Legacy|KEGG_WNT_SIGNALING_PATHWAY,KEGG_Legacy,KEGG_WNT_SIGNALING_PATHWAY,WNT Signaling,37,-1.556,-1.195,0.1243,0.4793,NS,FALSE,FALSE
GOBP|GOBP_GLYCEROLIPID_METABOLIC_PROCESS,GOBP,GOBP_GLYCEROLIPID_METABOLIC_PROCESS,"Glycerolipid
Metabolism",74,-1.28,-1.468,0.2361,0.1066,NS,FALSE,FALSE
GOBP|GOBP_ALPHA_AMINO_ACID_METABOLIC_PROCESS,GOBP,GOBP_ALPHA_AMINO_ACID_METABOLIC_PROCESS,"Alpha AA
Metabolism",73,1.436,-1.309,0.1087,0.2346,NS,TRUE,FALSE
GOBP|GOBP_ERK1_AND_ERK2_CASCADE,GOBP,GOBP_ERK1_AND_ERK2_CASCADE,"Erk1 & Erk2
Cascade",44,1.254,1.49,0.3352,0.1406,NS,FALSE,FALSE
GOBP|GOBP_REGULATION_OF_CELLULAR_RESPIRATION,GOBP,GOBP_REGULATION_OF_CELLULAR_RESPIRATION,"Reg. Cellular
Respiration",18,1.414,1.33,0.2713,0.3716,NS,FALSE,FALSE
GOBP|GOBP_REGULATION_OF_GTPASE_ACTIVITY,GOBP,GOBP_REGULATION_OF_GTPASE_ACTIVITY,"Reg. GTPase
Activity",21,1.297,1.447,0.3529,0.2365,NS,FALSE,FALSE
GOBP|GOBP_CARDIAC_MUSCLE_CELL_ACTION_POTENTIAL,GOBP,GOBP_CARDIAC_MUSCLE_CELL_ACTION_POTENTIAL,"Cardiac Muscle
Cell Action
Potential",24,-1.624,-1.118,0.07868,0.5831,NS,FALSE,FALSE
GOBP|GOBP_TUMOR_NECROSIS_FACTOR_MEDIATED_SIGNALING_PATHWAY,GOBP,GOBP_TUMOR_NECROSIS_FACTOR_MEDIATED_SIGNALING_PATHWAY,"Tumor Necrosis
Factor Mediated
Signaling",26,-1.336,-1.406,0.2877,0.2644,NS,FALSE,FALSE
GOBP|GOBP_JNK_CASCADE,GOBP,GOBP_JNK_CASCADE,Jnk Cascade,25,-1.367,-1.373,0.2557,0.2612,NS,FALSE,FALSE
GOBP|GOBP_REGULATION_OF_LEUKOCYTE_MIGRATION,GOBP,GOBP_REGULATION_OF_LEUKOCYTE_MIGRATION,"Reg. Leukocyte
Migration",40,1.415,1.32,0.1942,0.271,NS,FALSE,FALSE
GOBP|GOBP_POSITIVE_REGULATION_OF_MONOATOMIC_ION_TRANSPORT,GOBP,GOBP_POSITIVE_REGULATION_OF_MONOATOMIC_ION_TRANSPORT,"Positive Reg.
Monoatomic Ion
Transport",42,-1.636,-1.099,0.07576,0.6203,NS,FALSE,FALSE
Reactome|REACTOME_RESPONSE_TO_ELEVATED_PLATELET_CYTOSOLIC_CA2,Reactome,REACTOME_RESPONSE_TO_ELEVATED_PLATELET_CYTOSOLIC_CA2,"Resp. to
Elevated
Platelet
Cytosolic Ca2",46,1.362,1.371,0.2557,0.2443,NS,FALSE,FALSE
GOBP|GOBP_REGULATION_OF_MICROTUBULE_BASED_PROCESS,GOBP,GOBP_REGULATION_OF_MICROTUBULE_BASED_PROCESS,Reg. MT Process,68,-1.393,-1.337,0.1399,0.2287,NS,FALSE,FALSE
GO_Slim|NUCLEOCYTOPLASMIC_TRANSPORT,GO_Slim,nucleocytoplasmic transport,"Nucleocytoplasmic
Transport",96,-1.391,-1.337,0.1439,0.2044,NS,FALSE,FALSE
GOBP|GOBP_EXTRINSIC_APOPTOTIC_SIGNALING_PATHWAY_VIA_DEATH_DOMAIN_RECEPTORS,GOBP,GOBP_EXTRINSIC_APOPTOTIC_SIGNALING_PATHWAY_VIA_DEATH_DOMAIN_RECEPTORS,"Extrinsic
Apoptotic
Signaling Via
Death Domain
Receptors",19,-1.193,-1.534,0.4495,0.1439,NS,FALSE,FALSE
GOBP|GOBP_CELL_CHEMOTAXIS,GOBP,GOBP_CELL_CHEMOTAXIS,Cell Chemotaxis,44,1.571,1.156,0.06037,0.5194,NS,FALSE,FALSE
GOBP|GOBP_RECEPTOR_LOCALIZATION_TO_SYNAPSE,GOBP,GOBP_RECEPTOR_LOCALIZATION_TO_SYNAPSE,"Receptor
Localization To
Synapse",15,-1.499,-1.223,0.2208,0.4769,NS,FALSE,FALSE
Reactome|REACTOME_OPIOID_SIGNALLING,Reactome,REACTOME_OPIOID_SIGNALLING,"Opioid
Signalling",33,-1.461,-1.261,0.1732,0.4419,NS,FALSE,FALSE
GOBP|GOBP_GLUCAN_METABOLIC_PROCESS,GOBP,GOBP_GLUCAN_METABOLIC_PROCESS,"Glucan
Metabolism",39,1.262,1.456,0.3399,0.1613,NS,FALSE,FALSE
GOBP|GOBP_REGULATION_OF_STRIATED_MUSCLE_CELL_DIFFERENTIATION,GOBP,GOBP_REGULATION_OF_STRIATED_MUSCLE_CELL_DIFFERENTIATION,"Reg. Striated
Muscle Diff.",20,-1.559,-1.158,0.1395,0.545,NS,FALSE,FALSE
GOBP|GOBP_AMYLOID_PRECURSOR_PROTEIN_CATABOLIC_PROCESS,GOBP,GOBP_AMYLOID_PRECURSOR_PROTEIN_CATABOLIC_PROCESS,"Amyloid
Precursor
Protein
Catabolism",16,-1.348,-1.368,0.3157,0.328,NS,FALSE,FALSE
GOBP|GOBP_HOMEOSTASIS_OF_NUMBER_OF_CELLS,GOBP,GOBP_HOMEOSTASIS_OF_NUMBER_OF_CELLS,"Homeostasis Of
Number Of Cells",77,-1.482,-1.232,0.09667,0.3789,NS,FALSE,FALSE
GOBP|GOBP_POSITIVE_REGULATION_OF_PROTEIN_CONTAINING_COMPLEX_DISASSEMBLY,GOBP,GOBP_POSITIVE_REGULATION_OF_PROTEIN_CONTAINING_COMPLEX_DISASSEMBLY,"Positive
Reg. Protein
Containing
Complex
Disassembly",15,-1.252,-1.457,0.4045,0.2287,NS,FALSE,FALSE
GOBP|GOBP_GLYCEROPHOSPHOLIPID_BIOSYNTHETIC_PROCESS,GOBP,GOBP_GLYCEROPHOSPHOLIPID_BIOSYNTHETIC_PROCESS,"Glycerophospholipid
Biosynthesis",37,-1.328,-1.378,0.2667,0.2329,NS,FALSE,FALSE
GOBP|GOBP_REGULATION_OF_GENERATION_OF_PRECURSOR_METABOLITES_AND_ENERGY,GOBP,GOBP_REGULATION_OF_GENERATION_OF_PRECURSOR_METABOLITES_AND_ENERGY,"Reg. Gen.
of Precursor
Metabolites",51,1.221,1.484,0.3896,0.1827,NS,FALSE,FALSE
GOBP|GOBP_LEUKOCYTE_MIGRATION,GOBP,GOBP_LEUKOCYTE_MIGRATION,"Leukocyte
Migration",67,1.421,1.283,0.1087,0.294,NS,FALSE,FALSE
Reactome|REACTOME_COLLAGEN_FORMATION,Reactome,REACTOME_COLLAGEN_FORMATION,"Collagen
Formation",21,1.355,1.346,0.3209,0.3279,NS,FALSE,FALSE
Reactome|REACTOME_MYD88_INDEPENDENT_TLR4_CASCADE,Reactome,REACTOME_MYD88_INDEPENDENT_TLR4_CASCADE,"Myd88
Independent
Tlr4 Cascade",30,-1.347,-1.354,0.2473,0.3096,NS,FALSE,FALSE
Hallmark|HALLMARK_INTERFERON_GAMMA_RESPONSE,Hallmark,HALLMARK_INTERFERON_GAMMA_RESPONSE,"Interferon
Gamma Response",40,1.381,1.315,0.2304,0.2807,NS,FALSE,FALSE
GOBP|GOBP_TRANSLATIONAL_INITIATION,GOBP,GOBP_TRANSLATIONAL_INITIATION,"Translational
Initiation",77,-1.482,-1.213,0.09667,0.4114,NS,FALSE,FALSE
GOBP|GOBP_PROTEIN_CONTAINING_COMPLEX_DISASSEMBLY,GOBP,GOBP_PROTEIN_CONTAINING_COMPLEX_DISASSEMBLY,"Protein
Containing
Complex
Disassembly",85,-1.415,-1.278,0.1432,0.2837,NS,FALSE,FALSE
GOBP|GOBP_POSITIVE_REGULATION_OF_PLASMA_MEMBRANE_BOUNDED_CELL_PROJECTION_ASSEMBLY,GOBP,GOBP_POSITIVE_REGULATION_OF_PLASMA_MEMBRANE_BOUNDED_CELL_PROJECTION_ASSEMBLY,"Positive Reg.
Plasma Membrane
Bounded Cell
Projection
Assembly",27,1.206,1.486,0.4495,0.2143,NS,FALSE,FALSE
GOBP|GOBP_NUCLEAR_ENVELOPE_ORGANIZATION,GOBP,GOBP_NUCLEAR_ENVELOPE_ORGANIZATION,"Nuclear
Envelope Org.",31,-1.516,-1.173,0.1622,0.4793,NS,FALSE,FALSE
GOBP|GOBP_L_AMINO_ACID_METABOLIC_PROCESS,GOBP,GOBP_L_AMINO_ACID_METABOLIC_PROCESS,L AA Metabolism,61,1.327,-1.359,0.2345,0.21560000000000001,NS,TRUE,FALSE
Reactome|REACTOME_GAMMA_CARBOXYLATION_HYPUSINYLATION_HYDROXYLATION_AND_ARYLSULFATASE_ACTIVATION,Reactome,REACTOME_GAMMA_CARBOXYLATION_HYPUSINYLATION_HYDROXYLATION_AND_ARYLSULFATASE_ACTIVATION,"Gamma
Carboxylation
Hypusinylation
Hydroxylation
& Arylsulfatase
Activation",18,-1.368,-1.316,0.2865,0.3693,NS,FALSE,FALSE
GOBP|GOBP_NEGATIVE_REGULATION_OF_INTRACELLULAR_TRANSPORT,GOBP,GOBP_NEGATIVE_REGULATION_OF_INTRACELLULAR_TRANSPORT,"Negative Reg.
Intracell.
Transport",21,-1.206,-1.473,0.4628,0.1911,NS,FALSE,FALSE
Reactome|REACTOME_MTORC1_MEDIATED_SIGNALLING,Reactome,REACTOME_MTORC1_MEDIATED_SIGNALLING,"MTORC1 Mediated
Signalling",18,-1.538,-1.14,0.1439,0.5729,NS,FALSE,FALSE
GOBP|GOBP_POSITIVE_REGULATION_OF_WNT_SIGNALING_PATHWAY,GOBP,GOBP_POSITIVE_REGULATION_OF_WNT_SIGNALING_PATHWAY,"Positive Reg.
WNT Signaling",25,-1.477,-1.199,0.1917,0.493,NS,FALSE,FALSE
Reactome|REACTOME_METABOLISM_OF_VITAMINS_AND_COFACTORS,Reactome,REACTOME_METABOLISM_OF_VITAMINS_AND_COFACTORS,"Metabolism
Of Vitamins &
Cofactors",67,1.434,1.238,0.09888,0.3806,NS,FALSE,FALSE
GOBP|GOBP_REGULATION_OF_WNT_SIGNALING_PATHWAY,GOBP,GOBP_REGULATION_OF_WNT_SIGNALING_PATHWAY,"Reg. WNT
Signaling",51,-1.427,-1.244,0.1444,0.3852,NS,FALSE,FALSE
GOBP|GOBP_LONG_CHAIN_FATTY_ACID_TRANSPORT,GOBP,GOBP_LONG_CHAIN_FATTY_ACID_TRANSPORT,"Long Chain FA
Transport",21,1.45,1.22,0.2219,0.4782,NS,FALSE,FALSE
GOBP|GOBP_REGULATION_OF_ESTABLISHMENT_OF_PROTEIN_LOCALIZATION_TO_MITOCHONDRION,GOBP,GOBP_REGULATION_OF_ESTABLISHMENT_OF_PROTEIN_LOCALIZATION_TO_MITOCHONDRION,"Reg.
Establishment
Of Protein
Localization To
Mito.",22,-1.208,-1.457,0.439,0.2128,NS,FALSE,FALSE
GOBP|GOBP_AMIDE_TRANSPORT,GOBP,GOBP_AMIDE_TRANSPORT,Amide Transport,57,-1.502,-1.161,0.09342,0.5046,NS,FALSE,FALSE
Hallmark|HALLMARK_KRAS_SIGNALING_UP,Hallmark,HALLMARK_KRAS_SIGNALING_UP,"KRAS Signaling
Up",16,1.384,1.273,0.2773,0.4423,NS,FALSE,FALSE
Reactome|REACTOME_FORMATION_OF_TUBULIN_FOLDING_INTERMEDIATES_BY_CCT_TRIC,Reactome,REACTOME_FORMATION_OF_TUBULIN_FOLDING_INTERMEDIATES_BY_CCT_TRIC,"Formation Of
Tubulin Folding
Intermediates
By Cct Tric",17,1.415,1.241,0.2581,0.464,NS,FALSE,FALSE
GOBP|GOBP_SYNAPSE_ASSEMBLY,GOBP,GOBP_SYNAPSE_ASSEMBLY,"Synapse
Assembly",35,-1.493,-1.162,0.1444,0.5141,NS,FALSE,FALSE
KEGG_Legacy|KEGG_BUTANOATE_METABOLISM,KEGG_Legacy,KEGG_BUTANOATE_METABOLISM,"Butanoate
Metabolism",20,1.491,1.163,0.1969,0.5412,NS,FALSE,FALSE
GOBP|GOBP_PROTEIN_HOMOTETRAMERIZATION,GOBP,GOBP_PROTEIN_HOMOTETRAMERIZATION,"Protein
Homotetramerization",21,1.339,-1.312,0.3231,0.3832,NS,TRUE,FALSE
GOBP|GOBP_HEMATOPOIETIC_OR_LYMPHOID_ORGAN_DEVELOPMENT,GOBP,GOBP_HEMATOPOIETIC_OR_LYMPHOID_ORGAN_DEVELOPMENT,"Hematopoietic
Or Lymphoid
Organ
Development",17,-1.503,-1.147,0.1938,0.5665,NS,FALSE,FALSE
GOBP|GOBP_MAINTENANCE_OF_LOCATION,GOBP,GOBP_MAINTENANCE_OF_LOCATION,"Maintenance Of
Location",68,-1.396,-1.252,0.137,0.3761,NS,FALSE,FALSE
GOBP|GOBP_RELAXATION_OF_MUSCLE,GOBP,GOBP_RELAXATION_OF_MUSCLE,"Relaxation Of
Muscle",17,-1.472,-1.174,0.2044,0.5265,NS,FALSE,FALSE
GOBP|GOBP_EMBRYONIC_EPITHELIAL_TUBE_FORMATION,GOBP,GOBP_EMBRYONIC_EPITHELIAL_TUBE_FORMATION,"Embryonic
Epithelial Tube
Formation",15,1.514,1.131,0.1388,0.6121,NS,FALSE,FALSE
GOBP|GOBP_REGULATION_OF_KINASE_ACTIVITY,GOBP,GOBP_REGULATION_OF_KINASE_ACTIVITY,"Reg. Kinase
Activity",47,-1.385,-1.26,0.1884,0.3439,NS,FALSE,FALSE
GOBP|GOBP_POSITIVE_REGULATION_OF_CELL_CYCLE_PHASE_TRANSITION,GOBP,GOBP_POSITIVE_REGULATION_OF_CELL_CYCLE_PHASE_TRANSITION,"Positive
Reg. Cell
Cycle Phase
Transition",15,-1.661,-0.983,0.08804,0.7844,NS,FALSE,FALSE
GOBP|GOBP_GLYCEROLIPID_CATABOLIC_PROCESS,GOBP,GOBP_GLYCEROLIPID_CATABOLIC_PROCESS,"Glycerolipid
Catabolism",15,-1.338,-1.305,0.3179,0.3789,NS,FALSE,FALSE
KEGG_Legacy|KEGG_VALINE_LEUCINE_AND_ISOLEUCINE_DEGRADATION,KEGG_Legacy,KEGG_VALINE_LEUCINE_AND_ISOLEUCINE_DEGRADATION,"Valine Leucine
& Isoleucine
Degradation",37,1.48,1.162,0.1843,0.5252,NS,FALSE,FALSE
GOBP|GOBP_CELLULAR_RESPONSE_TO_CALCIUM_ION,GOBP,GOBP_CELLULAR_RESPONSE_TO_CALCIUM_ION,"Cellular Resp.
to Calcium Ion",20,1.032,1.609,0.6338,0.137,NS,FALSE,FALSE
GOBP|GOBP_LATE_ENDOSOME_TO_VACUOLE_TRANSPORT,GOBP,GOBP_LATE_ENDOSOME_TO_VACUOLE_TRANSPORT,"Late Endosome
To Vacuole
Transport",21,-1.25,-1.391,0.4041,0.306,NS,FALSE,FALSE
GOBP|GOBP_REGULATION_OF_ACTOMYOSIN_STRUCTURE_ORGANIZATION,GOBP,GOBP_REGULATION_OF_ACTOMYOSIN_STRUCTURE_ORGANIZATION,"Reg. Actomyosin
Structure Org.",31,-1.479,-1.162,0.1828,0.5046,NS,FALSE,FALSE
GOBP|GOBP_VACUOLE_ORGANIZATION,GOBP,GOBP_VACUOLE_ORGANIZATION,Vacuole Org.,76,-1.195,-1.445,0.351,0.1082,NS,FALSE,FALSE
GOBP|GOBP_POSITIVE_REGULATION_OF_PROTEOLYSIS,GOBP,GOBP_POSITIVE_REGULATION_OF_PROTEOLYSIS,"Positive Reg.
Proteolysis",61,-1.44,-1.197,0.1884,0.4481,NS,FALSE,FALSE
GOBP|GOBP_SENSORY_SYSTEM_DEVELOPMENT,GOBP,GOBP_SENSORY_SYSTEM_DEVELOPMENT,"Sensory System
Development",54,-1.478,-1.159,0.132,0.4907,NS,FALSE,FALSE
GOBP|GOBP_MONOCARBOXYLIC_ACID_BIOSYNTHETIC_PROCESS,GOBP,GOBP_MONOCARBOXYLIC_ACID_BIOSYNTHETIC_PROCESS,"Monocarboxylic
Acid
Biosynthesis",66,1.453,1.18,0.1088,0.4793,NS,FALSE,FALSE
GOBP|GOBP_CARDIAC_MUSCLE_CELL_DIFFERENTIATION,GOBP,GOBP_CARDIAC_MUSCLE_CELL_DIFFERENTIATION,"Cardiac
Muscle Cell
Differentiation",33,-1.658,0.97,0.05877,0.786,NS,TRUE,FALSE
GOBP|GOBP_AMINO_ACID_CATABOLIC_PROCESS,GOBP,GOBP_AMINO_ACID_CATABOLIC_PROCESS,AA Catabolism,48,1.474,-1.147,0.1098,0.5159,NS,TRUE,FALSE
GOBP|GOBP_ALDEHYDE_METABOLIC_PROCESS,GOBP,GOBP_ALDEHYDE_METABOLIC_PROCESS,"Aldehyde
Metabolism",34,-1.062,-1.558,0.6239,0.1332,NS,FALSE,FALSE
GOBP|GOBP_REGULATION_OF_CELL_GROWTH,GOBP,GOBP_REGULATION_OF_CELL_GROWTH,"Reg. Cell
Growth",76,-1.492,-1.127,0.0937,0.5159,NS,FALSE,FALSE
KEGG_Legacy|KEGG_NEUROTROPHIN_SIGNALING_PATHWAY,KEGG_Legacy,KEGG_NEUROTROPHIN_SIGNALING_PATHWAY,"Neurotrophin
Signaling",40,-1.397,-1.221,0.1828,0.4558,NS,FALSE,FALSE
GOBP|GOBP_MONOATOMIC_ANION_TRANSPORT,GOBP,GOBP_MONOATOMIC_ANION_TRANSPORT,"Monoatomic
Anion Transport",16,1.007,1.611,0.682,0.106,NS,FALSE,FALSE
GOBP|GOBP_POSITIVE_REGULATION_OF_PROTEIN_LOCALIZATION_TO_CELL_PERIPHERY,GOBP,GOBP_POSITIVE_REGULATION_OF_PROTEIN_LOCALIZATION_TO_CELL_PERIPHERY,"Positive
Reg. Protein
Localization To
Cell Periphery",28,-1.66,0.958,0.05091,0.7855,NS,TRUE,FALSE
Reactome|REACTOME_RHO_GTPASE_EFFECTORS,Reactome,REACTOME_RHO_GTPASE_EFFECTORS,"Rho GTPase
Effectors",94,1.174,1.443,0.3935,0.1057,NS,FALSE,FALSE
GOBP|GOBP_GLYCEROLIPID_BIOSYNTHETIC_PROCESS,GOBP,GOBP_GLYCEROLIPID_BIOSYNTHETIC_PROCESS,"Glycerolipid
Biosynthesis",43,-1.216,-1.399,0.3822,0.1668,NS,FALSE,FALSE
GOBP|GOBP_POSITIVE_REGULATION_OF_CELL_CELL_ADHESION,GOBP,GOBP_POSITIVE_REGULATION_OF_CELL_CELL_ADHESION,"Positive Reg.
Cell Adhesion",44,1.28,1.332,0.3032,0.2763,NS,FALSE,FALSE
GOBP|GOBP_POSITIVE_REGULATION_OF_HORMONE_SECRETION,GOBP,GOBP_POSITIVE_REGULATION_OF_HORMONE_SECRETION,"Positive
Reg. Hormone
Secretion",27,-1.456,-1.156,0.2039,0.5372,NS,FALSE,FALSE
KEGG_Legacy|KEGG_PURINE_METABOLISM,KEGG_Legacy,KEGG_PURINE_METABOLISM,"Purine
Metabolism",44,-1.162,-1.446,0.4557,0.1449,NS,FALSE,FALSE
GOBP|GOBP_NEGATIVE_REGULATION_OF_POST_TRANSLATIONAL_PROTEIN_MODIFICATION,GOBP,GOBP_NEGATIVE_REGULATION_OF_POST_TRANSLATIONAL_PROTEIN_MODIFICATION,"Negative
Reg. Post
Translational
Protein Mod.",29,-1.536,-1.068,0.1394,0.6659,NS,FALSE,FALSE
GOBP|GOBP_ESTABLISHMENT_OR_MAINTENANCE_OF_CELL_POLARITY,GOBP,GOBP_ESTABLISHMENT_OR_MAINTENANCE_OF_CELL_POLARITY,"Maintenance
of Polarity",58,1.096,1.507,0.5197,0.1178,NS,FALSE,FALSE
GO_Slim|ESTABLISHMENT_OR_MAINTENANCE_OF_CELL_POLARITY,GO_Slim,establishment or maintenance of cell polarity,"Maintenance
of Polarity",58,1.096,1.507,0.5197,0.1178,NS,FALSE,FALSE
GOBP|GOBP_NEGATIVE_REGULATION_OF_CELL_DEVELOPMENT,GOBP,GOBP_NEGATIVE_REGULATION_OF_CELL_DEVELOPMENT,"Negative
Reg. Cell
Development",47,-1.401,-1.201,0.1828,0.4581,NS,FALSE,FALSE
GOBP|GOBP_RESPONSE_TO_TYPE_II_INTERFERON,GOBP,GOBP_RESPONSE_TO_TYPE_II_INTERFERON,"Resp. to Type
Ii Interferon",45,-1.301,-1.3,0.3005,0.3109,NS,FALSE,FALSE
GOBP|GOBP_NUCLEAR_TRANSPORT,GOBP,GOBP_NUCLEAR_TRANSPORT,"Nuclear
Transport",99,-1.3,-1.3,0.181,0.2351,NS,FALSE,FALSE
Reactome|REACTOME_APOPTOSIS,Reactome,REACTOME_APOPTOSIS,Apoptosis,84,-1.339,-1.26,0.1828,0.306,NS,FALSE,FALSE
GOBP|GOBP_NEGATIVE_REGULATION_OF_INFLAMMATORY_RESPONSE,GOBP,GOBP_NEGATIVE_REGULATION_OF_INFLAMMATORY_RESPONSE,"Negative Reg.
Inflammatory
Response",25,-1.377,-1.221,0.2525,0.4683,NS,FALSE,FALSE
Reactome|REACTOME_RHO_GTPASES_ACTIVATE_PAKS,Reactome,REACTOME_RHO_GTPASES_ACTIVATE_PAKS,"Rho Gtpases
Activate Paks",15,1.146,1.452,0.5257,0.2824,NS,FALSE,FALSE
GOBP|GOBP_PRODUCTION_OF_MOLECULAR_MEDIATOR_OF_IMMUNE_RESPONSE,GOBP,GOBP_PRODUCTION_OF_MOLECULAR_MEDIATOR_OF_IMMUNE_RESPONSE,"Production
Of Molecular
Mediator Of
Immune Response",21,1.358,1.239,0.3209,0.4665,NS,FALSE,FALSE
GOBP|GOBP_GOLGI_TO_PLASMA_MEMBRANE_PROTEIN_TRANSPORT,GOBP,GOBP_GOLGI_TO_PLASMA_MEMBRANE_PROTEIN_TRANSPORT,"Golgi To
Plasma Membrane
Protein
Transport",18,-1.332,-1.264,0.3054,0.4228,NS,FALSE,FALSE
GOBP|GOBP_LEARNING,GOBP,GOBP_LEARNING,Learning,21,-1.233,-1.363,0.4231,0.3351,NS,FALSE,FALSE
GOBP|GOBP_PEPTIDE_TRANSPORT,GOBP,GOBP_PEPTIDE_TRANSPORT,"Peptide
Transport",49,-1.486,-1.108,0.129,0.5831,NS,FALSE,FALSE
GOBP|GOBP_RESPONSE_TO_NUTRIENT,GOBP,GOBP_RESPONSE_TO_NUTRIENT,"Resp. to
Nutrient",46,1.525,1.068,0.08107,0.6624,NS,FALSE,FALSE
GOBP|GOBP_NUCLEAR_TRANSCRIBED_MRNA_CATABOLIC_PROCESS,GOBP,GOBP_NUCLEAR_TRANSCRIBED_MRNA_CATABOLIC_PROCESS,"Nuclear
Transcribed
mRNA Catabolism",37,-1.507,-1.084,0.1808,0.6467,NS,FALSE,FALSE
GOBP|GOBP_ESTABLISHMENT_OF_PROTEIN_LOCALIZATION_TO_VACUOLE,GOBP,GOBP_ESTABLISHMENT_OF_PROTEIN_LOCALIZATION_TO_VACUOLE,"Establishment
Of Protein
Localization To
Vacuole",19,-1.327,-1.261,0.3399,0.4557,NS,FALSE,FALSE
GOBP|GOBP_NUCLEAR_MEMBRANE_REASSEMBLY,GOBP,GOBP_NUCLEAR_MEMBRANE_REASSEMBLY,"Nuclear
Membrane
Reassembly",16,-1.301,-1.286,0.3341,0.4186,NS,FALSE,FALSE
GOBP|GOBP_NEGATIVE_REGULATION_OF_SYNCYTIUM_FORMATION_BY_PLASMA_MEMBRANE_FUSION,GOBP,GOBP_NEGATIVE_REGULATION_OF_SYNCYTIUM_FORMATION_BY_PLASMA_MEMBRANE_FUSION,"Negative Reg.
Syncytium
Formation By
Plasma Membrane
Fusion",41,-1.132,1.453,0.5083,0.1596,NS,TRUE,FALSE
GOBP|GOBP_NADPPLUS_METABOLIC_PROCESS,GOBP,GOBP_NADPPLUS_METABOLIC_PROCESS,"Nadpplus
Metabolism",26,1.268,1.315,0.3981,0.3548,NS,FALSE,FALSE
GOBP|GOBP_REGULATION_OF_SIGNAL_TRANSDUCTION_BY_P53_CLASS_MEDIATOR,GOBP,GOBP_REGULATION_OF_SIGNAL_TRANSDUCTION_BY_P53_CLASS_MEDIATOR,"Reg. Signal
Transduction
By p53 Class
Mediator",30,-1.589,-0.992,0.065,0.755,NS,FALSE,FALSE
GOBP|GOBP_TUBE_FORMATION,GOBP,GOBP_TUBE_FORMATION,Tube Formation,18,1.37,1.207,0.3203,0.5088,NS,FALSE,FALSE
GOBP|GOBP_DNA_TEMPLATED_TRANSCRIPTION_INITIATION,GOBP,GOBP_DNA_TEMPLATED_TRANSCRIPTION_INITIATION,"DNA Templated
Transcription
Initiation",26,-1.222,-1.354,0.3894,0.2982,NS,FALSE,FALSE
GOBP|GOBP_REGULATION_OF_TRANSFERASE_ACTIVITY,GOBP,GOBP_REGULATION_OF_TRANSFERASE_ACTIVITY,"Reg.
Transferase
Activity",53,-1.312,-1.264,0.2345,0.3693,NS,FALSE,FALSE
GOBP|GOBP_MEMORY,GOBP,GOBP_MEMORY,Memory,17,-1.63,-0.946,0.09988,0.8133,NS,FALSE,FALSE
Hallmark|HALLMARK_MITOTIC_SPINDLE,Hallmark,HALLMARK_MITOTIC_SPINDLE,"Mitotic
Spindle",54,0.917,1.657,0.8072,0.05521,NS,FALSE,FALSE
GOBP|GOBP_REGULATION_OF_ADAPTIVE_IMMUNE_RESPONSE,GOBP,GOBP_REGULATION_OF_ADAPTIVE_IMMUNE_RESPONSE,"Reg. Adaptive
Immune Response",24,1.34,1.233,0.3189,0.4365,NS,FALSE,FALSE
GOBP|GOBP_PROTEIN_TETRAMERIZATION,GOBP,GOBP_PROTEIN_TETRAMERIZATION,"Protein
Tetramerization",34,1.429,-1.14,0.1923,0.5458,NS,TRUE,FALSE
GOBP|GOBP_REGULATION_OF_FATTY_ACID_METABOLIC_PROCESS,GOBP,GOBP_REGULATION_OF_FATTY_ACID_METABOLIC_PROCESS,"Reg. FA
Metabolism",27,1.11,1.459,0.5475,0.2287,NS,FALSE,FALSE
GOBP|GOBP_MULTICELLULAR_ORGANISM_GROWTH,GOBP,GOBP_MULTICELLULAR_ORGANISM_GROWTH,"Multicellular
Organism Growth",27,1.228,1.339,0.4337,0.3434,NS,FALSE,FALSE
GOBP|GOBP_REGULATION_OF_NEURON_DIFFERENTIATION,GOBP,GOBP_REGULATION_OF_NEURON_DIFFERENTIATION,"Reg. Neuron
Differentiation",20,-1.382,-1.185,0.3005,0.5103,NS,FALSE,FALSE
Hallmark|HALLMARK_PEROXISOME,Hallmark,HALLMARK_PEROXISOME,Peroxisome,44,1.488,1.079,0.1028,0.6203,NS,FALSE,FALSE
GOBP|GOBP_POLYSACCHARIDE_METABOLIC_PROCESS,GOBP,GOBP_POLYSACCHARIDE_METABOLIC_PROCESS,"Polysaccharide
Metabolism",43,1.198,1.366,0.4074,0.2402,NS,FALSE,FALSE
GOBP|GOBP_L_AMINO_ACID_CATABOLIC_PROCESS,GOBP,GOBP_L_AMINO_ACID_CATABOLIC_PROCESS,L AA Catabolism,39,1.306,-1.256,0.2994,0.4276,NS,TRUE,FALSE
GOBP|GOBP_POSITIVE_REGULATION_OF_CANONICAL_WNT_SIGNALING_PATHWAY,GOBP,GOBP_POSITIVE_REGULATION_OF_CANONICAL_WNT_SIGNALING_PATHWAY,"Positive Reg.
Canonical WNT
Signaling",20,-1.422,-1.14,0.2526,0.5745,NS,FALSE,FALSE
Hallmark|HALLMARK_ALLOGRAFT_REJECTION,Hallmark,HALLMARK_ALLOGRAFT_REJECTION,"Allograft
Rejection",35,1.182,1.376,0.4495,0.2511,NS,FALSE,FALSE
GOBP|GOBP_INTERLEUKIN_6_PRODUCTION,GOBP,GOBP_INTERLEUKIN_6_PRODUCTION,"Interleukin 6
Production",15,0.889,1.668,0.8254,0.1257,NS,FALSE,FALSE
Hallmark|HALLMARK_EPITHELIAL_MESENCHYMAL_TRANSITION,Hallmark,HALLMARK_EPITHELIAL_MESENCHYMAL_TRANSITION,EMT,64,1.069,1.487,0.5408,0.106,NS,FALSE,FALSE
GOBP|GOBP_POSITIVE_REGULATION_OF_CELL_ACTIVATION,GOBP,GOBP_POSITIVE_REGULATION_OF_CELL_ACTIVATION,"Positive Reg.
Cell Activation",48,1.178,1.376,0.4314,0.2308,NS,FALSE,FALSE
GOBP|GOBP_PURINE_CONTAINING_COMPOUND_SALVAGE,GOBP,GOBP_PURINE_CONTAINING_COMPOUND_SALVAGE,"Purine
Containing
Compound
Salvage",15,1.577,0.976,0.1028,0.7645,NS,FALSE,FALSE
GOBP|GOBP_PURINE_NUCLEOSIDE_MONOPHOSPHATE_METABOLIC_PROCESS,GOBP,GOBP_PURINE_NUCLEOSIDE_MONOPHOSPHATE_METABOLIC_PROCESS,"Purine
Nucleoside
Monophosphate
Metabolism",28,-1.185,-1.367,0.436,0.2728,NS,FALSE,FALSE
Reactome|REACTOME_P75_NTR_RECEPTOR_MEDIATED_SIGNALLING,Reactome,REACTOME_P75_NTR_RECEPTOR_MEDIATED_SIGNALLING,"P75 Ntr
Receptor
Mediated
Signalling",16,-1.344,-1.208,0.3157,0.4975,NS,FALSE,FALSE
GOBP|GOBP_RESCUE_OF_STALLED_RIBOSOME,GOBP,GOBP_RESCUE_OF_STALLED_RIBOSOME,"Rescue Of
Stalled
Ribosome",18,-1.736,-0.813,0.05077,0.928,NS,FALSE,FALSE
GOBP|GOBP_ACTIN_FILAMENT_POLYMERIZATION,GOBP,GOBP_ACTIN_FILAMENT_POLYMERIZATION,"Actin Filament
Polymerization",54,1.19,1.358,0.4172,0.2263,NS,FALSE,FALSE
Reactome|REACTOME_RAF_ACTIVATION,Reactome,REACTOME_RAF_ACTIVATION,Raf Activation,19,-1.551,-0.995,0.1828,0.7511,NS,FALSE,FALSE
GOBP|GOBP_DEVELOPMENTAL_MATURATION,GOBP,GOBP_DEVELOPMENTAL_MATURATION,"Developmental
Maturation",43,-1.384,-1.159,0.1933,0.5103,NS,FALSE,FALSE
Reactome|REACTOME_PYRUVATE_METABOLISM,Reactome,REACTOME_PYRUVATE_METABOLISM,"Pyruvate
Metabolism",26,1.349,1.194,0.3069,0.4793,NS,FALSE,FALSE
GOBP|GOBP_MULTIVESICULAR_BODY_SORTING_PATHWAY,GOBP,GOBP_MULTIVESICULAR_BODY_SORTING_PATHWAY,"Multivesicular
Body Sorting
Pathway",24,-1.219,-1.323,0.4045,0.3439,NS,FALSE,FALSE
GOBP|GOBP_VESICLE_LOCALIZATION,GOBP,GOBP_VESICLE_LOCALIZATION,"Vesicle
Localization",63,-1.352,-1.19,0.2324,0.4481,NS,FALSE,FALSE
GOBP|GOBP_B_CELL_DIFFERENTIATION,GOBP,GOBP_B_CELL_DIFFERENTIATION,"B Cell
Differentiation",15,-1.485,-1.055,0.2242,0.7146,NS,FALSE,FALSE
GOBP|GOBP_POSITIVE_REGULATION_OF_INTRACELLULAR_TRANSPORT,GOBP,GOBP_POSITIVE_REGULATION_OF_INTRACELLULAR_TRANSPORT,"Positive Reg.
Intracell.
Transport",55,-1.532,-1.006,0.1288,0.755,NS,FALSE,FALSE
GOBP|GOBP_HOMOTYPIC_CELL_CELL_ADHESION,GOBP,GOBP_HOMOTYPIC_CELL_CELL_ADHESION,"Homotypic Cell
Adhesion",25,1.093,1.444,0.577,0.2287,NS,FALSE,FALSE
GOBP|GOBP_CARDIAC_VENTRICLE_DEVELOPMENT,GOBP,GOBP_CARDIAC_VENTRICLE_DEVELOPMENT,"Cardiac
Ventricle
Development",24,-1.483,-1.053,0.1968,0.6757,NS,FALSE,FALSE
GOBP|GOBP_MITOCHONDRIAL_TRANSPORT,GOBP,GOBP_MITOCHONDRIAL_TRANSPORT,Mito. Transport,39,1.27,1.266,0.3341,0.3696,NS,FALSE,FALSE
GOBP|GOBP_CELL_CELL_RECOGNITION,GOBP,GOBP_CELL_CELL_RECOGNITION,"Cell
Recognition",17,0.953,1.582,0.7221,0.143,NS,FALSE,FALSE
GOBP|GOBP_AUTOPHAGOSOME_ORGANIZATION,GOBP,GOBP_AUTOPHAGOSOME_ORGANIZATION,"Autophagosome
Org.",38,-0.95,-1.584,0.7561,0.08241,NS,FALSE,FALSE
GOBP|GOBP_VIRION_ASSEMBLY,GOBP,GOBP_VIRION_ASSEMBLY,Virion Assembly,20,-1.403,-1.131,0.2747,0.5826,NS,FALSE,FALSE
GOBP|GOBP_ENDOSOMAL_TRANSPORT,GOBP,GOBP_ENDOSOMAL_TRANSPORT,"Endosomal
Transport",110,-1.327,-1.206,0.1942,0.3633,NS,FALSE,FALSE
GOBP|GOBP_REGULATION_OF_PEPTIDE_TRANSPORT,GOBP,GOBP_REGULATION_OF_PEPTIDE_TRANSPORT,"Reg. Peptide
Transport",37,-1.492,-1.04,0.1818,0.7017,NS,FALSE,FALSE
GOBP|GOBP_CELLULAR_RESPONSE_TO_REACTIVE_OXYGEN_SPECIES,GOBP,GOBP_CELLULAR_RESPONSE_TO_REACTIVE_OXYGEN_SPECIES,"Cellular Resp.
to Reactive
Oxygen Species",41,1.571,0.959,0.09565,0.8082,NS,FALSE,FALSE
GOBP|GOBP_TRANSCRIPTION_INITIATION_AT_RNA_POLYMERASE_II_PROMOTER,GOBP,GOBP_TRANSCRIPTION_INITIATION_AT_RNA_POLYMERASE_II_PROMOTER,"Transcription
Initiation At
RNA Polymerase
Ii Promoter",22,-1.26,-1.266,0.3778,0.4365,NS,FALSE,FALSE
GOBP|GOBP_REGULATION_OF_NEUROTRANSMITTER_SECRETION,GOBP,GOBP_REGULATION_OF_NEUROTRANSMITTER_SECRETION,"Reg.
Neurotransmitter
Secretion",17,-1.387,-1.137,0.2594,0.5794,NS,FALSE,FALSE
Reactome|REACTOME_MITF_M_DEPENDENT_GENE_EXPRESSION,Reactome,REACTOME_MITF_M_DEPENDENT_GENE_EXPRESSION,"Mitf M
Dependent Gene
Expression",19,-1.258,-1.265,0.3979,0.4534,NS,FALSE,FALSE
GOBP|GOBP_MULTICELLULAR_ORGANISMAL_LEVEL_CHEMICAL_HOMEOSTASIS,GOBP,GOBP_MULTICELLULAR_ORGANISMAL_LEVEL_CHEMICAL_HOMEOSTASIS,"Multicellular
Organismal
Level Chemical
Homeostasis",15,-1.283,-1.239,0.3744,0.4605,NS,FALSE,FALSE
GOBP|GOBP_NEUROTRANSMITTER_TRANSPORT,GOBP,GOBP_NEUROTRANSMITTER_TRANSPORT,"Neurotransmitter
Transport",32,-1.296,-1.224,0.302,0.4481,NS,FALSE,FALSE
GOBP|GOBP_ADAPTIVE_THERMOGENESIS,GOBP,GOBP_ADAPTIVE_THERMOGENESIS,"Adaptive
Thermogenesis",35,1.397,1.122,0.225,0.5831,NS,FALSE,FALSE
GOBP|GOBP_PROTEIN_HOMOOLIGOMERIZATION,GOBP,GOBP_PROTEIN_HOMOOLIGOMERIZATION,"Protein
Homooligomerization",47,1.417,1.102,0.2025,0.5938,NS,FALSE,FALSE
GOBP|GOBP_RRNA_PROCESSING,GOBP,GOBP_RRNA_PROCESSING,rRNA Processing,39,-1.481,-1.038,0.1417,0.7079,NS,FALSE,FALSE
GOBP|GOBP_PEPTIDYL_LYSINE_MODIFICATION,GOBP,GOBP_PEPTIDYL_LYSINE_MODIFICATION,"Peptidyl Lysine
Mod.",23,-1.302,-1.212,0.338,0.4788,NS,FALSE,FALSE
GOBP|GOBP_POSITIVE_REGULATION_OF_MOLECULAR_FUNCTION,GOBP,GOBP_POSITIVE_REGULATION_OF_MOLECULAR_FUNCTION,"Positive Reg.
Molecular
Function",83,-1.37,-1.144,0.1622,0.4769,NS,FALSE,FALSE
Reactome|REACTOME_MRNA_SPLICING_MINOR_PATHWAY,Reactome,REACTOME_MRNA_SPLICING_MINOR_PATHWAY,"mRNA Splicing
Minor Pathway",16,-1.492,-1.022,0.2065,0.7338,NS,FALSE,FALSE
GOBP|GOBP_MODIFIED_AMINO_ACID_METABOLIC_PROCESS,GOBP,GOBP_MODIFIED_AMINO_ACID_METABOLIC_PROCESS,"Modified AA
Metabolism",63,-1.125,-1.388,0.4855,0.1579,NS,FALSE,FALSE
GO_Slim|MODIFIED_AMINO_ACID_METABOLIC_PROCESS,GO_Slim,modified amino acid metabolic process,"Modified AA
Metabolism",63,-1.125,-1.388,0.4855,0.1579,NS,FALSE,FALSE
Reactome|REACTOME_HSF1_DEPENDENT_TRANSACTIVATION,Reactome,REACTOME_HSF1_DEPENDENT_TRANSACTIVATION,"Hsf1 Dependent
Transactivation",22,-1.528,-0.984,0.1773,0.7636,NS,FALSE,FALSE
GOBP|GOBP_REGULATION_OF_INSULIN_SECRETION,GOBP,GOBP_REGULATION_OF_INSULIN_SECRETION,"Reg. Insulin
Secretion",32,-1.444,-1.065,0.1884,0.6529,NS,FALSE,FALSE
GOBP|GOBP_PYRUVATE_METABOLIC_PROCESS,GOBP,GOBP_PYRUVATE_METABOLIC_PROCESS,"Pyruvate
Metabolism",64,1.262,1.245,0.3112,0.381,NS,FALSE,FALSE
GOBP|GOBP_REGULATION_OF_LEUKOCYTE_DIFFERENTIATION,GOBP,GOBP_REGULATION_OF_LEUKOCYTE_DIFFERENTIATION,"Reg. Leukocyte
Differentiation",49,-1.412,-1.094,0.1828,0.6188,NS,FALSE,FALSE
GOBP|GOBP_REGULATION_OF_JNK_CASCADE,GOBP,GOBP_REGULATION_OF_JNK_CASCADE,"Reg. Jnk
Cascade",17,-1.254,-1.251,0.4034,0.4481,NS,FALSE,FALSE
KEGG_Legacy|KEGG_VASCULAR_SMOOTH_MUSCLE_CONTRACTION,KEGG_Legacy,KEGG_VASCULAR_SMOOTH_MUSCLE_CONTRACTION,"Vascular
Smooth Muscle
Contraction",30,-1.149,-1.356,0.4701,0.3096,NS,FALSE,FALSE
GOBP|GOBP_MULTIVESICULAR_BODY_ORGANIZATION,GOBP,GOBP_MULTIVESICULAR_BODY_ORGANIZATION,"Multivesicular
Body Org.",22,-1.193,-1.311,0.4495,0.3693,NS,FALSE,FALSE
Reactome|REACTOME_REGULATED_NECROSIS,Reactome,REACTOME_REGULATED_NECROSIS,"Regulated
Necrosis",22,-1.135,-1.369,0.5211,0.2983,NS,FALSE,FALSE
GOBP|GOBP_RETINA_DEVELOPMENT_IN_CAMERA_TYPE_EYE,GOBP,GOBP_RETINA_DEVELOPMENT_IN_CAMERA_TYPE_EYE,"Retina
Development In
Camera Type Eye",15,1.123,1.38,0.5513,0.3554,NS,FALSE,FALSE
GOBP|GOBP_PYRIDINE_CONTAINING_COMPOUND_METABOLIC_PROCESS,GOBP,GOBP_PYRIDINE_CONTAINING_COMPOUND_METABOLIC_PROCESS,"Pyridine
Containing
Compound
Metabolism",93,1.342,1.159,0.2019,0.4469,NS,FALSE,FALSE
GOBP|GOBP_POSITIVE_REGULATION_OF_CELL_GROWTH,GOBP,GOBP_POSITIVE_REGULATION_OF_CELL_GROWTH,"Positive Reg.
Cell Growth",34,-1.424,-1.077,0.177,0.6384,NS,FALSE,FALSE
Reactome|REACTOME_EUKARYOTIC_TRANSLATION_ELONGATION,Reactome,REACTOME_EUKARYOTIC_TRANSLATION_ELONGATION,"Eukaryotic
Translation
Elongation",76,-1.268,1.232,0.2614,0.3567,NS,TRUE,FALSE
GOBP|GOBP_NUCLEAR_EXPORT,GOBP,GOBP_NUCLEAR_EXPORT,Nuclear Export,52,-1.172,-1.326,0.4306,0.2518,NS,FALSE,FALSE
GOBP|GOBP_REGULATION_OF_MITOCHONDRIAL_MEMBRANE_POTENTIAL,GOBP,GOBP_REGULATION_OF_MITOCHONDRIAL_MEMBRANE_POTENTIAL,"Reg. Mito.
Membrane
Potential",32,1.186,1.312,0.4586,0.3678,NS,FALSE,FALSE
GOBP|GOBP_AMINE_METABOLIC_PROCESS,GOBP,GOBP_AMINE_METABOLIC_PROCESS,"Amine
Metabolism",20,-1.05,-1.445,0.6198,0.2329,NS,FALSE,FALSE
GOBP|GOBP_POSITIVE_REGULATION_OF_NUCLEOTIDE_METABOLIC_PROCESS,GOBP,GOBP_POSITIVE_REGULATION_OF_NUCLEOTIDE_METABOLIC_PROCESS,"Positive Reg.
Nucleotide
Metabolism",16,-1.123,-1.372,0.5263,0.3187,NS,FALSE,FALSE
GOBP|GOBP_GLUTAMINE_FAMILY_AMINO_ACID_METABOLIC_PROCESS,GOBP,GOBP_GLUTAMINE_FAMILY_AMINO_ACID_METABOLIC_PROCESS,"Glutamine
Family AA
Metabolism",22,1.431,1.062,0.243,0.6931,NS,FALSE,FALSE
GOBP|GOBP_NEGATIVE_REGULATION_OF_WNT_SIGNALING_PATHWAY,GOBP,GOBP_NEGATIVE_REGULATION_OF_WNT_SIGNALING_PATHWAY,"Negative Reg.
WNT Signaling",21,-1.363,-1.127,0.3009,0.5826,NS,FALSE,FALSE
GOBP|GOBP_NUCLEAR_MEMBRANE_ORGANIZATION,GOBP,GOBP_NUCLEAR_MEMBRANE_ORGANIZATION,"Nuclear
Membrane Org.",25,-1.328,-1.162,0.2742,0.5324,NS,FALSE,FALSE
GOBP|GOBP_ER_NUCLEUS_SIGNALING_PATHWAY,GOBP,GOBP_ER_NUCLEUS_SIGNALING_PATHWAY,"Er Nucleus
Signaling",18,-1.491,-0.998,0.1933,0.755,NS,FALSE,FALSE
GOBP|GOBP_REGULATION_OF_SMALL_GTPASE_MEDIATED_SIGNAL_TRANSDUCTION,GOBP,GOBP_REGULATION_OF_SMALL_GTPASE_MEDIATED_SIGNAL_TRANSDUCTION,"Reg. Small
GTPase
Mediated Signal
Transduction",50,-1.61,-0.879,0.08584,0.9032,NS,FALSE,FALSE
GOBP|GOBP_POSITIVE_REGULATION_OF_LEUKOCYTE_MIGRATION,GOBP,GOBP_POSITIVE_REGULATION_OF_LEUKOCYTE_MIGRATION,"Positive Reg.
Leukocyte
Migration",25,1.363,1.124,0.2877,0.5995,NS,FALSE,FALSE
GOBP|GOBP_ACTIN_FILAMENT_ORGANIZATION,GOBP,GOBP_ACTIN_FILAMENT_ORGANIZATION,"Actin Filament
Org.",147,1.085,1.4,0.5184,0.08355,NS,FALSE,FALSE
GOBP|GOBP_REGULATION_OF_CYTOKINESIS,GOBP,GOBP_REGULATION_OF_CYTOKINESIS,"Reg.
Cytokinesis",18,-1.2,-1.282,0.4437,0.391,NS,FALSE,FALSE
GOBP|GOBP_WNT_SIGNALING_PATHWAY,GOBP,GOBP_WNT_SIGNALING_PATHWAY,WNT Signaling,68,-1.301,-1.178,0.229,0.4785,NS,FALSE,FALSE
KEGG_Legacy|KEGG_FC_EPSILON_RI_SIGNALING_PATHWAY,KEGG_Legacy,KEGG_FC_EPSILON_RI_SIGNALING_PATHWAY,"Fc Epsilon Ri
Signaling",17,-1.169,-1.31,0.5083,0.3693,NS,FALSE,FALSE
KEGG_Legacy|KEGG_ERBB_SIGNALING_PATHWAY,KEGG_Legacy,KEGG_ERBB_SIGNALING_PATHWAY,Erbb Signaling,30,-1.281,-1.197,0.317,0.4761,NS,FALSE,FALSE
GOBP|GOBP_INTRACELLULAR_RECEPTOR_SIGNALING_PATHWAY,GOBP,GOBP_INTRACELLULAR_RECEPTOR_SIGNALING_PATHWAY,"Intracell.
Receptor
Signaling",75,-1.218,-1.259,0.3298,0.3129,NS,FALSE,FALSE
Reactome|REACTOME_ENERGY_DEPENDENT_REGULATION_OF_MTOR_BY_LKB1_AMPK,Reactome,REACTOME_ENERGY_DEPENDENT_REGULATION_OF_MTOR_BY_LKB1_AMPK,"Energy
Dependent Reg.
mTOR By Lkb1
Ampk",16,-1.456,-1.02,0.2309,0.7373,NS,FALSE,FALSE
GOBP|GOBP_REGULATION_OF_AUTOPHAGY,GOBP,GOBP_REGULATION_OF_AUTOPHAGY,Reg. Autophagy,126,-1.112,-1.363,0.4431,0.1589,NS,FALSE,FALSE
Reactome|REACTOME_NEGATIVE_REGULATION_OF_MAPK_PATHWAY,Reactome,REACTOME_NEGATIVE_REGULATION_OF_MAPK_PATHWAY,"Negative Reg.
MAPK Pathway",19,-1.239,-1.235,0.413,0.4688,NS,FALSE,FALSE
GOBP|GOBP_POSITIVE_REGULATION_OF_TRANSMEMBRANE_TRANSPORT,GOBP,GOBP_POSITIVE_REGULATION_OF_TRANSMEMBRANE_TRANSPORT,"Positive Reg.
Transmembrane
Transport",44,-1.437,-1.035,0.1747,0.7226,NS,FALSE,FALSE
GOBP|GOBP_NEGATIVE_REGULATION_OF_PROTEASOMAL_UBIQUITIN_DEPENDENT_PROTEIN_CATABOLIC_PROCESS,GOBP,GOBP_NEGATIVE_REGULATION_OF_PROTEASOMAL_UBIQUITIN_DEPENDENT_PROTEIN_CATABOLIC_PROCESS,"Negative
Reg. Proteas.
Ub-Dep. Protein
Catabolism",20,-1.449,-1.02,0.2421,0.7305,NS,FALSE,FALSE
Reactome|REACTOME_RESPIRATORY_SYNCYTIAL_VIRUS_INFECTION_PATHWAY,Reactome,REACTOME_RESPIRATORY_SYNCYTIAL_VIRUS_INFECTION_PATHWAY,"Resp. Syncytial
Virus Infection
Pathway",31,-1.31,-1.158,0.3027,0.5091,NS,FALSE,FALSE
GOBP|GOBP_POSITIVE_REGULATION_OF_CALCIUM_ION_TRANSPORT,GOBP,GOBP_POSITIVE_REGULATION_OF_CALCIUM_ION_TRANSPORT,"Positive Reg.
Calcium Ion
Transport",22,-1.416,-1.048,0.243,0.6828,NS,FALSE,FALSE
GOBP|GOBP_KETONE_METABOLIC_PROCESS,GOBP,GOBP_KETONE_METABOLIC_PROCESS,"Ketone
Metabolism",65,1.302,1.16,0.2557,0.4907,NS,FALSE,FALSE
GOBP|GOBP_PROTEIN_EXPORT_FROM_NUCLEUS,GOBP,GOBP_PROTEIN_EXPORT_FROM_NUCLEUS,"Protein Export
From Nucleus",23,-1.042,-1.419,0.6317,0.2453,NS,FALSE,FALSE
GOBP|GOBP_CELLULAR_RESPONSE_TO_CORTICOSTEROID_STIMULUS,GOBP,GOBP_CELLULAR_RESPONSE_TO_CORTICOSTEROID_STIMULUS,"Cellular
Resp. to
Corticosteroid
Stimulus",15,1.241,1.219,0.4209,0.5046,NS,FALSE,FALSE
GOBP|GOBP_PROTEIN_LOCALIZATION_TO_MEMBRANE,GOBP,GOBP_PROTEIN_LOCALIZATION_TO_MEMBRANE,"Protein
Localization To
Membrane",120,-1.485,-0.974,0.05129,0.786,NS,FALSE,FALSE
GOBP|GOBP_RETROGRADE_TRANSPORT_ENDOSOME_TO_GOLGI,GOBP,GOBP_RETROGRADE_TRANSPORT_ENDOSOME_TO_GOLGI,"Retrograde
Transport
Endosome To
Golgi",40,-1.274,-1.185,0.3201,0.4975,NS,FALSE,FALSE
Reactome|REACTOME_AMINO_ACIDS_REGULATE_MTORC1,Reactome,REACTOME_AMINO_ACIDS_REGULATE_MTORC1,"AAs Regulate
MTORC1",20,-1.32,-1.134,0.349,0.5801,NS,FALSE,FALSE
GOBP|GOBP_NEGATIVE_REGULATION_OF_PROTEIN_MODIFICATION_PROCESS,GOBP,GOBP_NEGATIVE_REGULATION_OF_PROTEIN_MODIFICATION_PROCESS,"Negative Reg.
Protein Mod.
Process",54,-1.626,-0.827,0.05169,0.9387,NS,FALSE,FALSE
GOBP|GOBP_ENDOTHELIAL_CELL_PROLIFERATION,GOBP,GOBP_ENDOTHELIAL_CELL_PROLIFERATION,"Endothelial
Cell
Proliferation",28,1.256,1.195,0.3914,0.4793,NS,FALSE,FALSE
GOBP|GOBP_KIDNEY_EPITHELIUM_DEVELOPMENT,GOBP,GOBP_KIDNEY_EPITHELIUM_DEVELOPMENT,"Kidney
Epithelium
Development",17,1.104,1.346,0.5559,0.3927,NS,FALSE,FALSE
GOBP|GOBP_ARTERY_DEVELOPMENT,GOBP,GOBP_ARTERY_DEVELOPMENT,"Artery
Development",15,0.986,1.462,0.7118,0.2672,NS,FALSE,FALSE
GOBP|GOBP_NUCLEOBASE_METABOLIC_PROCESS,GOBP,GOBP_NUCLEOBASE_METABOLIC_PROCESS,"Nucleobase
Metabolism",21,-1.133,-1.315,0.5197,0.3716,NS,FALSE,FALSE
GOBP|GOBP_OLIGODENDROCYTE_DIFFERENTIATION,GOBP,GOBP_OLIGODENDROCYTE_DIFFERENTIATION,"Oligodendrocyte
Differentiation",18,-1.275,-1.168,0.3521,0.5238,NS,FALSE,FALSE
GOBP|GOBP_GLUTATHIONE_METABOLIC_PROCESS,GOBP,GOBP_GLUTATHIONE_METABOLIC_PROCESS,"Glutathione
Metabolism",26,-1.217,-1.225,0.3917,0.4419,NS,FALSE,FALSE
GOBP|GOBP_NEGATIVE_REGULATION_OF_PROTEIN_LOCALIZATION,GOBP,GOBP_NEGATIVE_REGULATION_OF_PROTEIN_LOCALIZATION,"Negative
Reg. Protein
Localization",54,-1.324,-1.118,0.2248,0.5582,NS,FALSE,FALSE
GOBP|GOBP_REGULATION_OF_PROTEIN_TARGETING,GOBP,GOBP_REGULATION_OF_PROTEIN_TARGETING,"Reg. Protein
Targeting",29,-1.138,-1.304,0.4822,0.3642,NS,FALSE,FALSE
GOBP|GOBP_PEPTIDE_METABOLIC_PROCESS,GOBP,GOBP_PEPTIDE_METABOLIC_PROCESS,"Peptide
Metabolism",22,-1.191,-1.25,0.4495,0.4461,NS,FALSE,FALSE
GOBP|GOBP_CELLULAR_COMPONENT_DISASSEMBLY,GOBP,GOBP_CELLULAR_COMPONENT_DISASSEMBLY,"Cellular
Component
Disassembly",141,-1.329,-1.111,0.1088,0.4793,NS,FALSE,FALSE
Reactome|REACTOME_SIGNALING_BY_FGFR2,Reactome,REACTOME_SIGNALING_BY_FGFR2,"Signaling By
Fgfr2",20,-1.165,-1.275,0.5017,0.4356,NS,FALSE,FALSE
GOBP|GOBP_REGULATION_OF_NEUROTRANSMITTER_TRANSPORT,GOBP,GOBP_REGULATION_OF_NEUROTRANSMITTER_TRANSPORT,"Reg.
Neurotransmitter
Transport",22,-1.307,-1.132,0.338,0.5754,NS,FALSE,FALSE
KEGG_Legacy|KEGG_FATTY_ACID_METABOLISM,KEGG_Legacy,KEGG_FATTY_ACID_METABOLISM,FA Metabolism,28,1.572,0.866,0.08186,0.8865,NS,FALSE,FALSE
Reactome|REACTOME_TOLL_LIKE_RECEPTOR_CASCADES,Reactome,REACTOME_TOLL_LIKE_RECEPTOR_CASCADES,"Toll Like
Receptor
Cascades",38,-1.186,-1.252,0.4298,0.4103,NS,FALSE,FALSE
GOBP|GOBP_REGULATION_OF_INTRACELLULAR_STEROID_HORMONE_RECEPTOR_SIGNALING_PATHWAY,GOBP,GOBP_REGULATION_OF_INTRACELLULAR_STEROID_HORMONE_RECEPTOR_SIGNALING_PATHWAY,"Reg. Intracell.
Steroid Hormone
Receptor
Signaling",17,-1.332,-1.105,0.3224,0.614,NS,FALSE,FALSE
GOBP|GOBP_REGULATION_OF_TRANSLATIONAL_INITIATION,GOBP,GOBP_REGULATION_OF_TRANSLATIONAL_INITIATION,"Reg.
Translational
Initiation",49,-1.244,-1.193,0.3179,0.4558,NS,FALSE,FALSE
GOBP|GOBP_REGULATION_OF_AMIDE_METABOLIC_PROCESS,GOBP,GOBP_REGULATION_OF_AMIDE_METABOLIC_PROCESS,"Reg. Amide
Metabolism",27,1.293,1.143,0.3576,0.5723,NS,FALSE,FALSE
GOBP|GOBP_REGULATION_OF_ORGANIC_ACID_TRANSPORT,GOBP,GOBP_REGULATION_OF_ORGANIC_ACID_TRANSPORT,"Reg. Organic
Acid Transport",16,1.21,1.226,0.4666,0.4993,NS,FALSE,FALSE
GOBP|GOBP_PLATELET_ACTIVATION,GOBP,GOBP_PLATELET_ACTIVATION,"Platelet
Activation",26,0.996,1.439,0.6884,0.239,NS,FALSE,FALSE
GOBP|GOBP_REGULATION_OF_CALCIUM_MEDIATED_SIGNALING,GOBP,GOBP_REGULATION_OF_CALCIUM_MEDIATED_SIGNALING,"Reg. Calcium
Mediated
Signaling",23,-1.413,-1.019,0.2525,0.7335,NS,FALSE,FALSE
GOBP|GOBP_RRNA_METABOLIC_PROCESS,GOBP,GOBP_RRNA_METABOLIC_PROCESS,rRNA Metabolism,49,-1.467,-0.965,0.1399,0.8082,NS,FALSE,FALSE
GOBP|GOBP_ALCOHOL_METABOLIC_PROCESS,GOBP,GOBP_ALCOHOL_METABOLIC_PROCESS,"Alcohol
Metabolism",91,1.225,-1.205,0.3278,0.3693,NS,TRUE,FALSE
GOBP|GOBP_RESPONSE_TO_ACID_CHEMICAL,GOBP,GOBP_RESPONSE_TO_ACID_CHEMICAL,"Resp. to Acid
Chemical",43,-1.187,-1.243,0.4294,0.4197,NS,FALSE,FALSE
GOBP|GOBP_REGULATION_OF_PROTEIN_STABILITY,GOBP,GOBP_REGULATION_OF_PROTEIN_STABILITY,"Reg. Protein
Stability",123,-1.163,-1.266,0.3335,0.2329,NS,FALSE,FALSE
GOBP|GOBP_DNA_DAMAGE_RESPONSE_SIGNAL_TRANSDUCTION_BY_P53_CLASS_MEDIATOR,GOBP,GOBP_DNA_DAMAGE_RESPONSE_SIGNAL_TRANSDUCTION_BY_P53_CLASS_MEDIATOR,"DNA Damage
Response Signal
Transduction
By p53 Class
Mediator",15,-1.206,1.219,0.4552,0.5046,NS,TRUE,FALSE
GOBP|GOBP_D_GLUCOSE_IMPORT,GOBP,GOBP_D_GLUCOSE_IMPORT,"D Glucose
Import",22,-1.474,-0.948,0.206,0.8131,NS,FALSE,FALSE
GOBP|GOBP_NEGATIVE_REGULATION_OF_PROTEASOMAL_PROTEIN_CATABOLIC_PROCESS,GOBP,GOBP_NEGATIVE_REGULATION_OF_PROTEASOMAL_PROTEIN_CATABOLIC_PROCESS,"Negative
Reg. Proteas.
Protein
Catabolism",25,-1.152,-1.27,0.4628,0.419,NS,FALSE,FALSE
GO_Slim|CARBOHYDRATE_METABOLIC_PROCESS,GO_Slim,carbohydrate metabolic process,"Carbohydrate
Metabolism",183,1.281,1.139,0.1843,0.427,NS,FALSE,FALSE
Reactome|REACTOME_ACTIVATION_OF_THE_MRNA_UPON_BINDING_OF_THE_CAP_BINDING_COMPLEX_AND_EIFS_AND_SUBSEQUENT_BINDING_TO_43S,Reactome,REACTOME_ACTIVATION_OF_THE_MRNA_UPON_BINDING_OF_THE_CAP_BINDING_COMPLEX_AND_EIFS_AND_SUBSEQUENT_BINDING_TO_43S,"Activation Of
The mRNA Upon
Binding Of The
Cap Binding
Complex & Eifs
& Subsequent
Binding To 43s",54,-1.388,-1.031,0.1732,0.704,NS,FALSE,FALSE
Hallmark|HALLMARK_INTERFERON_ALPHA_RESPONSE,Hallmark,HALLMARK_INTERFERON_ALPHA_RESPONSE,"Interferon
Alpha Response",18,1.324,1.094,0.3495,0.6391,NS,FALSE,FALSE
GOBP|GOBP_REGULATION_OF_PHOSPHORYLATION,GOBP,GOBP_REGULATION_OF_PHOSPHORYLATION,Reg. Phosph.,79,-1.294,-1.123,0.2197,0.5247,NS,FALSE,FALSE
GOBP|GOBP_REGULATION_OF_ACTIN_FILAMENT_BUNDLE_ASSEMBLY,GOBP,GOBP_REGULATION_OF_ACTIN_FILAMENT_BUNDLE_ASSEMBLY,"Reg. Actin
Filament Bundle
Assembly",32,-1.305,-1.11,0.3005,0.595,NS,FALSE,FALSE
GO_Slim|AUTOPHAGY,GO_Slim,autophagy,Autophagy,196,-1.119,-1.296,0.4127,0.148,NS,FALSE,FALSE
Reactome|REACTOME_TRANS_GOLGI_NETWORK_VESICLE_BUDDING,Reactome,REACTOME_TRANS_GOLGI_NETWORK_VESICLE_BUDDING,"Trans Golgi
Network Vesicle
Budding",34,0.737,1.678,0.9716,0.06009,NS,FALSE,FALSE
GOBP|GOBP_NUCLEUS_LOCALIZATION,GOBP,GOBP_NUCLEUS_LOCALIZATION,"Nucleus
Localization",15,-1.54,0.873,0.1875,0.872,NS,TRUE,FALSE
Reactome|REACTOME_ENDOSOMAL_SORTING_COMPLEX_REQUIRED_FOR_TRANSPORT_ESCRT,Reactome,REACTOME_ENDOSOMAL_SORTING_COMPLEX_REQUIRED_FOR_TRANSPORT_ESCRT,"Endosomal
Sorting Complex
Required For
Transport Escrt",19,-1.175,-1.238,0.4644,0.4669,NS,FALSE,FALSE
GOBP|GOBP_REGULATION_OF_AMYLOID_PRECURSOR_PROTEIN_CATABOLIC_PROCESS,GOBP,GOBP_REGULATION_OF_AMYLOID_PRECURSOR_PROTEIN_CATABOLIC_PROCESS,"Reg. Amyloid
Precursor
Protein
Catabolism",15,-1.144,-1.269,0.5206,0.4175,NS,FALSE,FALSE
GOBP|GOBP_CELLULAR_RESPONSE_TO_ACID_CHEMICAL,GOBP,GOBP_CELLULAR_RESPONSE_TO_ACID_CHEMICAL,"Cellular
Resp. to Acid
Chemical",30,-1.33,-1.082,0.2635,0.6391,NS,FALSE,FALSE
GOBP|GOBP_RESPONSE_TO_HEAT,GOBP,GOBP_RESPONSE_TO_HEAT,Resp. to Heat,46,-1.203,-1.209,0.3935,0.4594,NS,FALSE,FALSE
GOBP|GOBP_REGULATION_OF_DNA_REPLICATION,GOBP,GOBP_REGULATION_OF_DNA_REPLICATION,"Reg. DNA
Replication",19,1.153,1.257,0.5225,0.4419,NS,FALSE,FALSE
GOBP|GOBP_SCHWANN_CELL_DIFFERENTIATION,GOBP,GOBP_SCHWANN_CELL_DIFFERENTIATION,"Schwann Cell
Differentiation",22,-1.322,-1.088,0.3236,0.6432,NS,FALSE,FALSE
GOBP|GOBP_CARDIOCYTE_DIFFERENTIATION,GOBP,GOBP_CARDIOCYTE_DIFFERENTIATION,"Cardiocyte
Differentiation",38,-1.534,0.875,0.1264,0.9016,NS,TRUE,FALSE
GOBP|GOBP_ESTABLISHMENT_OF_CELL_POLARITY,GOBP,GOBP_ESTABLISHMENT_OF_CELL_POLARITY,"Establishment
Of Cell
Polarity",35,1.015,1.394,0.6727,0.2397,NS,FALSE,FALSE
Reactome|REACTOME_ISG15_ANTIVIRAL_MECHANISM,Reactome,REACTOME_ISG15_ANTIVIRAL_MECHANISM,"Isg15 Antiviral
Mechanism",27,-0.988,-1.421,0.7097,0.2168,NS,FALSE,FALSE
GOBP|GOBP_CELL_COMMUNICATION_BY_ELECTRICAL_COUPLING,GOBP,GOBP_CELL_COMMUNICATION_BY_ELECTRICAL_COUPLING,"Cell
Communication
By Electrical
Coupling",16,-0.927,1.481,0.7694,0.242,NS,TRUE,FALSE
GOBP|GOBP_TOR_SIGNALING,GOBP,GOBP_TOR_SIGNALING,Tor Signaling,56,-1.244,-1.164,0.3009,0.4823,NS,FALSE,FALSE
GOBP|GOBP_MEMBRANE_REPOLARIZATION,GOBP,GOBP_MEMBRANE_REPOLARIZATION,"Membrane
Repolarization",16,-1.378,1.028,0.2846,0.7236,NS,TRUE,FALSE
GOBP|GOBP_REGULATION_OF_INFLAMMATORY_RESPONSE,GOBP,GOBP_REGULATION_OF_INFLAMMATORY_RESPONSE,"Reg.
Inflammatory
Response",58,-1.395,-1.009,0.1769,0.7504,NS,FALSE,FALSE
GOBP|GOBP_PERIPHERAL_NERVOUS_SYSTEM_DEVELOPMENT,GOBP,GOBP_PERIPHERAL_NERVOUS_SYSTEM_DEVELOPMENT,"Peripheral
Nervous System
Development",25,-1.343,-1.06,0.2703,0.6808,NS,FALSE,FALSE
GOBP|GOBP_ALPHA_BETA_T_CELL_ACTIVATION,GOBP,GOBP_ALPHA_BETA_T_CELL_ACTIVATION,"Alpha Beta T
Cell Activation",38,-1.262,-1.139,0.3414,0.5738,NS,FALSE,FALSE
Reactome|REACTOME_SUMOYLATION,Reactome,REACTOME_SUMOYLATION,Sumoylation,25,-0.987,-1.414,0.712,0.242,NS,FALSE,FALSE
GOBP|GOBP_MALE_SEX_DIFFERENTIATION,GOBP,GOBP_MALE_SEX_DIFFERENTIATION,"Male Sex
Differentiation",20,-1.32,-1.079,0.349,0.6432,NS,FALSE,FALSE
GOBP|GOBP_MONONUCLEAR_CELL_MIGRATION,GOBP,GOBP_MONONUCLEAR_CELL_MIGRATION,"Mononuclear
Cell Migration",41,1.287,1.111,0.2969,0.5754,NS,FALSE,FALSE
GOBP|GOBP_ADAPTIVE_IMMUNE_RESPONSE_BASED_ON_SOMATIC_RECOMBINATION_OF_IMMUNE_RECEPTORS_BUILT_FROM_IMMUNOGLOBULIN_SUPERFAMILY_DOMAINS,GOBP,GOBP_ADAPTIVE_IMMUNE_RESPONSE_BASED_ON_SOMATIC_RECOMBINATION_OF_IMMUNE_RECEPTORS_BUILT_FROM_IMMUNOGLOBULIN_SUPERFAMILY_DOMAINS,"Adaptive Immune
Response Based
On Somatic
Recombination
Of Immune
Receptors
Built From
Immunoglobulin
Superfamily
Domains",45,-1.229,-1.168,0.3609,0.5024,NS,FALSE,FALSE
GOBP|GOBP_AMINO_ACID_BIOSYNTHETIC_PROCESS,GOBP,GOBP_AMINO_ACID_BIOSYNTHETIC_PROCESS,AA Biosynthesis,24,1.1,-1.297,0.5678,0.3789,NS,TRUE,FALSE
GOBP|GOBP_PHOSPHATIDYLINOSITOL_METABOLIC_PROCESS,GOBP,GOBP_PHOSPHATIDYLINOSITOL_METABOLIC_PROCESS,"Phosphatidylinositol
Metabolism",20,-1.128,-1.269,0.5257,0.4419,NS,FALSE,FALSE
Reactome|REACTOME_METABOLISM_OF_WATER_SOLUBLE_VITAMINS_AND_COFACTORS,Reactome,REACTOME_METABOLISM_OF_WATER_SOLUBLE_VITAMINS_AND_COFACTORS,"Metabolism Of
Water Soluble
Vitamins &
Cofactors",44,1.12,1.276,0.4978,0.3791,NS,FALSE,FALSE
GOBP|GOBP_NEGATIVE_REGULATION_OF_NERVOUS_SYSTEM_DEVELOPMENT,GOBP,GOBP_NEGATIVE_REGULATION_OF_NERVOUS_SYSTEM_DEVELOPMENT,"Negative Reg.
Nervous System
Development",16,1.133,1.261,0.5442,0.4557,NS,FALSE,FALSE
Reactome|REACTOME_INTERLEUKIN_12_FAMILY_SIGNALING,Reactome,REACTOME_INTERLEUKIN_12_FAMILY_SIGNALING,"Interleukin
12 Family
Signaling",30,1.325,1.068,0.3127,0.6668,NS,FALSE,FALSE
GOBP|GOBP_REGULATION_OF_LIPID_METABOLIC_PROCESS,GOBP,GOBP_REGULATION_OF_LIPID_METABOLIC_PROCESS,"Reg. Lipid
Metabolism",73,1.058,1.334,0.6083,0.2341,NS,FALSE,FALSE
GOBP|GOBP_MYELOID_LEUKOCYTE_MIGRATION,GOBP,GOBP_MYELOID_LEUKOCYTE_MIGRATION,"Myeloid
Leukocyte
Migration",37,1.191,1.2,0.4318,0.4581,NS,FALSE,FALSE
GOBP|GOBP_CELL_CYCLE_G2_M_PHASE_TRANSITION,GOBP,GOBP_CELL_CYCLE_G2_M_PHASE_TRANSITION,"Cell Cycle
G2 M Phase
Transition",23,-1.123,-1.266,0.5408,0.4365,NS,FALSE,FALSE
GOBP|GOBP_REGULATION_OF_CELL_KILLING,GOBP,GOBP_REGULATION_OF_CELL_KILLING,"Reg. Cell
Killing",16,-1.167,-1.22,0.4722,0.4818,NS,FALSE,FALSE
Reactome|REACTOME_SLC_MEDIATED_TRANSMEMBRANE_TRANSPORT,Reactome,REACTOME_SLC_MEDIATED_TRANSMEMBRANE_TRANSPORT,"Slc Mediated
Transmembrane
Transport",18,1.472,0.91,0.2273,0.8381,NS,FALSE,FALSE
GOBP|GOBP_REGULATION_OF_VACUOLE_ORGANIZATION,GOBP,GOBP_REGULATION_OF_VACUOLE_ORGANIZATION,"Reg. Vacuole
Org.",20,-1.13,-1.252,0.5231,0.4573,NS,FALSE,FALSE
GOBP|GOBP_FATTY_ACID_BIOSYNTHETIC_PROCESS,GOBP,GOBP_FATTY_ACID_BIOSYNTHETIC_PROCESS,FA Biosynthesis,50,1.331,1.05,0.265,0.6754,NS,FALSE,FALSE
GO_Slim|PROTEIN_CONTAINING_COMPLEX_ASSEMBLY,GO_Slim,protein-containing complex assembly,"Protein-Containing
Complex
Assembly",430,1.173,1.207,0.2367,0.195,NS,FALSE,FALSE
GOBP|GOBP_MYOBLAST_DIFFERENTIATION,GOBP,GOBP_MYOBLAST_DIFFERENTIATION,"Myoblast
Differentiation",21,-1.722,0.653,0.06666,0.9982,NS,TRUE,FALSE
GOBP|GOBP_PROTEIN_LOCALIZATION_TO_CELL_PERIPHERY,GOBP,GOBP_PROTEIN_LOCALIZATION_TO_CELL_PERIPHERY,"Protein
Localization To
Cell Periphery",101,-1.489,-0.882,0.06198,0.9256,NS,FALSE,FALSE
KEGG_Legacy|KEGG_CHRONIC_MYELOID_LEUKEMIA,KEGG_Legacy,KEGG_CHRONIC_MYELOID_LEUKEMIA,"Chronic Myeloid
Leukemia",21,-1.138,-1.229,0.5197,0.4703,NS,FALSE,FALSE
Reactome|REACTOME_SRP_DEPENDENT_COTRANSLATIONAL_PROTEIN_TARGETING_TO_MEMBRANE,Reactome,REACTOME_SRP_DEPENDENT_COTRANSLATIONAL_PROTEIN_TARGETING_TO_MEMBRANE,"Srp Dependent
Cotranslational
Protein
Targeting To
Membrane",88,-1.396,0.971,0.1629,0.7825,NS,TRUE,FALSE
GOBP|GOBP_MUSCLE_CELL_MIGRATION,GOBP,GOBP_MUSCLE_CELL_MIGRATION,"Muscle Cell
Migration",19,1.028,1.338,0.6338,0.3534,NS,FALSE,FALSE
Reactome|REACTOME_RHOD_GTPASE_CYCLE,Reactome,REACTOME_RHOD_GTPASE_CYCLE,"Rhod GTPase
Cycle",23,1.128,1.238,0.5442,0.4473,NS,FALSE,FALSE
Reactome|REACTOME_GENE_AND_PROTEIN_EXPRESSION_BY_JAK_STAT_SIGNALING_AFTER_INTERLEUKIN_12_STIMULATION,Reactome,REACTOME_GENE_AND_PROTEIN_EXPRESSION_BY_JAK_STAT_SIGNALING_AFTER_INTERLEUKIN_12_STIMULATION,"Gene & Protein
Expression
By JAK Stat
Signaling After
Interleukin 12
Stimulation",25,1.352,1.013,0.2998,0.7368,NS,FALSE,FALSE
GOBP|GOBP_PROTEIN_LOCALIZATION_TO_PLASMA_MEMBRANE,GOBP,GOBP_PROTEIN_LOCALIZATION_TO_PLASMA_MEMBRANE,"PM Protein
Localization",83,-1.438,0.926,0.09449,0.8536,NS,TRUE,FALSE
GO_Slim|PROTEIN_LOCALIZATION_TO_PLASMA_MEMBRANE,GO_Slim,protein localization to plasma membrane,"PM Protein
Localization",83,-1.438,0.926,0.09449,0.8536,NS,TRUE,FALSE
GOBP|GOBP_REGULATION_OF_HEMOPOIESIS,GOBP,GOBP_REGULATION_OF_HEMOPOIESIS,"Reg.
Hemopoiesis",64,-1.162,-1.201,0.4209,0.4386,NS,FALSE,FALSE
KEGG_Legacy|KEGG_ADIPOCYTOKINE_SIGNALING_PATHWAY,KEGG_Legacy,KEGG_ADIPOCYTOKINE_SIGNALING_PATHWAY,"Adipocytokine
Signaling",24,1.242,1.121,0.4294,0.597,NS,FALSE,FALSE
GOBP|GOBP_POSITIVE_REGULATION_OF_NERVOUS_SYSTEM_DEVELOPMENT,GOBP,GOBP_POSITIVE_REGULATION_OF_NERVOUS_SYSTEM_DEVELOPMENT,"Positive Reg.
Nervous System
Development",39,-1.309,-1.053,0.2581,0.6847,NS,FALSE,FALSE
GOBP|GOBP_POSITIVE_REGULATION_OF_NEUROGENESIS,GOBP,GOBP_POSITIVE_REGULATION_OF_NEUROGENESIS,"Positive Reg.
Neurogenesis",39,-1.309,-1.053,0.2581,0.6847,NS,FALSE,FALSE
Reactome|REACTOME_SENSORY_PROCESSING_OF_SOUND,Reactome,REACTOME_SENSORY_PROCESSING_OF_SOUND,"Sensory
Processing Of
Sound",17,-0.926,1.436,0.7717,0.2805,NS,TRUE,FALSE
GOBP|GOBP_ENDOTHELIAL_CELL_DEVELOPMENT,GOBP,GOBP_ENDOTHELIAL_CELL_DEVELOPMENT,"Endothelial
Cell
Development",21,-0.878,1.483,0.8178,0.2168,NS,TRUE,FALSE
GOBP|GOBP_RESPONSE_TO_CARBOHYDRATE,GOBP,GOBP_RESPONSE_TO_CARBOHYDRATE,"Resp. to
Carbohydrate",59,-1.13,-1.227,0.4936,0.4175,NS,FALSE,FALSE
GOBP|GOBP_DETECTION_OF_ABIOTIC_STIMULUS,GOBP,GOBP_DETECTION_OF_ABIOTIC_STIMULUS,"Detection
Of Abiotic
Stimulus",16,-1.339,-1.017,0.3157,0.7411,NS,FALSE,FALSE
GOBP|GOBP_POSITIVE_REGULATION_OF_PROTEIN_POLYMERIZATION,GOBP,GOBP_POSITIVE_REGULATION_OF_PROTEIN_POLYMERIZATION,"Positive
Reg. Protein
Polymerization",35,-1.339,-1.017,0.2497,0.7246,NS,FALSE,FALSE
GOBP|GOBP_TRANSITION_METAL_ION_TRANSPORT,GOBP,GOBP_TRANSITION_METAL_ION_TRANSPORT,"Transition
Metal Ion
Transport",22,0.995,1.359,0.6884,0.3306,NS,FALSE,FALSE
Reactome|REACTOME_ANTIGEN_PRESENTATION_FOLDING_ASSEMBLY_AND_PEPTIDE_LOADING_OF_CLASS_I_MHC,Reactome,REACTOME_ANTIGEN_PRESENTATION_FOLDING_ASSEMBLY_AND_PEPTIDE_LOADING_OF_CLASS_I_MHC,"Antigen
Presentation
Folding
Assembly &
Peptide Loading
Of Class I Mhc",18,0.809,1.544,0.9198,0.2128,NS,FALSE,FALSE
KEGG_Legacy|KEGG_RIBOSOME,KEGG_Legacy,KEGG_RIBOSOME,Ribosome,71,-1.097,1.256,0.5354,0.3351,NS,TRUE,FALSE
GOBP|GOBP_POSITIVE_REGULATION_OF_PROTEIN_CATABOLIC_PROCESS,GOBP,GOBP_POSITIVE_REGULATION_OF_PROTEIN_CATABOLIC_PROCESS,"Positive
Reg. Protein
Catabolism",68,-1.138,-1.212,0.4495,0.4481,NS,FALSE,FALSE
GOBP|GOBP_CELL_RECOGNITION,GOBP,GOBP_CELL_RECOGNITION,"Cell
Recognition",30,0.88,1.468,0.8317,0.2128,NS,FALSE,FALSE
GOBP|GOBP_ESTABLISHMENT_OF_ENDOTHELIAL_BARRIER,GOBP,GOBP_ESTABLISHMENT_OF_ENDOTHELIAL_BARRIER,"Establishment
Of Endothelial
Barrier",17,0.829,1.519,0.8967,0.2202,NS,FALSE,FALSE
GOBP|GOBP_NEGATIVE_REGULATION_OF_MACROAUTOPHAGY,GOBP,GOBP_NEGATIVE_REGULATION_OF_MACROAUTOPHAGY,"Negative Reg.
Macroautophagy",15,1.183,1.164,0.4917,0.5826,NS,FALSE,FALSE
GOBP|GOBP_LYMPHOCYTE_ACTIVATION_INVOLVED_IN_IMMUNE_RESPONSE,GOBP,GOBP_LYMPHOCYTE_ACTIVATION_INVOLVED_IN_IMMUNE_RESPONSE,"Lymphocyte
Activation
Involved In
Immune Response",36,-1.188,-1.158,0.4298,0.5285,NS,FALSE,FALSE
GOBP|GOBP_INTRACELLULAR_IRON_ION_HOMEOSTASIS,GOBP,GOBP_INTRACELLULAR_IRON_ION_HOMEOSTASIS,"Intracell. Iron
Ion Homeostasis",29,1.274,1.071,0.3795,0.6682,NS,FALSE,FALSE
KEGG_Legacy|KEGG_CARDIAC_MUSCLE_CONTRACTION,KEGG_Legacy,KEGG_CARDIAC_MUSCLE_CONTRACTION,"Cardiac Muscle
Contraction",45,-1.012,1.33,0.6729,0.258,NS,TRUE,FALSE
GOBP|GOBP_INTRACELLULAR_PH_REDUCTION,GOBP,GOBP_INTRACELLULAR_PH_REDUCTION,"Intracell. Ph
Reduction",15,-1.33,-1.011,0.3224,0.7538,NS,FALSE,FALSE
Reactome|REACTOME_ANTIMICROBIAL_MECHANISM_OF_IFN_STIMULATED_GENES,Reactome,REACTOME_ANTIMICROBIAL_MECHANISM_OF_IFN_STIMULATED_GENES,"Antimicrobial
Mechanism Of
IFN Stimulated
Genes",62,-1.092,-1.247,0.5442,0.3785,NS,FALSE,FALSE
GOBP|GOBP_NEGATIVE_REGULATION_OF_INNATE_IMMUNE_RESPONSE,GOBP,GOBP_NEGATIVE_REGULATION_OF_INNATE_IMMUNE_RESPONSE,"Negative Reg.
Innate Immune
Response",17,1.047,1.292,0.6215,0.427,NS,FALSE,FALSE
Reactome|REACTOME_CELLULAR_RESPONSE_TO_HEAT_STRESS,Reactome,REACTOME_CELLULAR_RESPONSE_TO_HEAT_STRESS,"Cellular Resp.
to Heat Stress",50,-1.451,-0.888,0.1843,0.8987,NS,FALSE,FALSE
GOBP|GOBP_CELLULAR_RESPONSE_TO_CARBOHYDRATE_STIMULUS,GOBP,GOBP_CELLULAR_RESPONSE_TO_CARBOHYDRATE_STIMULUS,"Cellular Resp.
to Carbohydrate
Stimulus",34,-1.228,-1.109,0.3705,0.5831,NS,FALSE,FALSE
GOBP|GOBP_GLIOGENESIS,GOBP,GOBP_GLIOGENESIS,Gliogenesis,66,-1.377,-0.959,0.1828,0.8131,NS,FALSE,FALSE
GOBP|GOBP_GLUCOSE_METABOLIC_PROCESS,GOBP,GOBP_GLUCOSE_METABOLIC_PROCESS,"Glucose
Metabolism",83,1.221,1.113,0.3345,0.5582,NS,FALSE,FALSE
GO_Slim|CYTOSKELETON_ORGANIZATION,GO_Slim,cytoskeleton organization,Cytoskel. Org.,376,-1.312,1.022,0.07486,0.6855,NS,TRUE,FALSE
Reactome|REACTOME_TP53_REGULATES_METABOLIC_GENES,Reactome,REACTOME_TP53_REGULATES_METABOLIC_GENES,"Tp53 Regulates
Metabolic Genes",53,1.121,1.213,0.5107,0.4408,NS,FALSE,FALSE
Reactome|REACTOME_MHC_CLASS_II_ANTIGEN_PRESENTATION,Reactome,REACTOME_MHC_CLASS_II_ANTIGEN_PRESENTATION,"Mhc Class
Ii Antigen
Presentation",58,1.072,1.261,0.5519,0.3707,NS,FALSE,FALSE
KEGG_Legacy|KEGG_GLYCEROLIPID_METABOLISM,KEGG_Legacy,KEGG_GLYCEROLIPID_METABOLISM,"Glycerolipid
Metabolism",15,-1.136,-1.195,0.5218,0.5376,NS,FALSE,FALSE
GOBP|GOBP_NUCLEOTIDE_SUGAR_METABOLIC_PROCESS,GOBP,GOBP_NUCLEOTIDE_SUGAR_METABOLIC_PROCESS,"Nucleotide
Sugar
Metabolism",18,1.235,1.093,0.4209,0.6411,NS,FALSE,FALSE
GOBP|GOBP_NEGATIVE_REGULATION_OF_SUPRAMOLECULAR_FIBER_ORGANIZATION,GOBP,GOBP_NEGATIVE_REGULATION_OF_SUPRAMOLECULAR_FIBER_ORGANIZATION,"Negative Reg.
Supramolecular
Fiber Org.",54,-1.333,-0.995,0.2044,0.755,NS,FALSE,FALSE
GOBP|GOBP_APPENDAGE_MORPHOGENESIS,GOBP,GOBP_APPENDAGE_MORPHOGENESIS,"Appendage
Morphogenesis",15,-1.472,0.854,0.2242,0.8909,NS,TRUE,FALSE
GOBP|GOBP_REGULATION_OF_MITOCHONDRION_ORGANIZATION,GOBP,GOBP_REGULATION_OF_MITOCHONDRION_ORGANIZATION,Reg. Mito. Org.,39,1.103,1.222,0.5429,0.4443,NS,FALSE,FALSE
GOBP|GOBP_RNA_SPLICING_VIA_TRANSESTERIFICATION_REACTIONS,GOBP,GOBP_RNA_SPLICING_VIA_TRANSESTERIFICATION_REACTIONS,"RNA
Splicing Via
Transesterification
Reactions",81,-1.401,-0.924,0.1557,0.8869,NS,FALSE,FALSE
GOBP|GOBP_REGULATION_OF_MEMBRANE_POTENTIAL,GOBP,GOBP_REGULATION_OF_MEMBRANE_POTENTIAL,"Reg. Membrane
Potential",86,-1.386,-0.939,0.1875,0.858,NS,FALSE,FALSE
Hallmark|HALLMARK_E2F_TARGETS,Hallmark,HALLMARK_E2F_TARGETS,E2F Targets,43,-1.078,-1.245,0.5814,0.4175,NS,FALSE,FALSE
Hallmark|HALLMARK_ESTROGEN_RESPONSE_LATE,Hallmark,HALLMARK_ESTROGEN_RESPONSE_LATE,"Estrogen
Response Late",40,1.048,1.273,0.6373,0.3554,NS,FALSE,FALSE
GOBP|GOBP_REGULATION_OF_MITOCHONDRIAL_MEMBRANE_PERMEABILITY,GOBP,GOBP_REGULATION_OF_MITOCHONDRIAL_MEMBRANE_PERMEABILITY,"Reg. Mito.
Membrane
Permeability",21,1.049,1.271,0.6285,0.4175,NS,FALSE,FALSE
Reactome|REACTOME_HOMOLOGY_DIRECTED_REPAIR,Reactome,REACTOME_HOMOLOGY_DIRECTED_REPAIR,"Homology
Directed Repair",15,-0.991,-1.329,0.6884,0.3554,NS,FALSE,FALSE
KEGG_Legacy|KEGG_ACUTE_MYELOID_LEUKEMIA,KEGG_Legacy,KEGG_ACUTE_MYELOID_LEUKEMIA,"Acute Myeloid
Leukemia",18,-1.117,-1.202,0.542,0.4903,NS,FALSE,FALSE
GOBP|GOBP_MONOSACCHARIDE_TRANSMEMBRANE_TRANSPORT,GOBP,GOBP_MONOSACCHARIDE_TRANSMEMBRANE_TRANSPORT,"Monosaccharide
Transmembrane
Transport",24,-1.435,-0.883,0.2219,0.8937,NS,FALSE,FALSE
GOBP|GOBP_GLUCAN_BIOSYNTHETIC_PROCESS,GOBP,GOBP_GLUCAN_BIOSYNTHETIC_PROCESS,"Glucan
Biosynthesis",20,1.151,1.164,0.5064,0.534,NS,FALSE,FALSE
GOBP|GOBP_LYTIC_VACUOLE_ORGANIZATION,GOBP,GOBP_LYTIC_VACUOLE_ORGANIZATION,"Lytic Vacuole
Org.",37,-1.221,-1.093,0.3914,0.6349,NS,FALSE,FALSE
GOBP|GOBP_REGULATION_OF_SYNCYTIUM_FORMATION_BY_PLASMA_MEMBRANE_FUSION,GOBP,GOBP_REGULATION_OF_SYNCYTIUM_FORMATION_BY_PLASMA_MEMBRANE_FUSION,"Reg. Syncytium
Formation By
Plasma Membrane
Fusion",45,-0.989,1.321,0.7068,0.2666,NS,TRUE,FALSE
Reactome|REACTOME_PKR_MEDIATED_SIGNALING,Reactome,REACTOME_PKR_MEDIATED_SIGNALING,"Pkr Mediated
Signaling",33,-1.189,-1.121,0.4314,0.58,NS,FALSE,FALSE
GOBP|GOBP_NUCLEAR_TRANSCRIBED_MRNA_CATABOLIC_PROCESS_DEADENYLATION_DEPENDENT_DECAY,GOBP,GOBP_NUCLEAR_TRANSCRIBED_MRNA_CATABOLIC_PROCESS_DEADENYLATION_DEPENDENT_DECAY,"Nuclear
Transcribed
mRNA Catabolism
Deadenylation
Dependent Decay",20,-1.132,-1.176,0.5215,0.5242,NS,FALSE,FALSE
GOBP|GOBP_PROTEIN_PROCESSING,GOBP,GOBP_PROTEIN_PROCESSING,"Protein
Processing",46,1.059,1.249,0.6096,0.4017,NS,FALSE,FALSE
GOBP|GOBP_POSITIVE_REGULATION_OF_PHOSPHORYLATION,GOBP,GOBP_POSITIVE_REGULATION_OF_PHOSPHORYLATION,"Positive Reg.
Phosph.",39,-1.155,-1.15,0.4691,0.5486,NS,FALSE,FALSE
GOBP|GOBP_HORMONE_METABOLIC_PROCESS,GOBP,GOBP_HORMONE_METABOLIC_PROCESS,"Hormone
Metabolism",46,1.173,1.131,0.4252,0.5723,NS,FALSE,FALSE
KEGG_Legacy|KEGG_PYRUVATE_METABOLISM,KEGG_Legacy,KEGG_PYRUVATE_METABOLISM,"Pyruvate
Metabolism",31,1.103,-1.201,0.5475,0.4573,NS,TRUE,FALSE
GOBP|GOBP_NEGATIVE_REGULATION_OF_PROTEIN_UBIQUITINATION,GOBP,GOBP_NEGATIVE_REGULATION_OF_PROTEIN_UBIQUITINATION,"Negative
Reg. Protein
Ubiquitination",24,-1.331,-0.971,0.2994,0.7771,NS,FALSE,FALSE
GOBP|GOBP_REGULATION_OF_ENDOPLASMIC_RETICULUM_UNFOLDED_PROTEIN_RESPONSE,GOBP,GOBP_REGULATION_OF_ENDOPLASMIC_RETICULUM_UNFOLDED_PROTEIN_RESPONSE,"Reg.
Endoplasmic
Reticulum UPR",15,-1.113,1.189,0.5442,0.5582,NS,TRUE,FALSE
GOBP|GOBP_REGULATION_OF_SMALL_MOLECULE_METABOLIC_PROCESS,GOBP,GOBP_REGULATION_OF_SMALL_MOLECULE_METABOLIC_PROCESS,"Reg. Small
Molecule
Metabolism",90,1.023,1.279,0.6444,0.258,NS,FALSE,FALSE
KEGG_Legacy|KEGG_PATHWAYS_IN_CANCER,KEGG_Legacy,KEGG_PATHWAYS_IN_CANCER,"Pathways In
Cancer",64,-1.018,-1.283,0.6774,0.3124,NS,FALSE,FALSE
Reactome|REACTOME_CARGO_RECOGNITION_FOR_CLATHRIN_MEDIATED_ENDOCYTOSIS,Reactome,REACTOME_CARGO_RECOGNITION_FOR_CLATHRIN_MEDIATED_ENDOCYTOSIS,"Clathrin
Endocytosis",38,-1.091,-1.21,0.5548,0.4669,NS,FALSE,FALSE
Reactome|REACTOME_LYSOSOME_VESICLE_BIOGENESIS,Reactome,REACTOME_LYSOSOME_VESICLE_BIOGENESIS,"Lysosome
Vesicle
Biogenesis",15,0.793,1.508,0.912,0.2168,NS,FALSE,FALSE
GOBP|GOBP_POSITIVE_REGULATION_OF_CELL_SUBSTRATE_ADHESION,GOBP,GOBP_POSITIVE_REGULATION_OF_CELL_SUBSTRATE_ADHESION,"Positive Reg.
Cell Substrate
Adhesion",33,1.216,1.082,0.4368,0.6391,NS,FALSE,FALSE
Reactome|REACTOME_G_ALPHA_I_SIGNALLING_EVENTS,Reactome,REACTOME_G_ALPHA_I_SIGNALLING_EVENTS,"G Alpha I
Signalling
Events",36,-1.229,-1.069,0.3656,0.6682,NS,FALSE,FALSE
GOBP|GOBP_PHOSPHATIDYLINOSITOL_BIOSYNTHETIC_PROCESS,GOBP,GOBP_PHOSPHATIDYLINOSITOL_BIOSYNTHETIC_PROCESS,"Phosphatidylinositol
Biosynthesis",15,-0.997,-1.3,0.6821,0.391,NS,FALSE,FALSE
GOBP|GOBP_NEGATIVE_REGULATION_OF_CELL_CYCLE,GOBP,GOBP_NEGATIVE_REGULATION_OF_CELL_CYCLE,"Negative Reg.
Cell Cycle",53,-1.321,-0.975,0.2208,0.786,NS,FALSE,FALSE
GOBP|GOBP_ACTIN_POLYMERIZATION_OR_DEPOLYMERIZATION,GOBP,GOBP_ACTIN_POLYMERIZATION_OR_DEPOLYMERIZATION,"Actin
Polymerization
Or
Depolymerization",59,1.034,1.26,0.6282,0.3696,NS,FALSE,FALSE
GOBP|GOBP_NON_PROTEINOGENIC_AMINO_ACID_METABOLIC_PROCESS,GOBP,GOBP_NON_PROTEINOGENIC_AMINO_ACID_METABOLIC_PROCESS,"Non
Proteinogenic
AA Metabolism",17,-0.986,-1.308,0.7097,0.3707,NS,FALSE,FALSE
Hallmark|HALLMARK_HYPOXIA,Hallmark,HALLMARK_HYPOXIA,Hypoxia,68,1.124,1.17,0.4855,0.4769,NS,FALSE,FALSE
GOBP|GOBP_CONNECTIVE_TISSUE_DEVELOPMENT,GOBP,GOBP_CONNECTIVE_TISSUE_DEVELOPMENT,"Connective
Tissue
Development",41,0.912,1.381,0.8196,0.242,NS,FALSE,FALSE
GOBP|GOBP_NEGATIVE_REGULATION_OF_MAPK_CASCADE,GOBP,GOBP_NEGATIVE_REGULATION_OF_MAPK_CASCADE,"Negative Reg.
MAPK Cascade",29,-1.279,-1.014,0.3192,0.7456,NS,FALSE,FALSE
GOBP|GOBP_CELLULAR_RESPONSE_TO_TOXIC_SUBSTANCE,GOBP,GOBP_CELLULAR_RESPONSE_TO_TOXIC_SUBSTANCE,"Cellular
Resp. to Toxic
Substance",58,-1.083,-1.206,0.5999,0.4344,NS,FALSE,FALSE
GOBP|GOBP_REGULATION_OF_EXOCYTOSIS,GOBP,GOBP_REGULATION_OF_EXOCYTOSIS,Reg. Exocytosis,41,-1.055,-1.231,0.6125,0.4481,NS,FALSE,FALSE
GOBP|GOBP_RESPONSE_TO_PURINE_CONTAINING_COMPOUND,GOBP,GOBP_RESPONSE_TO_PURINE_CONTAINING_COMPOUND,"Resp. to Purine
Containing
Compound",36,-1.098,-1.188,0.5643,0.4956,NS,FALSE,FALSE
GOBP|GOBP_DEOXYRIBONUCLEOTIDE_METABOLIC_PROCESS,GOBP,GOBP_DEOXYRIBONUCLEOTIDE_METABOLIC_PROCESS,"Deoxyribonucleotide
Metabolism",21,-1.042,-1.241,0.6282,0.4573,NS,FALSE,FALSE
GOBP|GOBP_MACROAUTOPHAGY,GOBP,GOBP_MACROAUTOPHAGY,Macroautophagy,153,-0.934,-1.349,0.839,0.121,NS,FALSE,FALSE
GOBP|GOBP_PROTEIN_CONTAINING_COMPLEX_LOCALIZATION,GOBP,GOBP_PROTEIN_CONTAINING_COMPLEX_LOCALIZATION,"Protein
Containing
Complex
Localization",23,-1.291,-0.989,0.3484,0.7602,NS,FALSE,FALSE
Reactome|REACTOME_RHO_GTPASE_CYCLE,Reactome,REACTOME_RHO_GTPASE_CYCLE,"Rho GTPase
Cycle",113,1.067,1.211,0.542,0.3642,NS,FALSE,FALSE
GOBP|GOBP_EPITHELIAL_CELL_DEVELOPMENT,GOBP,GOBP_EPITHELIAL_CELL_DEVELOPMENT,"Epithelial Cell
Development",38,-0.895,1.382,0.839,0.2291,NS,TRUE,FALSE
GOBP|GOBP_ALPHA_AMINO_ACID_BIOSYNTHETIC_PROCESS,GOBP,GOBP_ALPHA_AMINO_ACID_BIOSYNTHETIC_PROCESS,"Alpha AA
Biosynthesis",21,0.951,-1.324,0.7419,0.3685,NS,TRUE,FALSE
GOBP|GOBP_NUCLEAR_RECEPTOR_MEDIATED_SIGNALING_PATHWAY,GOBP,GOBP_NUCLEAR_RECEPTOR_MEDIATED_SIGNALING_PATHWAY,"Nuclear
Receptor
Mediated
Signaling",33,-1.099,-1.175,0.5709,0.4945,NS,FALSE,FALSE
GOBP|GOBP_POSITIVE_REGULATION_OF_PROTEIN_CONTAINING_COMPLEX_ASSEMBLY,GOBP,GOBP_POSITIVE_REGULATION_OF_PROTEIN_CONTAINING_COMPLEX_ASSEMBLY,"Positive
Reg. Protein
Containing
Complex
Assembly",64,-1.345,-0.929,0.1716,0.8557,NS,FALSE,FALSE
Reactome|REACTOME_MTOR_SIGNALLING,Reactome,REACTOME_MTOR_SIGNALLING,mTOR Signalling,27,-1.363,-0.91,0.2581,0.8621,NS,FALSE,FALSE
GOBP|GOBP_CELL_COMMUNICATION_INVOLVED_IN_CARDIAC_CONDUCTION,GOBP,GOBP_CELL_COMMUNICATION_INVOLVED_IN_CARDIAC_CONDUCTION,"Cell
Communication
Involved
In Cardiac
Conduction",18,-1.141,1.131,0.5197,0.5976,NS,TRUE,FALSE
GOBP|GOBP_POSITIVE_REGULATION_OF_HYDROLASE_ACTIVITY,GOBP,GOBP_POSITIVE_REGULATION_OF_HYDROLASE_ACTIVITY,"Positive Reg.
Hydrolase
Activity",17,0.974,1.298,0.6991,0.427,NS,FALSE,FALSE
Reactome|REACTOME_SULFUR_AMINO_ACID_METABOLISM,Reactome,REACTOME_SULFUR_AMINO_ACID_METABOLISM,"Sulfur AA
Metabolism",16,1.476,-0.795,0.1938,0.9326,NS,TRUE,FALSE
GOBP|GOBP_REGULATION_OF_CELLULAR_RESPONSE_TO_TRANSFORMING_GROWTH_FACTOR_BETA_STIMULUS,GOBP,GOBP_REGULATION_OF_CELLULAR_RESPONSE_TO_TRANSFORMING_GROWTH_FACTOR_BETA_STIMULUS,"Reg. Cellular
Resp. to
Transforming
Growth Factor
Beta Stimulus",27,-1.191,-1.076,0.4197,0.6435,NS,FALSE,FALSE
GOBP|GOBP_VESICLE_ORGANIZATION,GOBP,GOBP_VESICLE_ORGANIZATION,Vesicle Org.,127,-1.039,-1.228,0.6338,0.2837,NS,FALSE,FALSE
GOBP|GOBP_CANONICAL_NF_KAPPAB_SIGNAL_TRANSDUCTION,GOBP,GOBP_CANONICAL_NF_KAPPAB_SIGNAL_TRANSDUCTION,"Canonical Nf
Kappab Signal
Transduction",75,-1.365,-0.901,0.1765,0.9069,NS,FALSE,FALSE
GOBP|GOBP_PHAGOCYTOSIS,GOBP,GOBP_PHAGOCYTOSIS,Phagocytosis,45,1.045,1.221,0.628,0.4564,NS,FALSE,FALSE
GOBP|GOBP_LEUKOCYTE_CELL_CELL_ADHESION,GOBP,GOBP_LEUKOCYTE_CELL_CELL_ADHESION,"Leukocyte Cell
Adhesion",66,1.111,1.154,0.5032,0.5088,NS,FALSE,FALSE
GOBP|GOBP_POSITIVE_REGULATION_OF_LIPID_LOCALIZATION,GOBP,GOBP_POSITIVE_REGULATION_OF_LIPID_LOCALIZATION,"Positive
Reg. Lipid
Localization",21,1.241,1.019,0.4041,0.7277,NS,FALSE,FALSE
Reactome|REACTOME_CELLULAR_SENESCENCE,Reactome,REACTOME_CELLULAR_SENESCENCE,"Cellular
Senescence",23,-1.105,-1.155,0.5513,0.5478,NS,FALSE,FALSE
GOBP|GOBP_MITOCHONDRIAL_FUSION,GOBP,GOBP_MITOCHONDRIAL_FUSION,Mito. Fusion,16,0.867,1.392,0.8458,0.3158,NS,FALSE,FALSE
GOBP|GOBP_DENDRITIC_SPINE_DEVELOPMENT,GOBP,GOBP_DENDRITIC_SPINE_DEVELOPMENT,"Dendritic Spine
Development",20,-1.134,1.124,0.5203,0.5925,NS,TRUE,FALSE
GOBP|GOBP_CELL_ACTIVATION_INVOLVED_IN_IMMUNE_RESPONSE,GOBP,GOBP_CELL_ACTIVATION_INVOLVED_IN_IMMUNE_RESPONSE,"Cell Activation
Involved In
Immune Response",51,-1.193,-1.064,0.4088,0.6458,NS,FALSE,FALSE
KEGG_Legacy|KEGG_CELL_ADHESION_MOLECULES_CAMS,KEGG_Legacy,KEGG_CELL_ADHESION_MOLECULES_CAMS,"Cell Adhesion
Molecules Cams",15,0.987,1.27,0.7118,0.4581,NS,FALSE,FALSE
GOBP|GOBP_T_CELL_RECEPTOR_SIGNALING_PATHWAY,GOBP,GOBP_T_CELL_RECEPTOR_SIGNALING_PATHWAY,"T Cell Receptor
Signaling",28,1.281,0.976,0.3744,0.7602,NS,FALSE,FALSE
GOBP|GOBP_PIGMENT_METABOLIC_PROCESS,GOBP,GOBP_PIGMENT_METABOLIC_PROCESS,"Pigment
Metabolism",22,1.111,1.145,0.5548,0.5754,NS,FALSE,FALSE
GOBP|GOBP_INTEGRIN_MEDIATED_SIGNALING_PATHWAY,GOBP,GOBP_INTEGRIN_MEDIATED_SIGNALING_PATHWAY,"Integrin
Mediated
Signaling",31,1.162,1.092,0.4781,0.6315,NS,FALSE,FALSE
GOBP|GOBP_PROTEIN_INSERTION_INTO_ER_MEMBRANE,GOBP,GOBP_PROTEIN_INSERTION_INTO_ER_MEMBRANE,"Protein
Insertion Into
Er Membrane",17,-1.359,-0.891,0.291,0.8847,NS,FALSE,FALSE
GOBP|GOBP_NEGATIVE_REGULATION_OF_PROTEOLYSIS_INVOLVED_IN_PROTEIN_CATABOLIC_PROCESS,GOBP,GOBP_NEGATIVE_REGULATION_OF_PROTEOLYSIS_INVOLVED_IN_PROTEIN_CATABOLIC_PROCESS,"Negative Reg.
Proteolysis
Involved
In Protein
Catabolism",30,-0.997,-1.252,0.6999,0.4175,NS,FALSE,FALSE
GOBP|GOBP_REGULATION_OF_PROTEIN_CONTAINING_COMPLEX_DISASSEMBLY,GOBP,GOBP_REGULATION_OF_PROTEIN_CONTAINING_COMPLEX_DISASSEMBLY,"Reg. Protein
Containing
Complex
Disassembly",47,-1.209,-1.04,0.3744,0.7048,NS,FALSE,FALSE
GOBP|GOBP_SIGNAL_TRANSDUCTION_BY_P53_CLASS_MEDIATOR,GOBP,GOBP_SIGNAL_TRANSDUCTION_BY_P53_CLASS_MEDIATOR,"Signal
Transduction
By p53 Class
Mediator",42,-1.319,0.93,0.2497,0.8585,NS,TRUE,FALSE
GOBP|GOBP_APOPTOTIC_MITOCHONDRIAL_CHANGES,GOBP,GOBP_APOPTOTIC_MITOCHONDRIAL_CHANGES,"Apoptotic Mito.
Changes",44,1.081,1.167,0.57,0.4993,NS,FALSE,FALSE
Reactome|REACTOME_INTERLEUKIN_12_SIGNALING,Reactome,REACTOME_INTERLEUKIN_12_SIGNALING,"Interleukin 12
Signaling",27,1.273,0.97,0.3751,0.7661,NS,FALSE,FALSE
GOBP|GOBP_PROTEIN_FOLDING,GOBP,GOBP_PROTEIN_FOLDING,Protein Folding,129,1.266,0.976,0.2345,0.786,NS,FALSE,FALSE
GO_Slim|PROTEIN_FOLDING,GO_Slim,protein folding,Protein Folding,129,1.266,0.976,0.2345,0.786,NS,FALSE,FALSE
Reactome|REACTOME_NONSENSE_MEDIATED_DECAY_NMD,Reactome,REACTOME_NONSENSE_MEDIATED_DECAY_NMD,"Nonsense
Mediated Decay
Nmd",82,-1.407,0.833,0.1444,0.95,NS,TRUE,FALSE
GOBP|GOBP_CARBOHYDRATE_TRANSPORT,GOBP,GOBP_CARBOHYDRATE_TRANSPORT,"Carbohydrate
Transport",25,-1.354,-0.885,0.2581,0.8979,NS,FALSE,FALSE
GOBP|GOBP_POSITIVE_REGULATION_OF_CANONICAL_NF_KAPPAB_SIGNAL_TRANSDUCTION,GOBP,GOBP_POSITIVE_REGULATION_OF_CANONICAL_NF_KAPPAB_SIGNAL_TRANSDUCTION,"Positive Reg.
Canonical Nf
Kappab Signal
Transduction",51,-1.252,0.987,0.3069,0.7655,NS,TRUE,FALSE
GOBP|GOBP_GLIAL_CELL_DIFFERENTIATION,GOBP,GOBP_GLIAL_CELL_DIFFERENTIATION,"Glial Cell
Differentiation",49,-1.296,-0.941,0.2654,0.8381,NS,FALSE,FALSE
GOBP|GOBP_CELLULAR_RESPONSE_TO_ALCOHOL,GOBP,GOBP_CELLULAR_RESPONSE_TO_ALCOHOL,"Cellular Resp.
to Alcohol",22,1.279,0.957,0.3681,0.7861,NS,FALSE,FALSE
GOBP|GOBP_GLYCOPROTEIN_BIOSYNTHETIC_PROCESS,GOBP,GOBP_GLYCOPROTEIN_BIOSYNTHETIC_PROCESS,"Glycoprotein
Biosynthesis",36,-1.416,-0.82,0.1828,0.9379,NS,FALSE,FALSE
GO_Slim|GLYCOPROTEIN_BIOSYNTHETIC_PROCESS,GO_Slim,glycoprotein biosynthetic process,"Glycoprotein
Biosynthesis",36,-1.416,-0.82,0.1828,0.9379,NS,FALSE,FALSE
GOBP|GOBP_PROTEIN_LOCALIZATION_TO_ENDOPLASMIC_RETICULUM,GOBP,GOBP_PROTEIN_LOCALIZATION_TO_ENDOPLASMIC_RETICULUM,"Protein
Localization
To Endoplasmic
Reticulum",16,-1.517,0.718,0.2035,0.9717,NS,TRUE,FALSE
GOBP|GOBP_ENDOTHELIAL_CELL_DIFFERENTIATION,GOBP,GOBP_ENDOTHELIAL_CELL_DIFFERENTIATION,"Endothelial
Cell
Differentiation",25,-0.962,1.272,0.743,0.4128,NS,TRUE,FALSE
GOBP|GOBP_RESPONSE_TO_MONOSACCHARIDE,GOBP,GOBP_RESPONSE_TO_MONOSACCHARIDE,"Resp. to
Monosaccharide",54,-1.095,-1.139,0.5513,0.5159,NS,FALSE,FALSE
GOBP|GOBP_STEROID_HORMONE_RECEPTOR_SIGNALING_PATHWAY,GOBP,GOBP_STEROID_HORMONE_RECEPTOR_SIGNALING_PATHWAY,"Steroid Hormone
Receptor
Signaling",24,-1.098,-1.136,0.5544,0.5716,NS,FALSE,FALSE
GOBP|GOBP_MUSCLE_HYPERTROPHY,GOBP,GOBP_MUSCLE_HYPERTROPHY,"Muscle
Hypertrophy",31,-1.365,0.868,0.2367,0.8979,NS,TRUE,FALSE
GOBP|GOBP_NEURON_PROJECTION_GUIDANCE,GOBP,GOBP_NEURON_PROJECTION_GUIDANCE,"Neuron
Projection
Guidance",26,-1.334,0.895,0.2877,0.8749,NS,TRUE,FALSE
KEGG_Legacy|KEGG_ALANINE_ASPARTATE_AND_GLUTAMATE_METABOLISM,KEGG_Legacy,KEGG_ALANINE_ASPARTATE_AND_GLUTAMATE_METABOLISM,"Alanine
Aspartate
& Glutamate
Metabolism",16,1.276,0.953,0.3945,0.786,NS,FALSE,FALSE
GOBP|GOBP_POSITIVE_REGULATION_OF_INFLAMMATORY_RESPONSE,GOBP,GOBP_POSITIVE_REGULATION_OF_INFLAMMATORY_RESPONSE,"Positive Reg.
Inflammatory
Response",21,-1.095,-1.131,0.569,0.5826,NS,FALSE,FALSE
GOBP|GOBP_MITOTIC_SPINDLE_ASSEMBLY,GOBP,GOBP_MITOTIC_SPINDLE_ASSEMBLY,"Mitotic Spindle
Assembly",22,-1.056,-1.169,0.6111,0.524,NS,FALSE,FALSE
GOBP|GOBP_MITOTIC_SPINDLE_ORGANIZATION,GOBP,GOBP_MITOTIC_SPINDLE_ORGANIZATION,"Mitotic Spindle
Org.",44,-1.318,-0.906,0.2666,0.8769,NS,FALSE,FALSE
GOBP|GOBP_TORC1_SIGNALING,GOBP,GOBP_TORC1_SIGNALING,Torc1 Signaling,38,-1.167,-1.057,0.4495,0.6802,NS,FALSE,FALSE
Reactome|REACTOME_ESR_MEDIATED_SIGNALING,Reactome,REACTOME_ESR_MEDIATED_SIGNALING,"Esr Mediated
Signaling",37,-1.018,-1.206,0.6729,0.4669,NS,FALSE,FALSE
GOBP|GOBP_PROTEIN_REFOLDING,GOBP,GOBP_PROTEIN_REFOLDING,"Protein
Refolding",19,1.013,1.21,0.6662,0.478,NS,FALSE,FALSE
GOBP|GOBP_PURINE_CONTAINING_COMPOUND_CATABOLIC_PROCESS,GOBP,GOBP_PURINE_CONTAINING_COMPOUND_CATABOLIC_PROCESS,"Purine
Containing
Compound
Catabolism",73,1.211,1.012,0.338,0.7437,NS,FALSE,FALSE
GOBP|GOBP_POSITIVE_REGULATION_OF_ORGANELLE_ASSEMBLY,GOBP,GOBP_POSITIVE_REGULATION_OF_ORGANELLE_ASSEMBLY,"Positive Reg.
Organelle
Assembly",26,0.98,1.241,0.6994,0.4365,NS,FALSE,FALSE
GOBP|GOBP_POSITIVE_REGULATION_OF_TOR_SIGNALING,GOBP,GOBP_POSITIVE_REGULATION_OF_TOR_SIGNALING,"Positive Reg.
Tor Signaling",21,-1.294,-0.927,0.3483,0.8329,NS,FALSE,FALSE
KEGG_Legacy|KEGG_LYSINE_DEGRADATION,KEGG_Legacy,KEGG_LYSINE_DEGRADATION,"Lysine
Degradation",16,1.226,0.993,0.4495,0.755,NS,FALSE,FALSE
GOBP|GOBP_CYTOPLASMIC_PATTERN_RECOGNITION_RECEPTOR_SIGNALING_PATHWAY,GOBP,GOBP_CYTOPLASMIC_PATTERN_RECOGNITION_RECEPTOR_SIGNALING_PATHWAY,"Cytoplasmic
Pattern
Recognition
Receptor
Signaling",43,-1.13,-1.088,0.501,0.6335,NS,FALSE,FALSE
GOBP|GOBP_HUMORAL_IMMUNE_RESPONSE,GOBP,GOBP_HUMORAL_IMMUNE_RESPONSE,"Humoral Immune
Response",18,1.209,1.009,0.4303,0.7437,NS,FALSE,FALSE
GO_Slim|REPRODUCTIVE_PROCESS,GO_Slim,reproductive process,"Reproductive
Process",226,-1.216,-1.002,0.1875,0.7437,NS,FALSE,FALSE
GOBP|GOBP_NEGATIVE_REGULATION_OF_TORC1_SIGNALING,GOBP,GOBP_NEGATIVE_REGULATION_OF_TORC1_SIGNALING,"Negative Reg.
Torc1 Signaling",18,-0.942,-1.275,0.7629,0.3987,NS,FALSE,FALSE
GOBP|GOBP_REGULATION_OF_DNA_REPAIR,GOBP,GOBP_REGULATION_OF_DNA_REPAIR,Reg. DNA Repair,34,-1.152,-1.065,0.4808,0.6536,NS,FALSE,FALSE
GOBP|GOBP_REGULATION_OF_STEROID_BIOSYNTHETIC_PROCESS,GOBP,GOBP_REGULATION_OF_STEROID_BIOSYNTHETIC_PROCESS,"Reg. Steroid
Biosynthesis",18,1.053,1.164,0.6125,0.5723,NS,FALSE,FALSE
GOBP|GOBP_REGULATION_OF_EPITHELIAL_CELL_MIGRATION,GOBP,GOBP_REGULATION_OF_EPITHELIAL_CELL_MIGRATION,"Reg. Epithelial
Cell Migration",15,-1.212,-1.004,0.4495,0.755,NS,FALSE,FALSE
GOBP|GOBP_MEMBRANE_FISSION,GOBP,GOBP_MEMBRANE_FISSION,"Membrane
Fission",26,-1.041,-1.174,0.65,0.5084,NS,FALSE,FALSE
GOBP|GOBP_PLASMA_MEMBRANE_ORGANIZATION,GOBP,GOBP_PLASMA_MEMBRANE_ORGANIZATION,"Plasma Membrane
Org.",53,-1.031,1.184,0.6509,0.4793,NS,TRUE,FALSE
KEGG_Legacy|KEGG_PENTOSE_PHOSPHATE_PATHWAY,KEGG_Legacy,KEGG_PENTOSE_PHOSPHATE_PATHWAY,"Pentose
Phosphate
Pathway",19,-0.951,-1.263,0.7416,0.4557,NS,FALSE,FALSE
Reactome|REACTOME_RRNA_PROCESSING,Reactome,REACTOME_RRNA_PROCESSING,rRNA Processing,79,-1.136,1.078,0.4571,0.6049,NS,TRUE,FALSE
GOBP|GOBP_ANTIGEN_PROCESSING_AND_PRESENTATION_OF_PEPTIDE_ANTIGEN,GOBP,GOBP_ANTIGEN_PROCESSING_AND_PRESENTATION_OF_PEPTIDE_ANTIGEN,"Antigen
Processing &
Presentation Of
Peptide Antigen",21,1.162,1.051,0.4978,0.6842,NS,FALSE,FALSE
KEGG_Legacy|KEGG_PROSTATE_CANCER,KEGG_Legacy,KEGG_PROSTATE_CANCER,Prostate Cancer,22,-1.093,-1.12,0.5671,0.595,NS,FALSE,FALSE
KEGG_Legacy|KEGG_TIGHT_JUNCTION,KEGG_Legacy,KEGG_TIGHT_JUNCTION,Tight Junction,49,-1.342,0.871,0.2197,0.9121,NS,TRUE,FALSE
GOBP|GOBP_NEGATIVE_REGULATION_OF_TRANSLATION,GOBP,GOBP_NEGATIVE_REGULATION_OF_TRANSLATION,"Negative Reg.
Translation",44,-1.238,-0.972,0.3493,0.7871,NS,FALSE,FALSE
GOBP|GOBP_ORGANELLE_MEMBRANE_FUSION,GOBP,GOBP_ORGANELLE_MEMBRANE_FUSION,"Organelle
Membrane Fusion",41,-1.004,-1.206,0.6881,0.4703,NS,FALSE,FALSE
GOBP|GOBP_REGULATION_OF_POTASSIUM_ION_TRANSMEMBRANE_TRANSPORT,GOBP,GOBP_REGULATION_OF_POTASSIUM_ION_TRANSMEMBRANE_TRANSPORT,"Reg.
Potassium Ion
Transmembrane
Transport",16,-1.44,-0.77,0.243,0.95,NS,FALSE,FALSE
GOBP|GOBP_VENTRICULAR_CARDIAC_MUSCLE_TISSUE_DEVELOPMENT,GOBP,GOBP_VENTRICULAR_CARDIAC_MUSCLE_TISSUE_DEVELOPMENT,"Ventricular
Cardiac
Muscle Tissue
Development",16,-1.375,-0.834,0.2846,0.9102,NS,FALSE,FALSE
GOBP|GOBP_GLYCOPROTEIN_METABOLIC_PROCESS,GOBP,GOBP_GLYCOPROTEIN_METABOLIC_PROCESS,"Glycoprotein
Metabolism",44,-1.352,-0.856,0.2345,0.9181,NS,FALSE,FALSE
GOBP|GOBP_INTRINSIC_APOPTOTIC_SIGNALING_PATHWAY_IN_RESPONSE_TO_ENDOPLASMIC_RETICULUM_STRESS,GOBP,GOBP_INTRINSIC_APOPTOTIC_SIGNALING_PATHWAY_IN_RESPONSE_TO_ENDOPLASMIC_RETICULUM_STRESS,"Intrinsic
Apoptotic
Signaling
In Resp. to
Endoplasmic
Reticulum
Stress",16,-1.241,-0.966,0.3935,0.786,NS,FALSE,FALSE
GOBP|GOBP_POSITIVE_REGULATION_OF_HEMOPOIESIS,GOBP,GOBP_POSITIVE_REGULATION_OF_HEMOPOIESIS,"Positive Reg.
Hemopoiesis",23,1.011,1.196,0.662,0.5081,NS,FALSE,FALSE
GOBP|GOBP_CARDIAC_MUSCLE_CELL_ACTION_POTENTIAL_INVOLVED_IN_CONTRACTION,GOBP,GOBP_CARDIAC_MUSCLE_CELL_ACTION_POTENTIAL_INVOLVED_IN_CONTRACTION,"Cardiac Muscle
Cell Action
Potential
Involved In
Contraction",16,-1.345,-0.86,0.3157,0.8869,NS,FALSE,FALSE
GOBP|GOBP_POSITIVE_REGULATION_OF_GROWTH,GOBP,GOBP_POSITIVE_REGULATION_OF_GROWTH,"Positive Reg.
Growth",50,-1.257,-0.948,0.3222,0.8381,NS,FALSE,FALSE
GOBP|GOBP_REGULATION_OF_TRANSMEMBRANE_RECEPTOR_PROTEIN_SERINE_THREONINE_KINASE_SIGNALING_PATHWAY,GOBP,GOBP_REGULATION_OF_TRANSMEMBRANE_RECEPTOR_PROTEIN_SERINE_THREONINE_KINASE_SIGNALING_PATHWAY,"Reg.
Transmembrane
Receptor
Protein Serine
Threonine
Kinase
Signaling",46,-1.192,-1.012,0.4079,0.755,NS,FALSE,FALSE
GOBP|GOBP_CARBOHYDRATE_DERIVATIVE_CATABOLIC_PROCESS,GOBP,GOBP_CARBOHYDRATE_DERIVATIVE_CATABOLIC_PROCESS,"Carbohydrate
Derivative
Catabolism",87,-1.028,-1.175,0.6463,0.4228,NS,FALSE,FALSE
GOBP|GOBP_HORMONE_TRANSPORT,GOBP,GOBP_HORMONE_TRANSPORT,"Hormone
Transport",57,-1.316,-0.887,0.2309,0.8987,NS,FALSE,FALSE
GOBP|GOBP_RESPONSE_TO_AXON_INJURY,GOBP,GOBP_RESPONSE_TO_AXON_INJURY,"Resp. to Axon
Injury",17,-1.192,-1.011,0.4781,0.7504,NS,FALSE,FALSE
Reactome|REACTOME_RESPONSE_OF_EIF2AK4_GCN2_TO_AMINO_ACID_DEFICIENCY,Reactome,REACTOME_RESPONSE_OF_EIF2AK4_GCN2_TO_AMINO_ACID_DEFICIENCY,"Response Of
Eif2ak4 Gcn2 To
AA Deficiency",76,-1.267,0.936,0.2614,0.8381,NS,TRUE,FALSE
GOBP|GOBP_TAXIS,GOBP,GOBP_TAXIS,Taxis,65,1.223,0.979,0.3477,0.7844,NS,FALSE,FALSE
GO_Slim|DEFENSE_RESPONSE_TO_OTHER_ORGANISM,GO_Slim,defense response to other organism,"Defense Resp.
to Other
Organism",209,-1.063,-1.139,0.542,0.4044,NS,FALSE,FALSE
GOBP|GOBP_CARBOHYDRATE_BIOSYNTHETIC_PROCESS,GOBP,GOBP_CARBOHYDRATE_BIOSYNTHETIC_PROCESS,"Carbohydrate
Biosynthesis",65,1.104,1.096,0.505,0.6032,NS,FALSE,FALSE
GOBP|GOBP_POSITIVE_REGULATION_OF_PROTEIN_SECRETION,GOBP,GOBP_POSITIVE_REGULATION_OF_PROTEIN_SECRETION,"Positive
Reg. Protein
Secretion",32,-1.349,0.851,0.2395,0.9151,NS,TRUE,FALSE
GOBP|GOBP_T_CELL_MEDIATED_IMMUNITY,GOBP,GOBP_T_CELL_MEDIATED_IMMUNITY,"T Cell Mediated
Immunity",21,1.274,0.926,0.3713,0.8329,NS,FALSE,FALSE
GOBP|GOBP_INSULIN_RECEPTOR_SIGNALING_PATHWAY,GOBP,GOBP_INSULIN_RECEPTOR_SIGNALING_PATHWAY,"Insulin
Receptor
Signaling",43,1.007,1.192,0.6729,0.4757,NS,FALSE,FALSE
GOBP|GOBP_METABOLIC_COMPOUND_SALVAGE,GOBP,GOBP_METABOLIC_COMPOUND_SALVAGE,"Metabolic
Compound
Salvage",21,1.367,0.831,0.31,0.9169,NS,FALSE,FALSE
GOBP|GOBP_NEGATIVE_REGULATION_OF_SECRETION,GOBP,GOBP_NEGATIVE_REGULATION_OF_SECRETION,"Negative Reg.
Secretion",26,0.843,1.353,0.8707,0.3096,NS,FALSE,FALSE
KEGG_Legacy|KEGG_PYRIMIDINE_METABOLISM,KEGG_Legacy,KEGG_PYRIMIDINE_METABOLISM,"Pyrimidine
Metabolism",25,-0.998,-1.197,0.7097,0.493,NS,FALSE,FALSE
Reactome|REACTOME_MET_PROMOTES_CELL_MOTILITY,Reactome,REACTOME_MET_PROMOTES_CELL_MOTILITY,"Met Promotes
Cell Motility",16,-1.001,-1.194,0.6836,0.5112,NS,FALSE,FALSE
GOBP|GOBP_SEX_DIFFERENTIATION,GOBP,GOBP_SEX_DIFFERENTIATION,"Sex
Differentiation",32,-0.952,-1.242,0.7629,0.4365,NS,FALSE,FALSE
GOBP|GOBP_PIGMENT_BIOSYNTHETIC_PROCESS,GOBP,GOBP_PIGMENT_BIOSYNTHETIC_PROCESS,"Pigment
Biosynthesis",16,1.185,1.008,0.4903,0.7416,NS,FALSE,FALSE
Reactome|REACTOME_HSF1_ACTIVATION,Reactome,REACTOME_HSF1_ACTIVATION,Hsf1 Activation,16,-1.293,-0.9,0.3506,0.8607,NS,FALSE,FALSE
GOBP|GOBP_PROTEIN_INSERTION_INTO_MEMBRANE,GOBP,GOBP_PROTEIN_INSERTION_INTO_MEMBRANE,"Protein
Insertion Into
Membrane",41,0.881,1.31,0.855,0.3272,NS,FALSE,FALSE
GOBP|GOBP_CARBOHYDRATE_HOMEOSTASIS,GOBP,GOBP_CARBOHYDRATE_HOMEOSTASIS,"Carbohydrate
Homeostasis",65,-1.288,0.902,0.2525,0.8847,NS,TRUE,FALSE
GOBP|GOBP_SYMBIONT_ENTRY_INTO_HOST,GOBP,GOBP_SYMBIONT_ENTRY_INTO_HOST,"Symbiont Entry
Into Host",30,1.049,1.141,0.6346,0.5615,NS,FALSE,FALSE
GOBP|GOBP_RESPONSE_TO_CADMIUM_ION,GOBP,GOBP_RESPONSE_TO_CADMIUM_ION,"Resp. to
Cadmium Ion",15,1.455,-0.733,0.2242,0.9657,NS,TRUE,FALSE
Reactome|REACTOME_INTERLEUKIN_4_AND_INTERLEUKIN_13_SIGNALING,Reactome,REACTOME_INTERLEUKIN_4_AND_INTERLEUKIN_13_SIGNALING,"Interleukin 4 &
Interleukin 13
Signaling",19,0.966,1.222,0.7097,0.4688,NS,FALSE,FALSE
GOBP|GOBP_NEGATIVE_REGULATION_OF_CELL_CYCLE_PROCESS,GOBP,GOBP_NEGATIVE_REGULATION_OF_CELL_CYCLE_PROCESS,"Negative Reg.
Cell Cycle
Process",44,-1.268,-0.918,0.3222,0.8587,NS,FALSE,FALSE
GOBP|GOBP_MAINTENANCE_OF_CELL_NUMBER,GOBP,GOBP_MAINTENANCE_OF_CELL_NUMBER,"Maintenance Of
Cell Number",19,-0.944,-1.241,0.7484,0.463,NS,FALSE,FALSE
GOBP|GOBP_REGULATION_OF_CYTOPLASMIC_PATTERN_RECOGNITION_RECEPTOR_SIGNALING_PATHWAY,GOBP,GOBP_REGULATION_OF_CYTOPLASMIC_PATTERN_RECOGNITION_RECEPTOR_SIGNALING_PATHWAY,"Reg.
Cytoplasmic
Pattern
Recognition
Receptor
Signaling",34,-1.248,-0.936,0.338,0.8115,NS,FALSE,FALSE
GOBP|GOBP_REGULATION_OF_ACTIN_FILAMENT_POLYMERIZATION,GOBP,GOBP_REGULATION_OF_ACTIN_FILAMENT_POLYMERIZATION,"Reg. Actin
Filament
Polymerization",46,1.033,1.15,0.6338,0.5453,NS,FALSE,FALSE
GOBP|GOBP_REGULATION_OF_IMMUNE_EFFECTOR_PROCESS,GOBP,GOBP_REGULATION_OF_IMMUNE_EFFECTOR_PROCESS,"Reg. Immune
Effector
Process",51,1.123,1.06,0.5072,0.6462,NS,FALSE,FALSE
GOBP|GOBP_IMPORT_ACROSS_PLASMA_MEMBRANE,GOBP,GOBP_IMPORT_ACROSS_PLASMA_MEMBRANE,"Import Across
Plasma Membrane",28,-1.275,0.907,0.3341,0.8402,NS,TRUE,FALSE
GOBP|GOBP_NEGATIVE_REGULATION_OF_MITOTIC_CELL_CYCLE,GOBP,GOBP_NEGATIVE_REGULATION_OF_MITOTIC_CELL_CYCLE,"Negative Reg.
Mitotic Cell
Cycle",29,-1.338,-0.843,0.2526,0.9159,NS,FALSE,FALSE
KEGG_Legacy|KEGG_GLIOMA,KEGG_Legacy,KEGG_GLIOMA,Glioma,16,-1.218,-0.963,0.4294,0.7881,NS,FALSE,FALSE
Reactome|REACTOME_GLUTATHIONE_CONJUGATION,Reactome,REACTOME_GLUTATHIONE_CONJUGATION,"Glutathione
Conjugation",20,-1.134,-1.047,0.5203,0.6931,NS,FALSE,FALSE
GOBP|GOBP_CELLULAR_RESPONSE_TO_OXIDATIVE_STRESS,GOBP,GOBP_CELLULAR_RESPONSE_TO_OXIDATIVE_STRESS,"Cellular Resp.
to Oxidative
Stress",77,1.246,0.934,0.2969,0.8557,NS,FALSE,FALSE
GOBP|GOBP_ENDOTHELIUM_DEVELOPMENT,GOBP,GOBP_ENDOTHELIUM_DEVELOPMENT,"Endothelium
Development",31,-0.825,1.355,0.912,0.2988,NS,TRUE,FALSE
GOBP|GOBP_FATTY_ACID_DERIVATIVE_METABOLIC_PROCESS,GOBP,GOBP_FATTY_ACID_DERIVATIVE_METABOLIC_PROCESS,"FA Derivative
Metabolism",29,1.424,0.756,0.2367,0.9795,NS,FALSE,FALSE
Reactome|REACTOME_REGULATION_OF_TP53_ACTIVITY,Reactome,REACTOME_REGULATION_OF_TP53_ACTIVITY,"Reg. Tp53
Activity",30,-1.079,-1.101,0.5962,0.61240000000000006,NS,FALSE,FALSE
GOBP|GOBP_EXTRINSIC_APOPTOTIC_SIGNALING_PATHWAY,GOBP,GOBP_EXTRINSIC_APOPTOTIC_SIGNALING_PATHWAY,"Extrinsic
Apoptotic
Signaling",47,-1.159,-1.02,0.439,0.7487,NS,FALSE,FALSE
GOBP|GOBP_MYELOID_LEUKOCYTE_ACTIVATION,GOBP,GOBP_MYELOID_LEUKOCYTE_ACTIVATION,"Myeloid
Leukocyte
Activation",32,1.121,1.058,0.5408,0.6751,NS,FALSE,FALSE
GOBP|GOBP_CELLULAR_RESPONSE_TO_TYPE_II_INTERFERON,GOBP,GOBP_CELLULAR_RESPONSE_TO_TYPE_II_INTERFERON,"Cellular Resp.
to Type Ii
Interferon",28,1.177,1.001,0.4877,0.7359,NS,FALSE,FALSE
GOBP|GOBP_CYTOSKELETON_DEPENDENT_CYTOKINESIS,GOBP,GOBP_CYTOSKELETON_DEPENDENT_CYTOKINESIS,"Cytoskel.
Dependent
Cytokinesis",47,0.692,1.485,0.9951,0.1242,NS,FALSE,FALSE
Reactome|REACTOME_METABOLISM_OF_STEROIDS,Reactome,REACTOME_METABOLISM_OF_STEROIDS,"Metabolism Of
Steroids",35,-0.802,-1.375,0.9231,0.2426,NS,FALSE,FALSE
GOBP|GOBP_MYOTUBE_DIFFERENTIATION,GOBP,GOBP_MYOTUBE_DIFFERENTIATION,"Myotube
Differentiation",75,-1.46,-0.716,0.1155,1,NS,FALSE,FALSE
GOBP|GOBP_PYRIMIDINE_CONTAINING_COMPOUND_METABOLIC_PROCESS,GOBP,GOBP_PYRIMIDINE_CONTAINING_COMPOUND_METABOLIC_PROCESS,"Pyrimidine
Containing
Compound
Metabolism",22,-1.062,-1.114,0.5999,0.6048,NS,FALSE,FALSE
GOBP|GOBP_RESPONSE_TO_TEMPERATURE_STIMULUS,GOBP,GOBP_RESPONSE_TO_TEMPERATURE_STIMULUS,"Resp. to
Temperature
Stimulus",60,-1.026,-1.149,0.674,0.5088,NS,FALSE,FALSE
GOBP|GOBP_NEPHRON_DEVELOPMENT,GOBP,GOBP_NEPHRON_DEVELOPMENT,"Nephron
Development",18,1.008,1.165,0.6634,0.5723,NS,FALSE,FALSE
Reactome|REACTOME_DNA_DAMAGE_BYPASS,Reactome,REACTOME_DNA_DAMAGE_BYPASS,"DNA Damage
Bypass",15,-0.715,-1.458,0.9679,0.2263,NS,FALSE,FALSE
Reactome|REACTOME_METABOLISM_OF_NUCLEOTIDES,Reactome,REACTOME_METABOLISM_OF_NUCLEOTIDES,"Metabolism Of
Nucleotides",48,-0.815,-1.358,0.9302,0.2297,NS,FALSE,FALSE
GOBP|GOBP_POSITIVE_REGULATION_OF_GLUCOSE_METABOLIC_PROCESS,GOBP,GOBP_POSITIVE_REGULATION_OF_GLUCOSE_METABOLIC_PROCESS,"Positive
Reg. Glucose
Metabolism",16,0.919,1.253,0.7863,0.4594,NS,FALSE,FALSE
GOBP|GOBP_RESPONSE_TO_CALCIUM_ION,GOBP,GOBP_RESPONSE_TO_CALCIUM_ION,"Resp. to
Calcium Ion",39,0.875,1.297,0.8573,0.3158,NS,FALSE,FALSE
GOBP|GOBP_MYOBLAST_FUSION,GOBP,GOBP_MYOBLAST_FUSION,Myoblast Fusion,52,-0.902,1.269,0.839,0.3693,NS,TRUE,FALSE
GOBP|GOBP_SYNCYTIUM_FORMATION,GOBP,GOBP_SYNCYTIUM_FORMATION,"Syncytium
Formation",52,-0.902,1.269,0.839,0.3693,NS,TRUE,FALSE
GOBP|GOBP_NEGATIVE_REGULATION_OF_NEURON_PROJECTION_DEVELOPMENT,GOBP,GOBP_NEGATIVE_REGULATION_OF_NEURON_PROJECTION_DEVELOPMENT,"Negative
Reg. Neuron
Projection
Development",18,0.909,1.26,0.7731,0.4469,NS,FALSE,FALSE
GOBP|GOBP_B_CELL_ACTIVATION,GOBP,GOBP_B_CELL_ACTIVATION,"B Cell
Activation",26,-1.123,-1.045,0.5051,0.6966,NS,FALSE,FALSE
GOBP|GOBP_LAMELLIPODIUM_ASSEMBLY,GOBP,GOBP_LAMELLIPODIUM_ASSEMBLY,"Lamellipodium
Assembly",22,-0.822,1.346,0.8923,0.3404,NS,TRUE,FALSE
GOBP|GOBP_REGULATION_OF_LEUKOCYTE_CHEMOTAXIS,GOBP,GOBP_REGULATION_OF_LEUKOCYTE_CHEMOTAXIS,"Reg. Leukocyte
Chemotaxis",18,1.144,1.024,0.5197,0.7246,NS,FALSE,FALSE
Reactome|REACTOME_SYNTHESIS_OF_SUBSTRATES_IN_N_GLYCAN_BIOSYTHESIS,Reactome,REACTOME_SYNTHESIS_OF_SUBSTRATES_IN_N_GLYCAN_BIOSYTHESIS,"Synthesis Of
Substrates
In N Glycan
Biosythesis",17,1.363,0.805,0.3069,0.9256,NS,FALSE,FALSE
Reactome|REACTOME_RAB_GERANYLGERANYLATION,Reactome,REACTOME_RAB_GERANYLGERANYLATION,"Rab
Geranylgeranylation",20,-0.871,-1.296,0.8317,0.4175,NS,FALSE,FALSE
GOBP|GOBP_MITOTIC_NUCLEAR_DIVISION,GOBP,GOBP_MITOTIC_NUCLEAR_DIVISION,"Mitotic Nuclear
Division",61,-0.997,-1.169,0.712,0.4782,NS,FALSE,FALSE
GOBP|GOBP_POSITIVE_REGULATION_OF_LIPID_TRANSPORT,GOBP,GOBP_POSITIVE_REGULATION_OF_LIPID_TRANSPORT,"Positive Reg.
Lipid Transport",15,1.007,1.159,0.6991,0.5831,NS,FALSE,FALSE
GO_Slim|MITOTIC_NUCLEAR_DIVISION,GO_Slim,mitotic nuclear division,"Mitotic Nuclear
Division",61,-0.997,-1.169,0.712,0.4782,NS,FALSE,FALSE
GOBP|GOBP_BIOMINERAL_TISSUE_DEVELOPMENT,GOBP,GOBP_BIOMINERAL_TISSUE_DEVELOPMENT,"Biomineral
Tissue
Development",17,-1.156,-1.007,0.514,0.755,NS,FALSE,FALSE
GOBP|GOBP_RAC_PROTEIN_SIGNAL_TRANSDUCTION,GOBP,GOBP_RAC_PROTEIN_SIGNAL_TRANSDUCTION,"Rac Protein
Signal
Transduction",16,-1.177,-0.985,0.4596,0.7681,NS,FALSE,FALSE
GOBP|GOBP_REGULATION_OF_EXTENT_OF_CELL_GROWTH,GOBP,GOBP_REGULATION_OF_EXTENT_OF_CELL_GROWTH,"Reg. Extent Of
Cell Growth",17,-1.067,-1.095,0.6239,0.6391,NS,FALSE,FALSE
GOBP|GOBP_REGULATION_OF_PROTEIN_SECRETION,GOBP,GOBP_REGULATION_OF_PROTEIN_SECRETION,"Reg. Protein
Secretion",46,-1.237,0.925,0.3506,0.8381,NS,TRUE,FALSE
GOBP|GOBP_RESPONSE_TO_CAMP,GOBP,GOBP_RESPONSE_TO_CAMP,Resp. to Camp,19,1.319,0.843,0.3506,0.9062,NS,FALSE,FALSE
GOBP|GOBP_MYELOID_LEUKOCYTE_MEDIATED_IMMUNITY,GOBP,GOBP_MYELOID_LEUKOCYTE_MEDIATED_IMMUNITY,"Myeloid
Leukocyte
Mediated
Immunity",18,-1.314,-0.847,0.3337,0.9134,NS,FALSE,FALSE
GO_Slim|CELL_ADHESION,GO_Slim,cell adhesion,Cell Adhesion,237,-1.105,1.053,0.4005,0.614,NS,TRUE,FALSE
GOBP|GOBP_MONOSACCHARIDE_CATABOLIC_PROCESS,GOBP,GOBP_MONOSACCHARIDE_CATABOLIC_PROCESS,"Monosaccharide
Catabolism",26,-0.888,-1.269,0.8424,0.4019,NS,FALSE,FALSE
Reactome|REACTOME_IRE1ALPHA_ACTIVATES_CHAPERONES,Reactome,REACTOME_IRE1ALPHA_ACTIVATES_CHAPERONES,"Ire1alpha
Activates
Chaperones",22,0.872,1.285,0.8396,0.3943,NS,FALSE,FALSE
GOBP|GOBP_REPRODUCTIVE_SYSTEM_DEVELOPMENT,GOBP,GOBP_REPRODUCTIVE_SYSTEM_DEVELOPMENT,"Reproductive
System
Development",39,-0.911,-1.245,0.8178,0.4356,NS,FALSE,FALSE
GOBP|GOBP_STRESS_ACTIVATED_PROTEIN_KINASE_SIGNALING_CASCADE,GOBP,GOBP_STRESS_ACTIVATED_PROTEIN_KINASE_SIGNALING_CASCADE,"Stress
Activated
Protein Kinase
Signaling
Cascade",18,-1.178,-0.976,0.4722,0.7763,NS,FALSE,FALSE
GOBP|GOBP_COLLAGEN_FIBRIL_ORGANIZATION,GOBP,GOBP_COLLAGEN_FIBRIL_ORGANIZATION,"Collagen Fibril
Org.",15,0.913,1.238,0.8095,0.4793,NS,FALSE,FALSE
GO_Slim|CELL_MOTILITY,GO_Slim,cell motility,Cell Motility,309,-1.118,1.033,0.3832,0.6556,NS,TRUE,FALSE
GOBP|GOBP_BIOLOGICAL_PROCESS_INVOLVED_IN_INTERACTION_WITH_HOST,GOBP,GOBP_BIOLOGICAL_PROCESS_INVOLVED_IN_INTERACTION_WITH_HOST,"Biological
Process
Involved In
Interaction
With Host",52,1.039,1.11,0.6111,0.5826,NS,FALSE,FALSE
GOBP|GOBP_CARTILAGE_DEVELOPMENT,GOBP,GOBP_CARTILAGE_DEVELOPMENT,"Cartilage
Development",26,-1.213,0.936,0.3935,0.8188,NS,TRUE,FALSE
GOBP|GOBP_MICROTUBULE_BASED_TRANSPORT,GOBP,GOBP_MICROTUBULE_BASED_TRANSPORT,"MT Based
Transport",53,-1.251,-0.898,0.3192,0.8906,NS,FALSE,FALSE
Reactome|REACTOME_METABOLISM_OF_AMINO_ACIDS_AND_DERIVATIVES,Reactome,REACTOME_METABOLISM_OF_AMINO_ACIDS_AND_DERIVATIVES,"Metabolism
Of AAs &
Derivatives",197,-1.029,-1.118,0.6338,0.4491,NS,FALSE,FALSE
GOBP|GOBP_NEGATIVE_REGULATION_OF_MOLECULAR_FUNCTION,GOBP,GOBP_NEGATIVE_REGULATION_OF_MOLECULAR_FUNCTION,"Negative Reg.
Molecular
Function",62,-1.114,-1.032,0.5083,0.6997,NS,FALSE,FALSE
Reactome|REACTOME_PROCESSING_OF_CAPPED_INTRON_CONTAINING_PRE_MRNA,Reactome,REACTOME_PROCESSING_OF_CAPPED_INTRON_CONTAINING_PRE_MRNA,"Pre-mRNA
Processing",77,-1.509,-0.636,0.06794,1,NS,FALSE,FALSE
GOBP|GOBP_AMP_METABOLIC_PROCESS,GOBP,GOBP_AMP_METABOLIC_PROCESS,Amp Metabolism,19,-1.098,-1.046,0.5639,0.6682,NS,FALSE,FALSE
GO_Slim|CELL_JUNCTION_ORGANIZATION,GO_Slim,cell junction organization,"Cell Junction
Org.",159,-1.324,-0.818,0.1106,0.9982,NS,FALSE,FALSE
GOBP|GOBP_MICROTUBULE_CYTOSKELETON_ORGANIZATION_INVOLVED_IN_MITOSIS,GOBP,GOBP_MICROTUBULE_CYTOSKELETON_ORGANIZATION_INVOLVED_IN_MITOSIS,"MT Cytoskel.
Org. Involved
In Mitosis",51,-1.252,-0.889,0.3069,0.9016,NS,FALSE,FALSE
Reactome|REACTOME_SELENOAMINO_ACID_METABOLISM,Reactome,REACTOME_SELENOAMINO_ACID_METABOLISM,"Selenoamino
Acid Metabolism",88,-0.774,1.367,0.982,0.194,NS,TRUE,FALSE
GOBP|GOBP_REGULATION_OF_DEVELOPMENTAL_GROWTH,GOBP,GOBP_REGULATION_OF_DEVELOPMENTAL_GROWTH,"Reg.
Developmental
Growth",53,-1.172,0.968,0.4337,0.786,NS,TRUE,FALSE
GOBP|GOBP_LAMELLIPODIUM_ORGANIZATION,GOBP,GOBP_LAMELLIPODIUM_ORGANIZATION,"Lamellipodium
Org.",29,-0.799,1.34,0.925,0.3279,NS,TRUE,FALSE
GOBP|GOBP_PROTEIN_STABILIZATION,GOBP,GOBP_PROTEIN_STABILIZATION,"Protein
Stabilization",84,-0.995,-1.143,0.7118,0.4669,NS,FALSE,FALSE
GOBP|GOBP_RESPONSE_TO_LIGHT_STIMULUS,GOBP,GOBP_RESPONSE_TO_LIGHT_STIMULUS,"Resp. to Light
Stimulus",56,-1.131,-1.006,0.5169,0.7498,NS,FALSE,FALSE
GOBP|GOBP_REGULATION_OF_AXON_EXTENSION,GOBP,GOBP_REGULATION_OF_AXON_EXTENSION,"Reg. Axon
Extension",15,-0.983,-1.152,0.6991,0.5826,NS,FALSE,FALSE
GOBP|GOBP_RESPONSE_TO_METAL_ION,GOBP,GOBP_RESPONSE_TO_METAL_ION,"Resp. to Metal
Ion",100,1.061,-1.072,0.5509,0.5831,NS,TRUE,FALSE
KEGG_Legacy|KEGG_DRUG_METABOLISM_CYTOCHROME_P450,KEGG_Legacy,KEGG_DRUG_METABOLISM_CYTOCHROME_P450,"Drug Metabolism
Cytochrome P450",16,-1.207,-0.925,0.4356,0.8353,NS,FALSE,FALSE
GOBP|GOBP_BLOOD_VESSEL_ENDOTHELIAL_CELL_MIGRATION,GOBP,GOBP_BLOOD_VESSEL_ENDOTHELIAL_CELL_MIGRATION,"Blood Vessel
Endothelial
Cell Migration",26,1.113,1.019,0.5434,0.7205,NS,FALSE,FALSE
GOBP|GOBP_REGULATION_OF_MACROAUTOPHAGY,GOBP,GOBP_REGULATION_OF_MACROAUTOPHAGY,"Reg.
Macroautophagy",83,-0.831,-1.3,0.9476,0.226,NS,FALSE,FALSE
GOBP|GOBP_NUCLEOSIDE_PHOSPHATE_CATABOLIC_PROCESS,GOBP,GOBP_NUCLEOSIDE_PHOSPHATE_CATABOLIC_PROCESS,"Nucleoside
Phosphate
Catabolism",81,1.162,0.969,0.4209,0.7881,NS,FALSE,FALSE
GOBP|GOBP_PROTEIN_N_LINKED_GLYCOSYLATION,GOBP,GOBP_PROTEIN_N_LINKED_GLYCOSYLATION,"Protein
N Linked
Glycosylation",21,-1.56,-0.57,0.1843,1,NS,FALSE,FALSE
GOBP|GOBP_REGULATION_OF_CELLULAR_RESPONSE_TO_GROWTH_FACTOR_STIMULUS,GOBP,GOBP_REGULATION_OF_CELLULAR_RESPONSE_TO_GROWTH_FACTOR_STIMULUS,"Reg. Cellular
Resp. to Growth
Factor Stimulus",58,-1.248,-0.882,0.3127,0.9016,NS,FALSE,FALSE
GOBP|GOBP_DITERPENOID_METABOLIC_PROCESS,GOBP,GOBP_DITERPENOID_METABOLIC_PROCESS,"Diterpenoid
Metabolism",22,1.164,0.965,0.4966,0.786,NS,FALSE,FALSE
KEGG_Legacy|KEGG_AMINO_SUGAR_AND_NUCLEOTIDE_SUGAR_METABOLISM,KEGG_Legacy,KEGG_AMINO_SUGAR_AND_NUCLEOTIDE_SUGAR_METABOLISM,"Amino Sugar
& Nucleotide
Sugar
Metabolism",25,1.224,0.905,0.4495,0.8647,NS,FALSE,FALSE
Reactome|REACTOME_DRUG_ADME,Reactome,REACTOME_DRUG_ADME,Drug Adme,23,1.056,1.073,0.6317,0.6458,NS,FALSE,FALSE
Reactome|REACTOME_PHASE_II_CONJUGATION_OF_COMPOUNDS,Reactome,REACTOME_PHASE_II_CONJUGATION_OF_COMPOUNDS,"Phase Ii
Conjugation Of
Compounds",32,-1.116,-1.012,0.5393,0.7411,NS,FALSE,FALSE
GOBP|GOBP_SPINDLE_ASSEMBLY,GOBP,GOBP_SPINDLE_ASSEMBLY,"Spindle
Assembly",34,-1.014,-1.113,0.6884,0.5826,NS,FALSE,FALSE
GOBP|GOBP_CELLULAR_RESPONSE_TO_METAL_ION,GOBP,GOBP_CELLULAR_RESPONSE_TO_METAL_ION,"Cellular Resp.
to Metal Ion",42,1.013,1.113,0.67,0.58,NS,FALSE,FALSE
Reactome|REACTOME_CILIUM_ASSEMBLY,Reactome,REACTOME_CILIUM_ASSEMBLY,Cilium Assembly,38,0.981,1.143,0.7321,0.5478,NS,FALSE,FALSE
Reactome|REACTOME_RHOA_GTPASE_CYCLE,Reactome,REACTOME_RHOA_GTPASE_CYCLE,"RhoA GTPase
Cycle",33,-0.968,1.154,0.7404,0.5453,NS,TRUE,FALSE
Reactome|REACTOME_RHOG_GTPASE_CYCLE,Reactome,REACTOME_RHOG_GTPASE_CYCLE,"Rhog GTPase
Cycle",28,1.012,1.11,0.6509,0.614,NS,FALSE,FALSE
GOBP|GOBP_CELLULAR_RESPONSE_TO_IONIZING_RADIATION,GOBP,GOBP_CELLULAR_RESPONSE_TO_IONIZING_RADIATION,"Cellular Resp.
to Ionizing
Radiation",18,-1.321,0.8,0.3221,0.9211,NS,TRUE,FALSE
GOBP|GOBP_MORPHOGENESIS_OF_A_BRANCHING_STRUCTURE,GOBP,GOBP_MORPHOGENESIS_OF_A_BRANCHING_STRUCTURE,"Morphogenesis
Of A Branching
Structure",24,-1.165,-0.956,0.4687,0.7881,NS,FALSE,FALSE
GOBP|GOBP_NEGATIVE_REGULATION_OF_KINASE_ACTIVITY,GOBP,GOBP_NEGATIVE_REGULATION_OF_KINASE_ACTIVITY,"Negative Reg.
Kinase Activity",21,-1.354,0.766,0.3009,0.9546,NS,TRUE,FALSE
GOBP|GOBP_POLYSACCHARIDE_BIOSYNTHETIC_PROCESS,GOBP,GOBP_POLYSACCHARIDE_BIOSYNTHETIC_PROCESS,"Polysaccharide
Biosynthesis",24,1.075,1.045,0.6125,0.6997,NS,FALSE,FALSE
GOBP|GOBP_ENDOTHELIAL_CELL_MIGRATION,GOBP,GOBP_ENDOTHELIAL_CELL_MIGRATION,"Endothelial
Cell Migration",53,1.133,0.986,0.4952,0.7645,NS,FALSE,FALSE
GOBP|GOBP_POSITIVE_REGULATION_OF_DEVELOPMENTAL_GROWTH,GOBP,GOBP_POSITIVE_REGULATION_OF_DEVELOPMENTAL_GROWTH,"Positive Reg.
Developmental
Growth",28,-1.145,-0.974,0.4781,0.7772,NS,FALSE,FALSE
GOBP|GOBP_NEGATIVE_REGULATION_OF_INTRINSIC_APOPTOTIC_SIGNALING_PATHWAY,GOBP,GOBP_NEGATIVE_REGULATION_OF_INTRINSIC_APOPTOTIC_SIGNALING_PATHWAY,"Negative Reg.
Intrinsic
Apoptotic
Signaling",39,-1.212,-0.906,0.3917,0.8675,NS,FALSE,FALSE
Reactome|REACTOME_SARS_COV_1_MODULATES_HOST_TRANSLATION_MACHINERY,Reactome,REACTOME_SARS_COV_1_MODULATES_HOST_TRANSLATION_MACHINERY,"Sars Cov 1
Modulates Host
Translation
Machinery",30,-1.309,-0.808,0.2939,0.944,NS,FALSE,FALSE
Reactome|REACTOME_APOPTOTIC_CLEAVAGE_OF_CELLULAR_PROTEINS,Reactome,REACTOME_APOPTOTIC_CLEAVAGE_OF_CELLULAR_PROTEINS,"Apoptotic
Cleavage
Of Cellular
Proteins",16,0.889,1.227,0.8269,0.497,NS,FALSE,FALSE
Hallmark|HALLMARK_BILE_ACID_METABOLISM,Hallmark,HALLMARK_BILE_ACID_METABOLISM,"Bile Acid
Metabolism",29,1.015,-1.099,0.6665,0.6391,NS,TRUE,FALSE
GOBP|GOBP_CYTOPLASMIC_MICROTUBULE_ORGANIZATION,GOBP,GOBP_CYTOPLASMIC_MICROTUBULE_ORGANIZATION,"Cytoplasmic MT
Org.",18,-0.831,1.282,0.8855,0.427,NS,TRUE,FALSE
GOBP|GOBP_POSITIVE_REGULATION_OF_PRODUCTION_OF_MOLECULAR_MEDIATOR_OF_IMMUNE_RESPONSE,GOBP,GOBP_POSITIVE_REGULATION_OF_PRODUCTION_OF_MOLECULAR_MEDIATOR_OF_IMMUNE_RESPONSE,"Positive Reg.
Production
Of Molecular
Mediator Of
Immune Response",16,1.056,1.056,0.6338,0.6963,NS,FALSE,FALSE
GOBP|GOBP_RNA_EXPORT_FROM_NUCLEUS,GOBP,GOBP_RNA_EXPORT_FROM_NUCLEUS,"RNA Export From
Nucleus",25,-0.97,-1.142,0.7352,0.5617,NS,FALSE,FALSE
GOBP|GOBP_POSITIVE_REGULATION_OF_CYTOSKELETON_ORGANIZATION,GOBP,GOBP_POSITIVE_REGULATION_OF_CYTOSKELETON_ORGANIZATION,"Positive Reg.
Cytoskel. Org.",67,-1.366,-0.745,0.1484,0.9962,NS,FALSE,FALSE
GOBP|GOBP_RESPONSE_TO_ISCHEMIA,GOBP,GOBP_RESPONSE_TO_ISCHEMIA,"Resp. to
Ischemia",23,-1.065,1.042,0.6041,0.6997,NS,TRUE,FALSE
GOBP|GOBP_RESPONSE_TO_ALKALOID,GOBP,GOBP_RESPONSE_TO_ALKALOID,"Resp. to
Alkaloid",24,-0.897,-1.209,0.8204,0.4777,NS,FALSE,FALSE
GOBP|GOBP_DEVELOPMENT_OF_PRIMARY_SEXUAL_CHARACTERISTICS,GOBP,GOBP_DEVELOPMENT_OF_PRIMARY_SEXUAL_CHARACTERISTICS,"Development Of
Primary Sexual
Characteristics",27,-0.889,-1.215,0.839,0.4634,NS,FALSE,FALSE
GOBP|GOBP_POSITIVE_REGULATION_OF_STRESS_FIBER_ASSEMBLY,GOBP,GOBP_POSITIVE_REGULATION_OF_STRESS_FIBER_ASSEMBLY,"Positive Reg.
Stress Fiber
Assembly",21,-1.208,-0.896,0.4628,0.8769,NS,FALSE,FALSE
GOBP|GOBP_STRIATED_MUSCLE_CELL_APOPTOTIC_PROCESS,GOBP,GOBP_STRIATED_MUSCLE_CELL_APOPTOTIC_PROCESS,"Striated Muscle
Cell Apoptotic
Process",17,-1,1.102,0.6974,0.6391,NS,TRUE,FALSE
GOBP|GOBP_CELL_CYCLE_CHECKPOINT_SIGNALING,GOBP,GOBP_CELL_CYCLE_CHECKPOINT_SIGNALING,"Cell Cycle
Checkpoint
Signaling",34,-1.367,-0.734,0.2243,0.9961,NS,FALSE,FALSE
GOBP|GOBP_RESPONSE_TO_TOXIC_SUBSTANCE,GOBP,GOBP_RESPONSE_TO_TOXIC_SUBSTANCE,"Resp. to Toxic
Substance",81,0.914,-1.187,0.8269,0.427,NS,TRUE,FALSE
Reactome|REACTOME_EPIGENETIC_REGULATION_BY_WDR5_CONTAINING_HISTONE_MODIFYING_COMPLEXES,Reactome,REACTOME_EPIGENETIC_REGULATION_BY_WDR5_CONTAINING_HISTONE_MODIFYING_COMPLEXES,"Epigenetic
Regulation By
Wdr5 Containing
Histone
Modifying
Complexes",16,0.814,1.286,0.8994,0.4269,NS,FALSE,FALSE
GOBP|GOBP_CELLULAR_RESPONSE_TO_KETONE,GOBP,GOBP_CELLULAR_RESPONSE_TO_KETONE,"Cellular Resp.
to Ketone",20,1.261,0.839,0.4009,0.9159,NS,FALSE,FALSE
GOBP|GOBP_REGULATION_OF_SYNAPSE_ASSEMBLY,GOBP,GOBP_REGULATION_OF_SYNAPSE_ASSEMBLY,"Reg. Synapse
Assembly",20,-1.234,-0.865,0.4314,0.8924,NS,FALSE,FALSE
GOBP|GOBP_INTRINSIC_APOPTOTIC_SIGNALING_PATHWAY_IN_RESPONSE_TO_DNA_DAMAGE,GOBP,GOBP_INTRINSIC_APOPTOTIC_SIGNALING_PATHWAY_IN_RESPONSE_TO_DNA_DAMAGE,"Intrinsic
Apoptotic
Signaling In
Resp. to DNA
Damage",22,0.871,1.227,0.8414,0.4666,NS,FALSE,FALSE
GOBP|GOBP_MYELOID_CELL_DIFFERENTIATION,GOBP,GOBP_MYELOID_CELL_DIFFERENTIATION,"Myeloid Cell
Differentiation",76,1.072,1.026,0.5429,0.71,NS,FALSE,FALSE
Reactome|REACTOME_INTERFERON_GAMMA_SIGNALING,Reactome,REACTOME_INTERFERON_GAMMA_SIGNALING,"Interferon
Gamma Signaling",21,0.668,1.429,0.98740000000000006,0.258,NS,FALSE,FALSE
GOBP|GOBP_HEMOSTASIS,GOBP,GOBP_HEMOSTASIS,Hemostasis,43,-0.87,1.223,0.8765,0.4473,NS,TRUE,FALSE
GOBP|GOBP_SULFUR_AMINO_ACID_METABOLIC_PROCESS,GOBP,GOBP_SULFUR_AMINO_ACID_METABOLIC_PROCESS,"Sulfur AA
Metabolism",16,1.046,-1.047,0.6509,0.6997,NS,TRUE,FALSE
GOBP|GOBP_PROTEIN_LOCALIZATION_TO_CELL_JUNCTION,GOBP,GOBP_PROTEIN_LOCALIZATION_TO_CELL_JUNCTION,"Protein
Localization To
Cell Junction",26,-1.303,-0.789,0.31,0.9501,NS,FALSE,FALSE
Reactome|REACTOME_RECRUITMENT_OF_NUMA_TO_MITOTIC_CENTROSOMES,Reactome,REACTOME_RECRUITMENT_OF_NUMA_TO_MITOTIC_CENTROSOMES,"Recruitment Of
Numa To Mitotic
Centrosomes",25,0.748,1.344,0.9538,0.3354,NS,FALSE,FALSE
GOBP|GOBP_LIPOPROTEIN_METABOLIC_PROCESS,GOBP,GOBP_LIPOPROTEIN_METABOLIC_PROCESS,"Lipoprotein
Metabolism",16,-0.933,-1.158,0.7629,0.5758,NS,FALSE,FALSE
GOBP|GOBP_NEGATIVE_REGULATION_OF_VASCULATURE_DEVELOPMENT,GOBP,GOBP_NEGATIVE_REGULATION_OF_VASCULATURE_DEVELOPMENT,"Negative Reg.
Vasculature
Development",24,1.113,0.978,0.5502,0.786,NS,FALSE,FALSE
GOBP|GOBP_POSITIVE_REGULATION_OF_ESTABLISHMENT_OF_PROTEIN_LOCALIZATION_TO_MITOCHONDRION,GOBP,GOBP_POSITIVE_REGULATION_OF_ESTABLISHMENT_OF_PROTEIN_LOCALIZATION_TO_MITOCHONDRION,"Positive Reg.
Establishment
Of Protein
Localization To
Mito.",15,-0.89,-1.201,0.8149,0.5222,NS,FALSE,FALSE
GOBP|GOBP_RESPONSE_TO_ALCOHOL,GOBP,GOBP_RESPONSE_TO_ALCOHOL,"Resp. to
Alcohol",52,1.211,0.879,0.373,0.9016,NS,FALSE,FALSE
GOBP|GOBP_CYTOKINESIS,GOBP,GOBP_CYTOKINESIS,Cytokinesis,57,0.675,1.413,0.9983,0.218,NS,FALSE,FALSE
GO_Slim|CYTOKINESIS,GO_Slim,cytokinesis,Cytokinesis,57,0.675,1.413,0.9983,0.218,NS,FALSE,FALSE
GOBP|GOBP_STEROID_BIOSYNTHETIC_PROCESS,GOBP,GOBP_STEROID_BIOSYNTHETIC_PROCESS,"Steroid
Biosynthesis",43,1.338,-0.749,0.2495,0.9826,NS,TRUE,FALSE
GOBP|GOBP_MEMBRANE_FUSION,GOBP,GOBP_MEMBRANE_FUSION,Membrane Fusion,53,-0.991,-1.095,0.7108,0.5929,NS,FALSE,FALSE
GOBP|GOBP_POSITIVE_REGULATION_OF_RESPONSE_TO_BIOTIC_STIMULUS,GOBP,GOBP_POSITIVE_REGULATION_OF_RESPONSE_TO_BIOTIC_STIMULUS,"Positive Reg.
Resp. to Biotic
Stimulus",79,-1.089,-0.997,0.5344,0.7602,NS,FALSE,FALSE
Reactome|REACTOME_NEUTROPHIL_DEGRANULATION,Reactome,REACTOME_NEUTROPHIL_DEGRANULATION,"Neutrophil
Degranulation",198,1.071,1.014,0.5215,0.7283,NS,FALSE,FALSE
Reactome|REACTOME_SIGNALING_BY_NTRKS,Reactome,REACTOME_SIGNALING_BY_NTRKS,"Signaling By
Ntrks",37,-1.014,-1.07,0.6819,0.6806,NS,FALSE,FALSE
GOBP|GOBP_GOLGI_TO_PLASMA_MEMBRANE_TRANSPORT,GOBP,GOBP_GOLGI_TO_PLASMA_MEMBRANE_TRANSPORT,"Golgi To
Plasma Membrane
Transport",25,-1.061,-1.022,0.6213,0.7246,NS,FALSE,FALSE
GOBP|GOBP_RESPONSE_TO_TOPOLOGICALLY_INCORRECT_PROTEIN,GOBP,GOBP_RESPONSE_TO_TOPOLOGICALLY_INCORRECT_PROTEIN,"Resp. to
Topologically
Incorrect
Protein",67,-1.204,-0.879,0.3553,0.9069,NS,FALSE,FALSE
Reactome|REACTOME_G_PROTEIN_MEDIATED_EVENTS,Reactome,REACTOME_G_PROTEIN_MEDIATED_EVENTS,"G Protein
Mediated Events",17,-1.166,-0.916,0.5083,0.8571,NS,FALSE,FALSE
GOBP|GOBP_NEUROTRANSMITTER_SECRETION,GOBP,GOBP_NEUROTRANSMITTER_SECRETION,"Neurotransmitter
Secretion",24,-1.083,-0.998,0.5886,0.7504,NS,FALSE,FALSE
GOBP|GOBP_RIBONUCLEOTIDE_CATABOLIC_PROCESS,GOBP,GOBP_RIBONUCLEOTIDE_CATABOLIC_PROCESS,"Ribonucleotide
Catabolism",60,-1.026,-1.055,0.674,0.6808,NS,FALSE,FALSE
GOBP|GOBP_GLAND_MORPHOGENESIS,GOBP,GOBP_GLAND_MORPHOGENESIS,"Gland
Morphogenesis",17,0.934,1.146,0.7484,0.5929,NS,FALSE,FALSE
KEGG_Legacy|KEGG_INSULIN_SIGNALING_PATHWAY,KEGG_Legacy,KEGG_INSULIN_SIGNALING_PATHWAY,"Insulin
Signaling",59,0.905,1.175,0.8224,0.4757,NS,FALSE,FALSE
GOBP|GOBP_INTEGRATED_STRESS_RESPONSE_SIGNALING,GOBP,GOBP_INTEGRATED_STRESS_RESPONSE_SIGNALING,"Integrated
Stress Response
Signaling",16,-1.331,0.748,0.3208,0.954,NS,TRUE,FALSE
GOBP|GOBP_EXOCYTOSIS,GOBP,GOBP_EXOCYTOSIS,Exocytosis,81,-0.986,-1.092,0.7258,0.5754,NS,FALSE,FALSE
GOBP|GOBP_REGULATION_OF_ATP_DEPENDENT_ACTIVITY,GOBP,GOBP_REGULATION_OF_ATP_DEPENDENT_ACTIVITY,"Reg. ATP
Dependent
Activity",15,-0.887,-1.191,0.8167,0.5478,NS,FALSE,FALSE
Hallmark|HALLMARK_HEME_METABOLISM,Hallmark,HALLMARK_HEME_METABOLISM,"Heme
Metabolism",65,-0.86,-1.218,0.9097,0.4149,NS,FALSE,FALSE
Reactome|REACTOME_SARS_COV_2_MODULATES_HOST_TRANSLATION_MACHINERY,Reactome,REACTOME_SARS_COV_2_MODULATES_HOST_TRANSLATION_MACHINERY,"Sars Cov 2
Modulates Host
Translation
Machinery",33,-1.255,-0.823,0.3495,0.9346,NS,FALSE,FALSE
GOBP|GOBP_METHYLATION,GOBP,GOBP_METHYLATION,Methylation,42,1.088,-0.989,0.5597,0.7661,NS,TRUE,FALSE
GO_Slim|CARBOHYDRATE_DERIVATIVE_METABOLIC_PROCESS,GO_Slim,carbohydrate derivative metabolic process,"Carbohydrate
Derivative
Metabolism",289,0.962,1.114,0.7629,0.4573,NS,FALSE,FALSE
GOBP|GOBP_NEGATIVE_REGULATION_OF_EXTRINSIC_APOPTOTIC_SIGNALING_PATHWAY,GOBP,GOBP_NEGATIVE_REGULATION_OF_EXTRINSIC_APOPTOTIC_SIGNALING_PATHWAY,"Negative Reg.
Extrinsic
Apoptotic
Signaling",27,-1.037,-1.038,0.6535,0.6997,NS,FALSE,FALSE
Reactome|REACTOME_INFLUENZA_VIRAL_RNA_TRANSCRIPTION_AND_REPLICATION,Reactome,REACTOME_INFLUENZA_VIRAL_RNA_TRANSCRIPTION_AND_REPLICATION,"Influenza
Viral RNA
Transcription &
Replication",85,-1.206,0.869,0.3157,0.9264,NS,TRUE,FALSE
GOBP|GOBP_LEARNING_OR_MEMORY,GOBP,GOBP_LEARNING_OR_MEMORY,"Learning Or
Memory",39,-1.1,-0.974,0.5442,0.7781,NS,FALSE,FALSE
Reactome|REACTOME_L1CAM_INTERACTIONS,Reactome,REACTOME_L1CAM_INTERACTIONS,"L1cam
Interactions",46,0.907,1.167,0.8028,0.5003,NS,FALSE,FALSE
GOBP|GOBP_PROTEINOGENIC_AMINO_ACID_BIOSYNTHETIC_PROCESS,GOBP,GOBP_PROTEINOGENIC_AMINO_ACID_BIOSYNTHETIC_PROCESS,"Proteinogenic
AA Biosynthesis",18,1.083,-0.99,0.5722,0.7602,NS,TRUE,FALSE
Reactome|REACTOME_ASSEMBLY_OF_COLLAGEN_FIBRILS_AND_OTHER_MULTIMERIC_STRUCTURES,Reactome,REACTOME_ASSEMBLY_OF_COLLAGEN_FIBRILS_AND_OTHER_MULTIMERIC_STRUCTURES,"Collagen Fibril
Assembly",17,0.892,1.181,0.8167,0.5272,NS,FALSE,FALSE
GOBP|GOBP_PHOSPHOLIPID_TRANSPORT,GOBP,GOBP_PHOSPHOLIPID_TRANSPORT,"Phospholipid
Transport",20,-1.201,-0.871,0.4586,0.8865,NS,FALSE,FALSE
GOBP|GOBP_NEGATIVE_REGULATION_OF_EPITHELIAL_CELL_PROLIFERATION,GOBP,GOBP_NEGATIVE_REGULATION_OF_EPITHELIAL_CELL_PROLIFERATION,"Negative Reg.
Epithelial Cell
Proliferation",17,1.115,0.956,0.5459,0.7881,NS,FALSE,FALSE
Reactome|REACTOME_BINDING_AND_UPTAKE_OF_LIGANDS_BY_SCAVENGER_RECEPTORS,Reactome,REACTOME_BINDING_AND_UPTAKE_OF_LIGANDS_BY_SCAVENGER_RECEPTORS,"Binding &
Uptake Of
Ligands By
Scavenger
Receptors",19,0.831,1.24,0.8829,0.4573,NS,FALSE,FALSE
GOBP|GOBP_ACTIVATION_OF_INNATE_IMMUNE_RESPONSE,GOBP,GOBP_ACTIVATION_OF_INNATE_IMMUNE_RESPONSE,"Activation Of
Innate Immune
Response",63,-1.034,-1.036,0.6542,0.7163,NS,FALSE,FALSE
GOBP|GOBP_MITOCHONDRION_LOCALIZATION,GOBP,GOBP_MITOCHONDRION_LOCALIZATION,"Mito.
Localization",22,-1.102,-0.968,0.5628,0.786,NS,FALSE,FALSE
GOBP|GOBP_POSITIVE_REGULATION_OF_CARBOHYDRATE_METABOLIC_PROCESS,GOBP,GOBP_POSITIVE_REGULATION_OF_CARBOHYDRATE_METABOLIC_PROCESS,"Positive Reg.
Carbohydrate
Metabolism",25,0.934,1.136,0.7533,0.5823,NS,FALSE,FALSE
GOBP|GOBP_NEGATIVE_REGULATION_OF_RESPONSE_TO_ENDOPLASMIC_RETICULUM_STRESS,GOBP,GOBP_NEGATIVE_REGULATION_OF_RESPONSE_TO_ENDOPLASMIC_RETICULUM_STRESS,"Negative
Reg. Resp. to
Endoplasmic
Reticulum
Stress",20,-1.106,0.963,0.5564,0.786,NS,TRUE,FALSE
GOBP|GOBP_CELLULAR_RESPONSE_TO_TOPOLOGICALLY_INCORRECT_PROTEIN,GOBP,GOBP_CELLULAR_RESPONSE_TO_TOPOLOGICALLY_INCORRECT_PROTEIN,"Cellular
Resp. to
Topologically
Incorrect
Protein",41,-1.223,-0.845,0.3751,0.9208,NS,FALSE,FALSE
GOBP|GOBP_CELLULAR_RESPONSE_TO_RADIATION,GOBP,GOBP_CELLULAR_RESPONSE_TO_RADIATION,"Cellular Resp.
to Radiation",37,-0.867,1.2,0.8794,0.4573,NS,TRUE,FALSE
GOBP|GOBP_INTRACELLULAR_GLUCOSE_HOMEOSTASIS,GOBP,GOBP_INTRACELLULAR_GLUCOSE_HOMEOSTASIS,"Intracell.
Glucose
Homeostasis",38,-1.159,-0.908,0.4715,0.8633,NS,FALSE,FALSE
GOBP|GOBP_RENAL_SYSTEM_DEVELOPMENT,GOBP,GOBP_RENAL_SYSTEM_DEVELOPMENT,"Renal System
Development",44,0.847,1.219,0.9007,0.4473,NS,FALSE,FALSE
GOBP|GOBP_REGULATION_OF_EXTRINSIC_APOPTOTIC_SIGNALING_PATHWAY,GOBP,GOBP_REGULATION_OF_EXTRINSIC_APOPTOTIC_SIGNALING_PATHWAY,"Reg. Extrinsic
Apoptotic
Signaling",36,-1.109,-0.956,0.5465,0.7909,NS,FALSE,FALSE
GOBP|GOBP_CARDIAC_CHAMBER_DEVELOPMENT,GOBP,GOBP_CARDIAC_CHAMBER_DEVELOPMENT,"Cardiac Chamber
Development",32,-1.362,-0.702,0.2309,1,NS,FALSE,FALSE
GOBP|GOBP_NEGATIVE_REGULATION_OF_UBIQUITIN_DEPENDENT_PROTEIN_CATABOLIC_PROCESS,GOBP,GOBP_NEGATIVE_REGULATION_OF_UBIQUITIN_DEPENDENT_PROTEIN_CATABOLIC_PROCESS,"Negative Reg.
Ub-Dep. Protein
Catabolism",26,-1.044,-1.019,0.6444,0.731,NS,FALSE,FALSE
GOBP|GOBP_TISSUE_HOMEOSTASIS,GOBP,GOBP_TISSUE_HOMEOSTASIS,"Tissue
Homeostasis",35,-1.083,0.979,0.5808,0.7844,NS,TRUE,FALSE
GOBP|GOBP_REGULATION_OF_CYTOPLASMIC_TRANSLATION,GOBP,GOBP_REGULATION_OF_CYTOPLASMIC_TRANSLATION,"Reg.
Cytoplasmic
Translation",21,0.683,1.378,0.9819,0.3179,NS,FALSE,FALSE
GOBP|GOBP_REGULATION_OF_SUBSTRATE_ADHESION_DEPENDENT_CELL_SPREADING,GOBP,GOBP_REGULATION_OF_SUBSTRATE_ADHESION_DEPENDENT_CELL_SPREADING,"Reg. Substrate
Adhesion
Dependent Cell
Spreading",20,1.009,1.052,0.6729,0.6576,NS,FALSE,FALSE
GOBP|GOBP_SYNAPTIC_VESICLE_RECYCLING,GOBP,GOBP_SYNAPTIC_VESICLE_RECYCLING,"Synaptic
Vesicle
Recycling",31,-1.085,-0.976,0.5819,0.7655,NS,FALSE,FALSE
GOBP|GOBP_REGULATION_OF_RECEPTOR_INTERNALIZATION,GOBP,GOBP_REGULATION_OF_RECEPTOR_INTERNALIZATION,"Reg. Receptor
Internalization",15,-0.96,-1.1,0.729,0.6522,NS,FALSE,FALSE
GOBP|GOBP_TISSUE_MIGRATION,GOBP,GOBP_TISSUE_MIGRATION,"Tissue
Migration",18,-1.194,-0.866,0.4495,0.8987,NS,FALSE,FALSE
GOBP|GOBP_AXONAL_TRANSPORT,GOBP,GOBP_AXONAL_TRANSPORT,"Axonal
Transport",20,-0.985,1.074,0.6884,0.6458,NS,TRUE,FALSE
GOBP|GOBP_CELLULAR_OXIDANT_DETOXIFICATION,GOBP,GOBP_CELLULAR_OXIDANT_DETOXIFICATION,"Cellular
Oxidant
Detoxification",40,-0.951,-1.107,0.76,0.5938,NS,FALSE,FALSE
GOBP|GOBP_PATTERN_SPECIFICATION_PROCESS,GOBP,GOBP_PATTERN_SPECIFICATION_PROCESS,"Pattern
Specification
Process",24,0.848,1.21,0.8465,0.4669,NS,FALSE,FALSE
GOBP|GOBP_REGULATION_OF_REACTIVE_OXYGEN_SPECIES_METABOLIC_PROCESS,GOBP,GOBP_REGULATION_OF_REACTIVE_OXYGEN_SPECIES_METABOLIC_PROCESS,"Reg. Reactive
Oxygen Species
Metabolism",43,0.945,1.111,0.756,0.5714,NS,FALSE,FALSE
GOBP|GOBP_NEGATIVE_REGULATION_OF_REACTIVE_OXYGEN_SPECIES_METABOLIC_PROCESS,GOBP,GOBP_NEGATIVE_REGULATION_OF_REACTIVE_OXYGEN_SPECIES_METABOLIC_PROCESS,"Negative
Reg. Reactive
Oxygen Species
Metabolism",18,-0.967,-1.088,0.7316,0.6432,NS,FALSE,FALSE
GOBP|GOBP_POSITIVE_REGULATION_OF_TORC1_SIGNALING,GOBP,GOBP_POSITIVE_REGULATION_OF_TORC1_SIGNALING,"Positive Reg.
Torc1 Signaling",17,-1.244,-0.811,0.4089,0.9212,NS,FALSE,FALSE
GO_Slim|DNA_TEMPLATED_TRANSCRIPTION,GO_Slim,DNA-templated transcription,"DNA-Templated
Transcription",231,-1.125,-0.93,0.3492,0.9079,NS,FALSE,FALSE
KEGG_Legacy|KEGG_LONG_TERM_DEPRESSION,KEGG_Legacy,KEGG_LONG_TERM_DEPRESSION,"Long Term
Depression",20,-0.841,-1.214,0.87,0.4812,NS,FALSE,FALSE
GOBP|GOBP_REGULATION_OF_MEMBRANE_PERMEABILITY,GOBP,GOBP_REGULATION_OF_MEMBRANE_PERMEABILITY,"Reg. Membrane
Permeability",24,0.972,1.081,0.7118,0.6432,NS,FALSE,FALSE
Reactome|REACTOME_DDX58_IFIH1_MEDIATED_INDUCTION_OF_INTERFERON_ALPHA_BETA,Reactome,REACTOME_DDX58_IFIH1_MEDIATED_INDUCTION_OF_INTERFERON_ALPHA_BETA,"Ddx58 Ifih1
Mediated
Induction Of
Interferon
Alpha Beta",17,-1.485,-0.568,0.2044,1,NS,FALSE,FALSE
GOBP|GOBP_RESPONSE_TO_TRANSFORMING_GROWTH_FACTOR_BETA,GOBP,GOBP_RESPONSE_TO_TRANSFORMING_GROWTH_FACTOR_BETA,"Resp. to
Transforming
Growth Factor
Beta",51,-0.989,-1.063,0.7178,0.6472,NS,FALSE,FALSE
GOBP|GOBP_REGULATION_OF_ORGAN_GROWTH,GOBP,GOBP_REGULATION_OF_ORGAN_GROWTH,"Reg. Organ
Growth",15,0.804,1.247,0.8985,0.4772,NS,FALSE,FALSE
GOBP|GOBP_TRANSFORMING_GROWTH_FACTOR_BETA_RECEPTOR_SIGNALING_PATHWAY,GOBP,GOBP_TRANSFORMING_GROWTH_FACTOR_BETA_RECEPTOR_SIGNALING_PATHWAY,"Transforming
Growth Factor
Beta Receptor
Signaling",41,-0.981,-1.07,0.729,0.6432,NS,FALSE,FALSE
GOBP|GOBP_REGULATION_OF_BODY_FLUID_LEVELS,GOBP,GOBP_REGULATION_OF_BODY_FLUID_LEVELS,"Reg. Body Fluid
Levels",64,-0.987,1.063,0.7174,0.6531,NS,TRUE,FALSE
GOBP|GOBP_REGULATION_OF_NEUROGENESIS,GOBP,GOBP_REGULATION_OF_NEUROGENESIS,"Reg.
Neurogenesis",57,-1.193,-0.857,0.3935,0.917,NS,FALSE,FALSE
GOBP|GOBP_VACUOLAR_LOCALIZATION,GOBP,GOBP_VACUOLAR_LOCALIZATION,"Vacuolar
Localization",20,0.946,1.103,0.7528,0.614,NS,FALSE,FALSE
GOBP|GOBP_RESPONSE_TO_UV,GOBP,GOBP_RESPONSE_TO_UV,Resp. to UV,35,-1.067,-0.979,0.6125,0.7655,NS,FALSE,FALSE
GOBP|GOBP_MONOSACCHARIDE_BIOSYNTHETIC_PROCESS,GOBP,GOBP_MONOSACCHARIDE_BIOSYNTHETIC_PROCESS,"Monosaccharide
Biosynthesis",39,0.954,-1.09,0.7668,0.6384,NS,TRUE,FALSE
GOBP|GOBP_NEGATIVE_REGULATION_OF_PHOSPHORYLATION,GOBP,GOBP_NEGATIVE_REGULATION_OF_PHOSPHORYLATION,"Negative Reg.
Phosph.",28,-1.221,0.823,0.4009,0.9326,NS,TRUE,FALSE
GOBP|GOBP_APPENDAGE_DEVELOPMENT,GOBP,GOBP_APPENDAGE_DEVELOPMENT,"Appendage
Development",21,-1.478,0.564,0.2026,1,NS,TRUE,FALSE
Reactome|REACTOME_APOPTOTIC_EXECUTION_PHASE,Reactome,REACTOME_APOPTOTIC_EXECUTION_PHASE,"Apoptotic
Execution Phase",26,0.763,1.279,0.9476,0.4019,NS,FALSE,FALSE
Reactome|REACTOME_G2_M_DNA_DAMAGE_CHECKPOINT,Reactome,REACTOME_G2_M_DNA_DAMAGE_CHECKPOINT,"G2 M DNA Damage
Checkpoint",15,-0.959,-1.083,0.729,0.6668,NS,FALSE,FALSE
GOBP|GOBP_CELLULAR_RESPONSE_TO_UNFOLDED_PROTEIN,GOBP,GOBP_CELLULAR_RESPONSE_TO_UNFOLDED_PROTEIN,"Cellular Resp.
to Unfolded
Protein",35,-1.262,-0.779,0.3281,0.9657,NS,FALSE,FALSE
GOBP|GOBP_TEMPERATURE_HOMEOSTASIS,GOBP,GOBP_TEMPERATURE_HOMEOSTASIS,"Temperature
Homeostasis",35,0.99,1.049,0.6994,0.6857,NS,FALSE,FALSE
GOBP|GOBP_RESPONSE_TO_NERVE_GROWTH_FACTOR,GOBP,GOBP_RESPONSE_TO_NERVE_GROWTH_FACTOR,"Resp. to Nerve
Growth Factor",15,1.027,1.01,0.6652,0.7437,NS,FALSE,FALSE
GOBP|GOBP_EMBRYO_IMPLANTATION,GOBP,GOBP_EMBRYO_IMPLANTATION,"Embryo
Implantation",16,1.052,0.984,0.6444,0.7602,NS,FALSE,FALSE
GOBP|GOBP_POSITIVE_REGULATION_OF_APOPTOTIC_SIGNALING_PATHWAY,GOBP,GOBP_POSITIVE_REGULATION_OF_APOPTOTIC_SIGNALING_PATHWAY,"Positive Reg.
Apoptotic
Signaling",28,-0.971,1.065,0.7316,0.6682,NS,TRUE,FALSE
GOBP|GOBP_POSITIVE_REGULATION_OF_CELL_ADHESION,GOBP,GOBP_POSITIVE_REGULATION_OF_CELL_ADHESION,"Positive Reg.
Cell Adhesion",84,1,1.034,0.674,0.6997,NS,FALSE,FALSE
GOBP|GOBP_NEGATIVE_REGULATION_OF_TOR_SIGNALING,GOBP,GOBP_NEGATIVE_REGULATION_OF_TOR_SIGNALING,"Negative Reg.
Tor Signaling",26,-0.901,-1.132,0.8254,0.5758,NS,FALSE,FALSE
GOBP|GOBP_REGULATION_OF_GLUCOSE_METABOLIC_PROCESS,GOBP,GOBP_REGULATION_OF_GLUCOSE_METABOLIC_PROCESS,"Reg. Glucose
Metabolism",32,0.936,1.096,0.7484,0.6249,NS,FALSE,FALSE
KEGG_Legacy|KEGG_GLYCOLYSIS_GLUCONEOGENESIS,KEGG_Legacy,KEGG_GLYCOLYSIS_GLUCONEOGENESIS,"Glycolysis
Gluconeogenesis",41,1.123,-0.908,0.5215,0.8628,NS,TRUE,FALSE
GOBP|GOBP_GLAND_DEVELOPMENT,GOBP,GOBP_GLAND_DEVELOPMENT,"Gland
Development",74,-0.987,1.042,0.7224,0.664,NS,TRUE,FALSE
Reactome|REACTOME_DENGUE_VIRUS_GENOME_TRANSLATION_AND_REPLICATION,Reactome,REACTOME_DENGUE_VIRUS_GENOME_TRANSLATION_AND_REPLICATION,"Dengue
Virus Genome
Translation &
Replication",55,-1.354,0.674,0.1875,1,NS,TRUE,FALSE
Reactome|REACTOME_RHOC_GTPASE_CYCLE,Reactome,REACTOME_RHOC_GTPASE_CYCLE,"RhoC GTPase
Cycle",22,0.769,1.259,0.9285,0.4365,NS,FALSE,FALSE
GOBP|GOBP_REGULATION_OF_PRODUCTION_OF_MOLECULAR_MEDIATOR_OF_IMMUNE_RESPONSE,GOBP,GOBP_REGULATION_OF_PRODUCTION_OF_MOLECULAR_MEDIATOR_OF_IMMUNE_RESPONSE,"Reg. Production
Of Molecular
Mediator Of
Immune Response",17,1.044,0.982,0.6282,0.7655,NS,FALSE,FALSE
GOBP|GOBP_CELLULAR_RESPONSE_TO_CHEMICAL_STRESS,GOBP,GOBP_CELLULAR_RESPONSE_TO_CHEMICAL_STRESS,"Cellular Resp.
to Chemical
Stress",104,1.083,0.941,0.5197,0.8473,NS,FALSE,FALSE
GOBP|GOBP_REGULATION_OF_ACTIN_FILAMENT_BASED_PROCESS,GOBP,GOBP_REGULATION_OF_ACTIN_FILAMENT_BASED_PROCESS,"Reg. Actin
Filament
Process",115,-1.078,0.946,0.544,0.8477,NS,TRUE,FALSE
GOBP|GOBP_REGULATION_OF_LIPID_LOCALIZATION,GOBP,GOBP_REGULATION_OF_LIPID_LOCALIZATION,"Reg. Lipid
Localization",38,1.022,1.002,0.6825,0.7536,NS,FALSE,FALSE
GOBP|GOBP_NEGATIVE_REGULATION_OF_IMMUNE_RESPONSE,GOBP,GOBP_NEGATIVE_REGULATION_OF_IMMUNE_RESPONSE,"Negative Reg.
Immune Response",35,-1.155,-0.868,0.4748,0.897,NS,FALSE,FALSE
GOBP|GOBP_DETOXIFICATION,GOBP,GOBP_DETOXIFICATION,Detoxification,57,-0.921,-1.101,0.8167,0.5826,NS,FALSE,FALSE
GO_Slim|DETOXIFICATION,GO_Slim,detoxification,Detoxification,57,-0.921,-1.101,0.8167,0.5826,NS,FALSE,FALSE
Reactome|REACTOME_BIOSYNTHESIS_OF_THE_N_GLYCAN_PRECURSOR_DOLICHOL_LIPID_LINKED_OLIGOSACCHARIDE_LLO_AND_TRANSFER_TO_A_NASCENT_PROTEIN,Reactome,REACTOME_BIOSYNTHESIS_OF_THE_N_GLYCAN_PRECURSOR_DOLICHOL_LIPID_LINKED_OLIGOSACCHARIDE_LLO_AND_TRANSFER_TO_A_NASCENT_PROTEIN,"Biosynthesis
Of The N Glycan
Precursor
Dolichol
Lipid Linked
Oligosaccharide
Llo & Transfer
To A Nascent
Protein",19,1.21,0.812,0.4746,0.9277,NS,FALSE,FALSE
GOBP|GOBP_REACTIVE_OXYGEN_SPECIES_METABOLIC_PROCESS,GOBP,GOBP_REACTIVE_OXYGEN_SPECIES_METABOLIC_PROCESS,"Reactive
Oxygen Species
Metabolism",72,1.04,0.98,0.6435,0.7882,NS,FALSE,FALSE
Hallmark|HALLMARK_XENOBIOTIC_METABOLISM,Hallmark,HALLMARK_XENOBIOTIC_METABOLISM,"Xenobiotic
Metabolism",67,1.176,0.844,0.4035,0.9326,NS,FALSE,FALSE
GOBP|GOBP_ANTIGEN_PROCESSING_AND_PRESENTATION,GOBP,GOBP_ANTIGEN_PROCESSING_AND_PRESENTATION,"Antigen
Processing &
Presentation",30,1.106,0.913,0.5678,0.8436,NS,FALSE,FALSE
GOBP|GOBP_HOST_MEDIATED_PERTURBATION_OF_VIRAL_PROCESS,GOBP,GOBP_HOST_MEDIATED_PERTURBATION_OF_VIRAL_PROCESS,"Host Mediated
Perturbation Of
Viral Process",18,-1.037,0.982,0.6338,0.7661,NS,TRUE,FALSE
GOBP|GOBP_MONOSACCHARIDE_METABOLIC_PROCESS,GOBP,GOBP_MONOSACCHARIDE_METABOLIC_PROCESS,"Monosaccharide
Metabolism",100,1.035,-0.984,0.6125,0.7757,NS,TRUE,FALSE
GOBP|GOBP_POSITIVE_REGULATION_OF_LEUKOCYTE_MEDIATED_IMMUNITY,GOBP,GOBP_POSITIVE_REGULATION_OF_LEUKOCYTE_MEDIATED_IMMUNITY,"Positive Reg.
Leukocyte
Mediated
Immunity",20,0.948,1.071,0.7453,0.648,NS,FALSE,FALSE
GOBP|GOBP_REGENERATION,GOBP,GOBP_REGENERATION,Regeneration,40,-1.259,-0.76,0.3301,0.9715,NS,FALSE,FALSE
GOBP|GOBP_POSITIVE_REGULATION_OF_MAPK_CASCADE,GOBP,GOBP_POSITIVE_REGULATION_OF_MAPK_CASCADE,"Positive Reg.
MAPK Cascade",56,0.825,1.193,0.9295,0.4557,NS,FALSE,FALSE
GOBP|GOBP_AXO_DENDRITIC_TRANSPORT,GOBP,GOBP_AXO_DENDRITIC_TRANSPORT,"Axo Dendritic
Transport",26,-1.194,0.823,0.4209,0.928,NS,TRUE,FALSE
GOBP|GOBP_CYTOSOLIC_TRANSPORT,GOBP,GOBP_CYTOSOLIC_TRANSPORT,"Cytosolic
Transport",54,-1.066,-0.95,0.5878,0.8363,NS,FALSE,FALSE
KEGG_Legacy|KEGG_APOPTOSIS,KEGG_Legacy,KEGG_APOPTOSIS,Apoptosis,25,-0.884,-1.132,0.839,0.5826,NS,FALSE,FALSE
KEGG_Legacy|KEGG_TRYPTOPHAN_METABOLISM,KEGG_Legacy,KEGG_TRYPTOPHAN_METABOLISM,"Tryptophan
Metabolism",17,1.031,0.985,0.6509,0.7645,NS,FALSE,FALSE
Reactome|REACTOME_TRANSLOCATION_OF_SLC2A4_GLUT4_TO_THE_PLASMA_MEMBRANE,Reactome,REACTOME_TRANSLOCATION_OF_SLC2A4_GLUT4_TO_THE_PLASMA_MEMBRANE,"Translocation
Of Slc2a4 Glut4
To The Plasma
Membrane",36,1.084,0.931,0.577,0.8421,NS,FALSE,FALSE
GOBP|GOBP_VESICLE_MEDIATED_TRANSPORT_IN_SYNAPSE,GOBP,GOBP_VESICLE_MEDIATED_TRANSPORT_IN_SYNAPSE,"Vesicle
Mediated
Transport In
Synapse",62,-1.03,-0.984,0.6549,0.7855,NS,FALSE,FALSE
GOBP|GOBP_POSITIVE_REGULATION_OF_LYMPHOCYTE_DIFFERENTIATION,GOBP,GOBP_POSITIVE_REGULATION_OF_LYMPHOCYTE_DIFFERENTIATION,"Positive Reg.
Lymphocyte
Differentiation",15,0.959,1.055,0.7439,0.6855,NS,FALSE,FALSE
GOBP|GOBP_SPROUTING_ANGIOGENESIS,GOBP,GOBP_SPROUTING_ANGIOGENESIS,"Sprouting
Angiogenesis",27,1.358,0.655,0.3005,1,NS,FALSE,FALSE
GOBP|GOBP_NEGATIVE_REGULATION_OF_ENDOCYTOSIS,GOBP,GOBP_NEGATIVE_REGULATION_OF_ENDOCYTOSIS,"Negative Reg.
Endocytosis",22,1.207,0.805,0.4522,0.928,NS,FALSE,FALSE
GOBP|GOBP_POSITIVE_REGULATION_OF_ACTIN_FILAMENT_BUNDLE_ASSEMBLY,GOBP,GOBP_POSITIVE_REGULATION_OF_ACTIN_FILAMENT_BUNDLE_ASSEMBLY,"Positive Reg.
Actin Filament
Bundle Assembly",25,-1.219,-0.792,0.4045,0.95,NS,FALSE,FALSE
GOBP|GOBP_REGULATION_OF_EPITHELIAL_CELL_PROLIFERATION,GOBP,GOBP_REGULATION_OF_EPITHELIAL_CELL_PROLIFERATION,"Reg.
Epithelial Cell
Proliferation",49,1.063,0.948,0.5763,0.8082,NS,FALSE,FALSE
Reactome|REACTOME_ANTI_INFLAMMATORY_RESPONSE_FAVOURING_LEISHMANIA_PARASITE_INFECTION,Reactome,REACTOME_ANTI_INFLAMMATORY_RESPONSE_FAVOURING_LEISHMANIA_PARASITE_INFECTION,"Anti
Inflammatory
Response
Favouring
Leishmania
Parasite
Infection",18,0.977,1.034,0.7094,0.7131,NS,FALSE,FALSE
GOBP|GOBP_CELL_SURFACE_RECEPTOR_PROTEIN_SERINE_THREONINE_KINASE_SIGNALING_PATHWAY,GOBP,GOBP_CELL_SURFACE_RECEPTOR_PROTEIN_SERINE_THREONINE_KINASE_SIGNALING_PATHWAY,"Cell Surface
Receptor
Protein Serine
Threonine
Kinase
Signaling",63,-1.038,-0.972,0.6508,0.7909,NS,FALSE,FALSE
GOBP|GOBP_FERTILIZATION,GOBP,GOBP_FERTILIZATION,Fertilization,30,0.947,1.063,0.7484,0.6758,NS,FALSE,FALSE
GOBP|GOBP_MEMBRANE_BIOGENESIS,GOBP,GOBP_MEMBRANE_BIOGENESIS,"Membrane
Biogenesis",32,-1.134,-0.875,0.5046,0.8958,NS,FALSE,FALSE
GOBP|GOBP_MUSCLE_CELL_APOPTOTIC_PROCESS,GOBP,GOBP_MUSCLE_CELL_APOPTOTIC_PROCESS,"Muscle Cell
Apoptotic
Process",23,-1.015,0.993,0.672,0.7538,NS,TRUE,FALSE
GOBP|GOBP_STEROID_METABOLIC_PROCESS,GOBP,GOBP_STEROID_METABOLIC_PROCESS,"Steroid
Metabolism",66,1.19,-0.818,0.3955,0.95,NS,TRUE,FALSE
Reactome|REACTOME_EXTRACELLULAR_MATRIX_ORGANIZATION,Reactome,REACTOME_EXTRACELLULAR_MATRIX_ORGANIZATION,ECM Org.,78,-1.017,0.99,0.6729,0.755,NS,TRUE,FALSE
GOBP|GOBP_MICROTUBULE_ORGANIZING_CENTER_ORGANIZATION,GOBP,GOBP_MICROTUBULE_ORGANIZING_CENTER_ORGANIZATION,"MT Organizing
Center Org.",29,-1.032,-0.974,0.6453,0.7763,NS,FALSE,FALSE
GOBP|GOBP_REGULATION_OF_OXIDATIVE_STRESS_INDUCED_INTRINSIC_APOPTOTIC_SIGNALING_PATHWAY,GOBP,GOBP_REGULATION_OF_OXIDATIVE_STRESS_INDUCED_INTRINSIC_APOPTOTIC_SIGNALING_PATHWAY,"Reg. Oxidative
Stress Induced
Intrinsic
Apoptotic
Signaling",21,-0.994,-1.012,0.6725,0.755,NS,FALSE,FALSE
GOBP|GOBP_UNSATURATED_FATTY_ACID_METABOLIC_PROCESS,GOBP,GOBP_UNSATURATED_FATTY_ACID_METABOLIC_PROCESS,"Unsaturated FA
Metabolism",28,-1.186,-0.817,0.436,0.9377,NS,FALSE,FALSE
KEGG_Legacy|KEGG_REGULATION_OF_ACTIN_CYTOSKELETON,KEGG_Legacy,KEGG_REGULATION_OF_ACTIN_CYTOSKELETON,"Reg. Actin
Cytoskel.",70,0.978,1.024,0.7217,0.7208,NS,FALSE,FALSE
GOBP|GOBP_NEGATIVE_REGULATION_OF_OXIDATIVE_STRESS_INDUCED_INTRINSIC_APOPTOTIC_SIGNALING_PATHWAY,GOBP,GOBP_NEGATIVE_REGULATION_OF_OXIDATIVE_STRESS_INDUCED_INTRINSIC_APOPTOTIC_SIGNALING_PATHWAY,"Negative Reg.
Oxidative
Stress Induced
Intrinsic
Apoptotic
Signaling",16,-1.038,-0.962,0.6509,0.7909,NS,FALSE,FALSE
Reactome|REACTOME_DENGUE_VIRUS_HOST_INTERACTIONS,Reactome,REACTOME_DENGUE_VIRUS_HOST_INTERACTIONS,"Dengue
Virus Host
Interactions",84,-1.354,-0.646,0.1769,1,NS,FALSE,FALSE
GO_Slim|INFLAMMATORY_RESPONSE,GO_Slim,inflammatory response,"Inflammatory
Response",135,-1.151,-0.848,0.3401,0.9684,NS,FALSE,FALSE
Reactome|REACTOME_BRANCHED_CHAIN_AMINO_ACID_CATABOLISM,Reactome,REACTOME_BRANCHED_CHAIN_AMINO_ACID_CATABOLISM,"Branched Chain
AA Catabolism",18,1.17,0.829,0.4767,0.9062,NS,FALSE,FALSE
GOBP|GOBP_NEGATIVE_REGULATION_OF_PHOSPHORUS_METABOLIC_PROCESS,GOBP,GOBP_NEGATIVE_REGULATION_OF_PHOSPHORUS_METABOLIC_PROCESS,"Negative Reg.
Phosphorus
Metabolism",43,-0.87,1.128,0.8765,0.5453,NS,TRUE,FALSE
GOBP|GOBP_SPINDLE_LOCALIZATION,GOBP,GOBP_SPINDLE_LOCALIZATION,"Spindle
Localization",20,0.719,1.279,0.9702,0.4344,NS,FALSE,FALSE
GOBP|GOBP_REGULATION_OF_CELL_PROJECTION_ASSEMBLY,GOBP,GOBP_REGULATION_OF_CELL_PROJECTION_ASSEMBLY,"Reg. Cell
Projection
Assembly",51,0.749,1.248,0.9735,0.39,NS,FALSE,FALSE
GOBP|GOBP_RIBOSOMAL_LARGE_SUBUNIT_BIOGENESIS,GOBP,GOBP_RIBOSOMAL_LARGE_SUBUNIT_BIOGENESIS,"Ribosomal
Large Subunit
Biogenesis",16,0.697,1.3,0.9679,0.4192,NS,FALSE,FALSE
GOBP|GOBP_NEGATIVE_REGULATION_OF_TRANSPORT,GOBP,GOBP_NEGATIVE_REGULATION_OF_TRANSPORT,"Negative Reg.
Transport",104,-0.925,-1.071,0.8573,0.5997,NS,FALSE,FALSE
GOBP|GOBP_REGULATION_OF_CELL_SIZE,GOBP,GOBP_REGULATION_OF_CELL_SIZE,Reg. Cell Size,38,-0.976,-1.018,0.7238,0.731,NS,FALSE,FALSE
Hallmark|HALLMARK_APOPTOSIS,Hallmark,HALLMARK_APOPTOSIS,Apoptosis,49,-0.81,1.183,0.9302,0.4675,NS,TRUE,FALSE
KEGG_Legacy|KEGG_TOLL_LIKE_RECEPTOR_SIGNALING_PATHWAY,KEGG_Legacy,KEGG_TOLL_LIKE_RECEPTOR_SIGNALING_PATHWAY,"Toll Like
Receptor
Signaling",18,-0.913,-1.08,0.7974,0.6625,NS,FALSE,FALSE
Reactome|REACTOME_DENGUE_VIRUS_INFECTION,Reactome,REACTOME_DENGUE_VIRUS_INFECTION,"Dengue Virus
Infection",149,-1.241,-0.752,0.2225,1,NS,FALSE,FALSE
Hallmark|HALLMARK_COMPLEMENT,Hallmark,HALLMARK_COMPLEMENT,Complement,46,0.897,1.095,0.8175,0.614,NS,FALSE,FALSE
Reactome|REACTOME_COPI_DEPENDENT_GOLGI_TO_ER_RETROGRADE_TRAFFIC,Reactome,REACTOME_COPI_DEPENDENT_GOLGI_TO_ER_RETROGRADE_TRAFFIC,"Copi Dependent
Golgi To Er
Retrograde
Traffic",38,0.803,1.188,0.9285,0.4688,NS,FALSE,FALSE
GO_Slim|IMMUNE_SYSTEM_PROCESS,GO_Slim,immune system process,"Immune System
Process",397,-1.007,-0.983,0.682,0.786,NS,FALSE,FALSE
Reactome|REACTOME_VISUAL_PHOTOTRANSDUCTION,Reactome,REACTOME_VISUAL_PHOTOTRANSDUCTION,"Visual
Phototransduction",16,0.989,1.001,0.6981,0.7487,NS,FALSE,FALSE
GOBP|GOBP_REGULATION_OF_TUBE_SIZE,GOBP,GOBP_REGULATION_OF_TUBE_SIZE,Reg. Tube Size,24,-1.092,-0.897,0.5639,0.8782,NS,FALSE,FALSE
GOBP|GOBP_REGULATION_OF_HORMONE_SECRETION,GOBP,GOBP_REGULATION_OF_HORMONE_SECRETION,"Reg. Hormone
Secretion",43,-1.299,-0.69,0.2939,1,NS,FALSE,FALSE
GOBP|GOBP_REGULATION_OF_SODIUM_ION_TRANSPORT,GOBP,GOBP_REGULATION_OF_SODIUM_ION_TRANSPORT,"Reg. Sodium Ion
Transport",20,-1.048,0.941,0.6198,0.8012,NS,TRUE,FALSE
GOBP|GOBP_STRESS_FIBER_ASSEMBLY,GOBP,GOBP_STRESS_FIBER_ASSEMBLY,"Stress Fiber
Assembly",37,-1.036,-0.953,0.6453,0.7961,NS,FALSE,FALSE
GOBP|GOBP_INTRINSIC_APOPTOTIC_SIGNALING_PATHWAY_BY_P53_CLASS_MEDIATOR,GOBP,GOBP_INTRINSIC_APOPTOTIC_SIGNALING_PATHWAY_BY_P53_CLASS_MEDIATOR,"Intrinsic
Apoptotic
Signaling
By p53 Class
Mediator",18,-0.985,1.003,0.706,0.755,NS,TRUE,FALSE
GOBP|GOBP_NEGATIVE_REGULATION_OF_CATALYTIC_ACTIVITY,GOBP,GOBP_NEGATIVE_REGULATION_OF_CATALYTIC_ACTIVITY,"Negative Reg.
Catalytic
Activity",44,-1.208,-0.78,0.3883,0.9684,NS,FALSE,FALSE
GOBP|GOBP_PROTEIN_TARGETING_TO_MITOCHONDRION,GOBP,GOBP_PROTEIN_TARGETING_TO_MITOCHONDRION,"Protein
Targeting To
Mito.",41,0.946,1.04,0.7592,0.6659,NS,FALSE,FALSE
Reactome|REACTOME_AGGREPHAGY,Reactome,REACTOME_AGGREPHAGY,Aggrephagy,21,-0.761,1.224,0.9436,0.4769,NS,TRUE,FALSE
GOBP|GOBP_CELLULAR_RESPONSE_TO_HYDROGEN_PEROXIDE,GOBP,GOBP_CELLULAR_RESPONSE_TO_HYDROGEN_PEROXIDE,"Cellular Resp.
to Hydrogen
Peroxide",15,1.109,0.874,0.5678,0.866,NS,FALSE,FALSE
GOBP|GOBP_SYNAPTIC_VESICLE_EXOCYTOSIS,GOBP,GOBP_SYNAPTIC_VESICLE_EXOCYTOSIS,"Synaptic
Vesicle
Exocytosis",17,-0.927,-1.056,0.7702,0.6808,NS,FALSE,FALSE
GOBP|GOBP_RESPONSE_TO_XENOBIOTIC_STIMULUS,GOBP,GOBP_RESPONSE_TO_XENOBIOTIC_STIMULUS,"Resp. to
Xenobiotic
Stimulus",91,-1.017,-0.965,0.672,0.8241,NS,FALSE,FALSE
GOBP|GOBP_REGULATION_OF_D_GLUCOSE_IMPORT,GOBP,GOBP_REGULATION_OF_D_GLUCOSE_IMPORT,"Reg. D Glucose
Import",17,-1.32,-0.661,0.3248,0.9982,NS,FALSE,FALSE
GOBP|GOBP_REGULATION_OF_SPINDLE_ASSEMBLY,GOBP,GOBP_REGULATION_OF_SPINDLE_ASSEMBLY,"Reg. Spindle
Assembly",16,-1.06,-0.919,0.6153,0.8381,NS,FALSE,FALSE
KEGG_Legacy|KEGG_VASOPRESSIN_REGULATED_WATER_REABSORPTION,KEGG_Legacy,KEGG_VASOPRESSIN_REGULATED_WATER_REABSORPTION,"Vasopressin
Regulated Water
Reabsorption",22,-1.179,0.8,0.4604,0.9326,NS,TRUE,FALSE
GOBP|GOBP_NEGATIVE_REGULATION_OF_RESPONSE_TO_BIOTIC_STIMULUS,GOBP,GOBP_NEGATIVE_REGULATION_OF_RESPONSE_TO_BIOTIC_STIMULUS,"Negative Reg.
Resp. to Biotic
Stimulus",26,0.859,1.118,0.8566,0.5921,NS,FALSE,FALSE
GOBP|GOBP_ISOPRENOID_METABOLIC_PROCESS,GOBP,GOBP_ISOPRENOID_METABOLIC_PROCESS,"Isoprenoid
Metabolism",35,0.998,-0.978,0.6949,0.7679,NS,TRUE,FALSE
GOBP|GOBP_SPLICEOSOMAL_COMPLEX_ASSEMBLY,GOBP,GOBP_SPLICEOSOMAL_COMPLEX_ASSEMBLY,"Spliceosomal
Complex
Assembly",20,-1.294,-0.682,0.3795,0.9925,NS,FALSE,FALSE
GOBP|GOBP_WOUND_HEALING,GOBP,GOBP_WOUND_HEALING,Wound Healing,93,0.691,1.285,0.9983,0.2453,NS,FALSE,FALSE
GO_Slim|WOUND_HEALING,GO_Slim,wound healing,Wound Healing,93,0.691,1.285,0.9983,0.2453,NS,FALSE,FALSE
Reactome|REACTOME_BIOLOGICAL_OXIDATIONS,Reactome,REACTOME_BIOLOGICAL_OXIDATIONS,"Biological
Oxidations",63,-0.966,-1.01,0.7554,0.7511,NS,FALSE,FALSE
GOBP|GOBP_FATTY_ACYL_COA_METABOLIC_PROCESS,GOBP,GOBP_FATTY_ACYL_COA_METABOLIC_PROCESS,"Fatty Acyl Coa
Metabolism",20,1.202,-0.773,0.4552,0.95,NS,TRUE,FALSE
GOBP|GOBP_POSITIVE_REGULATION_OF_ENDOTHELIAL_CELL_MIGRATION,GOBP,GOBP_POSITIVE_REGULATION_OF_ENDOTHELIAL_CELL_MIGRATION,"Positive Reg.
Endothelial
Cell Migration",27,1.052,0.923,0.6151,0.8131,NS,FALSE,FALSE
Reactome|REACTOME_REGULATION_OF_HSF1_MEDIATED_HEAT_SHOCK_RESPONSE,Reactome,REACTOME_REGULATION_OF_HSF1_MEDIATED_HEAT_SHOCK_RESPONSE,"Reg. Hsf1
Mediated Heat
Shock Response",37,-1.208,-0.767,0.4036,0.9684,NS,FALSE,FALSE
GOBP|GOBP_LIPID_LOCALIZATION,GOBP,GOBP_LIPID_LOCALIZATION,"Lipid
Localization",91,0.906,1.068,0.8424,0.6306,NS,FALSE,FALSE
Reactome|REACTOME_FACTORS_INVOLVED_IN_MEGAKARYOCYTE_DEVELOPMENT_AND_PLATELET_PRODUCTION,Reactome,REACTOME_FACTORS_INVOLVED_IN_MEGAKARYOCYTE_DEVELOPMENT_AND_PLATELET_PRODUCTION,"Factors
Involved In
Megakaryocyte
Development
& Platelet
Production",31,0.847,1.127,0.8814,0.5758,NS,FALSE,FALSE
GOBP|GOBP_POSITIVE_REGULATION_OF_CELL_PROJECTION_ORGANIZATION,GOBP,GOBP_POSITIVE_REGULATION_OF_CELL_PROJECTION_ORGANIZATION,"Positive Reg.
Cell Projection
Org.",62,0.877,1.095,0.8829,0.597,NS,FALSE,FALSE
GOBP|GOBP_REGULATION_OF_D_GLUCOSE_TRANSMEMBRANE_TRANSPORT,GOBP,GOBP_REGULATION_OF_D_GLUCOSE_TRANSMEMBRANE_TRANSPORT,"Reg. D Glucose
Transmembrane
Transport",19,-1.287,0.684,0.3681,0.9901,NS,TRUE,FALSE
GOBP|GOBP_MODULATION_OF_PROCESS_OF_ANOTHER_ORGANISM,GOBP,GOBP_MODULATION_OF_PROCESS_OF_ANOTHER_ORGANISM,"Modulation
Of Process
Of Another
Organism",24,-0.929,1.041,0.7856,0.7057,NS,TRUE,FALSE
Hallmark|HALLMARK_TNFA_SIGNALING_VIA_NFKB,Hallmark,HALLMARK_TNFA_SIGNALING_VIA_NFKB,"TNFA Signaling
Via NF-kB",19,-0.732,1.238,0.9579,0.4573,NS,TRUE,FALSE
GOBP|GOBP_EYE_MORPHOGENESIS,GOBP,GOBP_EYE_MORPHOGENESIS,"Eye
Morphogenesis",16,0.936,1.033,0.756,0.7145,NS,FALSE,FALSE
GOBP|GOBP_EPIDERMIS_DEVELOPMENT,GOBP,GOBP_EPIDERMIS_DEVELOPMENT,"Epidermis
Development",39,-0.989,-0.979,0.712,0.7763,NS,FALSE,FALSE
GOBP|GOBP_PROTEIN_LOCALIZATION_TO_EXTRACELLULAR_REGION,GOBP,GOBP_PROTEIN_LOCALIZATION_TO_EXTRACELLULAR_REGION,"Protein
Localization To
Extracellular
Region",73,-1.273,0.695,0.2345,1,NS,TRUE,FALSE
KEGG_Legacy|KEGG_LEUKOCYTE_TRANSENDOTHELIAL_MIGRATION,KEGG_Legacy,KEGG_LEUKOCYTE_TRANSENDOTHELIAL_MIGRATION,"Leukocyte
Transendothelial
Migration",37,0.858,1.109,0.8678,0.597,NS,FALSE,FALSE
Reactome|REACTOME_CELLULAR_RESPONSE_TO_STARVATION,Reactome,REACTOME_CELLULAR_RESPONSE_TO_STARVATION,"Cellular Resp.
to Starvation",96,-1.448,0.518,0.09342,1,NS,TRUE,FALSE
GOBP|GOBP_REACTIVE_NITROGEN_SPECIES_METABOLIC_PROCESS,GOBP,GOBP_REACTIVE_NITROGEN_SPECIES_METABOLIC_PROCESS,"Reactive
Nitrogen
Species
Metabolism",26,1.062,0.903,0.6096,0.8621,NS,FALSE,FALSE
GOBP|GOBP_POSITIVE_REGULATION_OF_CHROMOSOME_ORGANIZATION,GOBP,GOBP_POSITIVE_REGULATION_OF_CHROMOSOME_ORGANIZATION,"Positive Reg.
Chromosome Org.",26,-1.101,-0.864,0.55,0.9062,NS,FALSE,FALSE
Hallmark|HALLMARK_MTORC1_SIGNALING,Hallmark,HALLMARK_MTORC1_SIGNALING,"MTORC1
Signaling",107,0.975,-0.989,0.7404,0.7655,NS,TRUE,FALSE
GOBP|GOBP_FOREBRAIN_DEVELOPMENT,GOBP,GOBP_FOREBRAIN_DEVELOPMENT,"Forebrain
Development",54,0.919,1.044,0.8028,0.6931,NS,FALSE,FALSE
GOBP|GOBP_REGULATION_OF_THE_FORCE_OF_HEART_CONTRACTION,GOBP,GOBP_REGULATION_OF_THE_FORCE_OF_HEART_CONTRACTION,"Reg. The
Force Of Heart
Contraction",17,-1.043,0.92,0.6509,0.8131,NS,TRUE,FALSE
GOBP|GOBP_RESPONSE_TO_REACTIVE_OXYGEN_SPECIES,GOBP,GOBP_RESPONSE_TO_REACTIVE_OXYGEN_SPECIES,"Resp. to
Reactive Oxygen
Species",58,1.185,0.778,0.4074,0.9762,NS,FALSE,FALSE
GOBP|GOBP_DEPHOSPHORYLATION,GOBP,GOBP_DEPHOSPHORYLATION,Dephosphorylation,37,-0.903,-1.058,0.8269,0.6847,NS,FALSE,FALSE
GOBP|GOBP_DNA_TEMPLATED_DNA_REPLICATION,GOBP,GOBP_DNA_TEMPLATED_DNA_REPLICATION,"DNA Templated
DNA Replication",23,0.999,0.961,0.6725,0.7844,NS,FALSE,FALSE
GOBP|GOBP_REGULATION_OF_AEROBIC_RESPIRATION,GOBP,GOBP_REGULATION_OF_AEROBIC_RESPIRATION,"Reg. Aerobic
Respiration",15,1.081,0.879,0.6169,0.8585,NS,FALSE,FALSE
GOBP|GOBP_CELL_CELL_JUNCTION_ASSEMBLY,GOBP,GOBP_CELL_CELL_JUNCTION_ASSEMBLY,"Cell Junction
Assembly",27,0.762,1.197,0.9476,0.464,NS,FALSE,FALSE
GOBP|GOBP_TISSUE_REGENERATION,GOBP,GOBP_TISSUE_REGENERATION,"Tissue
Regeneration",18,-1.193,0.766,0.4495,0.9387,NS,TRUE,FALSE
Reactome|REACTOME_RAC2_GTPASE_CYCLE,Reactome,REACTOME_RAC2_GTPASE_CYCLE,"Rac2 GTPase
Cycle",27,0.995,0.964,0.674,0.7763,NS,FALSE,FALSE
GOBP|GOBP_RIBOSOME_DISASSEMBLY,GOBP,GOBP_RIBOSOME_DISASSEMBLY,"Ribosome
Disassembly",23,-1.328,-0.63,0.3197,1,NS,FALSE,FALSE
Hallmark|HALLMARK_GLYCOLYSIS,Hallmark,HALLMARK_GLYCOLYSIS,Glycolysis,82,1.012,-0.946,0.6729,0.8473,NS,TRUE,FALSE
KEGG_Legacy|KEGG_FOCAL_ADHESION,KEGG_Legacy,KEGG_FOCAL_ADHESION,Focal Adhesion,76,-1.051,-0.907,0.6215,0.9016,NS,FALSE,FALSE
GOBP|GOBP_REGULATION_OF_LEUKOCYTE_MEDIATED_IMMUNITY,GOBP,GOBP_REGULATION_OF_LEUKOCYTE_MEDIATED_IMMUNITY,"Reg. Leukocyte
Mediated
Immunity",29,-1.145,-0.812,0.4739,0.9377,NS,FALSE,FALSE
GOBP|GOBP_RIBOSOMAL_SMALL_SUBUNIT_BIOGENESIS,GOBP,GOBP_RIBOSOMAL_SMALL_SUBUNIT_BIOGENESIS,"Small Subunit
Biogenesis",32,-1.358,-0.599,0.2309,1,NS,FALSE,FALSE
KEGG_Legacy|KEGG_AXON_GUIDANCE,KEGG_Legacy,KEGG_AXON_GUIDANCE,Axon Guidance,29,-1.049,-0.908,0.6239,0.8574,NS,FALSE,FALSE
GOBP|GOBP_POSITIVE_REGULATION_OF_PHOSPHORUS_METABOLIC_PROCESS,GOBP,GOBP_POSITIVE_REGULATION_OF_PHOSPHORUS_METABOLIC_PROCESS,"Positive Reg.
Phosphorus
Metabolism",59,-0.958,-0.997,0.7573,0.7661,NS,FALSE,FALSE
Reactome|REACTOME_BACTERIAL_INFECTION_PATHWAYS,Reactome,REACTOME_BACTERIAL_INFECTION_PATHWAYS,"Bacterial
Infection
Pathways",41,-0.77,-1.185,0.9606,0.5103,NS,FALSE,FALSE
Reactome|REACTOME_CARGO_CONCENTRATION_IN_THE_ER,Reactome,REACTOME_CARGO_CONCENTRATION_IN_THE_ER,"Cargo
Concentration
In The Er",18,-1.146,-0.809,0.5195,0.928,NS,FALSE,FALSE
Reactome|REACTOME_MITOTIC_PROMETAPHASE,Reactome,REACTOME_MITOTIC_PROMETAPHASE,"Mitotic
Prometaphase",49,-0.984,0.971,0.7311,0.786,NS,TRUE,FALSE
Reactome|REACTOME_FOXO_MEDIATED_TRANSCRIPTION,Reactome,REACTOME_FOXO_MEDIATED_TRANSCRIPTION,"Foxo Mediated
Transcription",15,1.006,0.948,0.6994,0.7869,NS,FALSE,FALSE
GOBP|GOBP_PROTEIN_POLYMERIZATION,GOBP,GOBP_PROTEIN_POLYMERIZATION,"Protein
Polymerization",97,-1.078,-0.875,0.5434,0.9286,NS,FALSE,FALSE
GOBP|GOBP_MAMMARY_GLAND_DEVELOPMENT,GOBP,GOBP_MAMMARY_GLAND_DEVELOPMENT,"Mammary Gland
Development",19,0.793,1.159,0.9142,0.5571,NS,FALSE,FALSE
GOBP|GOBP_NEGATIVE_REGULATION_OF_TRANSMEMBRANE_RECEPTOR_PROTEIN_SERINE_THREONINE_KINASE_SIGNALING_PATHWAY,GOBP,GOBP_NEGATIVE_REGULATION_OF_TRANSMEMBRANE_RECEPTOR_PROTEIN_SERINE_THREONINE_KINASE_SIGNALING_PATHWAY,"Negative Reg.
Transmembrane
Receptor
Protein Serine
Threonine
Kinase
Signaling",24,-1.379,0.572,0.2526,1,NS,TRUE,FALSE
GOBP|GOBP_REGULATION_OF_HYDROLASE_ACTIVITY,GOBP,GOBP_REGULATION_OF_HYDROLASE_ACTIVITY,"Reg. Hydrolase
Activity",33,0.844,1.106,0.8836,0.5872,NS,FALSE,FALSE
GOBP|GOBP_POSITIVE_REGULATION_OF_NEURON_PROJECTION_DEVELOPMENT,GOBP,GOBP_POSITIVE_REGULATION_OF_NEURON_PROJECTION_DEVELOPMENT,"Positive
Reg. Neuron
Projection
Development",24,-1.005,0.945,0.6994,0.8108,NS,TRUE,FALSE
GOBP|GOBP_REGULATION_OF_AUTOPHAGY_OF_MITOCHONDRION,GOBP,GOBP_REGULATION_OF_AUTOPHAGY_OF_MITOCHONDRION,"Reg. Autophagy
Of Mito.",25,0.998,-0.951,0.6783,0.786,NS,TRUE,FALSE
GOBP|GOBP_REGULATION_OF_CIRCADIAN_RHYTHM,GOBP,GOBP_REGULATION_OF_CIRCADIAN_RHYTHM,"Reg. Circadian
Rhythm",30,-0.984,-0.965,0.7118,0.7844,NS,FALSE,FALSE
KEGG_Legacy|KEGG_ENDOMETRIAL_CANCER,KEGG_Legacy,KEGG_ENDOMETRIAL_CANCER,"Endometrial
Cancer",16,-1.028,-0.92,0.6576,0.8381,NS,FALSE,FALSE
Reactome|REACTOME_CELLULAR_RESPONSES_TO_MECHANICAL_STIMULI,Reactome,REACTOME_CELLULAR_RESPONSES_TO_MECHANICAL_STIMULI,"Cellular
Responses To
Mechanical
Stimuli",38,-0.978,-0.97,0.7221,0.7679,NS,FALSE,FALSE
Reactome|REACTOME_PINK1_PRKN_MEDIATED_MITOPHAGY,Reactome,REACTOME_PINK1_PRKN_MEDIATED_MITOPHAGY,"Pink1 Prkn
Mediated
Mitophagy",17,-0.967,-0.981,0.7288,0.7828,NS,FALSE,FALSE
GOBP|GOBP_CELL_CELL_JUNCTION_ORGANIZATION,GOBP,GOBP_CELL_CELL_JUNCTION_ORGANIZATION,"Cell Junction
Org.",37,-0.991,0.956,0.7118,0.8082,NS,TRUE,FALSE
GOBP|GOBP_MRNA_EXPORT_FROM_NUCLEUS,GOBP,GOBP_MRNA_EXPORT_FROM_NUCLEUS,"mRNA Export
From Nucleus",20,-0.902,-1.044,0.7856,0.6931,NS,FALSE,FALSE
KEGG_Legacy|KEGG_ANTIGEN_PROCESSING_AND_PRESENTATION,KEGG_Legacy,KEGG_ANTIGEN_PROCESSING_AND_PRESENTATION,"Antigen
Processing &
Presentation",23,0.79,1.156,0.925,0.5486,NS,FALSE,FALSE
GOBP|GOBP_FAT_CELL_DIFFERENTIATION,GOBP,GOBP_FAT_CELL_DIFFERENTIATION,"Fat Cell
Differentiation",39,-0.771,-1.171,0.9679,0.5269,NS,FALSE,FALSE
Reactome|REACTOME_HSP90_CHAPERONE_CYCLE_FOR_STEROID_HORMONE_RECEPTORS_SHR_IN_THE_PRESENCE_OF_LIGAND,Reactome,REACTOME_HSP90_CHAPERONE_CYCLE_FOR_STEROID_HORMONE_RECEPTORS_SHR_IN_THE_PRESENCE_OF_LIGAND,"Hsp90 Chaperone
Cycle For
Steroid Hormone
Receptors Shr
In The Presence
Of Ligand",36,-0.957,0.984,0.7625,0.7736,NS,TRUE,FALSE
GOBP|GOBP_HEPATICOBILIARY_SYSTEM_DEVELOPMENT,GOBP,GOBP_HEPATICOBILIARY_SYSTEM_DEVELOPMENT,"Hepaticobiliary
System
Development",30,-1.276,0.664,0.3231,1,NS,TRUE,FALSE
GOBP|GOBP_REGULATION_OF_POTASSIUM_ION_TRANSPORT,GOBP,GOBP_REGULATION_OF_POTASSIUM_ION_TRANSPORT,"Reg. Potassium
Ion Transport",20,-1.28,-0.66,0.3968,0.9977,NS,FALSE,FALSE
Hallmark|HALLMARK_IL2_STAT5_SIGNALING,Hallmark,HALLMARK_IL2_STAT5_SIGNALING,"IL2 STAT5
Signaling",45,0.906,1.034,0.8074,0.6808,NS,FALSE,FALSE
Reactome|REACTOME_CO_STIMULATION_BY_CD28,Reactome,REACTOME_CO_STIMULATION_BY_CD28,"Co Stimulation
By CD28",17,-1.085,-0.855,0.6094,0.9016,NS,FALSE,FALSE
GOBP|GOBP_REGULATION_OF_NERVOUS_SYSTEM_DEVELOPMENT,GOBP,GOBP_REGULATION_OF_NERVOUS_SYSTEM_DEVELOPMENT,"Reg. Nervous
System
Development",61,-1.137,-0.802,0.4701,0.9521,NS,FALSE,FALSE
GOBP|GOBP_REGULATION_OF_PROTEIN_MATURATION,GOBP,GOBP_REGULATION_OF_PROTEIN_MATURATION,"Reg. Protein
Maturation",15,0.832,1.107,0.8855,0.6343,NS,FALSE,FALSE
Hallmark|HALLMARK_ESTROGEN_RESPONSE_EARLY,Hallmark,HALLMARK_ESTROGEN_RESPONSE_EARLY,"Estrogen
Response Early",28,-0.925,1.013,0.7924,0.73,NS,TRUE,FALSE
Reactome|REACTOME_MITOTIC_SPINDLE_CHECKPOINT,Reactome,REACTOME_MITOTIC_SPINDLE_CHECKPOINT,"Mitotic Spindle
Checkpoint",27,-1.265,0.671,0.338,1,NS,TRUE,FALSE
GOBP|GOBP_CELLULAR_RESPONSE_TO_HEAT,GOBP,GOBP_CELLULAR_RESPONSE_TO_HEAT,"Cellular Resp.
to Heat",28,-0.942,-0.993,0.7745,0.7587,NS,FALSE,FALSE
GOBP|GOBP_HINDBRAIN_DEVELOPMENT,GOBP,GOBP_HINDBRAIN_DEVELOPMENT,"Hindbrain
Development",29,-0.773,1.162,0.9302,0.5157,NS,TRUE,FALSE
GOBP|GOBP_POSITIVE_REGULATION_OF_SMALL_MOLECULE_METABOLIC_PROCESS,GOBP,GOBP_POSITIVE_REGULATION_OF_SMALL_MOLECULE_METABOLIC_PROCESS,"Positive Reg.
Small Molecule
Metabolism",48,-0.924,1.01,0.8201,0.7411,NS,TRUE,FALSE
GOBP|GOBP_REGULATION_OF_BMP_SIGNALING_PATHWAY,GOBP,GOBP_REGULATION_OF_BMP_SIGNALING_PATHWAY,"Reg. Bmp
Signaling",17,-1.071,-0.863,0.6205,0.8977,NS,FALSE,FALSE
GOBP|GOBP_PROTEIN_DEPHOSPHORYLATION,GOBP,GOBP_PROTEIN_DEPHOSPHORYLATION,"Protein
Dephosphorylation",25,-0.955,-0.977,0.7554,0.7655,NS,FALSE,FALSE
GOBP|GOBP_RESPONSE_TO_RADIATION,GOBP,GOBP_RESPONSE_TO_RADIATION,"Resp. to
Radiation",82,-1.132,-0.8,0.4594,0.9901,NS,FALSE,FALSE
GOBP|GOBP_REGULATION_OF_NUCLEOTIDE_METABOLIC_PROCESS,GOBP,GOBP_REGULATION_OF_NUCLEOTIDE_METABOLIC_PROCESS,"Reg. Nucleotide
Metabolism",34,-0.863,-1.068,0.8645,0.6536,NS,FALSE,FALSE
GOBP|GOBP_RENAL_SYSTEM_PROCESS,GOBP,GOBP_RENAL_SYSTEM_PROCESS,"Renal System
Process",21,-0.924,-1.006,0.7619,0.7602,NS,FALSE,FALSE
GO_Slim|RENAL_SYSTEM_PROCESS,GO_Slim,renal system process,"Renal System
Process",21,-0.924,-1.006,0.7619,0.7602,NS,FALSE,FALSE
GOBP|GOBP_ANTERIOR_POSTERIOR_PATTERN_SPECIFICATION,GOBP,GOBP_ANTERIOR_POSTERIOR_PATTERN_SPECIFICATION,"Anterior
Posterior
Pattern
Specification",17,0.84,1.089,0.8899,0.6458,NS,FALSE,FALSE
GOBP|GOBP_MULTI_MULTICELLULAR_ORGANISM_PROCESS,GOBP,GOBP_MULTI_MULTICELLULAR_ORGANISM_PROCESS,"Multi
Multicellular
Organism
Process",35,1.154,0.773,0.4817,0.963,NS,FALSE,FALSE
GOBP|GOBP_ICOSANOID_METABOLIC_PROCESS,GOBP,GOBP_ICOSANOID_METABOLIC_PROCESS,"Icosanoid
Metabolism",28,-1.145,-0.775,0.4781,0.963,NS,FALSE,FALSE
GOBP|GOBP_PRESYNAPTIC_ENDOCYTOSIS,GOBP,GOBP_PRESYNAPTIC_ENDOCYTOSIS,"Presynaptic
Endocytosis",28,-0.951,-0.969,0.7573,0.786,NS,FALSE,FALSE
GOBP|GOBP_REGULATION_OF_CELL_SUBSTRATE_JUNCTION_ORGANIZATION,GOBP,GOBP_REGULATION_OF_CELL_SUBSTRATE_JUNCTION_ORGANIZATION,"Reg. Cell
Substrate
Junction Org.",27,-0.841,1.079,0.8855,0.6467,NS,TRUE,FALSE
Reactome|REACTOME_DETOXIFICATION_OF_REACTIVE_OXYGEN_SPECIES,Reactome,REACTOME_DETOXIFICATION_OF_REACTIVE_OXYGEN_SPECIES,"Detoxification
Of Reactive
Oxygen Species",25,-0.685,-1.233,0.982,0.4573,NS,FALSE,FALSE
GOBP|GOBP_LEUKOCYTE_MEDIATED_IMMUNITY,GOBP,GOBP_LEUKOCYTE_MEDIATED_IMMUNITY,"Leukocyte
Mediated
Immunity",55,-1.079,-0.839,0.5709,0.9346,NS,FALSE,FALSE
GOBP|GOBP_NEURON_PROJECTION_ORGANIZATION,GOBP,GOBP_NEURON_PROJECTION_ORGANIZATION,"Neuron
Projection Org.",22,-1.215,0.701,0.4314,0.9868,NS,TRUE,FALSE
GOBP|GOBP_RESPONSE_TO_ANGIOTENSIN,GOBP,GOBP_RESPONSE_TO_ANGIOTENSIN,"Resp. to
Angiotensin",18,-0.984,-0.932,0.7097,0.8192,NS,FALSE,FALSE
GOBP|GOBP_BLASTOCYST_DEVELOPMENT,GOBP,GOBP_BLASTOCYST_DEVELOPMENT,"Blastocyst
Development",16,-1.009,-0.906,0.6759,0.8566,NS,FALSE,FALSE
GOBP|GOBP_POTASSIUM_ION_TRANSPORT,GOBP,GOBP_POTASSIUM_ION_TRANSPORT,"Potassium Ion
Transport",37,-0.907,1.008,0.8254,0.7536,NS,TRUE,FALSE
GOBP|GOBP_VIRAL_GENE_EXPRESSION,GOBP,GOBP_VIRAL_GENE_EXPRESSION,"Viral Gene
Expression",22,-1.29,0.625,0.3495,1,NS,TRUE,FALSE
GO_Slim|PROGRAMMED_CELL_DEATH,GO_Slim,programmed cell death,"Programmed Cell
Death",362,0.796,1.119,0.9983,0.4365,NS,FALSE,FALSE
Reactome|REACTOME_G_ALPHA_Q_SIGNALLING_EVENTS,Reactome,REACTOME_G_ALPHA_Q_SIGNALLING_EVENTS,"G Alpha Q
Signalling
Events",18,-0.923,-0.992,0.7863,0.7569,NS,FALSE,FALSE
GOBP|GOBP_AUTOPHAGY_OF_MITOCHONDRION,GOBP,GOBP_AUTOPHAGY_OF_MITOCHONDRION,"Autophagy Of
Mito.",48,1.064,-0.847,0.5786,0.9212,NS,TRUE,FALSE
GOBP|GOBP_CYTOPLASMIC_TRANSLATION,GOBP,GOBP_CYTOPLASMIC_TRANSLATION,"Cytoplasmic
Translation",128,-1.077,0.834,0.5324,0.9794,NS,TRUE,FALSE
GO_Slim|REGULATION_OF_DNA_TEMPLATED_TRANSCRIPTION,GO_Slim,regulation of DNA-templated transcription,"Reg.
DNA-Templated
Transcription",213,-1.099,-0.811,0.4494,1,NS,FALSE,FALSE
GOBP|GOBP_LEUKOCYTE_MEDIATED_CYTOTOXICITY,GOBP,GOBP_LEUKOCYTE_MEDIATED_CYTOTOXICITY,"Leukocyte
Mediated
Cytotoxicity",26,-0.96,-0.95,0.7484,0.7973,NS,FALSE,FALSE
GOBP|GOBP_REGULATION_OF_CARBOHYDRATE_METABOLIC_PROCESS,GOBP,GOBP_REGULATION_OF_CARBOHYDRATE_METABOLIC_PROCESS,"Reg.
Carbohydrate
Metabolism",54,0.813,1.095,0.925,0.597,NS,FALSE,FALSE
GOBP|GOBP_FIBROBLAST_PROLIFERATION,GOBP,GOBP_FIBROBLAST_PROLIFERATION,"Fibroblast
Proliferation",19,-0.911,0.995,0.7856,0.7587,NS,TRUE,FALSE
GOBP|GOBP_INTRINSIC_APOPTOTIC_SIGNALING_PATHWAY,GOBP,GOBP_INTRINSIC_APOPTOTIC_SIGNALING_PATHWAY,"Intrinsic
Apoptotic
Signaling",87,-0.927,0.979,0.839,0.765,NS,TRUE,FALSE
GOBP|GOBP_POSITIVE_REGULATION_OF_LEUKOCYTE_CHEMOTAXIS,GOBP,GOBP_POSITIVE_REGULATION_OF_LEUKOCYTE_CHEMOTAXIS,"Positive Reg.
Leukocyte
Chemotaxis",15,0.963,0.943,0.7376,0.7958,NS,FALSE,FALSE
GOBP|GOBP_POSITIVE_REGULATION_OF_REACTIVE_OXYGEN_SPECIES_METABOLIC_PROCESS,GOBP,GOBP_POSITIVE_REGULATION_OF_REACTIVE_OXYGEN_SPECIES_METABOLIC_PROCESS,"Positive
Reg. Reactive
Oxygen Species
Metabolism",19,1.045,0.86,0.6213,0.8976,NS,FALSE,FALSE
GOBP|GOBP_RESPONSE_TO_CORTICOSTEROID,GOBP,GOBP_RESPONSE_TO_CORTICOSTEROID,"Resp. to
Corticosteroid",31,1.03,-0.874,0.6509,0.8973,NS,TRUE,FALSE
Reactome|REACTOME_COPII_MEDIATED_VESICLE_TRANSPORT,Reactome,REACTOME_COPII_MEDIATED_VESICLE_TRANSPORT,"Copii Mediated
Vesicle
Transport",35,-1,-0.904,0.7082,0.8579,NS,FALSE,FALSE
Reactome|REACTOME_MATERNAL_TO_ZYGOTIC_TRANSITION_MZT,Reactome,REACTOME_MATERNAL_TO_ZYGOTIC_TRANSITION_MZT,"Maternal
To Zygotic
Transition Mzt",17,-0.701,-1.203,0.9679,0.5046,NS,FALSE,FALSE
GOBP|GOBP_REGULATION_OF_REGULATED_SECRETORY_PATHWAY,GOBP,GOBP_REGULATION_OF_REGULATED_SECRETORY_PATHWAY,"Reg. Regulated
Secretory
Pathway",17,-1.029,-0.874,0.672,0.8943,NS,FALSE,FALSE
Reactome|REACTOME_REGULATION_OF_TP53_ACTIVITY_THROUGH_PHOSPHORYLATION,Reactome,REACTOME_REGULATION_OF_TP53_ACTIVITY_THROUGH_PHOSPHORYLATION,"Reg. Tp53
Activity
Through Phosph.",15,-1.104,-0.799,0.5556,0.9322,NS,FALSE,FALSE
GOBP|GOBP_REGULATION_OF_APOPTOTIC_SIGNALING_PATHWAY,GOBP,GOBP_REGULATION_OF_APOPTOTIC_SIGNALING_PATHWAY,"Reg. Apoptotic
Signaling",100,-1.037,0.864,0.6463,0.9377,NS,TRUE,FALSE
GOBP|GOBP_SKIN_DEVELOPMENT,GOBP,GOBP_SKIN_DEVELOPMENT,"Skin
Development",32,-0.922,-0.978,0.8045,0.7645,NS,FALSE,FALSE
GOBP|GOBP_SUBSTANTIA_NIGRA_DEVELOPMENT,GOBP,GOBP_SUBSTANTIA_NIGRA_DEVELOPMENT,"Substantia
Nigra
Development",23,0.866,1.034,0.8437,0.7081,NS,FALSE,FALSE
GOBP|GOBP_NEURON_MIGRATION,GOBP,GOBP_NEURON_MIGRATION,"Neuron
Migration",27,-1.033,0.866,0.6606,0.8989,NS,TRUE,FALSE
Reactome|REACTOME_NEGATIVE_REGULATION_OF_THE_PI3K_AKT_NETWORK,Reactome,REACTOME_NEGATIVE_REGULATION_OF_THE_PI3K_AKT_NETWORK,"Negative Reg.
The PI3K AKT
Network",19,-1.146,0.753,0.5078,0.9554,NS,TRUE,FALSE
GOBP|GOBP_COGNITION,GOBP,GOBP_COGNITION,Cognition,47,-1.049,-0.847,0.6319,0.9181,NS,FALSE,FALSE
GOBP|GOBP_METENCEPHALON_DEVELOPMENT,GOBP,GOBP_METENCEPHALON_DEVELOPMENT,"Metencephalon
Development",25,-0.875,1.021,0.8433,0.7277,NS,TRUE,FALSE
GOBP|GOBP_PROSTANOID_METABOLIC_PROCESS,GOBP,GOBP_PROSTANOID_METABOLIC_PROCESS,"Prostanoid
Metabolism",18,-1.115,0.781,0.5434,0.9326,NS,TRUE,FALSE
GOBP|GOBP_REGULATION_OF_RESPONSE_TO_ENDOPLASMIC_RETICULUM_STRESS,GOBP,GOBP_REGULATION_OF_RESPONSE_TO_ENDOPLASMIC_RETICULUM_STRESS,"Reg. Resp. to
Endoplasmic
Reticulum
Stress",34,-1.091,0.805,0.5743,0.9377,NS,TRUE,FALSE
Hallmark|HALLMARK_CHOLESTEROL_HOMEOSTASIS,Hallmark,HALLMARK_CHOLESTEROL_HOMEOSTASIS,"Cholesterol
Homeostasis",22,1.117,-0.778,0.5434,0.9531,NS,TRUE,FALSE
Reactome|REACTOME_SMOOTH_MUSCLE_CONTRACTION,Reactome,REACTOME_SMOOTH_MUSCLE_CONTRACTION,"Smooth Muscle
Contraction",26,0.791,1.104,0.9198,0.6203,NS,FALSE,FALSE
GO_Slim|CYTOPLASMIC_TRANSLATION,GO_Slim,cytoplasmic translation,"Cytoplasmic
Translation",145,-1.21,0.684,0.2521,1,NS,TRUE,FALSE
Reactome|REACTOME_DEVELOPMENTAL_CELL_LINEAGES,Reactome,REACTOME_DEVELOPMENTAL_CELL_LINEAGES,"Developmental
Cell Lineages",26,0.808,1.086,0.8985,0.6369,NS,FALSE,FALSE
Reactome|REACTOME_PLASMA_LIPOPROTEIN_ASSEMBLY_REMODELING_AND_CLEARANCE,Reactome,REACTOME_PLASMA_LIPOPROTEIN_ASSEMBLY_REMODELING_AND_CLEARANCE,"Plasma
Lipoprotein
Assembly
Remodeling &
Clearance",16,1.201,-0.69,0.4781,0.9901,NS,TRUE,FALSE
GOBP|GOBP_REGULATION_OF_T_CELL_MEDIATED_IMMUNITY,GOBP,GOBP_REGULATION_OF_T_CELL_MEDIATED_IMMUNITY,"Reg. T Cell
Mediated
Immunity",18,1.004,0.886,0.6701,0.8633,NS,FALSE,FALSE
Reactome|REACTOME_COLLAGEN_DEGRADATION,Reactome,REACTOME_COLLAGEN_DEGRADATION,"Collagen
Degradation",15,0.887,1.003,0.8269,0.7498,NS,FALSE,FALSE
Reactome|REACTOME_COPI_MEDIATED_ANTEROGRADE_TRANSPORT,Reactome,REACTOME_COPI_MEDIATED_ANTEROGRADE_TRANSPORT,"Copi Mediated
Anterograde
Transport",55,-0.776,1.112,0.9679,0.5826,NS,TRUE,FALSE
GOBP|GOBP_REGULATION_OF_STEROID_METABOLIC_PROCESS,GOBP,GOBP_REGULATION_OF_STEROID_METABOLIC_PROCESS,"Reg. Steroid
Metabolism",23,0.894,0.994,0.8156,0.7535,NS,FALSE,FALSE
GOBP|GOBP_BIOLOGICAL_PROCESS_INVOLVED_IN_SYMBIOTIC_INTERACTION,GOBP,GOBP_BIOLOGICAL_PROCESS_INVOLVED_IN_SYMBIOTIC_INTERACTION,"Biological
Process
Involved In
Symbiotic
Interaction",58,0.897,0.989,0.839,0.7602,NS,FALSE,FALSE
GOBP|GOBP_RESPONSE_TO_IONIZING_RADIATION,GOBP,GOBP_RESPONSE_TO_IONIZING_RADIATION,"Resp. to
Ionizing
Radiation",32,-1.089,0.797,0.57,0.9387,NS,TRUE,FALSE
GOBP|GOBP_CYTOSKELETON_DEPENDENT_INTRACELLULAR_TRANSPORT,GOBP,GOBP_CYTOSKELETON_DEPENDENT_INTRACELLULAR_TRANSPORT,"Cytoskel.
Dependent
Intracell.
Transport",55,-1.17,0.715,0.4494,0.9982,NS,TRUE,FALSE
GOBP|GOBP_MITOPHAGY,GOBP,GOBP_MITOPHAGY,Mitophagy,41,1.056,-0.828,0.6153,0.9377,NS,TRUE,FALSE
Reactome|REACTOME_SIGNALING_BY_ALK_IN_CANCER,Reactome,REACTOME_SIGNALING_BY_ALK_IN_CANCER,"Signaling By
Alk In Cancer",37,-0.964,-0.92,0.756,0.8557,NS,FALSE,FALSE
GOBP|GOBP_DNA_RECOMBINATION,GOBP,GOBP_DNA_RECOMBINATION,"DNA
Recombination",42,0.799,1.084,0.9316,0.6032,NS,FALSE,FALSE
GOBP|GOBP_POSITIVE_REGULATION_OF_SUBSTRATE_ADHESION_DEPENDENT_CELL_SPREADING,GOBP,GOBP_POSITIVE_REGULATION_OF_SUBSTRATE_ADHESION_DEPENDENT_CELL_SPREADING,"Positive Reg.
Substrate
Adhesion
Dependent Cell
Spreading",16,0.961,0.922,0.7258,0.823,NS,FALSE,FALSE
GO_Slim|DNA_RECOMBINATION,GO_Slim,DNA recombination,"DNA
Recombination",42,0.799,1.084,0.9316,0.6032,NS,FALSE,FALSE
GOBP|GOBP_RESPONSE_TO_KETONE,GOBP,GOBP_RESPONSE_TO_KETONE,Resp. to Ketone,39,0.892,-0.989,0.839,0.7594,NS,TRUE,FALSE
GOBP|GOBP_RECEPTOR_MEDIATED_ENDOCYTOSIS,GOBP,GOBP_RECEPTOR_MEDIATED_ENDOCYTOSIS,"Receptor
Mediated
Endocytosis",63,0.836,1.045,0.9243,0.6806,NS,FALSE,FALSE
GOBP|GOBP_TRANSLATIONAL_ELONGATION,GOBP,GOBP_TRANSLATIONAL_ELONGATION,"Translational
Elongation",38,1.004,0.875,0.6995,0.9032,NS,FALSE,FALSE
GOBP|GOBP_NUCLEOSIDE_DIPHOSPHATE_METABOLIC_PROCESS,GOBP,GOBP_NUCLEOSIDE_DIPHOSPHATE_METABOLIC_PROCESS,"Nucleoside
Diphosphate
Metabolism",58,0.97,0.908,0.724,0.8749,NS,FALSE,FALSE
GOBP|GOBP_POSITIVE_REGULATION_OF_INTRINSIC_APOPTOTIC_SIGNALING_PATHWAY,GOBP,GOBP_POSITIVE_REGULATION_OF_INTRINSIC_APOPTOTIC_SIGNALING_PATHWAY,"Positive Reg.
Intrinsic
Apoptotic
Signaling",15,-0.883,0.994,0.8178,0.7511,NS,TRUE,FALSE
Reactome|REACTOME_EPIGENETIC_REGULATION_OF_GENE_EXPRESSION,Reactome,REACTOME_EPIGENETIC_REGULATION_OF_GENE_EXPRESSION,"Epigenetic Reg.
Gene Expression",27,-0.882,0.994,0.8424,0.755,NS,TRUE,FALSE
GOBP|GOBP_NUCLEOSIDE_METABOLIC_PROCESS,GOBP,GOBP_NUCLEOSIDE_METABOLIC_PROCESS,"Nucleoside
Metabolism",18,0.872,-1.003,0.8424,0.7538,NS,TRUE,FALSE
GOBP|GOBP_REGULATION_OF_POLYSACCHARIDE_METABOLIC_PROCESS,GOBP,GOBP_REGULATION_OF_POLYSACCHARIDE_METABOLIC_PROCESS,"Reg.
Polysaccharide
Metabolism",17,-0.917,0.958,0.7862,0.7871,NS,TRUE,FALSE
GOBP|GOBP_REGULATION_OF_PROTEIN_CONTAINING_COMPLEX_ASSEMBLY,GOBP,GOBP_REGULATION_OF_PROTEIN_CONTAINING_COMPLEX_ASSEMBLY,"Reg. Protein
Containing
Complex
Assembly",132,-1.08,0.792,0.5149,1,NS,TRUE,FALSE
Reactome|REACTOME_COPI_INDEPENDENT_GOLGI_TO_ER_RETROGRADE_TRAFFIC,Reactome,REACTOME_COPI_INDEPENDENT_GOLGI_TO_ER_RETROGRADE_TRAFFIC,"Copi
Independent
Golgi To Er
Retrograde
Traffic",32,-0.618,1.253,0.9983,0.4374,NS,TRUE,FALSE
Reactome|REACTOME_GLUCONEOGENESIS,Reactome,REACTOME_GLUCONEOGENESIS,Gluconeogenesis,15,-1.024,0.846,0.6509,0.8976,NS,TRUE,FALSE
GOBP|GOBP_ENSHEATHMENT_OF_NEURONS,GOBP,GOBP_ENSHEATHMENT_OF_NEURONS,"Ensheathment Of
Neurons",37,-0.926,-0.943,0.8072,0.8188,NS,FALSE,FALSE
GOBP|GOBP_RESPONSE_TO_BMP,GOBP,GOBP_RESPONSE_TO_BMP,Resp. to Bmp,22,-0.978,-0.891,0.7058,0.888,NS,FALSE,FALSE
Reactome|REACTOME_MITF_M_REGULATED_MELANOCYTE_DEVELOPMENT,Reactome,REACTOME_MITF_M_REGULATED_MELANOCYTE_DEVELOPMENT,"Mitf M
Regulated
Melanocyte
Development",41,-1.014,-0.855,0.672,0.9134,NS,FALSE,FALSE
GOBP|GOBP_REGULATION_OF_FAT_CELL_DIFFERENTIATION,GOBP,GOBP_REGULATION_OF_FAT_CELL_DIFFERENTIATION,"Reg. Fat Cell
Differentiation",16,-0.6,-1.268,0.9983,0.4365,NS,FALSE,FALSE
Reactome|REACTOME_RHOQ_GTPASE_CYCLE,Reactome,REACTOME_RHOQ_GTPASE_CYCLE,"Rhoq GTPase
Cycle",17,0.849,1.017,0.8788,0.7403,NS,FALSE,FALSE
GOBP|GOBP_DEFENSE_RESPONSE_TO_VIRUS,GOBP,GOBP_DEFENSE_RESPONSE_TO_VIRUS,"Defense Resp.
to Virus",47,-0.947,0.918,0.7876,0.8421,NS,TRUE,FALSE
Reactome|REACTOME_ARACHIDONATE_METABOLISM,Reactome,REACTOME_ARACHIDONATE_METABOLISM,"Arachidonate
Metabolism",15,0.999,-0.866,0.7058,0.8924,NS,TRUE,FALSE
GOBP|GOBP_REGULATION_OF_ENDOTHELIAL_CELL_MIGRATION,GOBP,GOBP_REGULATION_OF_ENDOTHELIAL_CELL_MIGRATION,"Reg.
Endothelial
Cell Migration",37,0.994,0.87,0.7097,0.9032,NS,FALSE,FALSE
Reactome|REACTOME_AUTOPHAGY,Reactome,REACTOME_AUTOPHAGY,Autophagy,72,-1.077,-0.786,0.5639,0.9869,NS,FALSE,FALSE
GOBP|GOBP_INTRINSIC_APOPTOTIC_SIGNALING_PATHWAY_IN_RESPONSE_TO_OXIDATIVE_STRESS,GOBP,GOBP_INTRINSIC_APOPTOTIC_SIGNALING_PATHWAY_IN_RESPONSE_TO_OXIDATIVE_STRESS,"Intrinsic
Apoptotic
Signaling
In Resp. to
Oxidative
Stress",28,-0.865,-0.996,0.8616,0.755,NS,FALSE,FALSE
Reactome|REACTOME_INFLUENZA_INFECTION,Reactome,REACTOME_INFLUENZA_INFECTION,"Influenza
Infection",97,-1.082,0.778,0.5408,0.9982,NS,TRUE,FALSE
GOBP|GOBP_SPINDLE_ORGANIZATION,GOBP,GOBP_SPINDLE_ORGANIZATION,Spindle Org.,59,-1.029,-0.831,0.6589,0.9317,NS,FALSE,FALSE
GOBP|GOBP_RETROGRADE_VESICLE_MEDIATED_TRANSPORT_GOLGI_TO_ENDOPLASMIC_RETICULUM,GOBP,GOBP_RETROGRADE_VESICLE_MEDIATED_TRANSPORT_GOLGI_TO_ENDOPLASMIC_RETICULUM,"Retrograde
Vesicle
Mediated
Transport Golgi
To Endoplasmic
Reticulum",24,-0.761,1.098,0.9445,0.6306,NS,TRUE,FALSE
GOBP|GOBP_APICAL_JUNCTION_ASSEMBLY,GOBP,GOBP_APICAL_JUNCTION_ASSEMBLY,"Apical Junction
Assembly",17,-0.693,1.163,0.9716,0.5745,NS,TRUE,FALSE
GOBP|GOBP_LIPID_HOMEOSTASIS,GOBP,GOBP_LIPID_HOMEOSTASIS,"Lipid
Homeostasis",33,0.893,0.962,0.8117,0.7903,NS,FALSE,FALSE
GOBP|GOBP_MEMBRANE_DEPOLARIZATION,GOBP,GOBP_MEMBRANE_DEPOLARIZATION,"Membrane
Depolarization",28,-1.173,0.681,0.4496,1,NS,TRUE,FALSE
GOBP|GOBP_GLIAL_CELL_MIGRATION,GOBP,GOBP_GLIAL_CELL_MIGRATION,"Glial Cell
Migration",15,-1.003,0.851,0.674,0.8924,NS,TRUE,FALSE
GOBP|GOBP_REGULATION_OF_SPINDLE_ORGANIZATION,GOBP,GOBP_REGULATION_OF_SPINDLE_ORGANIZATION,"Reg. Spindle
Org.",19,-1.076,-0.777,0.5886,0.9498,NS,FALSE,FALSE
GOBP|GOBP_ORGANOPHOSPHATE_ESTER_TRANSPORT,GOBP,GOBP_ORGANOPHOSPHATE_ESTER_TRANSPORT,"Organophosphate
Ester Transport",29,-1.06,-0.792,0.6111,0.95,NS,FALSE,FALSE
GOBP|GOBP_MYELOID_LEUKOCYTE_DIFFERENTIATION,GOBP,GOBP_MYELOID_LEUKOCYTE_DIFFERENTIATION,"Myeloid
Leukocyte
Differentiation",31,0.819,1.033,0.9098,0.6963,NS,FALSE,FALSE
Reactome|REACTOME_DNA_DOUBLE_STRAND_BREAK_REPAIR,Reactome,REACTOME_DNA_DOUBLE_STRAND_BREAK_REPAIR,"DNA Double
Strand Break
Repair",21,-0.834,-1.018,0.8768,0.7498,NS,FALSE,FALSE
GOBP|GOBP_REGULATION_OF_EXTRACELLULAR_MATRIX_ORGANIZATION,GOBP,GOBP_REGULATION_OF_EXTRACELLULAR_MATRIX_ORGANIZATION,Reg. ECM Org.,16,1.02,0.831,0.6725,0.9062,NS,FALSE,FALSE
GOBP|GOBP_REGULATION_OF_INTRINSIC_APOPTOTIC_SIGNALING_PATHWAY,GOBP,GOBP_REGULATION_OF_INTRINSIC_APOPTOTIC_SIGNALING_PATHWAY,"Reg. Intrinsic
Apoptotic
Signaling",59,-1.061,0.789,0.6125,0.9684,NS,TRUE,FALSE
GOBP|GOBP_NEGATIVE_REGULATION_OF_DNA_METABOLIC_PROCESS,GOBP,GOBP_NEGATIVE_REGULATION_OF_DNA_METABOLIC_PROCESS,"Negative Reg.
DNA Metabolism",21,0.777,1.072,0.9261,0.6659,NS,FALSE,FALSE
GOBP|GOBP_POSITIVE_REGULATION_OF_CELL_MATRIX_ADHESION,GOBP,GOBP_POSITIVE_REGULATION_OF_CELL_MATRIX_ADHESION,"Positive Reg.
Cell Matrix
Adhesion",16,0.915,0.934,0.7967,0.8082,NS,FALSE,FALSE
GOBP|GOBP_REGULATION_OF_ACTIN_FILAMENT_LENGTH,GOBP,GOBP_REGULATION_OF_ACTIN_FILAMENT_LENGTH,"Reg. Actin
Filament Length",52,0.845,1.004,0.9048,0.7437,NS,FALSE,FALSE
GOBP|GOBP_REGULATION_OF_ENDOCYTOSIS,GOBP,GOBP_REGULATION_OF_ENDOCYTOSIS,"Reg.
Endocytosis",76,-0.85,-0.999,0.9207,0.755,NS,FALSE,FALSE
GOBP|GOBP_SODIUM_ION_TRANSMEMBRANE_TRANSPORT,GOBP,GOBP_SODIUM_ION_TRANSMEMBRANE_TRANSPORT,"Sodium Ion
Transmembrane
Transport",21,-0.834,1.015,0.8768,0.7356,NS,TRUE,FALSE
GOBP|GOBP_SODIUM_ION_TRANSPORT,GOBP,GOBP_SODIUM_ION_TRANSPORT,"Sodium Ion
Transport",29,-0.89,0.958,0.8433,0.786,NS,TRUE,FALSE
GOBP|GOBP_ORGANOPHOSPHATE_CATABOLIC_PROCESS,GOBP,GOBP_ORGANOPHOSPHATE_CATABOLIC_PROCESS,"Organophosphate
Catabolism",94,1.046,0.801,0.5886,0.986,NS,FALSE,FALSE
GOBP|GOBP_CELL_SUBSTRATE_JUNCTION_ORGANIZATION,GOBP,GOBP_CELL_SUBSTRATE_JUNCTION_ORGANIZATION,"Cell Substrate
Junction Org.",40,-1.08,0.766,0.5707,0.9649,NS,TRUE,FALSE
GOBP|GOBP_RESPONSE_TO_VIRUS,GOBP,GOBP_RESPONSE_TO_VIRUS,Resp. to Virus,73,-1.065,-0.781,0.5886,0.9901,NS,FALSE,FALSE
GOBP|GOBP_SENSORY_ORGAN_MORPHOGENESIS,GOBP,GOBP_SENSORY_ORGAN_MORPHOGENESIS,"Sensory Organ
Morphogenesis",25,1.025,0.821,0.6542,0.9211,NS,FALSE,FALSE
Reactome|REACTOME_SIGNALING_BY_PDGF,Reactome,REACTOME_SIGNALING_BY_PDGF,"Signaling By
Pdgf",20,-0.984,-0.86,0.6884,0.8976,NS,FALSE,FALSE
GOBP|GOBP_ENDOPLASMIC_RETICULUM_TO_GOLGI_VESICLE_MEDIATED_TRANSPORT,GOBP,GOBP_ENDOPLASMIC_RETICULUM_TO_GOLGI_VESICLE_MEDIATED_TRANSPORT,"Endoplasmic
Reticulum To
Golgi Vesicle
Mediated
Transport",66,-1.203,0.64,0.3645,1,NS,TRUE,FALSE
GOBP|GOBP_RESPONSE_TO_ESTRADIOL,GOBP,GOBP_RESPONSE_TO_ESTRADIOL,"Resp. to
Estradiol",25,-0.953,0.89,0.7561,0.8847,NS,TRUE,FALSE
GOBP|GOBP_LEUKOCYTE_DEGRANULATION,GOBP,GOBP_LEUKOCYTE_DEGRANULATION,"Leukocyte
Degranulation",15,0.964,0.877,0.736,0.8613,NS,FALSE,FALSE
KEGG_Legacy|KEGG_CELL_CYCLE,KEGG_Legacy,KEGG_CELL_CYCLE,Cell Cycle,17,-0.942,-0.899,0.7592,0.8749,NS,FALSE,FALSE
GOBP|GOBP_OSTEOBLAST_DIFFERENTIATION,GOBP,GOBP_OSTEOBLAST_DIFFERENTIATION,"Osteoblast
Differentiation",47,0.843,0.997,0.8907,0.7499,NS,FALSE,FALSE
GOBP|GOBP_REGULATION_OF_LYMPHOCYTE_MEDIATED_IMMUNITY,GOBP,GOBP_REGULATION_OF_LYMPHOCYTE_MEDIATED_IMMUNITY,"Reg. Lymphocyte
Mediated
Immunity",25,-1.001,-0.839,0.7068,0.9255,NS,FALSE,FALSE
GOBP|GOBP_MITOCHONDRIAL_FISSION,GOBP,GOBP_MITOCHONDRIAL_FISSION,Mito. Fission,17,0.966,0.873,0.7097,0.8641,NS,FALSE,FALSE
GOBP|GOBP_STEM_CELL_DIFFERENTIATION,GOBP,GOBP_STEM_CELL_DIFFERENTIATION,"Stem Cell
Differentiation",38,1.037,0.802,0.6585,0.9423,NS,FALSE,FALSE
Reactome|REACTOME_INTERCONVERSION_OF_NUCLEOTIDE_DI_AND_TRIPHOSPHATES,Reactome,REACTOME_INTERCONVERSION_OF_NUCLEOTIDE_DI_AND_TRIPHOSPHATES,"Interconversion
Of Nucleotide
Di &
Triphosphates",17,1.026,-0.813,0.6575,0.9211,NS,TRUE,FALSE
GOBP|GOBP_GLIAL_CELL_DEVELOPMENT,GOBP,GOBP_GLIAL_CELL_DEVELOPMENT,"Glial Cell
Development",34,-1.039,-0.799,0.6589,0.9522,NS,FALSE,FALSE
GOBP|GOBP_REGULATION_OF_LIPID_BIOSYNTHETIC_PROCESS,GOBP,GOBP_REGULATION_OF_LIPID_BIOSYNTHETIC_PROCESS,"Reg. Lipid
Biosynthesis",45,0.79,1.047,0.9476,0.6674,NS,FALSE,FALSE
Reactome|REACTOME_ADIPOGENESIS,Reactome,REACTOME_ADIPOGENESIS,Adipogenesis,16,-1.015,0.822,0.6725,0.9133,NS,TRUE,FALSE
GOBP|GOBP_POSITIVE_REGULATION_OF_CHEMOTAXIS,GOBP,GOBP_POSITIVE_REGULATION_OF_CHEMOTAXIS,"Positive Reg.
Chemotaxis",23,0.935,0.9,0.7505,0.8557,NS,FALSE,FALSE
Hallmark|HALLMARK_UV_RESPONSE_UP,Hallmark,HALLMARK_UV_RESPONSE_UP,UV Response Up,51,-0.854,-0.98,0.9043,0.7844,NS,FALSE,FALSE
KEGG_Legacy|KEGG_ENDOCYTOSIS,KEGG_Legacy,KEGG_ENDOCYTOSIS,Endocytosis,59,-0.965,-0.869,0.7546,0.9106,NS,FALSE,FALSE
Reactome|REACTOME_PLATELET_ACTIVATION_SIGNALING_AND_AGGREGATION,Reactome,REACTOME_PLATELET_ACTIVATION_SIGNALING_AND_AGGREGATION,"Platelet
Activation
Signaling &
Aggregation",83,0.873,0.961,0.8814,0.7909,NS,FALSE,FALSE
GOBP|GOBP_NEGATIVE_REGULATION_OF_MRNA_CATABOLIC_PROCESS,GOBP,GOBP_NEGATIVE_REGULATION_OF_MRNA_CATABOLIC_PROCESS,"Negative Reg.
mRNA Catabolism",28,-1.089,0.742,0.5756,0.9901,NS,TRUE,FALSE
Reactome|REACTOME_NEURONAL_SYSTEM,Reactome,REACTOME_NEURONAL_SYSTEM,Neuronal System,67,-0.926,-0.905,0.8214,0.8869,NS,FALSE,FALSE
GO_Slim|VESICLE_MEDIATED_TRANSPORT,GO_Slim,vesicle-mediated transport,"Vesicle-Mediated
Transport",391,-0.986,-0.842,0.7316,1,NS,FALSE,FALSE
Reactome|REACTOME_GOLGI_TO_ER_RETROGRADE_TRANSPORT,Reactome,REACTOME_GOLGI_TO_ER_RETROGRADE_TRANSPORT,"Golgi To Er
Retrograde
Transport",62,-0.677,1.146,0.9983,0.5238,NS,TRUE,FALSE
GOBP|GOBP_RESPONSE_TO_TUMOR_NECROSIS_FACTOR,GOBP,GOBP_RESPONSE_TO_TUMOR_NECROSIS_FACTOR,"Resp. to Tumor
Necrosis Factor",48,-0.726,-1.094,0.9819,0.614,NS,FALSE,FALSE
GOBP|GOBP_REGULATION_OF_MONONUCLEAR_CELL_MIGRATION,GOBP,GOBP_REGULATION_OF_MONONUCLEAR_CELL_MIGRATION,"Reg.
Mononuclear
Cell Migration",30,1.025,0.794,0.662,0.9419,NS,FALSE,FALSE
GOBP|GOBP_CELLULAR_SENESCENCE,GOBP,GOBP_CELLULAR_SENESCENCE,"Cellular
Senescence",22,0.79,1.028,0.9232,0.7363,NS,FALSE,FALSE
GOBP|GOBP_MEMBRANE_LIPID_BIOSYNTHETIC_PROCESS,GOBP,GOBP_MEMBRANE_LIPID_BIOSYNTHETIC_PROCESS,"Membrane Lipid
Biosynthesis",15,0.907,0.911,0.8107,0.8233,NS,FALSE,FALSE
GOBP|GOBP_TRNA_PROCESSING,GOBP,GOBP_TRNA_PROCESSING,tRNA Processing,27,0.91,0.908,0.8031,0.8394,NS,FALSE,FALSE
KEGG_Legacy|KEGG_LYSOSOME,KEGG_Legacy,KEGG_LYSOSOME,Lysosome,28,1.157,0.661,0.5154,1,NS,FALSE,FALSE
Reactome|REACTOME_TRNA_PROCESSING,Reactome,REACTOME_TRNA_PROCESSING,tRNA Processing,23,0.719,-1.099,0.9716,0.6217,NS,TRUE,FALSE
GOBP|GOBP_REGULATION_OF_PROTEIN_POLYMERIZATION,GOBP,GOBP_REGULATION_OF_PROTEIN_POLYMERIZATION,"Reg. Protein
Polymerization",75,-1.052,-0.764,0.6125,0.9982,NS,FALSE,FALSE
GOBP|GOBP_NEURAL_PRECURSOR_CELL_PROLIFERATION,GOBP,GOBP_NEURAL_PRECURSOR_CELL_PROLIFERATION,"Neural
Precursor Cell
Proliferation",16,-0.59,1.224,0.9983,0.4993,NS,TRUE,FALSE
GOBP|GOBP_ORGANIC_HYDROXY_COMPOUND_TRANSPORT,GOBP,GOBP_ORGANIC_HYDROXY_COMPOUND_TRANSPORT,"Organic Hydroxy
Compound
Transport",40,-1.053,0.761,0.6094,0.9684,NS,TRUE,FALSE
GOBP|GOBP_REGULATION_OF_AUTOPHAGOSOME_ASSEMBLY,GOBP,GOBP_REGULATION_OF_AUTOPHAGOSOME_ASSEMBLY,"Reg.
Autophagosome
Assembly",16,-0.765,-1.048,0.9261,0.6997,NS,FALSE,FALSE
GOBP|GOBP_FOCAL_ADHESION_ASSEMBLY,GOBP,GOBP_FOCAL_ADHESION_ASSEMBLY,"Focal Adhesion
Assembly",29,-0.958,0.854,0.7561,0.9062,NS,TRUE,FALSE
Reactome|REACTOME_INTERFERON_SIGNALING,Reactome,REACTOME_INTERFERON_SIGNALING,"Interferon
Signaling",83,-0.985,0.827,0.7321,0.9642,NS,TRUE,FALSE
Reactome|REACTOME_RHO_GTPASES_ACTIVATE_FORMINS,Reactome,REACTOME_RHO_GTPASES_ACTIVATE_FORMINS,"Rho Gtpases
Activate
Formins",42,-0.719,1.093,0.9819,0.5957,NS,TRUE,FALSE
GOBP|GOBP_CILIUM_ORGANIZATION,GOBP,GOBP_CILIUM_ORGANIZATION,Cilium Org.,57,0.856,0.955,0.8923,0.8024,NS,FALSE,FALSE
GOBP|GOBP_ESTABLISHMENT_OF_PROTEIN_LOCALIZATION_TO_ORGANELLE,GOBP,GOBP_ESTABLISHMENT_OF_PROTEIN_LOCALIZATION_TO_ORGANELLE,"Establishment
Of Protein
Localization To
Organelle",179,0.914,0.897,0.8645,0.9256,NS,FALSE,FALSE
GOBP|GOBP_REGULATION_OF_CHEMOTAXIS,GOBP,GOBP_REGULATION_OF_CHEMOTAXIS,Reg. Chemotaxis,30,0.995,0.816,0.6887,0.9309,NS,FALSE,FALSE
GOBP|GOBP_REGULATION_OF_CILIUM_ASSEMBLY,GOBP,GOBP_REGULATION_OF_CILIUM_ASSEMBLY,"Reg. Cilium
Assembly",21,-0.802,-1.009,0.9097,0.757,NS,FALSE,FALSE
GOBP|GOBP_TISSUE_REMODELING,GOBP,GOBP_TISSUE_REMODELING,"Tissue
Remodeling",23,0.821,0.99,0.8985,0.755,NS,FALSE,FALSE
GO_Slim|CILIUM_ORGANIZATION,GO_Slim,cilium organization,Cilium Org.,57,0.856,0.955,0.8923,0.8024,NS,FALSE,FALSE
GOBP|GOBP_VASCULAR_PROCESS_IN_CIRCULATORY_SYSTEM,GOBP,GOBP_VASCULAR_PROCESS_IN_CIRCULATORY_SYSTEM,"Vascular
Process In
Circulatory
System",44,-0.796,1.013,0.9521,0.7277,NS,TRUE,FALSE
Reactome|REACTOME_RHOB_GTPASE_CYCLE,Reactome,REACTOME_RHOB_GTPASE_CYCLE,"RhoB GTPase
Cycle",15,-0.728,1.08,0.9679,0.6531,NS,TRUE,FALSE
GOBP|GOBP_MEIOTIC_CELL_CYCLE_PROCESS,GOBP,GOBP_MEIOTIC_CELL_CYCLE_PROCESS,"Meiotic Cell
Cycle Process",18,0.822,0.986,0.9007,0.7655,NS,FALSE,FALSE
GOBP|GOBP_TRNA_MODIFICATION,GOBP,GOBP_TRNA_MODIFICATION,tRNA Mod.,15,0.998,-0.808,0.7058,0.928,NS,TRUE,FALSE
Reactome|REACTOME_MRNA_POLYADENYLATION,Reactome,REACTOME_MRNA_POLYADENYLATION,"mRNA
Polyadenylation",49,-1.237,0.568,0.3236,1,NS,TRUE,FALSE
Reactome|REACTOME_GLYCOSAMINOGLYCAN_METABOLISM,Reactome,REACTOME_GLYCOSAMINOGLYCAN_METABOLISM,"Glycosaminoglycan
Metabolism",16,-1.015,-0.79,0.6711,0.9377,NS,FALSE,FALSE
KEGG_Legacy|KEGG_SMALL_CELL_LUNG_CANCER,KEGG_Legacy,KEGG_SMALL_CELL_LUNG_CANCER,"Small Cell Lung
Cancer",19,-0.824,-0.98,0.8907,0.7602,NS,FALSE,FALSE
GOBP|GOBP_NEGATIVE_REGULATION_OF_PROTEIN_CATABOLIC_PROCESS,GOBP,GOBP_NEGATIVE_REGULATION_OF_PROTEIN_CATABOLIC_PROCESS,"Negative
Reg. Protein
Catabolism",42,-0.859,-0.944,0.8899,0.8348,NS,FALSE,FALSE
GOBP|GOBP_REGULATION_OF_G_PROTEIN_COUPLED_RECEPTOR_SIGNALING_PATHWAY,GOBP,GOBP_REGULATION_OF_G_PROTEIN_COUPLED_RECEPTOR_SIGNALING_PATHWAY,"Reg. G Protein
Coupled
Receptor
Signaling",26,-0.986,0.817,0.7118,0.9347,NS,TRUE,FALSE
GOBP|GOBP_RESPONSE_TO_STEROID_HORMONE,GOBP,GOBP_RESPONSE_TO_STEROID_HORMONE,"Resp. to
Steroid Hormone",67,-0.717,-1.086,0.9983,0.606,NS,FALSE,FALSE
KEGG_Legacy|KEGG_METABOLISM_OF_XENOBIOTICS_BY_CYTOCHROME_P450,KEGG_Legacy,KEGG_METABOLISM_OF_XENOBIOTICS_BY_CYTOCHROME_P450,"Metabolism Of
Xenobiotics By
Cytochrome P450",17,-0.984,0.819,0.7097,0.9102,NS,TRUE,FALSE
GOBP|GOBP_RNA_SPLICING,GOBP,GOBP_RNA_SPLICING,RNA Splicing,106,-1.137,-0.664,0.3822,1,NS,FALSE,FALSE
Reactome|REACTOME_RESOLUTION_OF_SISTER_CHROMATID_COHESION,Reactome,REACTOME_RESOLUTION_OF_SISTER_CHROMATID_COHESION,"Resolution
Of Sister
Chromatid
Cohesion",34,-0.746,1.054,0.9679,0.6847,NS,TRUE,FALSE
GOBP|GOBP_REGULATION_OF_CARBOHYDRATE_BIOSYNTHETIC_PROCESS,GOBP,GOBP_REGULATION_OF_CARBOHYDRATE_BIOSYNTHETIC_PROCESS,"Reg.
Carbohydrate
Biosynthesis",28,0.845,0.954,0.8796,0.786,NS,FALSE,FALSE
KEGG_Legacy|KEGG_ECM_RECEPTOR_INTERACTION,KEGG_Legacy,KEGG_ECM_RECEPTOR_INTERACTION,"ECM Receptor
Interaction",26,-0.94,-0.859,0.7702,0.9121,NS,FALSE,FALSE
GOBP|GOBP_SENSORY_PERCEPTION_OF_LIGHT_STIMULUS,GOBP,GOBP_SENSORY_PERCEPTION_OF_LIGHT_STIMULUS,"Sensory
Perception Of
Light Stimulus",18,0.689,1.108,0.9819,0.6203,NS,FALSE,FALSE
GOBP|GOBP_KERATINOCYTE_DIFFERENTIATION,GOBP,GOBP_KERATINOCYTE_DIFFERENTIATION,"Keratinocyte
Differentiation",16,0.955,0.842,0.736,0.8958,NS,FALSE,FALSE
GOBP|GOBP_EPITHELIAL_CELL_PROLIFERATION,GOBP,GOBP_EPITHELIAL_CELL_PROLIFERATION,"Epithelial Cell
Proliferation",57,0.962,0.834,0.7316,0.9377,NS,FALSE,FALSE
GOBP|GOBP_MEMBRANE_DOCKING,GOBP,GOBP_MEMBRANE_DOCKING,"Membrane
Docking",24,-0.85,-0.946,0.876,0.7973,NS,FALSE,FALSE
GOBP|GOBP_REGULATION_OF_RECEPTOR_MEDIATED_ENDOCYTOSIS,GOBP,GOBP_REGULATION_OF_RECEPTOR_MEDIATED_ENDOCYTOSIS,"Reg. Receptor
Mediated
Endocytosis",25,-0.777,-1.019,0.9352,0.7272,NS,FALSE,FALSE
GOBP|GOBP_EPITHELIAL_TUBE_MORPHOGENESIS,GOBP,GOBP_EPITHELIAL_TUBE_MORPHOGENESIS,"Epithelial Tube
Morphogenesis",40,0.782,1.012,0.9469,0.7456,NS,FALSE,FALSE
GOBP|GOBP_ANTIGEN_RECEPTOR_MEDIATED_SIGNALING_PATHWAY,GOBP,GOBP_ANTIGEN_RECEPTOR_MEDIATED_SIGNALING_PATHWAY,"Antigen
Receptor
Mediated
Signaling",34,-0.957,0.836,0.7629,0.9212,NS,TRUE,FALSE
Reactome|REACTOME_EUKARYOTIC_TRANSLATION_INITIATION,Reactome,REACTOME_EUKARYOTIC_TRANSLATION_INITIATION,"Eukaryotic
Translation
Initiation",103,-1.373,-0.42,0.1087,1,NS,FALSE,FALSE
Reactome|REACTOME_ECM_PROTEOGLYCANS,Reactome,REACTOME_ECM_PROTEOGLYCANS,"ECM
Proteoglycans",26,-0.992,-0.8,0.709,0.9498,NS,FALSE,FALSE
GOBP|GOBP_REGULATION_OF_CELL_CYCLE_CHECKPOINT,GOBP,GOBP_REGULATION_OF_CELL_CYCLE_CHECKPOINT,"Reg. Cell Cycle
Checkpoint",17,-1.13,-0.662,0.542,0.9982,NS,FALSE,FALSE
GOBP|GOBP_PHOSPHATIDYLINOSITOL_3_KINASE_PROTEIN_KINASE_B_SIGNAL_TRANSDUCTION,GOBP,GOBP_PHOSPHATIDYLINOSITOL_3_KINASE_PROTEIN_KINASE_B_SIGNAL_TRANSDUCTION,"Phosphatidylinositol
3 Kinase
Protein Kinase
B Signal
Transduction",55,-0.879,-0.912,0.8732,0.8803,NS,FALSE,FALSE
GOBP|GOBP_CELLULAR_RESPONSE_TO_INSULIN_STIMULUS,GOBP,GOBP_CELLULAR_RESPONSE_TO_INSULIN_STIMULUS,"Cellular Resp.
to Insulin
Stimulus",70,0.908,0.882,0.839,0.9062,NS,FALSE,FALSE
GOBP|GOBP_DOUBLE_STRAND_BREAK_REPAIR,GOBP,GOBP_DOUBLE_STRAND_BREAK_REPAIR,"Double Strand
Break Repair",40,-0.948,0.842,0.7629,0.9256,NS,TRUE,FALSE
Reactome|REACTOME_METABOLISM_OF_CARBOHYDRATES_AND_CARBOHYDRATE_DERIVATIVES,Reactome,REACTOME_METABOLISM_OF_CARBOHYDRATES_AND_CARBOHYDRATE_DERIVATIVES,"Metabolism Of
Carbohydrates
& Carbohydrate
Derivatives",95,0.781,1.009,0.9819,0.7437,NS,FALSE,FALSE
GOBP|GOBP_NEGATIVE_REGULATION_OF_CARBOHYDRATE_METABOLIC_PROCESS,GOBP,GOBP_NEGATIVE_REGULATION_OF_CARBOHYDRATE_METABOLIC_PROCESS,"Negative Reg.
Carbohydrate
Metabolism",16,-0.997,-0.792,0.6894,0.9377,NS,FALSE,FALSE
Reactome|REACTOME_TURBULENT_OSCILLATORY_DISTURBED_FLOW_SHEAR_STRESS_ACTIVATES_SIGNALING_BY_PIEZO1_AND_INTEGRINS_IN_ENDOTHELIAL_CELLS,Reactome,REACTOME_TURBULENT_OSCILLATORY_DISTURBED_FLOW_SHEAR_STRESS_ACTIVATES_SIGNALING_BY_PIEZO1_AND_INTEGRINS_IN_ENDOTHELIAL_CELLS,"Turbulent
Oscillatory
Disturbed Flow
Shear Stress
Activates
Signaling
By Piezo1 &
Integrins In
Endothelial
Cells",19,-0.757,1.032,0.9373,0.7095,NS,TRUE,FALSE
GOBP|GOBP_NEGATIVE_REGULATION_OF_RNA_CATABOLIC_PROCESS,GOBP,GOBP_NEGATIVE_REGULATION_OF_RNA_CATABOLIC_PROCESS,"Negative Reg.
RNA Catabolism",31,-1.157,0.631,0.475,1,NS,TRUE,FALSE
GOBP|GOBP_REGULATION_OF_NON_CANONICAL_NF_KAPPAB_SIGNAL_TRANSDUCTION,GOBP,GOBP_REGULATION_OF_NON_CANONICAL_NF_KAPPAB_SIGNAL_TRANSDUCTION,"Reg. Non
Canonical Nf
Kappab Signal
Transduction",19,0.83,0.958,0.8843,0.799,NS,FALSE,FALSE
Reactome|REACTOME_MRNA_3_END_PROCESSING,Reactome,REACTOME_MRNA_3_END_PROCESSING,"mRNA 3 End
Processing",54,-1.306,0.481,0.2367,1,NS,TRUE,FALSE
GOBP|GOBP_REGULATION_OF_SYSTEMIC_ARTERIAL_BLOOD_PRESSURE,GOBP,GOBP_REGULATION_OF_SYSTEMIC_ARTERIAL_BLOOD_PRESSURE,"Reg. Systemic
Arterial Blood
Pressure",16,-0.986,-0.8,0.7097,0.928,NS,FALSE,FALSE
KEGG_Legacy|KEGG_CYSTEINE_AND_METHIONINE_METABOLISM,KEGG_Legacy,KEGG_CYSTEINE_AND_METHIONINE_METABOLISM,"Cysteine &
Methionine
Metabolism",17,0.723,-1.063,0.9679,0.6732,NS,TRUE,FALSE
Hallmark|HALLMARK_UNFOLDED_PROTEIN_RESPONSE,Hallmark,HALLMARK_UNFOLDED_PROTEIN_RESPONSE,UPR,44,0.694,1.091,0.991,0.597,NS,FALSE,FALSE
GO_Slim|MEMBRANE_ORGANIZATION,GO_Slim,membrane organization,Membrane Org.,292,-0.903,0.881,0.925,0.9671,NS,TRUE,FALSE
GOBP|GOBP_REGULATION_OF_REPRODUCTIVE_PROCESS,GOBP,GOBP_REGULATION_OF_REPRODUCTIVE_PROCESS,"Reg.
Reproductive
Process",16,-1.166,0.618,0.4746,1,NS,TRUE,FALSE
Reactome|REACTOME_INFECTION_WITH_MYCOBACTERIUM_TUBERCULOSIS,Reactome,REACTOME_INFECTION_WITH_MYCOBACTERIUM_TUBERCULOSIS,"Infection With
Mycobacterium
Tuberculosis",16,0.882,-0.899,0.839,0.8607,NS,TRUE,FALSE
GOBP|GOBP_REACTIVE_OXYGEN_SPECIES_BIOSYNTHETIC_PROCESS,GOBP,GOBP_REACTIVE_OXYGEN_SPECIES_BIOSYNTHETIC_PROCESS,"Reactive
Oxygen Species
Biosynthesis",20,-0.815,-0.966,0.8923,0.786,NS,FALSE,FALSE
GOBP|GOBP_IMMUNE_SYSTEM_DEVELOPMENT,GOBP,GOBP_IMMUNE_SYSTEM_DEVELOPMENT,"Immune System
Development",26,-0.861,-0.919,0.8711,0.8473,NS,FALSE,FALSE
GOBP|GOBP_REGULATION_OF_DNA_RECOMBINATION,GOBP,GOBP_REGULATION_OF_DNA_RECOMBINATION,"Reg. DNA
Recombination",18,-0.869,0.911,0.8545,0.8381,NS,TRUE,FALSE
GO_Slim|INTRACELLULAR_PROTEIN_TRANSPORT,GO_Slim,intracellular protein transport,"Intracell.
Protein
Transport",211,-0.929,-0.849,0.866,0.992,NS,FALSE,FALSE
KEGG_Legacy|KEGG_GLUTATHIONE_METABOLISM,KEGG_Legacy,KEGG_GLUTATHIONE_METABOLISM,"Glutathione
Metabolism",32,-1.003,-0.775,0.707,0.9684,NS,FALSE,FALSE
GOBP|GOBP_POSITIVE_REGULATION_OF_CELL_DEVELOPMENT,GOBP,GOBP_POSITIVE_REGULATION_OF_CELL_DEVELOPMENT,"Positive
Reg. Cell
Development",67,-1.094,-0.683,0.5408,1,NS,FALSE,FALSE
GOBP|GOBP_CARBOHYDRATE_CATABOLIC_PROCESS,GOBP,GOBP_CARBOHYDRATE_CATABOLIC_PROCESS,"Carbohydrate
Catabolism",73,0.86,0.916,0.8978,0.8896,NS,FALSE,FALSE
GOBP|GOBP_POSITIVE_REGULATION_OF_TRANSLATIONAL_INITIATION,GOBP,GOBP_POSITIVE_REGULATION_OF_TRANSLATIONAL_INITIATION,"Positive Reg.
Translational
Initiation",15,0.94,0.836,0.7694,0.9062,NS,FALSE,FALSE
GOBP|GOBP_LYMPHOCYTE_MEDIATED_IMMUNITY,GOBP,GOBP_LYMPHOCYTE_MEDIATED_IMMUNITY,"Lymphocyte
Mediated
Immunity",40,0.963,-0.812,0.7439,0.9451,NS,TRUE,FALSE
Reactome|REACTOME_ONCOGENIC_MAPK_SIGNALING,Reactome,REACTOME_ONCOGENIC_MAPK_SIGNALING,"Oncogenic MAPK
Signaling",31,-1.014,0.761,0.6894,0.9673,NS,TRUE,FALSE
Reactome|REACTOME_RAB_REGULATION_OF_TRAFFICKING,Reactome,REACTOME_RAB_REGULATION_OF_TRAFFICKING,"Rab Reg.
Trafficking",39,-0.791,-0.984,0.9476,0.7655,NS,FALSE,FALSE
GOBP|GOBP_MAINTENANCE_OF_PROTEIN_LOCATION,GOBP,GOBP_MAINTENANCE_OF_PROTEIN_LOCATION,"Maintenance
Of Protein
Location",21,0.708,1.066,0.9716,0.6659,NS,FALSE,FALSE
GOBP|GOBP_MIDBRAIN_DEVELOPMENT,GOBP,GOBP_MIDBRAIN_DEVELOPMENT,"Midbrain
Development",28,0.813,0.961,0.9047,0.7844,NS,FALSE,FALSE
GOBP|GOBP_REGULATION_OF_CELL_MATRIX_ADHESION,GOBP,GOBP_REGULATION_OF_CELL_MATRIX_ADHESION,"Reg. Cell
Matrix Adhesion",32,-0.905,-0.868,0.8269,0.8976,NS,FALSE,FALSE
Hallmark|HALLMARK_UV_RESPONSE_DN,Hallmark,HALLMARK_UV_RESPONSE_DN,"UV Response
Dn",34,-1.074,-0.699,0.6153,1,NS,FALSE,FALSE
GOBP|GOBP_ERBB_SIGNALING_PATHWAY,GOBP,GOBP_ERBB_SIGNALING_PATHWAY,Erbb Signaling,35,-0.852,-0.918,0.885,0.8381,NS,FALSE,FALSE
GOBP|GOBP_NEGATIVE_REGULATION_OF_CELL_PROJECTION_ORGANIZATION,GOBP,GOBP_NEGATIVE_REGULATION_OF_CELL_PROJECTION_ORGANIZATION,"Negative Reg.
Cell Projection
Org.",31,-0.835,0.935,0.8992,0.8188,NS,TRUE,FALSE
GOBP|GOBP_MITOTIC_CYTOKINESIS,GOBP,GOBP_MITOTIC_CYTOKINESIS,"Mitotic
Cytokinesis",36,-0.757,1.012,0.9628,0.7487,NS,TRUE,FALSE
GOBP|GOBP_REGULATION_OF_T_CELL_ACTIVATION,GOBP,GOBP_REGULATION_OF_T_CELL_ACTIVATION,"Reg. T Cell
Activation",58,-0.991,0.778,0.7142,0.9762,NS,TRUE,FALSE
GOBP|GOBP_DNA_REPLICATION,GOBP,GOBP_DNA_REPLICATION,DNA Replication,52,0.805,-0.963,0.9476,0.7958,NS,TRUE,FALSE
GO_Slim|DNA_REPLICATION,GO_Slim,DNA replication,DNA Replication,52,0.805,-0.963,0.9476,0.7958,NS,TRUE,FALSE
GOBP|GOBP_CELLULAR_RESPONSE_TO_ABIOTIC_STIMULUS,GOBP,GOBP_CELLULAR_RESPONSE_TO_ABIOTIC_STIMULUS,"Cellular Resp.
to Abiotic
Stimulus",79,-0.857,0.91,0.9198,0.8973,NS,TRUE,FALSE
GOBP|GOBP_REGULATION_OF_BINDING,GOBP,GOBP_REGULATION_OF_BINDING,Reg. Binding,18,-0.955,0.812,0.7534,0.9144,NS,TRUE,FALSE
GOBP|GOBP_CELLULAR_RESPONSE_TO_GLUCOSE_STARVATION,GOBP,GOBP_CELLULAR_RESPONSE_TO_GLUCOSE_STARVATION,"Cellular Resp.
to Glucose
Starvation",15,0.899,-0.866,0.816,0.8924,NS,TRUE,FALSE
GOBP|GOBP_NEGATIVE_REGULATION_OF_IMMUNE_EFFECTOR_PROCESS,GOBP,GOBP_NEGATIVE_REGULATION_OF_IMMUNE_EFFECTOR_PROCESS,"Negative Reg.
Immune Effector
Process",18,-0.982,-0.781,0.7118,0.9423,NS,FALSE,FALSE
Reactome|REACTOME_RAC1_GTPASE_CYCLE,Reactome,REACTOME_RAC1_GTPASE_CYCLE,"Rac1 GTPase
Cycle",30,0.809,0.953,0.9055,0.7903,NS,FALSE,FALSE
GOBP|GOBP_MULTICELLULAR_ORGANISMAL_RESPONSE_TO_STRESS,GOBP,GOBP_MULTICELLULAR_ORGANISMAL_RESPONSE_TO_STRESS,"Multicellular
Organismal
Resp. to Stress",20,-0.882,-0.879,0.8167,0.8772,NS,FALSE,FALSE
Reactome|REACTOME_SIGNALING_BY_INSULIN_RECEPTOR,Reactome,REACTOME_SIGNALING_BY_INSULIN_RECEPTOR,"Signaling
By Insulin
Receptor",20,-0.971,-0.79,0.707,0.9379,NS,FALSE,FALSE
Reactome|REACTOME_SELECTIVE_AUTOPHAGY,Reactome,REACTOME_SELECTIVE_AUTOPHAGY,"Selective
Autophagy",45,-0.682,1.078,0.9951,0.6203,NS,TRUE,FALSE
GOBP|GOBP_REGULATION_OF_ACTIN_FILAMENT_ORGANIZATION,GOBP,GOBP_REGULATION_OF_ACTIN_FILAMENT_ORGANIZATION,"Reg. Actin
Filament Org.",85,-0.896,0.864,0.8793,0.9293,NS,TRUE,FALSE
GOBP|GOBP_MEMBRANE_INVAGINATION,GOBP,GOBP_MEMBRANE_INVAGINATION,"Membrane
Invagination",16,0.943,0.815,0.7533,0.9144,NS,FALSE,FALSE
GOBP|GOBP_NEGATIVE_REGULATION_OF_DEFENSE_RESPONSE,GOBP,GOBP_NEGATIVE_REGULATION_OF_DEFENSE_RESPONSE,"Negative
Reg. Defense
Response",43,-1.043,0.715,0.6301,1,NS,TRUE,FALSE
KEGG_Legacy|KEGG_TGF_BETA_SIGNALING_PATHWAY,KEGG_Legacy,KEGG_TGF_BETA_SIGNALING_PATHWAY,"TGF Beta
Signaling",17,-0.945,-0.813,0.756,0.9211,NS,FALSE,FALSE
GOBP|GOBP_RESPIRATORY_SYSTEM_DEVELOPMENT,GOBP,GOBP_RESPIRATORY_SYSTEM_DEVELOPMENT,"Resp. System
Development",33,-0.825,-0.932,0.8899,0.8141,NS,FALSE,FALSE
KEGG_Legacy|KEGG_PORPHYRIN_AND_CHLOROPHYLL_METABOLISM,KEGG_Legacy,KEGG_PORPHYRIN_AND_CHLOROPHYLL_METABOLISM,"Porphyrin &
Chlorophyll
Metabolism",15,0.978,0.779,0.7217,0.9377,NS,FALSE,FALSE
GOBP|GOBP_RESPONSE_TO_GAMMA_RADIATION,GOBP,GOBP_RESPONSE_TO_GAMMA_RADIATION,"Resp. to Gamma
Radiation",18,-0.98,0.775,0.7144,0.9377,NS,TRUE,FALSE
GOBP|GOBP_NEGATIVE_REGULATION_OF_APOPTOTIC_SIGNALING_PATHWAY,GOBP,GOBP_NEGATIVE_REGULATION_OF_APOPTOTIC_SIGNALING_PATHWAY,"Negative Reg.
Apoptotic
Signaling",69,-0.875,0.879,0.8899,0.9079,NS,TRUE,FALSE
Hallmark|HALLMARK_INFLAMMATORY_RESPONSE,Hallmark,HALLMARK_INFLAMMATORY_RESPONSE,"Inflammatory
Response",17,0.716,1.037,0.9716,0.7278,NS,FALSE,FALSE
GOBP|GOBP_MRNA_CATABOLIC_PROCESS,GOBP,GOBP_MRNA_CATABOLIC_PROCESS,mRNA Catabolism,71,-1.104,-0.648,0.5197,1,NS,FALSE,FALSE
GOBP|GOBP_POSITIVE_REGULATION_OF_VASCULATURE_DEVELOPMENT,GOBP,GOBP_POSITIVE_REGULATION_OF_VASCULATURE_DEVELOPMENT,"Positive Reg.
Vasculature
Development",35,-0.885,-0.867,0.8521,0.8973,NS,FALSE,FALSE
Reactome|REACTOME_HCMV_INFECTION,Reactome,REACTOME_HCMV_INFECTION,Hcmv Infection,42,-0.83,-0.921,0.9198,0.8591,NS,FALSE,FALSE
GOBP|GOBP_RIBOSOME_BIOGENESIS,GOBP,GOBP_RIBOSOME_BIOGENESIS,"Ribosome
Biogenesis",72,-1.042,-0.708,0.6456,1,NS,FALSE,FALSE
GO_Slim|RIBOSOME_BIOGENESIS,GO_Slim,ribosome biogenesis,"Ribosome
Biogenesis",72,-1.042,-0.708,0.6456,1,NS,FALSE,FALSE
GOBP|GOBP_RESPONSE_TO_ORGANOPHOSPHORUS,GOBP,GOBP_RESPONSE_TO_ORGANOPHOSPHORUS,"Resp. to
Organophosphorus",26,1.062,0.687,0.6082,0.9924,NS,FALSE,FALSE
GOBP|GOBP_POSITIVE_REGULATION_OF_DNA_METABOLIC_PROCESS,GOBP,GOBP_POSITIVE_REGULATION_OF_DNA_METABOLIC_PROCESS,"Positive Reg.
DNA Metabolism",51,-0.795,0.953,0.9607,0.8082,NS,TRUE,FALSE
GOBP|GOBP_REGULATION_OF_RHO_PROTEIN_SIGNAL_TRANSDUCTION,GOBP,GOBP_REGULATION_OF_RHO_PROTEIN_SIGNAL_TRANSDUCTION,"Reg. Rho
Protein Signal
Transduction",15,-0.97,-0.777,0.7118,0.944,NS,FALSE,FALSE
GOBP|GOBP_PLASMA_MEMBRANE_REPAIR,GOBP,GOBP_PLASMA_MEMBRANE_REPAIR,"Plasma Membrane
Repair",19,0.525,1.219,0.9983,0.4703,NS,FALSE,FALSE
GOBP|GOBP_CELLULAR_RESPONSE_TO_XENOBIOTIC_STIMULUS,GOBP,GOBP_CELLULAR_RESPONSE_TO_XENOBIOTIC_STIMULUS,"Cellular Resp.
to Xenobiotic
Stimulus",40,-0.938,0.804,0.7856,0.95,NS,TRUE,FALSE
GOBP|GOBP_LYMPHOCYTE_MIGRATION,GOBP,GOBP_LYMPHOCYTE_MIGRATION,"Lymphocyte
Migration",18,0.999,0.742,0.6725,0.9527,NS,FALSE,FALSE
GOBP|GOBP_REGULATED_EXOCYTOSIS,GOBP,GOBP_REGULATED_EXOCYTOSIS,"Regulated
Exocytosis",39,-0.895,-0.846,0.8374,0.9211,NS,FALSE,FALSE
Reactome|REACTOME_INTRA_GOLGI_AND_RETROGRADE_GOLGI_TO_ER_TRAFFIC,Reactome,REACTOME_INTRA_GOLGI_AND_RETROGRADE_GOLGI_TO_ER_TRAFFIC,"Intra Golgi
& Retrograde
Golgi To Er
Traffic",74,0.618,1.122,0.9983,0.5252,NS,FALSE,FALSE
Reactome|REACTOME_RAB_GEFS_EXCHANGE_GTP_FOR_GDP_ON_RABS,Reactome,REACTOME_RAB_GEFS_EXCHANGE_GTP_FOR_GDP_ON_RABS,"Rab Gefs
Exchange GTP
For GDP On Rabs",28,-0.7,-1.039,0.9793,0.7131,NS,FALSE,FALSE
GOBP|GOBP_PROTEIN_DNA_COMPLEX_ORGANIZATION,GOBP,GOBP_PROTEIN_DNA_COMPLEX_ORGANIZATION,"Protein DNA
Complex Org.",18,-0.781,-0.957,0.925,0.7952,NS,FALSE,FALSE
Reactome|REACTOME_DISEASES_OF_GLYCOSYLATION,Reactome,REACTOME_DISEASES_OF_GLYCOSYLATION,"Diseases Of
Glycosylation",26,-0.792,-0.946,0.9263,0.8059,NS,FALSE,FALSE
GOBP|GOBP_PRIMARY_ALCOHOL_METABOLIC_PROCESS,GOBP,GOBP_PRIMARY_ALCOHOL_METABOLIC_PROCESS,"Primary Alcohol
Metabolism",29,0.874,-0.863,0.8424,0.9039,NS,TRUE,FALSE
Reactome|REACTOME_TRANSCRIPTIONAL_AND_POST_TRANSLATIONAL_REGULATION_OF_MITF_M_EXPRESSION_AND_ACTIVITY,Reactome,REACTOME_TRANSCRIPTIONAL_AND_POST_TRANSLATIONAL_REGULATION_OF_MITF_M_EXPRESSION_AND_ACTIVITY,"MITF-M
Regulation",24,-0.697,1.038,0.9767,0.7145,NS,TRUE,FALSE
GOBP|GOBP_NEGATIVE_REGULATION_OF_CATABOLIC_PROCESS,GOBP,GOBP_NEGATIVE_REGULATION_OF_CATABOLIC_PROCESS,"Negative Reg.
Catabolism",115,-0.988,-0.746,0.7258,1,NS,FALSE,FALSE
GOBP|GOBP_NEGATIVE_REGULATION_OF_MITOTIC_CELL_CYCLE_PHASE_TRANSITION,GOBP,GOBP_NEGATIVE_REGULATION_OF_MITOTIC_CELL_CYCLE_PHASE_TRANSITION,"Negative Reg.
Mitotic Cell
Cycle Phase
Transition",25,-1.108,-0.626,0.5502,1,NS,FALSE,FALSE
GOBP|GOBP_REGULATION_OF_CELLULAR_COMPONENT_SIZE,GOBP,GOBP_REGULATION_OF_CELLULAR_COMPONENT_SIZE,"Reg. Cellular
Component Size",97,-0.936,0.798,0.8254,0.987,NS,TRUE,FALSE
Reactome|REACTOME_ASPARAGINE_N_LINKED_GLYCOSYLATION,Reactome,REACTOME_ASPARAGINE_N_LINKED_GLYCOSYLATION,"N-Linked
Glycosylation",122,-0.887,0.847,0.8978,0.9657,NS,TRUE,FALSE
GOBP|GOBP_RHYTHMIC_PROCESS,GOBP,GOBP_RHYTHMIC_PROCESS,"Rhythmic
Process",54,-0.823,-0.908,0.925,0.8834,NS,FALSE,FALSE
Reactome|REACTOME_COOPERATION_OF_PDCL_PHLP1_AND_TRIC_CCT_IN_G_PROTEIN_BETA_FOLDING,Reactome,REACTOME_COOPERATION_OF_PDCL_PHLP1_AND_TRIC_CCT_IN_G_PROTEIN_BETA_FOLDING,"Cooperation Of
Pdcl Phlp1 &
Tric Cct In G
Protein Beta
Folding",18,1.029,0.7,0.6338,0.9826,NS,FALSE,FALSE
GOBP|GOBP_ERYTHROCYTE_HOMEOSTASIS,GOBP,GOBP_ERYTHROCYTE_HOMEOSTASIS,"Erythrocyte
Homeostasis",34,-0.86,-0.867,0.87,0.8976,NS,FALSE,FALSE
GOBP|GOBP_REGULATION_OF_NEURON_PROJECTION_DEVELOPMENT,GOBP,GOBP_REGULATION_OF_NEURON_PROJECTION_DEVELOPMENT,"Reg. Neuron
Projection
Development",65,-0.879,0.848,0.8899,0.9211,NS,TRUE,FALSE
GOBP|GOBP_TELOMERE_ORGANIZATION,GOBP,GOBP_TELOMERE_ORGANIZATION,Telomere Org.,40,-1.018,-0.708,0.6725,0.9982,NS,FALSE,FALSE
GO_Slim|TELOMERE_ORGANIZATION,GO_Slim,telomere organization,Telomere Org.,40,-1.018,-0.708,0.6725,0.9982,NS,FALSE,FALSE
GOBP|GOBP_ORGANELLE_FUSION,GOBP,GOBP_ORGANELLE_FUSION,"Organelle
Fusion",58,-0.748,0.976,0.9819,0.7772,NS,TRUE,FALSE
GOBP|GOBP_RESPONSE_TO_HYDROGEN_PEROXIDE,GOBP,GOBP_RESPONSE_TO_HYDROGEN_PEROXIDE,"Resp. to
Hydrogen
Peroxide",31,0.886,0.838,0.8204,0.9181,NS,FALSE,FALSE
KEGG_Legacy|KEGG_GAP_JUNCTION,KEGG_Legacy,KEGG_GAP_JUNCTION,Gap Junction,26,0.881,0.842,0.8297,0.9181,NS,FALSE,FALSE
GOBP|GOBP_ORGANELLE_TRANSPORT_ALONG_MICROTUBULE,GOBP,GOBP_ORGANELLE_TRANSPORT_ALONG_MICROTUBULE,"Organelle
Transport Along
MT",28,-0.944,0.778,0.7702,0.9642,NS,TRUE,FALSE
GOBP|GOBP_STEROL_HOMEOSTASIS,GOBP,GOBP_STEROL_HOMEOSTASIS,"Sterol
Homeostasis",15,0.801,0.921,0.9007,0.8133,NS,FALSE,FALSE
GOBP|GOBP_NEGATIVE_REGULATION_OF_CHROMOSOME_ORGANIZATION,GOBP,GOBP_NEGATIVE_REGULATION_OF_CHROMOSOME_ORGANIZATION,"Negative Reg.
Chromosome Org.",18,0.901,0.82,0.7941,0.9106,NS,FALSE,FALSE
KEGG_Legacy|KEGG_FRUCTOSE_AND_MANNOSE_METABOLISM,KEGG_Legacy,KEGG_FRUCTOSE_AND_MANNOSE_METABOLISM,"Fructose
& Mannose
Metabolism",17,-0.878,0.842,0.8204,0.8973,NS,TRUE,FALSE
GOBP|GOBP_STEROL_METABOLIC_PROCESS,GOBP,GOBP_STEROL_METABOLIC_PROCESS,"Sterol
Metabolism",37,0.739,-0.979,0.9793,0.7645,NS,TRUE,FALSE
Reactome|REACTOME_REGULATION_OF_INSULIN_LIKE_GROWTH_FACTOR_IGF_TRANSPORT_AND_UPTAKE_BY_INSULIN_LIKE_GROWTH_FACTOR_BINDING_PROTEINS_IGFBPS,Reactome,REACTOME_REGULATION_OF_INSULIN_LIKE_GROWTH_FACTOR_IGF_TRANSPORT_AND_UPTAKE_BY_INSULIN_LIKE_GROWTH_FACTOR_BINDING_PROTEINS_IGFBPS,"Reg. Insulin
Like Growth
Factor Igf
Transport
& Uptake
By Insulin
Like Growth
Factor Binding
Proteins Igfbps",27,0.738,0.978,0.9679,0.7645,NS,FALSE,FALSE
GOBP|GOBP_BRANCHING_MORPHOGENESIS_OF_AN_EPITHELIAL_TUBE,GOBP,GOBP_BRANCHING_MORPHOGENESIS_OF_AN_EPITHELIAL_TUBE,"Branching
Morphogenesis
Of An
Epithelial Tube",19,-0.942,0.773,0.7492,0.95,NS,TRUE,FALSE
GOBP|GOBP_VIRAL_RELEASE_FROM_HOST_CELL,GOBP,GOBP_VIRAL_RELEASE_FROM_HOST_CELL,"Viral Release
From Host Cell",21,-0.875,-0.839,0.8211,0.9169,NS,FALSE,FALSE
GOBP|GOBP_HORMONE_MEDIATED_SIGNALING_PATHWAY,GOBP,GOBP_HORMONE_MEDIATED_SIGNALING_PATHWAY,"Hormone
Mediated
Signaling",37,-0.794,-0.917,0.9289,0.8573,NS,FALSE,FALSE
GOBP|GOBP_POSITIVE_REGULATION_OF_CATALYTIC_ACTIVITY,GOBP,GOBP_POSITIVE_REGULATION_OF_CATALYTIC_ACTIVITY,"Positive Reg.
Catalytic
Activity",45,0.811,0.897,0.925,0.8865,NS,FALSE,FALSE
GOBP|GOBP_CELL_SUBSTRATE_ADHESION,GOBP,GOBP_CELL_SUBSTRATE_ADHESION,"Cell Substrate
Adhesion",86,0.78,0.926,0.9819,0.8613,NS,FALSE,FALSE
Reactome|REACTOME_RAC3_GTPASE_CYCLE,Reactome,REACTOME_RAC3_GTPASE_CYCLE,"Rac3 GTPase
Cycle",24,0.928,0.778,0.7684,0.9379,NS,FALSE,FALSE
Reactome|REACTOME_SARS_COV_2_INFECTION,Reactome,REACTOME_SARS_COV_2_INFECTION,"Sars Cov 2
Infection",106,-1.11,-0.594,0.4552,1,NS,FALSE,FALSE
Reactome|REACTOME_HCMV_EARLY_EVENTS,Reactome,REACTOME_HCMV_EARLY_EVENTS,"Hcmv Early
Events",26,0.604,1.099,0.9983,0.6293,NS,FALSE,FALSE
Reactome|REACTOME_MITOPHAGY,Reactome,REACTOME_MITOPHAGY,Mitophagy,20,-0.893,-0.807,0.79990000000000006,0.928,NS,FALSE,FALSE
KEGG_Legacy|KEGG_PROGESTERONE_MEDIATED_OOCYTE_MATURATION,KEGG_Legacy,KEGG_PROGESTERONE_MEDIATED_OOCYTE_MATURATION,"Progesterone
Mediated Oocyte
Maturation",20,-0.815,-0.885,0.8923,0.8739,NS,FALSE,FALSE
GOBP|GOBP_REGULATION_OF_CELL_SUBSTRATE_ADHESION,GOBP,GOBP_REGULATION_OF_CELL_SUBSTRATE_ADHESION,"Reg. Cell
Substrate
Adhesion",53,0.822,0.877,0.9208,0.9134,NS,FALSE,FALSE
GOBP|GOBP_NEGATIVE_REGULATION_OF_LIPID_METABOLIC_PROCESS,GOBP,GOBP_NEGATIVE_REGULATION_OF_LIPID_METABOLIC_PROCESS,"Negative
Reg. Lipid
Metabolism",15,-0.685,1.013,0.9793,0.7411,NS,TRUE,FALSE
GOBP|GOBP_RESPONSE_TO_INTERLEUKIN_1,GOBP,GOBP_RESPONSE_TO_INTERLEUKIN_1,"Resp. to
Interleukin 1",17,-0.623,-1.075,0.9951,0.6611,NS,FALSE,FALSE
GOBP|GOBP_MITOTIC_CELL_CYCLE_CHECKPOINT_SIGNALING,GOBP,GOBP_MITOTIC_CELL_CYCLE_CHECKPOINT_SIGNALING,"Mitotic
Cell Cycle
Checkpoint
Signaling",23,-1.057,0.64,0.6185,1,NS,TRUE,FALSE
GOBP|GOBP_VESICLE_MEDIATED_TRANSPORT_BETWEEN_ENDOSOMAL_COMPARTMENTS,GOBP,GOBP_VESICLE_MEDIATED_TRANSPORT_BETWEEN_ENDOSOMAL_COMPARTMENTS,"Vesicle
Mediated
Transport
Between
Endosomal
Compartments",21,-0.851,-0.846,0.8465,0.9151,NS,FALSE,FALSE
Reactome|REACTOME_SIGNALING_BY_BRAF_AND_RAF1_FUSIONS,Reactome,REACTOME_SIGNALING_BY_BRAF_AND_RAF1_FUSIONS,"Signaling By
Braf & Raf1
Fusions",29,-0.897,-0.8,0.8414,0.9426,NS,FALSE,FALSE
GOBP|GOBP_REGULATION_OF_MRNA_PROCESSING,GOBP,GOBP_REGULATION_OF_MRNA_PROCESSING,"Reg. mRNA
Processing",34,-0.833,-0.863,0.8899,0.8987,NS,FALSE,FALSE
GOBP|GOBP_REGULATION_OF_RNA_SPLICING,GOBP,GOBP_REGULATION_OF_RNA_SPLICING,"Reg. RNA
Splicing",45,-0.954,-0.742,0.7629,0.9925,NS,FALSE,FALSE
GOBP|GOBP_RETINOL_METABOLIC_PROCESS,GOBP,GOBP_RETINOL_METABOLIC_PROCESS,"Retinol
Metabolism",16,0.872,-0.824,0.8416,0.9169,NS,TRUE,FALSE
GOBP|GOBP_CEREBRAL_CORTEX_DEVELOPMENT,GOBP,GOBP_CEREBRAL_CORTEX_DEVELOPMENT,"Cerebral Cortex
Development",29,-0.887,-0.807,0.8492,0.9379,NS,FALSE,FALSE
GOBP|GOBP_RELEASE_OF_CYTOCHROME_C_FROM_MITOCHONDRIA,GOBP,GOBP_RELEASE_OF_CYTOCHROME_C_FROM_MITOCHONDRIA,"Release Of
Cytochrome
C From
Mitochondria",19,-0.882,-0.812,0.8192,0.9286,NS,FALSE,FALSE
GOBP|GOBP_NEGATIVE_REGULATION_OF_PROTEIN_CONTAINING_COMPLEX_DISASSEMBLY,GOBP,GOBP_NEGATIVE_REGULATION_OF_PROTEIN_CONTAINING_COMPLEX_DISASSEMBLY,"Negative
Reg. Protein
Containing
Complex
Disassembly",27,-0.934,-0.759,0.7923,0.9776,NS,FALSE,FALSE
Reactome|REACTOME_UNFOLDED_PROTEIN_RESPONSE_UPR,Reactome,REACTOME_UNFOLDED_PROTEIN_RESPONSE_UPR,UPR,28,0.817,0.875,0.9018,0.8749,NS,FALSE,FALSE
GOBP|GOBP_DEFENSE_RESPONSE_TO_BACTERIUM,GOBP,GOBP_DEFENSE_RESPONSE_TO_BACTERIUM,"Defense Resp.
to Bacterium",22,-0.729,-0.962,0.9679,0.7909,NS,FALSE,FALSE
GOBP|GOBP_MESENCHYME_DEVELOPMENT,GOBP,GOBP_MESENCHYME_DEVELOPMENT,"Mesenchyme
Development",46,0.873,0.817,0.8465,0.9498,NS,FALSE,FALSE
GOBP|GOBP_NEGATIVE_REGULATION_OF_TRANSFORMING_GROWTH_FACTOR_BETA_RECEPTOR_SIGNALING_PATHWAY,GOBP,GOBP_NEGATIVE_REGULATION_OF_TRANSFORMING_GROWTH_FACTOR_BETA_RECEPTOR_SIGNALING_PATHWAY,"Negative Reg.
Transforming
Growth Factor
Beta Receptor
Signaling",17,-1.032,-0.658,0.6648,0.9982,NS,FALSE,FALSE
Reactome|REACTOME_RHO_GTPASES_ACTIVATE_PKNS,Reactome,REACTOME_RHO_GTPASES_ACTIVATE_PKNS,"Rho Gtpases
Activate Pkns",19,0.534,1.156,0.9983,0.5616,NS,FALSE,FALSE
GOBP|GOBP_POSTSYNAPSE_ORGANIZATION,GOBP,GOBP_POSTSYNAPSE_ORGANIZATION,"Postsynapse
Org.",48,-0.713,0.974,0.98740000000000006,0.7855,NS,TRUE,FALSE
Reactome|REACTOME_ACTIVATION_OF_NMDA_RECEPTORS_AND_POSTSYNAPTIC_EVENTS,Reactome,REACTOME_ACTIVATION_OF_NMDA_RECEPTORS_AND_POSTSYNAPTIC_EVENTS,"Activation Of
Nmda Receptors
& Postsynaptic
Events",30,-0.832,0.855,0.901,0.9074,NS,TRUE,FALSE
Reactome|REACTOME_PHASE_I_FUNCTIONALIZATION_OF_COMPOUNDS,Reactome,REACTOME_PHASE_I_FUNCTIONALIZATION_OF_COMPOUNDS,"Phase I
Functionalization
Of Compounds",29,-0.732,-0.955,0.9679,0.7951,NS,FALSE,FALSE
GOBP|GOBP_RESPONSE_TO_MOLECULE_OF_BACTERIAL_ORIGIN,GOBP,GOBP_RESPONSE_TO_MOLECULE_OF_BACTERIAL_ORIGIN,"Resp. to
Molecule Of
Bacterial
Origin",52,0.982,0.704,0.6994,1,NS,FALSE,FALSE
GOBP|GOBP_INSULIN_LIKE_GROWTH_FACTOR_RECEPTOR_SIGNALING_PATHWAY,GOBP,GOBP_INSULIN_LIKE_GROWTH_FACTOR_RECEPTOR_SIGNALING_PATHWAY,"Insulin Like
Growth Factor
Receptor
Signaling",17,-0.903,-0.781,0.7952,0.9377,NS,FALSE,FALSE
GOBP|GOBP_CARDIAC_SEPTUM_DEVELOPMENT,GOBP,GOBP_CARDIAC_SEPTUM_DEVELOPMENT,"Cardiac Septum
Development",15,0.621,1.061,0.98740000000000006,0.6802,NS,FALSE,FALSE
GOBP|GOBP_CELL_MATRIX_ADHESION,GOBP,GOBP_CELL_MATRIX_ADHESION,"Cell Matrix
Adhesion",59,-0.861,0.821,0.8964,0.9419,NS,TRUE,FALSE
GOBP|GOBP_CELL_REDOX_HOMEOSTASIS,GOBP,GOBP_CELL_REDOX_HOMEOSTASIS,"Cell Redox
Homeostasis",22,0.592,-1.09,0.9983,0.6391,NS,TRUE,FALSE
Hallmark|HALLMARK_P53_PATHWAY,Hallmark,HALLMARK_P53_PATHWAY,p53 Pathway,36,0.858,0.824,0.876,0.928,NS,FALSE,FALSE
GOBP|GOBP_PROTEIN_TARGETING,GOBP,GOBP_PROTEIN_TARGETING,"Protein
Targeting",103,0.838,0.843,0.9352,0.9527,NS,FALSE,FALSE
GOBP|GOBP_MYELOID_CELL_ACTIVATION_INVOLVED_IN_IMMUNE_RESPONSE,GOBP,GOBP_MYELOID_CELL_ACTIVATION_INVOLVED_IN_IMMUNE_RESPONSE,"Myeloid Cell
Activation
Involved In
Immune Response",16,-0.852,0.828,0.8396,0.9079,NS,TRUE,FALSE
Reactome|REACTOME_DEGRADATION_OF_THE_EXTRACELLULAR_MATRIX,Reactome,REACTOME_DEGRADATION_OF_THE_EXTRACELLULAR_MATRIX,"Degradation Of
The ECM",34,0.581,1.099,0.9983,0.6193,NS,FALSE,FALSE
GOBP|GOBP_BONE_DEVELOPMENT,GOBP,GOBP_BONE_DEVELOPMENT,"Bone
Development",34,0.759,0.92,0.9579,0.8553,NS,FALSE,FALSE
GOBP|GOBP_PROTEIN_LOCALIZATION_TO_CELL_SURFACE,GOBP,GOBP_PROTEIN_LOCALIZATION_TO_CELL_SURFACE,"Protein
Localization To
Cell Surface",18,-0.904,0.775,0.8107,0.9377,NS,TRUE,FALSE
Reactome|REACTOME_HIGH_LAMINAR_FLOW_SHEAR_STRESS_ACTIVATES_SIGNALING_BY_PIEZO1_AND_PECAM1_CDH5_KDR_IN_ENDOTHELIAL_CELLS,Reactome,REACTOME_HIGH_LAMINAR_FLOW_SHEAR_STRESS_ACTIVATES_SIGNALING_BY_PIEZO1_AND_PECAM1_CDH5_KDR_IN_ENDOTHELIAL_CELLS,"High Laminar
Flow Shear
Stress
Activates
Signaling By
Piezo1 & Pecam1
Cdh5 Kdr In
Endothelial
Cells",21,0.903,-0.776,0.8028,0.9511,NS,TRUE,FALSE
GOBP|GOBP_REGULATION_OF_MRNA_SPLICING_VIA_SPLICEOSOME,GOBP,GOBP_REGULATION_OF_MRNA_SPLICING_VIA_SPLICEOSOME,"Reg. mRNA
Splicing Via
Spliceosome",32,-0.821,-0.858,0.9125,0.9062,NS,FALSE,FALSE
GOBP|GOBP_CELL_KILLING,GOBP,GOBP_CELL_KILLING,Cell Killing,34,0.791,-0.887,0.9302,0.8782,NS,TRUE,FALSE
GOBP|GOBP_HYDROGEN_PEROXIDE_METABOLIC_PROCESS,GOBP,GOBP_HYDROGEN_PEROXIDE_METABOLIC_PROCESS,"Hydrogen
Peroxide
Metabolism",18,-0.614,-1.063,0.9977,0.6806,NS,FALSE,FALSE
GOBP|GOBP_RESPONSE_TO_AMINO_ACID_STARVATION,GOBP,GOBP_RESPONSE_TO_AMINO_ACID_STARVATION,"Resp. to AA
Starvation",15,-0.574,-1.099,0.9983,0.6522,NS,FALSE,FALSE
GOBP|GOBP_SINGLE_FERTILIZATION,GOBP,GOBP_SINGLE_FERTILIZATION,"Single
Fertilization",27,0.8,0.873,0.9198,0.8865,NS,FALSE,FALSE
GOBP|GOBP_GLYCOLYTIC_PROCESS_THROUGH_GLUCOSE_6_PHOSPHATE,GOBP,GOBP_GLYCOLYTIC_PROCESS_THROUGH_GLUCOSE_6_PHOSPHATE,"Glycolytic
Process Through
Glucose 6
Phosphate",17,0.764,-0.908,0.9445,0.8633,NS,TRUE,FALSE
GOBP|GOBP_IMMUNE_RESPONSE_REGULATING_CELL_SURFACE_RECEPTOR_SIGNALING_PATHWAY,GOBP,GOBP_IMMUNE_RESPONSE_REGULATING_CELL_SURFACE_RECEPTOR_SIGNALING_PATHWAY,"Immune Response
Regulating
Cell Surface
Receptor
Signaling",54,-0.931,-0.741,0.8107,0.9961,NS,FALSE,FALSE
Reactome|REACTOME_POTENTIAL_THERAPEUTICS_FOR_SARS,Reactome,REACTOME_POTENTIAL_THERAPEUTICS_FOR_SARS,"Potential
Therapeutics
For Sars",26,-0.889,-0.783,0.842,0.9565,NS,FALSE,FALSE
GOBP|GOBP_POSITIVE_REGULATION_OF_TELOMERE_MAINTENANCE,GOBP,GOBP_POSITIVE_REGULATION_OF_TELOMERE_MAINTENANCE,"Positive
Reg. Telomere
Maintenance",21,-0.98,-0.692,0.6873,0.9901,NS,FALSE,FALSE
GOBP|GOBP_POST_EMBRYONIC_DEVELOPMENT,GOBP,GOBP_POST_EMBRYONIC_DEVELOPMENT,"Post Embryonic
Development",19,0.812,-0.859,0.8964,0.8989,NS,TRUE,FALSE
GOBP|GOBP_REGULATION_OF_ORGANELLE_ASSEMBLY,GOBP,GOBP_REGULATION_OF_ORGANELLE_ASSEMBLY,"Reg. Organelle
Assembly",70,-0.811,0.86,0.9497,0.917,NS,TRUE,FALSE
Reactome|REACTOME_CELL_SURFACE_INTERACTIONS_AT_THE_VASCULAR_WALL,Reactome,REACTOME_CELL_SURFACE_INTERACTIONS_AT_THE_VASCULAR_WALL,"Cell Surface
Interactions
At The Vascular
Wall",27,0.712,0.958,0.9725,0.7828,NS,FALSE,FALSE
Reactome|REACTOME_SARS_COV_INFECTIONS,Reactome,REACTOME_SARS_COV_INFECTIONS,"Sars Cov
Infections",143,-1.051,-0.619,0.5513,1,NS,FALSE,FALSE
GOBP|GOBP_NEURAL_NUCLEUS_DEVELOPMENT,GOBP,GOBP_NEURAL_NUCLEUS_DEVELOPMENT,"Neural Nucleus
Development",25,0.74,0.928,0.9587,0.8381,NS,FALSE,FALSE
GOBP|GOBP_NON_CANONICAL_NF_KAPPAB_SIGNAL_TRANSDUCTION,GOBP,GOBP_NON_CANONICAL_NF_KAPPAB_SIGNAL_TRANSDUCTION,"Non Canonical
Nf Kappab
Signal
Transduction",21,0.81,0.855,0.8964,0.8952,NS,FALSE,FALSE
GOBP|GOBP_POSITIVE_REGULATION_OF_ACTIN_FILAMENT_POLYMERIZATION,GOBP,GOBP_POSITIVE_REGULATION_OF_ACTIN_FILAMENT_POLYMERIZATION,"Positive Reg.
Actin Filament
Polymerization",17,-0.907,-0.758,0.7936,0.95,NS,FALSE,FALSE
GOBP|GOBP_RESPONSE_TO_VITAMIN,GOBP,GOBP_RESPONSE_TO_VITAMIN,"Resp. to
Vitamin",18,1.14,0.525,0.5225,1,NS,FALSE,FALSE
GOBP|GOBP_REGULATION_OF_CELL_JUNCTION_ASSEMBLY,GOBP,GOBP_REGULATION_OF_CELL_JUNCTION_ASSEMBLY,"Reg. Cell
Junction
Assembly",50,-0.899,0.762,0.8437,0.9814,NS,TRUE,FALSE
Hallmark|HALLMARK_DNA_REPAIR,Hallmark,HALLMARK_DNA_REPAIR,DNA Repair,43,0.911,-0.75,0.8107,0.9826,NS,TRUE,FALSE
KEGG_Legacy|KEGG_VIBRIO_CHOLERAE_INFECTION,KEGG_Legacy,KEGG_VIBRIO_CHOLERAE_INFECTION,"Vibrio Cholerae
Infection",15,-0.733,-0.928,0.9637,0.8351,NS,FALSE,FALSE
GOBP|GOBP_NEGATIVE_REGULATION_OF_CYTOKINE_PRODUCTION,GOBP,GOBP_NEGATIVE_REGULATION_OF_CYTOKINE_PRODUCTION,"Negative
Reg. Cytokine
Production",43,-0.82,0.837,0.9285,0.9267,NS,TRUE,FALSE
GOBP|GOBP_PROTEIN_DEPOLYMERIZATION,GOBP,GOBP_PROTEIN_DEPOLYMERIZATION,"Protein
Depolymerization",40,-0.969,-0.687,0.7413,1,NS,FALSE,FALSE
GOBP|GOBP_RESPONSE_TO_OXYGEN_LEVELS,GOBP,GOBP_RESPONSE_TO_OXYGEN_LEVELS,"Resp. to Oxygen
Levels",103,-0.787,-0.868,0.98740000000000006,0.9377,NS,FALSE,FALSE
GOBP|GOBP_REGULATION_OF_NUCLEAR_DIVISION,GOBP,GOBP_REGULATION_OF_NUCLEAR_DIVISION,"Reg. Nuclear
Division",25,-0.69,-0.964,0.9819,0.7817,NS,FALSE,FALSE
GOBP|GOBP_CELLULAR_RESPONSE_TO_LIGHT_STIMULUS,GOBP,GOBP_CELLULAR_RESPONSE_TO_LIGHT_STIMULUS,"Cellular
Resp. to Light
Stimulus",20,0.755,0.896,0.9458,0.8607,NS,FALSE,FALSE
GOBP|GOBP_REGULATION_OF_MUSCLE_HYPERTROPHY,GOBP,GOBP_REGULATION_OF_MUSCLE_HYPERTROPHY,"Reg. Muscle
Hypertrophy",20,-1.053,0.597,0.6153,1,NS,TRUE,FALSE
Reactome|REACTOME_SIGNALING_BY_MODERATE_KINASE_ACTIVITY_BRAF_MUTANTS,Reactome,REACTOME_SIGNALING_BY_MODERATE_KINASE_ACTIVITY_BRAF_MUTANTS,"Signaling By
Moderate Kinase
Activity Braf
Mutants",22,-0.752,0.898,0.9558,0.8591,NS,TRUE,FALSE
GOBP|GOBP_T_CELL_PROLIFERATION,GOBP,GOBP_T_CELL_PROLIFERATION,"T Cell
Proliferation",29,0.731,0.918,0.9679,0.8381,NS,FALSE,FALSE
GOBP|GOBP_LIMBIC_SYSTEM_DEVELOPMENT,GOBP,GOBP_LIMBIC_SYSTEM_DEVELOPMENT,"Limbic System
Development",20,0.663,0.982,0.98740000000000006,0.7636,NS,FALSE,FALSE
GOBP|GOBP_PYRIDINE_CONTAINING_COMPOUND_CATABOLIC_PROCESS,GOBP,GOBP_PYRIDINE_CONTAINING_COMPOUND_CATABOLIC_PROCESS,"Pyridine
Containing
Compound
Catabolism",50,0.85,-0.795,0.8946,0.9521,NS,TRUE,FALSE
GOBP|GOBP_CIRCADIAN_RHYTHM,GOBP,GOBP_CIRCADIAN_RHYTHM,"Circadian
Rhythm",44,0.702,-0.942,0.9898,0.8252,NS,TRUE,FALSE
GOBP|GOBP_XENOBIOTIC_METABOLIC_PROCESS,GOBP,GOBP_XENOBIOTIC_METABOLIC_PROCESS,"Xenobiotic
Metabolism",28,-0.942,0.702,0.7792,0.9982,NS,TRUE,FALSE
GOBP|GOBP_NADPH_REGENERATION,GOBP,GOBP_NADPH_REGENERATION,"Nadph
Regeneration",18,0.66,-0.983,0.98740000000000006,0.7655,NS,TRUE,FALSE
GOBP|GOBP_POSITIVE_REGULATION_OF_DNA_REPAIR,GOBP,GOBP_POSITIVE_REGULATION_OF_DNA_REPAIR,"Positive Reg.
DNA Repair",23,-0.742,0.9,0.9521,0.8569,NS,TRUE,FALSE
Reactome|REACTOME_AURKA_ACTIVATION_BY_TPX2,Reactome,REACTOME_AURKA_ACTIVATION_BY_TPX2,"Aurka
Activation By
Tpx2",19,-0.814,0.827,0.8978,0.9174,NS,TRUE,FALSE
Reactome|REACTOME_RECRUITMENT_OF_MITOTIC_CENTROSOME_PROTEINS_AND_COMPLEXES,Reactome,REACTOME_RECRUITMENT_OF_MITOTIC_CENTROSOME_PROTEINS_AND_COMPLEXES,"Recruitment
Of Mitotic
Centrosome
Proteins &
Complexes",19,-0.814,0.827,0.8978,0.9174,NS,TRUE,FALSE
GOBP|GOBP_NEGATIVE_REGULATION_OF_MRNA_METABOLIC_PROCESS,GOBP,GOBP_NEGATIVE_REGULATION_OF_MRNA_METABOLIC_PROCESS,"Negative Reg.
mRNA Metabolism",39,-0.855,0.784,0.8899,0.9557,NS,TRUE,FALSE
GOBP|GOBP_RNA_MODIFICATION,GOBP,GOBP_RNA_MODIFICATION,RNA Mod.,25,-0.727,-0.911,0.9679,0.8571,NS,FALSE,FALSE
GOBP|GOBP_MYELOID_CELL_HOMEOSTASIS,GOBP,GOBP_MYELOID_CELL_HOMEOSTASIS,"Myeloid Cell
Homeostasis",39,0.857,0.779,0.8768,0.9628,NS,FALSE,FALSE
GOBP|GOBP_REGULATION_OF_MITOTIC_NUCLEAR_DIVISION,GOBP,GOBP_REGULATION_OF_MITOTIC_NUCLEAR_DIVISION,"Reg. Mitotic
Nuclear
Division",21,-0.654,-0.982,0.98740000000000006,0.7844,NS,FALSE,FALSE
GOBP|GOBP_GLYCOLYTIC_PROCESS_THROUGH_FRUCTOSE_6_PHOSPHATE,GOBP,GOBP_GLYCOLYTIC_PROCESS_THROUGH_FRUCTOSE_6_PHOSPHATE,"Glycolytic
Process Through
Fructose 6
Phosphate",20,0.689,-0.947,0.9819,0.8082,NS,TRUE,FALSE
GOBP|GOBP_REGULATION_OF_TELOMERE_MAINTENANCE,GOBP,GOBP_REGULATION_OF_TELOMERE_MAINTENANCE,"Reg. Telomere
Maintenance",28,-0.906,-0.729,0.8178,0.9901,NS,FALSE,FALSE
GOBP|GOBP_RESPONSE_TO_PEPTIDE_HORMONE,GOBP,GOBP_RESPONSE_TO_PEPTIDE_HORMONE,"Resp. to
Peptide Hormone",132,0.734,-0.901,0.9983,0.9211,NS,TRUE,FALSE
GOBP|GOBP_NOTCH_SIGNALING_PATHWAY,GOBP,GOBP_NOTCH_SIGNALING_PATHWAY,Notch Signaling,18,-0.799,-0.835,0.9007,0.9211,NS,FALSE,FALSE
GOBP|GOBP_OLEFINIC_COMPOUND_METABOLIC_PROCESS,GOBP,GOBP_OLEFINIC_COMPOUND_METABOLIC_PROCESS,"Olefinic
Compound
Metabolism",35,-0.791,-0.843,0.9302,0.9181,NS,FALSE,FALSE
Reactome|REACTOME_RHOU_GTPASE_CYCLE,Reactome,REACTOME_RHOU_GTPASE_CYCLE,"Rhou GTPase
Cycle",16,-0.799,0.834,0.9006,0.9032,NS,TRUE,FALSE
GOBP|GOBP_RESPONSE_TO_FIBROBLAST_GROWTH_FACTOR,GOBP,GOBP_RESPONSE_TO_FIBROBLAST_GROWTH_FACTOR,"Resp. to
Fibroblast
Growth Factor",16,-0.958,0.674,0.7362,0.9925,NS,TRUE,FALSE
GOBP|GOBP_MACROMOLECULE_METHYLATION,GOBP,GOBP_MACROMOLECULE_METHYLATION,"Macromolecule
Methylation",28,-0.641,-0.99,0.9921,0.7602,NS,FALSE,FALSE
GOBP|GOBP_ADENYLATE_CYCLASE_MODULATING_G_PROTEIN_COUPLED_RECEPTOR_SIGNALING_PATHWAY,GOBP,GOBP_ADENYLATE_CYCLASE_MODULATING_G_PROTEIN_COUPLED_RECEPTOR_SIGNALING_PATHWAY,"Adenylate
Cyclase
Modulating G
Protein Coupled
Receptor
Signaling",28,-0.748,-0.881,0.9607,0.9016,NS,FALSE,FALSE
GOBP|GOBP_NUTRIENT_STORAGE,GOBP,GOBP_NUTRIENT_STORAGE,"Nutrient
Storage",20,-0.743,-0.886,0.9445,0.872,NS,FALSE,FALSE
Hallmark|HALLMARK_PI3K_AKT_MTOR_SIGNALING,Hallmark,HALLMARK_PI3K_AKT_MTOR_SIGNALING,"PI3K AKT mTOR
Signaling",45,-0.857,-0.77,0.8899,0.9794,NS,FALSE,FALSE
Reactome|REACTOME_NUCLEAR_ENVELOPE_NE_REASSEMBLY,Reactome,REACTOME_NUCLEAR_ENVELOPE_NE_REASSEMBLY,"Nuclear
Envelope Ne
Reassembly",36,-0.797,-0.83,0.925,0.9326,NS,FALSE,FALSE
GOBP|GOBP_VIRAL_LIFE_CYCLE,GOBP,GOBP_VIRAL_LIFE_CYCLE,"Viral Life
Cycle",84,-0.894,0.732,0.8768,1,NS,TRUE,FALSE
Reactome|REACTOME_ER_TO_GOLGI_ANTEROGRADE_TRANSPORT,Reactome,REACTOME_ER_TO_GOLGI_ANTEROGRADE_TRANSPORT,"Er To Golgi
Anterograde
Transport",81,-0.782,0.843,0.9819,0.9498,NS,TRUE,FALSE
Reactome|REACTOME_TRANSPORT_TO_THE_GOLGI_AND_SUBSEQUENT_MODIFICATION,Reactome,REACTOME_TRANSPORT_TO_THE_GOLGI_AND_SUBSEQUENT_MODIFICATION,"Transport To
The Golgi &
Subsequent Mod.",81,-0.782,0.843,0.9819,0.9498,NS,TRUE,FALSE
GOBP|GOBP_ORGAN_GROWTH,GOBP,GOBP_ORGAN_GROWTH,Organ Growth,29,-0.845,0.778,0.8899,0.9649,NS,TRUE,FALSE
GOBP|GOBP_POSITIVE_REGULATION_OF_LIPID_BIOSYNTHETIC_PROCESS,GOBP,GOBP_POSITIVE_REGULATION_OF_LIPID_BIOSYNTHETIC_PROCESS,"Positive
Reg. Lipid
Biosynthesis",23,-0.883,-0.739,0.8269,0.978,NS,FALSE,FALSE
GOBP|GOBP_REGULATION_OF_POLYSACCHARIDE_BIOSYNTHETIC_PROCESS,GOBP,GOBP_REGULATION_OF_POLYSACCHARIDE_BIOSYNTHETIC_PROCESS,"Reg.
Polysaccharide
Biosynthesis",15,-1.004,0.618,0.674,0.9982,NS,TRUE,FALSE
GOBP|GOBP_RESPONSE_TO_MECHANICAL_STIMULUS,GOBP,GOBP_RESPONSE_TO_MECHANICAL_STIMULUS,"Resp. to
Mechanical
Stimulus",36,-0.807,0.815,0.9149,0.928,NS,TRUE,FALSE
Reactome|REACTOME_EXTRA_NUCLEAR_ESTROGEN_SIGNALING,Reactome,REACTOME_EXTRA_NUCLEAR_ESTROGEN_SIGNALING,"Extra Nuclear
Estrogen
Signaling",23,-0.805,-0.817,0.8992,0.928,NS,FALSE,FALSE
GOBP|GOBP_NEGATIVE_REGULATION_OF_CYTOSKELETON_ORGANIZATION,GOBP,GOBP_NEGATIVE_REGULATION_OF_CYTOSKELETON_ORGANIZATION,"Negative Reg.
Cytoskel. Org.",47,-0.959,-0.659,0.7702,1,NS,FALSE,FALSE
GOBP|GOBP_GOLGI_VESICLE_TRANSPORT,GOBP,GOBP_GOLGI_VESICLE_TRANSPORT,"Golgi Vesicle
Transport",125,-0.969,0.648,0.7561,1,NS,TRUE,FALSE
GOBP|GOBP_ADENYLATE_CYCLASE_ACTIVATING_G_PROTEIN_COUPLED_RECEPTOR_SIGNALING_PATHWAY,GOBP,GOBP_ADENYLATE_CYCLASE_ACTIVATING_G_PROTEIN_COUPLED_RECEPTOR_SIGNALING_PATHWAY,"Adenylate
Cyclase
Activating G
Protein Coupled
Receptor
Signaling",20,-0.812,-0.8,0.8942,0.9326,NS,FALSE,FALSE
GOBP|GOBP_REGULATION_OF_MRNA_METABOLIC_PROCESS,GOBP,GOBP_REGULATION_OF_MRNA_METABOLIC_PROCESS,"Reg. mRNA
Metabolism",83,-0.89,-0.722,0.886,1,NS,FALSE,FALSE
Reactome|REACTOME_CLATHRIN_MEDIATED_ENDOCYTOSIS,Reactome,REACTOME_CLATHRIN_MEDIATED_ENDOCYTOSIS,"Clathrin
Mediated
Endocytosis",61,0.705,0.907,0.9983,0.8758,NS,FALSE,FALSE
Reactome|REACTOME_SIGNALING_BY_NUCLEAR_RECEPTORS,Reactome,REACTOME_SIGNALING_BY_NUCLEAR_RECEPTORS,"Signaling
By Nuclear
Receptors",55,0.766,0.845,0.9716,0.928,NS,FALSE,FALSE
GOBP|GOBP_CENTROSOME_DUPLICATION,GOBP,GOBP_CENTROSOME_DUPLICATION,"Centrosome
Duplication",19,-0.806,-0.802,0.9043,0.9326,NS,FALSE,FALSE
GOBP|GOBP_POSITIVE_REGULATION_OF_LEUKOCYTE_PROLIFERATION,GOBP,GOBP_POSITIVE_REGULATION_OF_LEUKOCYTE_PROLIFERATION,"Positive Reg.
Leukocyte
Proliferation",23,-0.91,0.697,0.7856,0.9925,NS,TRUE,FALSE
GOBP|GOBP_SKELETAL_SYSTEM_MORPHOGENESIS,GOBP,GOBP_SKELETAL_SYSTEM_MORPHOGENESIS,"Skeletal System
Morphogenesis",16,-0.779,0.827,0.9174,0.9099,NS,TRUE,FALSE
GOBP|GOBP_NEGATIVE_REGULATION_OF_NEURON_APOPTOTIC_PROCESS,GOBP,GOBP_NEGATIVE_REGULATION_OF_NEURON_APOPTOTIC_PROCESS,"Negative
Reg. Neuron
Apoptotic
Process",34,-0.72,-0.885,0.9819,0.8815,NS,FALSE,FALSE
GOBP|GOBP_NEGATIVE_REGULATION_OF_RESPONSE_TO_EXTERNAL_STIMULUS,GOBP,GOBP_NEGATIVE_REGULATION_OF_RESPONSE_TO_EXTERNAL_STIMULUS,"Negative
Reg. Resp.
to External
Stimulus",58,-0.879,0.725,0.865,0.9982,NS,TRUE,FALSE
Reactome|REACTOME_REGULATION_OF_INSULIN_SECRETION,Reactome,REACTOME_REGULATION_OF_INSULIN_SECRETION,"Reg. Insulin
Secretion",25,0.735,0.869,0.9652,0.8976,NS,FALSE,FALSE
GOBP|GOBP_MESENCHYMAL_CELL_DIFFERENTIATION,GOBP,GOBP_MESENCHYMAL_CELL_DIFFERENTIATION,"Mesenchymal
Cell
Differentiation",39,0.707,-0.896,0.9819,0.8865,NS,TRUE,FALSE
Reactome|REACTOME_RHOBTB_GTPASE_CYCLE,Reactome,REACTOME_RHOBTB_GTPASE_CYCLE,"Rhobtb GTPase
Cycle",19,-0.728,-0.875,0.9579,0.8869,NS,FALSE,FALSE
GOBP|GOBP_NEGATIVE_REGULATION_OF_ORGANELLE_ORGANIZATION,GOBP,GOBP_NEGATIVE_REGULATION_OF_ORGANELLE_ORGANIZATION,"Negative Reg.
Organelle Org.",97,0.851,-0.75,0.921,1,NS,TRUE,FALSE
GOBP|GOBP_REGULATION_OF_PH,GOBP,GOBP_REGULATION_OF_PH,Reg. Ph,23,-0.781,-0.819,0.9213,0.928,NS,FALSE,FALSE
Reactome|REACTOME_SIGNALING_BY_VEGF,Reactome,REACTOME_SIGNALING_BY_VEGF,"Signaling By
Vegf",38,-0.803,-0.797,0.9316,0.95,NS,FALSE,FALSE
GOBP|GOBP_NEGATIVE_REGULATION_OF_CANONICAL_NF_KAPPAB_SIGNAL_TRANSDUCTION,GOBP,GOBP_NEGATIVE_REGULATION_OF_CANONICAL_NF_KAPPAB_SIGNAL_TRANSDUCTION,"Negative Reg.
Canonical Nf
Kappab Signal
Transduction",19,0.925,0.673,0.756,0.992,NS,FALSE,FALSE
GOBP|GOBP_REGULATION_OF_EPITHELIAL_CELL_DIFFERENTIATION,GOBP,GOBP_REGULATION_OF_EPITHELIAL_CELL_DIFFERENTIATION,"Reg.
Epithelial Cell
Differentiation",15,-0.931,-0.667,0.7631,0.9901,NS,FALSE,FALSE
GOBP|GOBP_ALTERNATIVE_MRNA_SPLICING_VIA_SPLICEOSOME,GOBP,GOBP_ALTERNATIVE_MRNA_SPLICING_VIA_SPLICEOSOME,"Alternative
mRNA Splicing
Via Spliceosome",22,-0.615,0.982,0.9979,0.7763,NS,TRUE,FALSE
GOBP|GOBP_ENDOCRINE_SYSTEM_DEVELOPMENT,GOBP,GOBP_ENDOCRINE_SYSTEM_DEVELOPMENT,"Endocrine
System
Development",15,-0.83,-0.767,0.8761,0.9498,NS,FALSE,FALSE
GO_Slim|EXTRACELLULAR_MATRIX_ORGANIZATION,GO_Slim,extracellular matrix organization,ECM Org.,44,0.739,0.857,0.9819,0.9181,NS,FALSE,FALSE
GOBP|GOBP_STEROL_TRANSPORT,GOBP,GOBP_STEROL_TRANSPORT,"Sterol
Transport",27,-0.671,0.924,0.98740000000000006,0.8131,NS,TRUE,FALSE
Hallmark|HALLMARK_ANDROGEN_RESPONSE,Hallmark,HALLMARK_ANDROGEN_RESPONSE,"Androgen
Response",33,-0.832,-0.762,0.8899,0.9762,NS,FALSE,FALSE
Reactome|REACTOME_SARS_COV_1_INFECTION,Reactome,REACTOME_SARS_COV_1_INFECTION,"Sars Cov 1
Infection",69,-1.14,-0.454,0.4472,1,NS,FALSE,FALSE
GOBP|GOBP_VIRAL_GENOME_REPLICATION,GOBP,GOBP_VIRAL_GENOME_REPLICATION,"Viral Genome
Replication",30,-0.932,0.66,0.7856,1,NS,TRUE,FALSE
Reactome|REACTOME_SEALING_OF_THE_NUCLEAR_ENVELOPE_NE_BY_ESCRT_III,Reactome,REACTOME_SEALING_OF_THE_NUCLEAR_ENVELOPE_NE_BY_ESCRT_III,"Sealing Of
The Nuclear
Envelope Ne By
Escrt Iii",17,0.677,0.913,0.9819,0.8233,NS,FALSE,FALSE
GOBP|GOBP_RESPONSE_TO_INSULIN,GOBP,GOBP_RESPONSE_TO_INSULIN,"Resp. to
Insulin",84,0.836,0.753,0.9263,0.999,NS,FALSE,FALSE
Reactome|REACTOME_PROTEIN_FOLDING,Reactome,REACTOME_PROTEIN_FOLDING,Protein Folding,41,0.802,-0.787,0.9263,0.963,NS,TRUE,FALSE
GOBP|GOBP_VIRAL_PROCESS,GOBP,GOBP_VIRAL_PROCESS,Viral Process,108,-0.923,0.665,0.8659,1,NS,TRUE,FALSE
GOBP|GOBP_FORMATION_OF_PRIMARY_GERM_LAYER,GOBP,GOBP_FORMATION_OF_PRIMARY_GERM_LAYER,"Formation Of
Primary Germ
Layer",15,-0.445,-1.142,0.9983,0.5957,NS,FALSE,FALSE
GOBP|GOBP_NEGATIVE_REGULATION_OF_AUTOPHAGY,GOBP,GOBP_NEGATIVE_REGULATION_OF_AUTOPHAGY,"Negative Reg.
Autophagy",30,0.839,0.747,0.8935,0.9867,NS,FALSE,FALSE
GOBP|GOBP_CYTOKINETIC_PROCESS,GOBP,GOBP_CYTOKINETIC_PROCESS,"Cytokinetic
Process",21,-0.753,0.832,0.9476,0.9159,NS,TRUE,FALSE
Reactome|REACTOME_TRANSPORT_OF_MATURE_TRANSCRIPT_TO_CYTOPLASM,Reactome,REACTOME_TRANSPORT_OF_MATURE_TRANSCRIPT_TO_CYTOPLASM,"Transport
Of Mature
Transcript To
Cytoplasm",19,-0.838,-0.746,0.8768,0.9657,NS,FALSE,FALSE
GOBP|GOBP_CELLULAR_RESPONSE_TO_OXYGEN_LEVELS,GOBP,GOBP_CELLULAR_RESPONSE_TO_OXYGEN_LEVELS,"Cellular Resp.
to Oxygen
Levels",51,-0.648,-0.935,0.9983,0.8427,NS,FALSE,FALSE
GOBP|GOBP_EXTERNAL_ENCAPSULATING_STRUCTURE_ORGANIZATION,GOBP,GOBP_EXTERNAL_ENCAPSULATING_STRUCTURE_ORGANIZATION,"Extracellular
Matrix Org.",51,-0.771,0.812,0.9716,0.9521,NS,TRUE,FALSE
GOBP|GOBP_CELLULAR_RESPONSE_TO_EXTERNAL_STIMULUS,GOBP,GOBP_CELLULAR_RESPONSE_TO_EXTERNAL_STIMULUS,"Cellular Resp.
to External
Stimulus",17,0.824,-0.759,0.8978,0.95,NS,TRUE,FALSE
GOBP|GOBP_REGULATION_OF_SYNAPSE_STRUCTURE_OR_ACTIVITY,GOBP,GOBP_REGULATION_OF_SYNAPSE_STRUCTURE_OR_ACTIVITY,"Reg. Synapse
Structure Or
Activity",52,-0.951,0.628,0.7661,1,NS,TRUE,FALSE
Reactome|REACTOME_GPER1_SIGNALING,Reactome,REACTOME_GPER1_SIGNALING,Gper1 Signaling,15,0.661,-0.917,0.9819,0.8557,NS,TRUE,FALSE
GOBP|GOBP_REGULATION_OF_RESPONSE_TO_CYTOKINE_STIMULUS,GOBP,GOBP_REGULATION_OF_RESPONSE_TO_CYTOKINE_STIMULUS,"Reg. Resp.
to Cytokine
Stimulus",31,0.826,0.751,0.9043,0.9795,NS,FALSE,FALSE
GOBP|GOBP_ACTIN_FILAMENT_BUNDLE_ORGANIZATION,GOBP,GOBP_ACTIN_FILAMENT_BUNDLE_ORGANIZATION,"Actin Filament
Bundle Org.",57,0.668,0.907,0.9983,0.8711,NS,FALSE,FALSE
GOBP|GOBP_REGULATION_OF_ALTERNATIVE_MRNA_SPLICING_VIA_SPLICEOSOME,GOBP,GOBP_REGULATION_OF_ALTERNATIVE_MRNA_SPLICING_VIA_SPLICEOSOME,"Reg.
Alternative
mRNA Splicing
Via Spliceosome",16,-0.786,0.789,0.9115,0.9332,NS,TRUE,FALSE
GOBP|GOBP_REGULATION_OF_MYELOID_CELL_DIFFERENTIATION,GOBP,GOBP_REGULATION_OF_MYELOID_CELL_DIFFERENTIATION,"Reg.
Myeloid Cell
Differentiation",33,0.805,-0.77,0.9263,0.9715,NS,TRUE,FALSE
GOBP|GOBP_REGULATION_OF_MRNA_CATABOLIC_PROCESS,GOBP,GOBP_REGULATION_OF_MRNA_CATABOLIC_PROCESS,"Reg. mRNA
Catabolism",58,-0.962,0.612,0.7561,1,NS,TRUE,FALSE
GOBP|GOBP_PYRIMIDINE_NUCLEOTIDE_METABOLIC_PROCESS,GOBP,GOBP_PYRIMIDINE_NUCLEOTIDE_METABOLIC_PROCESS,"Pyrimidine
Nucleotide
Metabolism",15,0.735,-0.836,0.9476,0.9134,NS,TRUE,FALSE
GOBP|GOBP_RNA_TEMPLATED_DNA_BIOSYNTHETIC_PROCESS,GOBP,GOBP_RNA_TEMPLATED_DNA_BIOSYNTHETIC_PROCESS,"RNA
Templated DNA
Biosynthesis",19,-0.952,0.617,0.7404,1,NS,TRUE,FALSE
GOBP|GOBP_NEGATIVE_REGULATION_OF_SMALL_MOLECULE_METABOLIC_PROCESS,GOBP,GOBP_NEGATIVE_REGULATION_OF_SMALL_MOLECULE_METABOLIC_PROCESS,"Negative Reg.
Small Molecule
Metabolism",25,-0.714,0.853,0.9716,0.9062,NS,TRUE,FALSE
GOBP|GOBP_NEURON_APOPTOTIC_PROCESS,GOBP,GOBP_NEURON_APOPTOTIC_PROCESS,"Neuron
Apoptotic
Process",57,0.817,-0.75,0.9445,0.9925,NS,TRUE,FALSE
GOBP|GOBP_REGULATION_OF_PLASMA_LIPOPROTEIN_PARTICLE_LEVELS,GOBP,GOBP_REGULATION_OF_PLASMA_LIPOPROTEIN_PARTICLE_LEVELS,"Reg. Plasma
Lipoprotein
Particle Levels",18,0.759,-0.807,0.9458,0.928,NS,TRUE,FALSE
GOBP|GOBP_SUPEROXIDE_METABOLIC_PROCESS,GOBP,GOBP_SUPEROXIDE_METABOLIC_PROCESS,"Superoxide
Metabolism",17,0.726,-0.84,0.9667,0.9106,NS,TRUE,FALSE
GOBP|GOBP_EPIDERMAL_CELL_DIFFERENTIATION,GOBP,GOBP_EPIDERMAL_CELL_DIFFERENTIATION,"Epidermal Cell
Differentiation",21,0.842,0.719,0.8727,0.9826,NS,FALSE,FALSE
Reactome|REACTOME_REGULATION_OF_PLK1_ACTIVITY_AT_G2_M_TRANSITION,Reactome,REACTOME_REGULATION_OF_PLK1_ACTIVITY_AT_G2_M_TRANSITION,"Reg. Plk1
Activity At G2
M Transition",25,-0.939,0.621,0.7731,1,NS,TRUE,FALSE
GOBP|GOBP_NEGATIVE_REGULATION_OF_SMOOTH_MUSCLE_CELL_PROLIFERATION,GOBP,GOBP_NEGATIVE_REGULATION_OF_SMOOTH_MUSCLE_CELL_PROLIFERATION,"Negative
Reg. Smooth
Muscle Cell
Proliferation",15,-0.861,-0.696,0.842,0.9794,NS,FALSE,FALSE
GOBP|GOBP_REGULATION_OF_PROTEIN_DEPOLYMERIZATION,GOBP,GOBP_REGULATION_OF_PROTEIN_DEPOLYMERIZATION,"Reg. Protein
Depolymerization",34,-0.904,-0.653,0.8204,1,NS,FALSE,FALSE
Reactome|REACTOME_NEUROTRANSMITTER_RECEPTORS_AND_POSTSYNAPTIC_SIGNAL_TRANSMISSION,Reactome,REACTOME_NEUROTRANSMITTER_RECEPTORS_AND_POSTSYNAPTIC_SIGNAL_TRANSMISSION,"Neurotransmitter
Receptors &
Postsynaptic
Signal
Transmission",45,0.742,0.813,0.9819,0.95,NS,FALSE,FALSE
GOBP|GOBP_POSITIVE_REGULATION_OF_EXOCYTOSIS,GOBP,GOBP_POSITIVE_REGULATION_OF_EXOCYTOSIS,"Positive Reg.
Exocytosis",23,0.671,-0.883,0.98740000000000006,0.8943,NS,TRUE,FALSE
Reactome|REACTOME_MATURATION_OF_DENV_PROTEINS,Reactome,REACTOME_MATURATION_OF_DENV_PROTEINS,"Maturation Of
Denv Proteins",30,-1.012,-0.542,0.6884,1,NS,FALSE,FALSE
GOBP|GOBP_DIGESTIVE_SYSTEM_DEVELOPMENT,GOBP,GOBP_DIGESTIVE_SYSTEM_DEVELOPMENT,"Digestive
System
Development",16,0.525,1.029,0.9983,0.7236,NS,FALSE,FALSE
KEGG_Legacy|KEGG_ADHERENS_JUNCTION,KEGG_Legacy,KEGG_ADHERENS_JUNCTION,"Adherens
Junction",27,-1.032,-0.521,0.6606,1,NS,FALSE,FALSE
GOBP|GOBP_POSITIVE_REGULATION_OF_SECRETION,GOBP,GOBP_POSITIVE_REGULATION_OF_SECRETION,"Positive Reg.
Secretion",63,-0.867,0.684,0.8964,1,NS,TRUE,FALSE
GOBP|GOBP_NUCLEOBASE_CONTAINING_COMPOUND_TRANSPORT,GOBP,GOBP_NUCLEOBASE_CONTAINING_COMPOUND_TRANSPORT,"Nucleobase
Containing
Compound
Transport",56,0.87,0.68,0.8796,1,NS,FALSE,FALSE
GOBP|GOBP_REGULATION_OF_AXONOGENESIS,GOBP,GOBP_REGULATION_OF_AXONOGENESIS,"Reg.
Axonogenesis",18,0.755,0.795,0.9497,0.9256,NS,FALSE,FALSE
GOBP|GOBP_POSITIVE_REGULATION_OF_PHOSPHATIDYLINOSITOL_3_KINASE_PROTEIN_KINASE_B_SIGNAL_TRANSDUCTION,GOBP,GOBP_POSITIVE_REGULATION_OF_PHOSPHATIDYLINOSITOL_3_KINASE_PROTEIN_KINASE_B_SIGNAL_TRANSDUCTION,"Positive Reg.
Phosphatidylinositol
3 Kinase
Protein Kinase
B Signal
Transduction",32,-0.62,-0.928,0.9983,0.823,NS,FALSE,FALSE
Reactome|REACTOME_INTEGRATION_OF_ENERGY_METABOLISM,Reactome,REACTOME_INTEGRATION_OF_ENERGY_METABOLISM,"Integration
Of Energy
Metabolism",39,0.811,0.734,0.925,0.9901,NS,FALSE,FALSE
Reactome|REACTOME_TRIGLYCERIDE_METABOLISM,Reactome,REACTOME_TRIGLYCERIDE_METABOLISM,"Triglyceride
Metabolism",15,-0.734,0.808,0.9607,0.9212,NS,TRUE,FALSE
KEGG_Legacy|KEGG_CHEMOKINE_SIGNALING_PATHWAY,KEGG_Legacy,KEGG_CHEMOKINE_SIGNALING_PATHWAY,"Chemokine
Signaling",43,-0.571,-0.969,0.9983,0.7921,NS,FALSE,FALSE
GOBP|GOBP_REGULATION_OF_MEMBRANE_DEPOLARIZATION,GOBP,GOBP_REGULATION_OF_MEMBRANE_DEPOLARIZATION,"Reg. Membrane
Depolarization",18,0.714,0.825,0.9716,0.9062,NS,FALSE,FALSE
GOBP|GOBP_MEMBRANE_LIPID_METABOLIC_PROCESS,GOBP,GOBP_MEMBRANE_LIPID_METABOLIC_PROCESS,"Membrane Lipid
Metabolism",25,0.635,-0.903,0.9983,0.8633,NS,TRUE,FALSE
GOBP|GOBP_REGULATION_OF_CHROMOSOME_ORGANIZATION,GOBP,GOBP_REGULATION_OF_CHROMOSOME_ORGANIZATION,"Reg. Chromosome
Org.",50,-0.777,-0.761,0.9679,0.9888,NS,FALSE,FALSE
Hallmark|HALLMARK_PROTEIN_SECRETION,Hallmark,HALLMARK_PROTEIN_SECRETION,"Protein
Secretion",55,-0.623,-0.913,0.9983,0.8782,NS,FALSE,FALSE
GOBP|GOBP_LEUKOCYTE_PROLIFERATION,GOBP,GOBP_LEUKOCYTE_PROLIFERATION,"Leukocyte
Proliferation",45,0.801,-0.734,0.9389,0.9925,NS,TRUE,FALSE
GOBP|GOBP_CELLULAR_RESPONSE_TO_NUTRIENT_LEVELS,GOBP,GOBP_CELLULAR_RESPONSE_TO_NUTRIENT_LEVELS,"Cellular Resp.
to Nutrient
Levels",61,-0.821,-0.713,0.9456,1,NS,FALSE,FALSE
GOBP|GOBP_SMOOTH_MUSCLE_CELL_MIGRATION,GOBP,GOBP_SMOOTH_MUSCLE_CELL_MIGRATION,"Smooth Muscle
Cell Migration",17,0.635,0.898,0.98740000000000006,0.8365,NS,FALSE,FALSE
GOBP|GOBP_CELLULAR_RESPONSE_TO_OSMOTIC_STRESS,GOBP,GOBP_CELLULAR_RESPONSE_TO_OSMOTIC_STRESS,"Cellular Resp.
to Osmotic
Stress",23,-0.753,0.77,0.9436,0.9554,NS,TRUE,FALSE
GOBP|GOBP_NEGATIVE_REGULATION_OF_ACTIN_FILAMENT_POLYMERIZATION,GOBP,GOBP_NEGATIVE_REGULATION_OF_ACTIN_FILAMENT_POLYMERIZATION,"Negative Reg.
Actin Filament
Polymerization",23,0.835,0.686,0.8855,0.9961,NS,FALSE,FALSE
Reactome|REACTOME_TRANSMISSION_ACROSS_CHEMICAL_SYNAPSES,Reactome,REACTOME_TRANSMISSION_ACROSS_CHEMICAL_SYNAPSES,"Transmission
Across Chemical
Synapses",55,0.796,0.724,0.9561,0.9963,NS,FALSE,FALSE
GOBP|GOBP_RIBOSOME_ASSEMBLY,GOBP,GOBP_RIBOSOME_ASSEMBLY,"Ribosome
Assembly",28,0.541,0.977,0.9983,0.7602,NS,FALSE,FALSE
GOBP|GOBP_ENDOCYTIC_RECYCLING,GOBP,GOBP_ENDOCYTIC_RECYCLING,"Endocytic
Recycling",31,0.598,0.919,0.9983,0.8427,NS,FALSE,FALSE
Reactome|REACTOME_ANCHORING_OF_THE_BASAL_BODY_TO_THE_PLASMA_MEMBRANE,Reactome,REACTOME_ANCHORING_OF_THE_BASAL_BODY_TO_THE_PLASMA_MEMBRANE,"Anchoring Of
The Basal Body
To The Plasma
Membrane",20,-0.746,0.771,0.9445,0.9546,NS,TRUE,FALSE
GOBP|GOBP_GLUCOSE_6_PHOSPHATE_METABOLIC_PROCESS,GOBP,GOBP_GLUCOSE_6_PHOSPHATE_METABOLIC_PROCESS,"Glucose 6
Phosphate
Metabolism",17,0.847,-0.669,0.885,0.9982,NS,TRUE,FALSE
GOBP|GOBP_TELENCEPHALON_DEVELOPMENT,GOBP,GOBP_TELENCEPHALON_DEVELOPMENT,"Telencephalon
Development",47,0.704,0.811,0.991,0.9551,NS,FALSE,FALSE
Reactome|REACTOME_INTRINSIC_PATHWAY_FOR_APOPTOSIS,Reactome,REACTOME_INTRINSIC_PATHWAY_FOR_APOPTOSIS,"Intrinsic
Pathway For
Apoptosis",23,0.883,0.632,0.8305,1,NS,FALSE,FALSE
GOBP|GOBP_AMYLOID_BETA_METABOLIC_PROCESS,GOBP,GOBP_AMYLOID_BETA_METABOLIC_PROCESS,"Amyloid Beta
Metabolism",19,-0.684,-0.83,0.9793,0.9211,NS,FALSE,FALSE
GOBP|GOBP_RESPONSE_TO_STARVATION,GOBP,GOBP_RESPONSE_TO_STARVATION,"Resp. to
Starvation",55,-0.759,-0.755,0.9793,0.9924,NS,FALSE,FALSE
GOBP|GOBP_GLUCOSE_CATABOLIC_PROCESS,GOBP,GOBP_GLUCOSE_CATABOLIC_PROCESS,"Glucose
Catabolism",19,0.718,-0.793,0.9653,0.9377,NS,TRUE,FALSE
GOBP|GOBP_ESTABLISHMENT_OF_ORGANELLE_LOCALIZATION,GOBP,GOBP_ESTABLISHMENT_OF_ORGANELLE_LOCALIZATION,"Establishment
Of Organelle
Localization",118,-0.716,0.793,0.9983,0.992,NS,TRUE,FALSE
GOBP|GOBP_VESICLE_MEDIATED_TRANSPORT_TO_THE_PLASMA_MEMBRANE,GOBP,GOBP_VESICLE_MEDIATED_TRANSPORT_TO_THE_PLASMA_MEMBRANE,"Vesicle
Mediated
Transport To
The Plasma
Membrane",54,-0.816,0.693,0.9305,1,NS,TRUE,FALSE
GOBP|GOBP_HIPPOCAMPUS_DEVELOPMENT,GOBP,GOBP_HIPPOCAMPUS_DEVELOPMENT,"Hippocampus
Development",15,-0.679,0.828,0.9819,0.9106,NS,TRUE,FALSE
GOBP|GOBP_REGULATION_OF_CENTROSOME_CYCLE,GOBP,GOBP_REGULATION_OF_CENTROSOME_CYCLE,"Reg. Centrosome
Cycle",17,-0.668,-0.839,0.9819,0.9106,NS,FALSE,FALSE
Reactome|REACTOME_MAP2K_AND_MAPK_ACTIVATION,Reactome,REACTOME_MAP2K_AND_MAPK_ACTIVATION,"Map2k & MAPK
Activation",20,0.715,-0.792,0.9716,0.9377,NS,TRUE,FALSE
GOBP|GOBP_POSITIVE_REGULATION_OF_T_CELL_PROLIFERATION,GOBP,GOBP_POSITIVE_REGULATION_OF_T_CELL_PROLIFERATION,"Positive
Reg. T Cell
Proliferation",15,0.688,0.819,0.9721,0.9151,NS,FALSE,FALSE
GOBP|GOBP_NUCLEAR_CHROMOSOME_SEGREGATION,GOBP,GOBP_NUCLEAR_CHROMOSOME_SEGREGATION,"Nuclear
Chromosome
Segregation",59,-0.712,0.794,0.9924,0.9684,NS,TRUE,FALSE
GOBP|GOBP_TELOMERE_MAINTENANCE_VIA_TELOMERE_LENGTHENING,GOBP,GOBP_TELOMERE_MAINTENANCE_VIA_TELOMERE_LENGTHENING,"Telomere
Maintenance
Via Telomere
Lengthening",21,-0.769,0.737,0.9352,0.9737,NS,TRUE,FALSE
GOBP|GOBP_CHROMOSOME_SEGREGATION,GOBP,GOBP_CHROMOSOME_SEGREGATION,"Chromosome
Segregation",76,-0.765,-0.74,0.9819,1,NS,FALSE,FALSE
GOBP|GOBP_CHROMOSOME_SEPARATION,GOBP,GOBP_CHROMOSOME_SEPARATION,"Chromosome
Separation",17,0.648,0.857,0.98740000000000006,0.8834,NS,FALSE,FALSE
GO_Slim|CHROMOSOME_SEGREGATION,GO_Slim,chromosome segregation,"Chromosome
Segregation",76,-0.765,-0.74,0.9819,1,NS,FALSE,FALSE
GOBP|GOBP_NEGATIVE_REGULATION_OF_PROTEOLYSIS,GOBP,GOBP_NEGATIVE_REGULATION_OF_PROTEOLYSIS,"Negative Reg.
Proteolysis",43,0.616,-0.887,0.9983,0.9016,NS,TRUE,FALSE
GOBP|GOBP_REGULATION_OF_TELOMERE_MAINTENANCE_VIA_TELOMERE_LENGTHENING,GOBP,GOBP_REGULATION_OF_TELOMERE_MAINTENANCE_VIA_TELOMERE_LENGTHENING,"Reg. Telomere
Maintenance
Via Telomere
Lengthening",17,-0.622,0.88,0.9951,0.8591,NS,TRUE,FALSE
GOBP|GOBP_REGULATION_OF_DENDRITE_DEVELOPMENT,GOBP,GOBP_REGULATION_OF_DENDRITE_DEVELOPMENT,"Reg. Dendrite
Development",18,-0.786,-0.715,0.9225,0.9901,NS,FALSE,FALSE
GOBP|GOBP_REGULATION_OF_DOUBLE_STRAND_BREAK_REPAIR,GOBP,GOBP_REGULATION_OF_DOUBLE_STRAND_BREAK_REPAIR,"Reg. Double
Strand Break
Repair",18,-0.685,0.816,0.9785,0.9106,NS,TRUE,FALSE
Reactome|REACTOME_COOPERATION_OF_PREFOLDIN_AND_TRIC_CCT_IN_ACTIN_AND_TUBULIN_FOLDING,Reactome,REACTOME_COOPERATION_OF_PREFOLDIN_AND_TRIC_CCT_IN_ACTIN_AND_TUBULIN_FOLDING,"Cooperation
Of Prefoldin
& Tric Cct In
Actin & Tubulin
Folding",23,0.714,0.784,0.9716,0.95,NS,FALSE,FALSE
Reactome|REACTOME_TRANSCRIPTIONAL_REGULATION_BY_TP53,Reactome,REACTOME_TRANSCRIPTIONAL_REGULATION_BY_TP53,"Transcriptional
Regulation By
Tp53",92,0.617,-0.88,0.9983,0.928,NS,TRUE,FALSE
GOBP|GOBP_REGULATION_OF_CARBOHYDRATE_CATABOLIC_PROCESS,GOBP,GOBP_REGULATION_OF_CARBOHYDRATE_CATABOLIC_PROCESS,"Reg.
Carbohydrate
Catabolism",25,-0.626,0.87,0.9974,0.8976,NS,TRUE,FALSE
Reactome|REACTOME_SIGNALING_BY_MET,Reactome,REACTOME_SIGNALING_BY_MET,"Signaling By
Met",26,-0.65,-0.846,0.9924,0.9212,NS,FALSE,FALSE
GOBP|GOBP_REGULATION_OF_VIRAL_GENOME_REPLICATION,GOBP,GOBP_REGULATION_OF_VIRAL_GENOME_REPLICATION,"Reg. Viral
Genome
Replication",19,-0.657,0.837,0.982,0.9106,NS,TRUE,FALSE
GOBP|GOBP_RECEPTOR_INTERNALIZATION,GOBP,GOBP_RECEPTOR_INTERNALIZATION,"Receptor
Internalization",38,-0.512,0.98,0.9992,0.7791,NS,TRUE,FALSE
GOBP|GOBP_CELLULAR_RESPONSE_TO_STEROID_HORMONE_STIMULUS,GOBP,GOBP_CELLULAR_RESPONSE_TO_STEROID_HORMONE_STIMULUS,"Cellular Resp.
to Steroid
Hormone
Stimulus",42,0.821,-0.67,0.9018,1,NS,TRUE,FALSE
GOBP|GOBP_OSSIFICATION,GOBP,GOBP_OSSIFICATION,Ossification,72,0.78,0.711,0.9733,1,NS,FALSE,FALSE
GOBP|GOBP_REGULATION_OF_BLOOD_PRESSURE,GOBP,GOBP_REGULATION_OF_BLOOD_PRESSURE,"Reg. Blood
Pressure",34,-0.649,0.842,0.9983,0.9181,NS,TRUE,FALSE
GOBP|GOBP_STEROL_BIOSYNTHETIC_PROCESS,GOBP,GOBP_STEROL_BIOSYNTHETIC_PROCESS,"Sterol
Biosynthesis",24,0.558,-0.93,0.9983,0.8236,NS,TRUE,FALSE
GOBP|GOBP_REGULATION_OF_LEUKOCYTE_PROLIFERATION,GOBP,GOBP_REGULATION_OF_LEUKOCYTE_PROLIFERATION,"Reg. Leukocyte
Proliferation",31,-0.665,0.822,0.98740000000000006,0.928,NS,TRUE,FALSE
GOBP|GOBP_CYTOPLASMIC_TRANSLATIONAL_INITIATION,GOBP,GOBP_CYTOPLASMIC_TRANSLATIONAL_INITIATION,"Cytoplasmic
Translational
Initiation",37,-0.813,-0.673,0.9215,1,NS,FALSE,FALSE
GO_Slim|MRNA_METABOLIC_PROCESS,GO_Slim,mRNA metabolic process,mRNA Metabolism,156,-0.93,-0.555,0.865,1,NS,FALSE,FALSE
GOBP|GOBP_PIGMENTATION,GOBP,GOBP_PIGMENTATION,Pigmentation,19,-0.642,0.842,0.98740000000000006,0.9062,NS,TRUE,FALSE
GOBP|GOBP_REGULATION_OF_INSULIN_RECEPTOR_SIGNALING_PATHWAY,GOBP,GOBP_REGULATION_OF_INSULIN_RECEPTOR_SIGNALING_PATHWAY,"Reg. Insulin
Receptor
Signaling",21,0.711,0.771,0.9702,0.9521,NS,FALSE,FALSE
GOBP|GOBP_REGULATION_OF_NEURON_APOPTOTIC_PROCESS,GOBP,GOBP_REGULATION_OF_NEURON_APOPTOTIC_PROCESS,"Reg. Neuron
Apoptotic
Process",48,0.794,-0.687,0.9458,1,NS,TRUE,FALSE
GOBP|GOBP_POSITIVE_REGULATION_OF_ENDOCYTOSIS,GOBP,GOBP_POSITIVE_REGULATION_OF_ENDOCYTOSIS,"Positive Reg.
Endocytosis",38,-0.751,-0.73,0.9702,0.992,NS,FALSE,FALSE
GOBP|GOBP_PROTEIN_EXIT_FROM_ENDOPLASMIC_RETICULUM,GOBP,GOBP_PROTEIN_EXIT_FROM_ENDOPLASMIC_RETICULUM,"Protein
Exit From
Endoplasmic
Reticulum",19,-0.91,-0.566,0.7856,1,NS,FALSE,FALSE
Reactome|REACTOME_RHOH_GTPASE_CYCLE,Reactome,REACTOME_RHOH_GTPASE_CYCLE,"Rhoh GTPase
Cycle",17,-0.659,-0.817,0.9848,0.9193,NS,FALSE,FALSE
GOBP|GOBP_PLACENTA_DEVELOPMENT,GOBP,GOBP_PLACENTA_DEVELOPMENT,"Placenta
Development",24,-0.716,-0.759,0.9682,0.9673,NS,FALSE,FALSE
GOBP|GOBP_ESTABLISHMENT_OF_PROTEIN_LOCALIZATION_TO_MEMBRANE,GOBP,GOBP_ESTABLISHMENT_OF_PROTEIN_LOCALIZATION_TO_MEMBRANE,"Establishment
Of Protein
Localization To
Membrane",104,-0.673,0.798,0.9983,0.9901,NS,TRUE,FALSE
GOBP|GOBP_EPITHELIAL_TO_MESENCHYMAL_TRANSITION,GOBP,GOBP_EPITHELIAL_TO_MESENCHYMAL_TRANSITION,"Epithelial To
Mesenchymal
Transition",24,-0.721,-0.748,0.9679,0.9755,NS,FALSE,FALSE
GOBP|GOBP_SPHINGOLIPID_METABOLIC_PROCESS,GOBP,GOBP_SPHINGOLIPID_METABOLIC_PROCESS,"Sphingolipid
Metabolism",21,0.623,-0.845,0.9951,0.9151,NS,TRUE,FALSE
GOBP|GOBP_DENDRITE_DEVELOPMENT,GOBP,GOBP_DENDRITE_DEVELOPMENT,"Dendrite
Development",42,-0.793,0.674,0.9476,1,NS,TRUE,FALSE
GOBP|GOBP_REGULATION_OF_TELOMERE_MAINTENANCE_VIA_TELOMERASE,GOBP,GOBP_REGULATION_OF_TELOMERE_MAINTENANCE_VIA_TELOMERASE,"Reg. Telomere
Maintenance Via
Telomerase",15,-0.788,0.678,0.9198,0.9857,NS,TRUE,FALSE
GOBP|GOBP_IN_UTERO_EMBRYONIC_DEVELOPMENT,GOBP,GOBP_IN_UTERO_EMBRYONIC_DEVELOPMENT,"In Utero
Embryonic
Development",67,-0.77,0.692,0.9798,1,NS,TRUE,FALSE
GOBP|GOBP_MRNA_TRANSPORT,GOBP,GOBP_MRNA_TRANSPORT,mRNA Transport,36,-0.845,0.616,0.8899,1,NS,TRUE,FALSE
Reactome|REACTOME_RHOV_GTPASE_CYCLE,Reactome,REACTOME_RHOV_GTPASE_CYCLE,"Rhov GTPase
Cycle",15,0.638,0.823,0.9855,0.9144,NS,FALSE,FALSE
GOBP|GOBP_EAR_DEVELOPMENT,GOBP,GOBP_EAR_DEVELOPMENT,Ear Development,16,-0.725,-0.731,0.9607,0.9715,NS,FALSE,FALSE
Reactome|REACTOME_INTEGRIN_CELL_SURFACE_INTERACTIONS,Reactome,REACTOME_INTEGRIN_CELL_SURFACE_INTERACTIONS,"Integrin
Cell Surface
Interactions",23,0.521,0.935,0.9983,0.8119,NS,FALSE,FALSE
GOBP|GOBP_ANTIVIRAL_INNATE_IMMUNE_RESPONSE,GOBP,GOBP_ANTIVIRAL_INNATE_IMMUNE_RESPONSE,"Antiviral
Innate Immune
Response",17,-0.747,-0.708,0.9389,0.9899,NS,FALSE,FALSE
GOBP|GOBP_POSITIVE_REGULATION_OF_TRANSMEMBRANE_RECEPTOR_PROTEIN_SERINE_THREONINE_KINASE_SIGNALING_PATHWAY,GOBP,GOBP_POSITIVE_REGULATION_OF_TRANSMEMBRANE_RECEPTOR_PROTEIN_SERINE_THREONINE_KINASE_SIGNALING_PATHWAY,"Positive Reg.
Transmembrane
Receptor
Protein Serine
Threonine
Kinase
Signaling",18,-0.56,-0.895,0.9983,0.8633,NS,FALSE,FALSE
Reactome|REACTOME_G_ALPHA_S_SIGNALLING_EVENTS,Reactome,REACTOME_G_ALPHA_S_SIGNALLING_EVENTS,"G Alpha S
Signalling
Events",17,-0.656,-0.797,0.9855,0.928,NS,FALSE,FALSE
GOBP|GOBP_POSITIVE_REGULATION_OF_ENDOTHELIAL_CELL_PROLIFERATION,GOBP,GOBP_POSITIVE_REGULATION_OF_ENDOTHELIAL_CELL_PROLIFERATION,"Positive Reg.
Endothelial
Cell
Proliferation",16,0.822,0.63,0.8935,1,NS,FALSE,FALSE
Reactome|REACTOME_CDC42_GTPASE_CYCLE,Reactome,REACTOME_CDC42_GTPASE_CYCLE,"Cdc42 GTPase
Cycle",23,0.636,0.814,0.9951,0.9377,NS,FALSE,FALSE
GOBP|GOBP_ACTIN_FILAMENT_DEPOLYMERIZATION,GOBP,GOBP_ACTIN_FILAMENT_DEPOLYMERIZATION,"Actin Filament
Depolymerization",27,-0.855,-0.593,0.8747,1,NS,FALSE,FALSE
GOBP|GOBP_NEGATIVE_REGULATION_OF_LOCOMOTION,GOBP,GOBP_NEGATIVE_REGULATION_OF_LOCOMOTION,"Negative Reg.
Locomotion",66,0.656,0.792,0.9983,0.9673,NS,FALSE,FALSE
GOBP|GOBP_CELLULAR_RESPONSE_TO_PEPTIDE_HORMONE_STIMULUS,GOBP,GOBP_CELLULAR_RESPONSE_TO_PEPTIDE_HORMONE_STIMULUS,"Cellular Resp.
to Peptide
Hormone
Stimulus",98,-0.625,-0.822,1,0.9776,NS,FALSE,FALSE
GOBP|GOBP_NATURAL_KILLER_CELL_MEDIATED_IMMUNITY,GOBP,GOBP_NATURAL_KILLER_CELL_MEDIATED_IMMUNITY,"Natural Killer
Cell Mediated
Immunity",20,-0.768,-0.679,0.9285,0.9925,NS,FALSE,FALSE
GOBP|GOBP_TYPE_I_INTERFERON_PRODUCTION,GOBP,GOBP_TYPE_I_INTERFERON_PRODUCTION,"Type I
Interferon
Production",23,-0.94,0.507,0.756,1,NS,TRUE,FALSE
GOBP|GOBP_CHROMOSOME_LOCALIZATION,GOBP,GOBP_CHROMOSOME_LOCALIZATION,"Chromosome
Localization",36,-0.618,0.826,0.9983,0.9277,NS,TRUE,FALSE
GOBP|GOBP_TRIGLYCERIDE_METABOLIC_PROCESS,GOBP,GOBP_TRIGLYCERIDE_METABOLIC_PROCESS,"Triglyceride
Metabolism",21,-0.774,0.67,0.9302,0.9949,NS,TRUE,FALSE
GOBP|GOBP_ESTABLISHMENT_OF_PROTEIN_LOCALIZATION_TO_ENDOPLASMIC_RETICULUM,GOBP,GOBP_ESTABLISHMENT_OF_PROTEIN_LOCALIZATION_TO_ENDOPLASMIC_RETICULUM,"Establishment
Of Protein
Localization
To Endoplasmic
Reticulum",26,-0.729,0.713,0.9679,0.987,NS,TRUE,FALSE
Reactome|REACTOME_DEVELOPMENTAL_CELL_LINEAGES_OF_THE_EXOCRINE_PANCREAS,Reactome,REACTOME_DEVELOPMENTAL_CELL_LINEAGES_OF_THE_EXOCRINE_PANCREAS,"Developmental
Cell Lineages
Of The Exocrine
Pancreas",15,0.806,0.635,0.8978,0.9936,NS,FALSE,FALSE
Reactome|REACTOME_DEVELOPMENTAL_LINEAGE_OF_PANCREATIC_DUCTAL_CELLS,Reactome,REACTOME_DEVELOPMENTAL_LINEAGE_OF_PANCREATIC_DUCTAL_CELLS,"Developmental
Lineage Of
Pancreatic
Ductal Cells",15,0.806,0.635,0.8978,0.9936,NS,FALSE,FALSE
GOBP|GOBP_REGULATION_OF_POSTSYNAPSE_ORGANIZATION,GOBP,GOBP_REGULATION_OF_POSTSYNAPSE_ORGANIZATION,"Reg.
Postsynapse
Org.",29,-0.724,0.715,0.9721,0.9977,NS,TRUE,FALSE
GOBP|GOBP_REGULATION_OF_VIRAL_LIFE_CYCLE,GOBP,GOBP_REGULATION_OF_VIRAL_LIFE_CYCLE,"Reg. Viral Life
Cycle",28,-0.568,0.869,0.9983,0.8819,NS,TRUE,FALSE
GOBP|GOBP_REGULATION_OF_NITRIC_OXIDE_METABOLIC_PROCESS,GOBP,GOBP_REGULATION_OF_NITRIC_OXIDE_METABOLIC_PROCESS,"Reg. Nitric
Oxide
Metabolism",17,0.678,0.757,0.9819,0.9379,NS,FALSE,FALSE
GOBP|GOBP_NEUTRAL_LIPID_METABOLIC_PROCESS,GOBP,GOBP_NEUTRAL_LIPID_METABOLIC_PROCESS,"Neutral Lipid
Metabolism",25,-0.804,-0.626,0.908,1,NS,FALSE,FALSE
GOBP|GOBP_RESPONSE_TO_OSMOTIC_STRESS,GOBP,GOBP_RESPONSE_TO_OSMOTIC_STRESS,"Resp. to
Osmotic Stress",26,0.671,0.759,0.98740000000000006,0.9755,NS,FALSE,FALSE
Hallmark|HALLMARK_MYC_TARGETS_V1,Hallmark,HALLMARK_MYC_TARGETS_V1,"MYC Targets
V1",146,-0.721,0.709,0.9983,1,NS,TRUE,FALSE
GOBP|GOBP_AMEBOIDAL_TYPE_CELL_MIGRATION,GOBP,GOBP_AMEBOIDAL_TYPE_CELL_MIGRATION,"Ameboidal Type
Cell Migration",51,0.718,0.711,0.9855,1,NS,FALSE,FALSE
GOBP|GOBP_REGULATION_OF_ERBB_SIGNALING_PATHWAY,GOBP,GOBP_REGULATION_OF_ERBB_SIGNALING_PATHWAY,"Reg. Erbb
Signaling",15,-0.503,-0.925,0.9983,0.8363,NS,FALSE,FALSE
GOBP|GOBP_CELLULAR_RESPONSE_TO_MOLECULE_OF_BACTERIAL_ORIGIN,GOBP,GOBP_CELLULAR_RESPONSE_TO_MOLECULE_OF_BACTERIAL_ORIGIN,"Cellular Resp.
to Molecule
Of Bacterial
Origin",34,0.847,0.579,0.8742,1,NS,FALSE,FALSE
GOBP|GOBP_VESICLE_BUDDING_FROM_MEMBRANE,GOBP,GOBP_VESICLE_BUDDING_FROM_MEMBRANE,"Vesicle Budding
From Membrane",43,-0.737,0.689,0.9785,1,NS,TRUE,FALSE
KEGG_Legacy|KEGG_MELANOGENESIS,KEGG_Legacy,KEGG_MELANOGENESIS,Melanogenesis,20,-0.77,-0.655,0.927,0.9977,NS,FALSE,FALSE
GOBP|GOBP_REGULATION_OF_TRANSLATION,GOBP,GOBP_REGULATION_OF_TRANSLATION,"Reg.
Translation",139,-0.795,0.628,0.9951,1,NS,TRUE,FALSE
KEGG_Legacy|KEGG_PANCREATIC_CANCER,KEGG_Legacy,KEGG_PANCREATIC_CANCER,"Pancreatic
Cancer",21,0.649,0.774,0.98740000000000006,0.95,NS,FALSE,FALSE
Reactome|REACTOME_GLUCOSE_METABOLISM,Reactome,REACTOME_GLUCOSE_METABOLISM,"Glucose
Metabolism",40,-0.613,-0.806,0.9983,0.95,NS,FALSE,FALSE
GOBP|GOBP_PALLIUM_DEVELOPMENT,GOBP,GOBP_PALLIUM_DEVELOPMENT,"Pallium
Development",38,-0.726,0.686,0.9793,1,NS,TRUE,FALSE
GOBP|GOBP_REGULATION_OF_CELL_DIVISION,GOBP,GOBP_REGULATION_OF_CELL_DIVISION,"Reg. Cell
Division",25,-0.621,-0.791,0.9977,0.95,NS,FALSE,FALSE
GOBP|GOBP_REGULATION_OF_WOUND_HEALING,GOBP,GOBP_REGULATION_OF_WOUND_HEALING,"Reg. Wound
Healing",23,0.695,0.717,0.9819,0.9868,NS,FALSE,FALSE
Hallmark|HALLMARK_REACTIVE_OXYGEN_SPECIES_PATHWAY,Hallmark,HALLMARK_REACTIVE_OXYGEN_SPECIES_PATHWAY,"Reactive Oxygen
Species Pathway",30,0.639,0.767,0.9924,0.9673,NS,FALSE,FALSE
GOBP|GOBP_REGULATION_OF_DNA_BIOSYNTHETIC_PROCESS,GOBP,GOBP_REGULATION_OF_DNA_BIOSYNTHETIC_PROCESS,"Reg. DNA
Biosynthesis",16,-0.719,0.685,0.9679,0.9901,NS,TRUE,FALSE
Reactome|REACTOME_SARS_COV_1_HOST_INTERACTIONS,Reactome,REACTOME_SARS_COV_1_HOST_INTERACTIONS,"Sars Cov 1 Host
Interactions",55,-0.99,0.414,0.7097,1,NS,TRUE,FALSE
GOBP|GOBP_MITOTIC_CYTOKINETIC_PROCESS,GOBP,GOBP_MITOTIC_CYTOKINETIC_PROCESS,"Mitotic
Cytokinetic
Process",16,-0.811,0.591,0.8907,1,NS,TRUE,FALSE
KEGG_Legacy|KEGG_COLORECTAL_CANCER,KEGG_Legacy,KEGG_COLORECTAL_CANCER,"Colorectal
Cancer",21,0.661,-0.741,0.98740000000000006,0.9715,NS,TRUE,FALSE
GOBP|GOBP_EMBRYONIC_ORGAN_DEVELOPMENT,GOBP,GOBP_EMBRYONIC_ORGAN_DEVELOPMENT,"Embryonic Organ
Development",40,-0.753,0.646,0.9785,1,NS,TRUE,FALSE
GOBP|GOBP_POSITIVE_REGULATION_OF_MONONUCLEAR_CELL_MIGRATION,GOBP,GOBP_POSITIVE_REGULATION_OF_MONONUCLEAR_CELL_MIGRATION,"Positive Reg.
Mononuclear
Cell Migration",17,0.757,-0.64,0.9476,1,NS,TRUE,FALSE
GOBP|GOBP_PROTEIN_TARGETING_TO_MEMBRANE,GOBP,GOBP_PROTEIN_TARGETING_TO_MEMBRANE,"Protein
Targeting To
Membrane",35,0.669,-0.726,0.9937,0.9939,NS,TRUE,FALSE
GOBP|GOBP_SISTER_CHROMATID_SEGREGATION,GOBP,GOBP_SISTER_CHROMATID_SEGREGATION,"Sister
Chromatid
Segregation",47,-0.718,-0.676,0.9819,1,NS,FALSE,FALSE
GOBP|GOBP_NUCLEOSIDE_DIPHOSPHATE_CATABOLIC_PROCESS,GOBP,GOBP_NUCLEOSIDE_DIPHOSPHATE_CATABOLIC_PROCESS,"Nucleoside
Diphosphate
Catabolism",48,0.639,-0.75,0.9983,0.9925,NS,TRUE,FALSE
GOBP|GOBP_REGULATION_OF_GLYCOLYTIC_PROCESS,GOBP,GOBP_REGULATION_OF_GLYCOLYTIC_PROCESS,"Reg. Glycolytic
Process",20,-0.702,-0.684,0.9679,0.9925,NS,FALSE,FALSE
Reactome|REACTOME_IRON_UPTAKE_AND_TRANSPORT,Reactome,REACTOME_IRON_UPTAKE_AND_TRANSPORT,"Iron Uptake &
Transport",23,-0.568,-0.818,0.9983,0.928,NS,FALSE,FALSE
GOBP|GOBP_VESICLE_TARGETING,GOBP,GOBP_VESICLE_TARGETING,"Vesicle
Targeting",24,0.57,-0.815,0.9983,0.9377,NS,TRUE,FALSE
GOBP|GOBP_ORGANELLE_DISASSEMBLY,GOBP,GOBP_ORGANELLE_DISASSEMBLY,"Organelle
Disassembly",32,-0.936,0.447,0.7843,1,NS,TRUE,FALSE
GOBP|GOBP_NEGATIVE_REGULATION_OF_ACTIN_FILAMENT_DEPOLYMERIZATION,GOBP,GOBP_NEGATIVE_REGULATION_OF_ACTIN_FILAMENT_DEPOLYMERIZATION,"Negative Reg.
Actin Filament
Depolymerization",22,-0.715,0.648,0.9716,0.999,NS,TRUE,FALSE
GOBP|GOBP_CELLULAR_RESPONSE_TO_BIOTIC_STIMULUS,GOBP,GOBP_CELLULAR_RESPONSE_TO_BIOTIC_STIMULUS,"Cellular Resp.
to Biotic
Stimulus",40,0.634,0.728,0.9983,0.992,NS,FALSE,FALSE
KEGG_Legacy|KEGG_PROTEIN_EXPORT,KEGG_Legacy,KEGG_PROTEIN_EXPORT,Protein Export,16,0.566,0.796,0.9983,0.928,NS,FALSE,FALSE
GOBP|GOBP_NEURAL_CREST_CELL_DIFFERENTIATION,GOBP,GOBP_NEURAL_CREST_CELL_DIFFERENTIATION,"Neural
Crest Cell
Differentiation",16,0.814,-0.547,0.8985,1,NS,TRUE,FALSE
GOBP|GOBP_RECOMBINATIONAL_REPAIR,GOBP,GOBP_RECOMBINATIONAL_REPAIR,"Recombinational
Repair",24,-0.61,0.748,0.9977,0.9564,NS,TRUE,FALSE
GOBP|GOBP_RECEPTOR_METABOLIC_PROCESS,GOBP,GOBP_RECEPTOR_METABOLIC_PROCESS,"Receptor
Metabolism",15,0.692,0.663,0.9716,0.9901,NS,FALSE,FALSE
GOBP|GOBP_RNA_LOCALIZATION,GOBP,GOBP_RNA_LOCALIZATION,"RNA
Localization",65,-0.672,0.678,0.9983,1,NS,TRUE,FALSE
Reactome|REACTOME_PEPTIDE_HORMONE_METABOLISM,Reactome,REACTOME_PEPTIDE_HORMONE_METABOLISM,"Peptide Hormone
Metabolism",18,0.681,0.668,0.9819,0.9901,NS,FALSE,FALSE
GOBP|GOBP_ESTABLISHMENT_OF_RNA_LOCALIZATION,GOBP,GOBP_ESTABLISHMENT_OF_RNA_LOCALIZATION,"Establishment
Of RNA
Localization",47,0.76,0.589,0.9716,1,NS,FALSE,FALSE
GOBP|GOBP_INTRACELLULAR_LIPID_TRANSPORT,GOBP,GOBP_INTRACELLULAR_LIPID_TRANSPORT,"Intracell.
Lipid Transport",15,-0.6,-0.749,0.9983,0.9551,NS,FALSE,FALSE
GOBP|GOBP_REGULATION_OF_MYELOID_LEUKOCYTE_DIFFERENTIATION,GOBP,GOBP_REGULATION_OF_MYELOID_LEUKOCYTE_DIFFERENTIATION,"Reg. Myeloid
Leukocyte
Differentiation",15,-0.619,0.73,0.9951,0.9628,NS,TRUE,FALSE
GOBP|GOBP_CELLULAR_RESPONSE_TO_STARVATION,GOBP,GOBP_CELLULAR_RESPONSE_TO_STARVATION,"Cellular Resp.
to Starvation",47,0.71,0.638,0.98740000000000006,1,NS,FALSE,FALSE
GOBP|GOBP_NEGATIVE_REGULATION_OF_PROTEIN_CONTAINING_COMPLEX_ASSEMBLY,GOBP,GOBP_NEGATIVE_REGULATION_OF_PROTEIN_CONTAINING_COMPLEX_ASSEMBLY,"Negative
Reg. Protein
Containing
Complex
Assembly",53,-0.746,0.602,0.9855,1,NS,TRUE,FALSE
GOBP|GOBP_SMOOTH_MUSCLE_CONTRACTION,GOBP,GOBP_SMOOTH_MUSCLE_CONTRACTION,"Smooth Muscle
Contraction",18,-0.59,-0.757,0.9983,0.9554,NS,FALSE,FALSE
GOBP|GOBP_REGULATION_OF_VASCULATURE_DEVELOPMENT,GOBP,GOBP_REGULATION_OF_VASCULATURE_DEVELOPMENT,"Reg.
Vasculature
Development",62,0.677,-0.668,0.9983,1,NS,TRUE,FALSE
Reactome|REACTOME_TRANSCRIPTIONAL_ACTIVITY_OF_SMAD2_SMAD3_SMAD4_HETEROTRIMER,Reactome,REACTOME_TRANSCRIPTIONAL_ACTIVITY_OF_SMAD2_SMAD3_SMAD4_HETEROTRIMER,"Transcriptional
Activity
Of Smad2
Smad3 Smad4
Heterotrimer",15,0.824,-0.52,0.8869,1,NS,TRUE,FALSE
GOBP|GOBP_CELLULAR_RESPONSE_TO_UV,GOBP,GOBP_CELLULAR_RESPONSE_TO_UV,"Cellular Resp.
to UV",17,0.661,-0.679,0.9819,0.9925,NS,TRUE,FALSE
GOBP|GOBP_MITOTIC_SISTER_CHROMATID_SEPARATION,GOBP,GOBP_MITOTIC_SISTER_CHROMATID_SEPARATION,"Mitotic Sister
Chromatid
Separation",15,0.556,0.778,0.9983,0.9377,NS,FALSE,FALSE
KEGG_Legacy|KEGG_PPAR_SIGNALING_PATHWAY,KEGG_Legacy,KEGG_PPAR_SIGNALING_PATHWAY,Ppar Signaling,21,-0.782,0.549,0.9285,1,NS,TRUE,FALSE
GOBP|GOBP_SMOOTH_MUSCLE_CELL_PROLIFERATION,GOBP,GOBP_SMOOTH_MUSCLE_CELL_PROLIFERATION,"Smooth
Muscle Cell
Proliferation",27,-0.687,0.642,0.9819,1,NS,TRUE,FALSE
GOBP|GOBP_POSITIVE_REGULATION_OF_MYELOID_CELL_DIFFERENTIATION,GOBP,GOBP_POSITIVE_REGULATION_OF_MYELOID_CELL_DIFFERENTIATION,"Positive Reg.
Myeloid Cell
Differentiation",18,-0.559,-0.766,0.9983,0.9522,NS,FALSE,FALSE
GOBP|GOBP_DENDRITE_MORPHOGENESIS,GOBP,GOBP_DENDRITE_MORPHOGENESIS,"Dendrite
Morphogenesis",24,-0.737,0.571,0.9579,1,NS,TRUE,FALSE
GOBP|GOBP_REGULATION_OF_VIRAL_PROCESS,GOBP,GOBP_REGULATION_OF_VIRAL_PROCESS,"Reg. Viral
Process",34,0.557,0.741,0.9983,0.9733,NS,FALSE,FALSE
GOBP|GOBP_POSITIVE_REGULATION_OF_LIPID_METABOLIC_PROCESS,GOBP,GOBP_POSITIVE_REGULATION_OF_LIPID_METABOLIC_PROCESS,"Positive
Reg. Lipid
Metabolism",30,0.639,0.658,0.9924,1,NS,FALSE,FALSE
GOBP|GOBP_MUSCLE_CELL_PROLIFERATION,GOBP,GOBP_MUSCLE_CELL_PROLIFERATION,"Muscle Cell
Proliferation",33,-0.672,-0.623,0.9951,1,NS,FALSE,FALSE
GOBP|GOBP_RHO_PROTEIN_SIGNAL_TRANSDUCTION,GOBP,GOBP_RHO_PROTEIN_SIGNAL_TRANSDUCTION,"Rho Protein
Signal
Transduction",27,0.506,0.786,0.9983,0.95,NS,FALSE,FALSE
GOBP|GOBP_STRESS_GRANULE_ASSEMBLY,GOBP,GOBP_STRESS_GRANULE_ASSEMBLY,"Stress Granule
Assembly",16,-0.519,-0.769,0.9983,0.95,NS,FALSE,FALSE
GOBP|GOBP_REGULATION_OF_PHAGOCYTOSIS,GOBP,GOBP_REGULATION_OF_PHAGOCYTOSIS,"Reg.
Phagocytosis",20,-0.693,0.595,0.9716,1,NS,TRUE,FALSE
GOBP|GOBP_MODIFICATION_OF_SYNAPTIC_STRUCTURE,GOBP,GOBP_MODIFICATION_OF_SYNAPTIC_STRUCTURE,"Mod. Of
Synaptic
Structure",17,0.633,0.652,0.989,0.9982,NS,FALSE,FALSE
GOBP|GOBP_POST_GOLGI_VESICLE_MEDIATED_TRANSPORT,GOBP,GOBP_POST_GOLGI_VESICLE_MEDIATED_TRANSPORT,"Post Golgi
Vesicle
Mediated
Transport",43,-0.696,-0.589,0.9891,1,NS,FALSE,FALSE
GOBP|GOBP_CELL_FATE_COMMITMENT,GOBP,GOBP_CELL_FATE_COMMITMENT,"Cell Fate
Commitment",22,-0.636,-0.648,0.98740000000000006,0.9982,NS,FALSE,FALSE
GOBP|GOBP_REGULATION_OF_EMBRYONIC_DEVELOPMENT,GOBP,GOBP_REGULATION_OF_EMBRYONIC_DEVELOPMENT,"Reg. Embryonic
Development",18,0.564,-0.709,0.9983,0.9901,NS,TRUE,FALSE
GOBP|GOBP_INTRA_GOLGI_VESICLE_MEDIATED_TRANSPORT,GOBP,GOBP_INTRA_GOLGI_VESICLE_MEDIATED_TRANSPORT,"Intra Golgi
Vesicle
Mediated
Transport",15,0.658,0.614,0.9819,1,NS,FALSE,FALSE
GOBP|GOBP_NEGATIVE_REGULATION_OF_PROTEIN_POLYMERIZATION,GOBP,GOBP_NEGATIVE_REGULATION_OF_PROTEIN_POLYMERIZATION,"Negative
Reg. Protein
Polymerization",30,0.744,-0.526,0.9586,1,NS,TRUE,FALSE
GOBP|GOBP_FIBROBLAST_MIGRATION,GOBP,GOBP_FIBROBLAST_MIGRATION,"Fibroblast
Migration",19,0.596,0.669,0.9983,0.9925,NS,FALSE,FALSE
Reactome|REACTOME_SIGNALING_BY_TGFB_FAMILY_MEMBERS,Reactome,REACTOME_SIGNALING_BY_TGFB_FAMILY_MEMBERS,"Signaling By
Tgfb Family
Members",33,-0.632,-0.63,0.9983,1,NS,FALSE,FALSE
GOBP|GOBP_REGULATION_OF_CELLULAR_RESPONSE_TO_INSULIN_STIMULUS,GOBP,GOBP_REGULATION_OF_CELLULAR_RESPONSE_TO_INSULIN_STIMULUS,"Reg. Cellular
Resp. to
Insulin
Stimulus",25,0.646,-0.609,0.9977,1,NS,TRUE,FALSE
GOBP|GOBP_REGULATION_OF_SISTER_CHROMATID_SEGREGATION,GOBP,GOBP_REGULATION_OF_SISTER_CHROMATID_SEGREGATION,"Reg. Sister
Chromatid
Segregation",16,0.546,0.709,0.9983,0.9733,NS,FALSE,FALSE
KEGG_Legacy|KEGG_RENAL_CELL_CARCINOMA,KEGG_Legacy,KEGG_RENAL_CELL_CARCINOMA,"Renal Cell
Carcinoma",27,-0.526,0.724,0.9983,0.9896,NS,TRUE,FALSE
GOBP|GOBP_POSITIVE_REGULATION_OF_EPITHELIAL_CELL_PROLIFERATION,GOBP,GOBP_POSITIVE_REGULATION_OF_EPITHELIAL_CELL_PROLIFERATION,"Positive Reg.
Epithelial Cell
Proliferation",26,0.696,0.551,0.9819,1,NS,FALSE,FALSE
GOBP|GOBP_EMBRYONIC_ORGAN_MORPHOGENESIS,GOBP,GOBP_EMBRYONIC_ORGAN_MORPHOGENESIS,"Embryonic Organ
Morphogenesis",23,0.549,0.696,0.9983,0.9925,NS,FALSE,FALSE
GOBP|GOBP_RESPONSE_TO_LEUKEMIA_INHIBITORY_FACTOR,GOBP,GOBP_RESPONSE_TO_LEUKEMIA_INHIBITORY_FACTOR,"Resp. to
Leukemia
Inhibitory
Factor",23,0.552,-0.693,0.9983,0.9982,NS,TRUE,FALSE
Reactome|REACTOME_DENGUE_VIRUS_ATTACHMENT_AND_ENTRY,Reactome,REACTOME_DENGUE_VIRUS_ATTACHMENT_AND_ENTRY,"Dengue Virus
Attachment &
Entry",18,0.684,-0.561,0.9819,1,NS,TRUE,FALSE
GOBP|GOBP_MITOTIC_SISTER_CHROMATID_SEGREGATION,GOBP,GOBP_MITOTIC_SISTER_CHROMATID_SEGREGATION,"Mitotic Sister
Chromatid
Segregation",46,-0.611,-0.623,0.9983,1,NS,FALSE,FALSE
GOBP|GOBP_REGULATION_OF_CHROMOSOME_SEGREGATION,GOBP,GOBP_REGULATION_OF_CHROMOSOME_SEGREGATION,"Reg. Chromosome
Segregation",19,0.459,0.774,0.9983,0.9498,NS,FALSE,FALSE
GOBP|GOBP_POSITIVE_REGULATION_OF_VIRAL_PROCESS,GOBP,GOBP_POSITIVE_REGULATION_OF_VIRAL_PROCESS,"Positive Reg.
Viral Process",22,0.731,-0.493,0.9589,1,NS,TRUE,FALSE
GOBP|GOBP_MESODERM_DEVELOPMENT,GOBP,GOBP_MESODERM_DEVELOPMENT,"Mesoderm
Development",15,-0.546,-0.673,0.9983,0.9901,NS,FALSE,FALSE
GOBP|GOBP_MITOTIC_METAPHASE_CHROMOSOME_ALIGNMENT,GOBP,GOBP_MITOTIC_METAPHASE_CHROMOSOME_ALIGNMENT,"Mitotic
Metaphase
Chromosome
Alignment",21,-0.67,0.546,0.9819,1,NS,TRUE,FALSE
GOBP|GOBP_SUBSTRATE_ADHESION_DEPENDENT_CELL_SPREADING,GOBP,GOBP_SUBSTRATE_ADHESION_DEPENDENT_CELL_SPREADING,"Substrate
Adhesion
Dependent Cell
Spreading",31,0.664,0.552,0.98740000000000006,1,NS,FALSE,FALSE
KEGG_Legacy|KEGG_MTOR_SIGNALING_PATHWAY,KEGG_Legacy,KEGG_MTOR_SIGNALING_PATHWAY,mTOR Signaling,19,-0.589,-0.627,0.9983,1,NS,FALSE,FALSE
Reactome|REACTOME_SARS_COV_2_ACTIVATES_MODULATES_INNATE_AND_ADAPTIVE_IMMUNE_RESPONSES,Reactome,REACTOME_SARS_COV_2_ACTIVATES_MODULATES_INNATE_AND_ADAPTIVE_IMMUNE_RESPONSES,"Sars Cov 2
Activates
Modulates
Innate &
Adaptive Immune
Responses",30,-0.605,-0.603,0.9983,1,NS,FALSE,FALSE
Reactome|REACTOME_TBC_RABGAPS,Reactome,REACTOME_TBC_RABGAPS,Tbc Rabgaps,18,-0.641,0.551,0.98740000000000006,1,NS,TRUE,FALSE
GOBP|GOBP_REGULATION_OF_RESPONSE_TO_WOUNDING,GOBP,GOBP_REGULATION_OF_RESPONSE_TO_WOUNDING,"Reg. Resp. to
Wounding",29,-0.504,-0.679,0.9992,1,NS,FALSE,FALSE
GOBP|GOBP_POSITIVE_REGULATION_OF_TRANSLATION,GOBP,GOBP_POSITIVE_REGULATION_OF_TRANSLATION,"Positive Reg.
Translation",58,-0.66,0.507,0.9983,1,NS,TRUE,FALSE
GOBP|GOBP_METAPHASE_CHROMOSOME_ALIGNMENT,GOBP,GOBP_METAPHASE_CHROMOSOME_ALIGNMENT,"Metaphase
Chromosome
Alignment",31,-0.468,-0.694,0.9983,1,NS,FALSE,FALSE
GOBP|GOBP_CELLULAR_RESPONSE_TO_VASCULAR_ENDOTHELIAL_GROWTH_FACTOR_STIMULUS,GOBP,GOBP_CELLULAR_RESPONSE_TO_VASCULAR_ENDOTHELIAL_GROWTH_FACTOR_STIMULUS,"Cellular Resp.
to Vascular
Endothelial
Growth Factor
Stimulus",16,-0.555,0.595,0.9983,1,NS,TRUE,FALSE
Reactome|REACTOME_TGF_BETA_RECEPTOR_SIGNALING_ACTIVATES_SMADS,Reactome,REACTOME_TGF_BETA_RECEPTOR_SIGNALING_ACTIVATES_SMADS,"TGF Beta
Receptor
Signaling
Activates Smads",18,-0.579,-0.567,0.9983,1,NS,FALSE,FALSE
GOBP|GOBP_LIPID_DROPLET_ORGANIZATION,GOBP,GOBP_LIPID_DROPLET_ORGANIZATION,"Lipid Droplet
Org.",16,0.627,-0.517,0.98740000000000006,1,NS,TRUE,FALSE
GOBP|GOBP_ENDOCRINE_PROCESS,GOBP,GOBP_ENDOCRINE_PROCESS,"Endocrine
Process",15,0.504,0.639,0.9983,0.9925,NS,FALSE,FALSE
GO_Slim|ENDOCRINE_PROCESS,GO_Slim,endocrine process,"Endocrine
Process",15,0.504,0.639,0.9983,0.9925,NS,FALSE,FALSE
GOBP|GOBP_NEGATIVE_REGULATION_OF_CYTOPLASMIC_PATTERN_RECOGNITION_RECEPTOR_SIGNALING_PATHWAY,GOBP,GOBP_NEGATIVE_REGULATION_OF_CYTOPLASMIC_PATTERN_RECOGNITION_RECEPTOR_SIGNALING_PATHWAY,"Negative Reg.
Cytoplasmic
Pattern
Recognition
Receptor
Signaling",22,0.472,-0.655,0.9983,0.9982,NS,TRUE,FALSE
GOBP|GOBP_EXOCYTIC_PROCESS,GOBP,GOBP_EXOCYTIC_PROCESS,"Exocytic
Process",15,0.573,0.553,0.9977,1,NS,FALSE,FALSE
GOBP|GOBP_GASTRULATION,GOBP,GOBP_GASTRULATION,Gastrulation,24,-0.482,-0.642,0.9983,1,NS,FALSE,FALSE
Reactome|REACTOME_SARS_COV_2_HOST_INTERACTIONS,Reactome,REACTOME_SARS_COV_2_HOST_INTERACTIONS,"Sars Cov 2 Host
Interactions",76,-0.548,0.573,1,1,NS,TRUE,FALSE
GOBP|GOBP_REGULATION_OF_EPITHELIAL_TO_MESENCHYMAL_TRANSITION,GOBP,GOBP_REGULATION_OF_EPITHELIAL_TO_MESENCHYMAL_TRANSITION,"Reg. Epithelial
To Mesenchymal
Transition",16,0.579,-0.52,0.9983,1,NS,TRUE,FALSE
GOBP|GOBP_MODIFICATION_OF_POSTSYNAPTIC_STRUCTURE,GOBP,GOBP_MODIFICATION_OF_POSTSYNAPTIC_STRUCTURE,"Mod. Of
Postsynaptic
Structure",15,0.616,0.473,0.98740000000000006,1,NS,FALSE,FALSE
GOBP|GOBP_COPII_COATED_VESICLE_BUDDING,GOBP,GOBP_COPII_COATED_VESICLE_BUDDING,"Copii Coated
Vesicle Budding",23,0.491,0.572,0.9983,1,NS,FALSE,FALSE
GOBP|GOBP_DNA_BIOSYNTHETIC_PROCESS,GOBP,GOBP_DNA_BIOSYNTHETIC_PROCESS,"DNA
Biosynthesis",27,-0.644,0.402,0.9951,1,NS,TRUE,FALSE
GOBP|GOBP_MIRNA_METABOLIC_PROCESS,GOBP,GOBP_MIRNA_METABOLIC_PROCESS,"Mirna
Metabolism",15,0.503,-0.524,0.9983,1,NS,TRUE,FALSE
GOBP|GOBP_VESICLE_COATING,GOBP,GOBP_VESICLE_COATING,Vesicle Coating,16,0.5,-0.494,0.9983,1,NS,TRUE,FALSE
GOBP|GOBP_VESICLE_TARGETING_TO_FROM_OR_WITHIN_GOLGI,GOBP,GOBP_VESICLE_TARGETING_TO_FROM_OR_WITHIN_GOLGI,"Vesicle
Targeting To
From Or Within
Golgi",16,0.5,-0.494,0.9983,1,NS,TRUE,FALSE
Reactome|REACTOME_SIGNALING_BY_TGF_BETA_RECEPTOR_COMPLEX,Reactome,REACTOME_SIGNALING_BY_TGF_BETA_RECEPTOR_COMPLEX,"Signaling
By TGF Beta
Receptor
Complex",30,0.49,-0.482,0.9983,1,NS,TRUE,FALSE
